--
-- PostgreSQL database dump
--

\restrict qSWDy1UGDxYHEuOOz04H3PCMh4FJ74etSuwYPtbUgBlI2GeDpXVZaZifidPsXb2

-- Dumped from database version 17.7
-- Dumped by pg_dump version 17.7

SET statement_timeout = 0;
SET lock_timeout = 0;
SET idle_in_transaction_session_timeout = 0;
SET transaction_timeout = 0;
SET client_encoding = 'UTF8';
SET standard_conforming_strings = on;
SELECT pg_catalog.set_config('search_path', '', false);
SET check_function_bodies = false;
SET xmloption = content;
SET client_min_messages = warning;
SET row_security = off;

--
-- Name: silva; Type: SCHEMA; Schema: -; Owner: postgres
--

CREATE SCHEMA silva;


ALTER SCHEMA silva OWNER TO postgres;

--
-- Name: pgcrypto; Type: EXTENSION; Schema: -; Owner: -
--

CREATE EXTENSION IF NOT EXISTS pgcrypto WITH SCHEMA public;


--
-- Name: EXTENSION pgcrypto; Type: COMMENT; Schema: -; Owner: 
--

COMMENT ON EXTENSION pgcrypto IS 'cryptographic functions';


--
-- Name: postgis; Type: EXTENSION; Schema: -; Owner: -
--

CREATE EXTENSION IF NOT EXISTS postgis WITH SCHEMA public;


--
-- Name: EXTENSION postgis; Type: COMMENT; Schema: -; Owner: 
--

COMMENT ON EXTENSION postgis IS 'PostGIS geometry and geography spatial types and functions';


--
-- Name: uuid-ossp; Type: EXTENSION; Schema: -; Owner: -
--

CREATE EXTENSION IF NOT EXISTS "uuid-ossp" WITH SCHEMA public;


--
-- Name: EXTENSION "uuid-ossp"; Type: COMMENT; Schema: -; Owner: 
--

COMMENT ON EXTENSION "uuid-ossp" IS 'generate universally unique identifiers (UUIDs)';


SET default_tablespace = '';

SET default_table_access_method = heap;

--
-- Name: activity_treatment_unit; Type: TABLE; Schema: silva; Owner: postgres
--

CREATE TABLE silva.activity_treatment_unit (
    activity_treatment_unit_id bigint NOT NULL,
    activity_tu_seq_no integer NOT NULL,
    org_unit_no bigint NOT NULL,
    opening_id bigint NOT NULL,
    silviculture_project_id bigint,
    project_unit_id integer,
    silv_base_code character varying(2) NOT NULL,
    silv_technique_code character varying(2),
    silv_method_code character varying(5),
    silv_objective_code_1 character varying(3),
    silv_objective_code_2 character varying(3),
    silv_objective_code_3 character varying(3),
    silv_fund_srce_code character varying(3),
    silv_activity_measurement_code character varying(3) NOT NULL,
    activity_licensee_id character varying(30),
    treatment_amount numeric(11,1),
    actual_treatment_cost integer,
    act_planted_no bigint,
    plan_silv_technique_code character varying(2),
    plan_silv_method_code character varying(5),
    plan_silv_fund_srce_code character varying(3),
    planned_date timestamp(0) without time zone,
    planned_treatment_amount numeric(11,1),
    planned_treatment_cost integer,
    plan_silv_objective_code_1 character varying(3),
    plan_silv_objective_code_2 character varying(3),
    plan_silv_objective_code_3 character varying(3),
    target_prepared_spots smallint,
    pruning_min_crown_pct smallint,
    prune_height numeric(3,1),
    stems_to_prune smallint,
    min_acceptable_density smallint,
    total_stems_per_ha smallint,
    inter_tree_target_distance numeric(3,1),
    inter_tree_variation numeric(3,1),
    inter_tree_min_distance numeric(3,1),
    max_trees_per_plot smallint,
    max_trees_per_ha smallint,
    survey_planned_num_plots smallint,
    survey_actual_num_plots smallint,
    survey_min_plots_per_stratum bigint,
    silv_tree_species_code character varying(8),
    atu_start_date timestamp(0) without time zone,
    atu_completion_date timestamp(0) without time zone,
    results_ind character varying(1),
    unit_bid_price numeric(9,2),
    fia_project_id character varying(10),
    results_submission_id bigint,
    disturbance_code character varying(3),
    silv_system_code character varying(5),
    silv_system_variant_code character varying(3),
    silv_cut_phase_code character varying(5),
    cut_block_open_admin_id bigint,
    disturbance_completed_ind character varying(1),
    entry_userid character varying(30) NOT NULL,
    entry_timestamp timestamp(0) without time zone NOT NULL,
    update_userid character varying(30) NOT NULL,
    update_timestamp timestamp(0) without time zone NOT NULL,
    revision_count integer NOT NULL
);


ALTER TABLE silva.activity_treatment_unit OWNER TO postgres;

--
-- Name: TABLE activity_treatment_unit; Type: COMMENT; Schema: silva; Owner: postgres
--

COMMENT ON TABLE silva.activity_treatment_unit IS 'An Activity Treatment Unit is a Silvicultural treatment that is performed on a mappable area which deliniates a specific area of land. ATUs may not span opening boundaries but an opening may have more than one ATU associated with it.';


--
-- Name: COLUMN activity_treatment_unit.activity_treatment_unit_id; Type: COMMENT; Schema: silva; Owner: postgres
--

COMMENT ON COLUMN silva.activity_treatment_unit.activity_treatment_unit_id IS 'System generated value uniquely identifying the Activity Treatment Unit.';


--
-- Name: COLUMN activity_treatment_unit.activity_tu_seq_no; Type: COMMENT; Schema: silva; Owner: postgres
--

COMMENT ON COLUMN silva.activity_treatment_unit.activity_tu_seq_no IS 'Internal processing variable used to maintain order of the activity treatment units for a specific opening.';


--
-- Name: COLUMN activity_treatment_unit.org_unit_no; Type: COMMENT; Schema: silva; Owner: postgres
--

COMMENT ON COLUMN silva.activity_treatment_unit.org_unit_no IS 'Unique physical identifier for the storage of organizational unit codes for the Ministry of Forests" offices. Values stored here are for the computer"s use only, and are not to be used by people as "ministry codes".';


--
-- Name: COLUMN activity_treatment_unit.opening_id; Type: COMMENT; Schema: silva; Owner: postgres
--

COMMENT ON COLUMN silva.activity_treatment_unit.opening_id IS 'System generated value uniquely identifying the opening.';


--
-- Name: COLUMN activity_treatment_unit.silviculture_project_id; Type: COMMENT; Schema: silva; Owner: postgres
--

COMMENT ON COLUMN silva.activity_treatment_unit.silviculture_project_id IS 'A system generated key which uniquely identifies an occurrence of a Silviculture Project.';


--
-- Name: COLUMN activity_treatment_unit.project_unit_id; Type: COMMENT; Schema: silva; Owner: postgres
--

COMMENT ON COLUMN silva.activity_treatment_unit.project_unit_id IS 'A system generated sequence to uniquely identify each of the units within the project. First activity assigned to the project is unit 1; second is unit 2; and, so on.';


--
-- Name: COLUMN activity_treatment_unit.silv_base_code; Type: COMMENT; Schema: silva; Owner: postgres
--

COMMENT ON COLUMN silva.activity_treatment_unit.silv_base_code IS 'Identifies a primary category of Silviculture Activity.';


--
-- Name: COLUMN activity_treatment_unit.silv_technique_code; Type: COMMENT; Schema: silva; Owner: postgres
--

COMMENT ON COLUMN silva.activity_treatment_unit.silv_technique_code IS 'Describes the broad category of technique, used for the base activity (eg.BU = BURN).';


--
-- Name: COLUMN activity_treatment_unit.silv_method_code; Type: COMMENT; Schema: silva; Owner: postgres
--

COMMENT ON COLUMN silva.activity_treatment_unit.silv_method_code IS 'Describes the specific machinery or method used for the base activity (eg. SHEAR = hand shears). A code for the method category of silvicultural activity planned.';


--
-- Name: COLUMN activity_treatment_unit.silv_objective_code_1; Type: COMMENT; Schema: silva; Owner: postgres
--

COMMENT ON COLUMN silva.activity_treatment_unit.silv_objective_code_1 IS 'A code which defines the silviculture objective for performing the specific (base/technique/method) silvicultural activity.';


--
-- Name: COLUMN activity_treatment_unit.silv_objective_code_2; Type: COMMENT; Schema: silva; Owner: postgres
--

COMMENT ON COLUMN silva.activity_treatment_unit.silv_objective_code_2 IS 'A code which defines the silviculture objective for performing the specific (base/technique/method) silvicultural activity.';


--
-- Name: COLUMN activity_treatment_unit.silv_objective_code_3; Type: COMMENT; Schema: silva; Owner: postgres
--

COMMENT ON COLUMN silva.activity_treatment_unit.silv_objective_code_3 IS 'A code which defines the silviculture objective for performing the specific (base/technique/method) silvicultural activity.';


--
-- Name: COLUMN activity_treatment_unit.silv_fund_srce_code; Type: COMMENT; Schema: silva; Owner: postgres
--

COMMENT ON COLUMN silva.activity_treatment_unit.silv_fund_srce_code IS 'A code indicating which Funding Program will be the primary funding source for silviculture activities on the opening.';


--
-- Name: COLUMN activity_treatment_unit.silv_activity_measurement_code; Type: COMMENT; Schema: silva; Owner: postgres
--

COMMENT ON COLUMN silva.activity_treatment_unit.silv_activity_measurement_code IS 'A code indicating the measurement for the Activity';


--
-- Name: COLUMN activity_treatment_unit.activity_licensee_id; Type: COMMENT; Schema: silva; Owner: postgres
--

COMMENT ON COLUMN silva.activity_treatment_unit.activity_licensee_id IS 'A unique identifier provided by the Licensee to identify the Activity Number.';


--
-- Name: COLUMN activity_treatment_unit.treatment_amount; Type: COMMENT; Schema: silva; Owner: postgres
--

COMMENT ON COLUMN silva.activity_treatment_unit.treatment_amount IS 'The amount (unit of measure) of work actually completed for the ATU.';


--
-- Name: COLUMN activity_treatment_unit.actual_treatment_cost; Type: COMMENT; Schema: silva; Owner: postgres
--

COMMENT ON COLUMN silva.activity_treatment_unit.actual_treatment_cost IS 'The actual cost incurred to complete the work.';


--
-- Name: COLUMN activity_treatment_unit.act_planted_no; Type: COMMENT; Schema: silva; Owner: postgres
--

COMMENT ON COLUMN silva.activity_treatment_unit.act_planted_no IS 'The actual number seedlings planted for each activity treatment unit. If a planned activity exists, the planned number is defaulted as the actual planted number.';


--
-- Name: COLUMN activity_treatment_unit.plan_silv_technique_code; Type: COMMENT; Schema: silva; Owner: postgres
--

COMMENT ON COLUMN silva.activity_treatment_unit.plan_silv_technique_code IS 'Describes the broad category of technique, used for the base activity (eg.BU = BURN).';


--
-- Name: COLUMN activity_treatment_unit.plan_silv_method_code; Type: COMMENT; Schema: silva; Owner: postgres
--

COMMENT ON COLUMN silva.activity_treatment_unit.plan_silv_method_code IS 'Describes the specific machinery or method used for the base activity (eg. SHEAR = hand shears). A code for the method category of silvicultural activity planned.';


--
-- Name: COLUMN activity_treatment_unit.plan_silv_fund_srce_code; Type: COMMENT; Schema: silva; Owner: postgres
--

COMMENT ON COLUMN silva.activity_treatment_unit.plan_silv_fund_srce_code IS 'A code indicating which Funding Program will be the primary funding source for silviculture activities on the opening.';


--
-- Name: COLUMN activity_treatment_unit.planned_date; Type: COMMENT; Schema: silva; Owner: postgres
--

COMMENT ON COLUMN silva.activity_treatment_unit.planned_date IS 'The century, year and month in which work on the ATU is planned to commence. The Day component of the date will be set to "01".';


--
-- Name: COLUMN activity_treatment_unit.planned_treatment_amount; Type: COMMENT; Schema: silva; Owner: postgres
--

COMMENT ON COLUMN silva.activity_treatment_unit.planned_treatment_amount IS 'The planned amount (unit of measure) of work for the ATU.';


--
-- Name: COLUMN activity_treatment_unit.planned_treatment_cost; Type: COMMENT; Schema: silva; Owner: postgres
--

COMMENT ON COLUMN silva.activity_treatment_unit.planned_treatment_cost IS 'The total cost anticipated to complete the work.';


--
-- Name: COLUMN activity_treatment_unit.plan_silv_objective_code_1; Type: COMMENT; Schema: silva; Owner: postgres
--

COMMENT ON COLUMN silva.activity_treatment_unit.plan_silv_objective_code_1 IS 'A code which defines the silviculture objective for performing the specific (base/technique/method) silvicultural activity.';


--
-- Name: COLUMN activity_treatment_unit.plan_silv_objective_code_2; Type: COMMENT; Schema: silva; Owner: postgres
--

COMMENT ON COLUMN silva.activity_treatment_unit.plan_silv_objective_code_2 IS 'A code which defines the silviculture objective for performing the specific (base/technique/method) silvicultural activity.';


--
-- Name: COLUMN activity_treatment_unit.plan_silv_objective_code_3; Type: COMMENT; Schema: silva; Owner: postgres
--

COMMENT ON COLUMN silva.activity_treatment_unit.plan_silv_objective_code_3 IS 'A code which defines the silviculture objective for performing the specific (base/technique/method) silvicultural activity.';


--
-- Name: COLUMN activity_treatment_unit.min_acceptable_density; Type: COMMENT; Schema: silva; Owner: postgres
--

COMMENT ON COLUMN silva.activity_treatment_unit.min_acceptable_density IS 'The contracted minimum allowable stand density of total countable conifers.';


--
-- Name: COLUMN activity_treatment_unit.silv_tree_species_code; Type: COMMENT; Schema: silva; Owner: postgres
--

COMMENT ON COLUMN silva.activity_treatment_unit.silv_tree_species_code IS 'The secondary tree species of Crown timber that was cut, damaged, destroyed or removed without authority';


--
-- Name: COLUMN activity_treatment_unit.atu_start_date; Type: COMMENT; Schema: silva; Owner: postgres
--

COMMENT ON COLUMN silva.activity_treatment_unit.atu_start_date IS 'The actual start date of the activity. Currently only pertains to Disturbance activities (SILV BASE CODE = "DN")';


--
-- Name: COLUMN activity_treatment_unit.atu_completion_date; Type: COMMENT; Schema: silva; Owner: postgres
--

COMMENT ON COLUMN silva.activity_treatment_unit.atu_completion_date IS 'The actual date when the activity is completed.';


--
-- Name: COLUMN activity_treatment_unit.results_ind; Type: COMMENT; Schema: silva; Owner: postgres
--

COMMENT ON COLUMN silva.activity_treatment_unit.results_ind IS 'A system controlled Yes/No flag indicating if activity results have been recorded for the ATU.';


--
-- Name: COLUMN activity_treatment_unit.unit_bid_price; Type: COMMENT; Schema: silva; Owner: postgres
--

COMMENT ON COLUMN silva.activity_treatment_unit.unit_bid_price IS 'Contract bid price per unit of work.';


--
-- Name: COLUMN activity_treatment_unit.fia_project_id; Type: COMMENT; Schema: silva; Owner: postgres
--

COMMENT ON COLUMN silva.activity_treatment_unit.fia_project_id IS 'The Project Id identified for the Forest Investment Account.';


--
-- Name: COLUMN activity_treatment_unit.results_submission_id; Type: COMMENT; Schema: silva; Owner: postgres
--

COMMENT ON COLUMN silva.activity_treatment_unit.results_submission_id IS 'Used to link information about a data submission. A submission may have many rows of Silviculture (Form A), Activities (Form B), and Forest Cover/Milestones (Form C) information. This attribute will be receiving a system generated number from the Electronic Submission Framework.';


--
-- Name: COLUMN activity_treatment_unit.disturbance_code; Type: COMMENT; Schema: silva; Owner: postgres
--

COMMENT ON COLUMN silva.activity_treatment_unit.disturbance_code IS 'A code indicating the reason for the disturbance within the opening.';


--
-- Name: COLUMN activity_treatment_unit.silv_system_code; Type: COMMENT; Schema: silva; Owner: postgres
--

COMMENT ON COLUMN silva.activity_treatment_unit.silv_system_code IS 'The code signifying the silviculture system that the post logging treatment code is to be applied to. (Ex. "B" for Basic silviculture).';


--
-- Name: COLUMN activity_treatment_unit.silv_system_variant_code; Type: COMMENT; Schema: silva; Owner: postgres
--

COMMENT ON COLUMN silva.activity_treatment_unit.silv_system_variant_code IS 'The code for the silvicultural system variant, which further describes the functional attributes of the particular silvicultural system';


--
-- Name: COLUMN activity_treatment_unit.silv_cut_phase_code; Type: COMMENT; Schema: silva; Owner: postgres
--

COMMENT ON COLUMN silva.activity_treatment_unit.silv_cut_phase_code IS 'The code for the actual silvicultural system cut phase. The cut phase of a silvicultural system variant describes the function of a harvest to extract merchantable timber and achieve a silviculture treatment.';


--
-- Name: COLUMN activity_treatment_unit.cut_block_open_admin_id; Type: COMMENT; Schema: silva; Owner: postgres
--

COMMENT ON COLUMN silva.activity_treatment_unit.cut_block_open_admin_id IS 'System generated value uniquely identifying the Cut Block/Opening.';


--
-- Name: COLUMN activity_treatment_unit.entry_userid; Type: COMMENT; Schema: silva; Owner: postgres
--

COMMENT ON COLUMN silva.activity_treatment_unit.entry_userid IS 'The USERID of the individual who entered the information.';


--
-- Name: COLUMN activity_treatment_unit.entry_timestamp; Type: COMMENT; Schema: silva; Owner: postgres
--

COMMENT ON COLUMN silva.activity_treatment_unit.entry_timestamp IS 'The date and time the information was entered.';


--
-- Name: COLUMN activity_treatment_unit.update_userid; Type: COMMENT; Schema: silva; Owner: postgres
--

COMMENT ON COLUMN silva.activity_treatment_unit.update_userid IS 'The USERID of the individual who last updated the information.';


--
-- Name: COLUMN activity_treatment_unit.update_timestamp; Type: COMMENT; Schema: silva; Owner: postgres
--

COMMENT ON COLUMN silva.activity_treatment_unit.update_timestamp IS 'The date and time of the last update.';


--
-- Name: COLUMN activity_treatment_unit.revision_count; Type: COMMENT; Schema: silva; Owner: postgres
--

COMMENT ON COLUMN silva.activity_treatment_unit.revision_count IS 'Internal counter used by the system to avoid conflicting updates to the record.';


--
-- Name: activity_tu_comment_link; Type: TABLE; Schema: silva; Owner: postgres
--

CREATE TABLE silva.activity_tu_comment_link (
    silviculture_comment_id bigint NOT NULL,
    activity_treatment_unit_id bigint NOT NULL
);


ALTER TABLE silva.activity_tu_comment_link OWNER TO postgres;

--
-- Name: COLUMN activity_tu_comment_link.silviculture_comment_id; Type: COMMENT; Schema: silva; Owner: postgres
--

COMMENT ON COLUMN silva.activity_tu_comment_link.silviculture_comment_id IS 'System generated value uniquely identifying the ISIS comment.';


--
-- Name: COLUMN activity_tu_comment_link.activity_treatment_unit_id; Type: COMMENT; Schema: silva; Owner: postgres
--

COMMENT ON COLUMN silva.activity_tu_comment_link.activity_treatment_unit_id IS 'System generated value uniquely identifying the Activity Treatment Unit.';


--
-- Name: age_class_code; Type: TABLE; Schema: silva; Owner: postgres
--

CREATE TABLE silva.age_class_code (
    age_class_code character varying(1) NOT NULL,
    description character varying(120) NOT NULL,
    effective_date timestamp(0) without time zone NOT NULL,
    expiry_date timestamp(0) without time zone NOT NULL,
    update_timestamp timestamp(0) without time zone NOT NULL
);


ALTER TABLE silva.age_class_code OWNER TO postgres;

--
-- Name: COLUMN age_class_code.age_class_code; Type: COMMENT; Schema: silva; Owner: postgres
--

COMMENT ON COLUMN silva.age_class_code.age_class_code IS 'The age classification of the primary tree species in the previous stand (for the area under the prescription).';


--
-- Name: COLUMN age_class_code.description; Type: COMMENT; Schema: silva; Owner: postgres
--

COMMENT ON COLUMN silva.age_class_code.description IS 'Full description of code value.';


--
-- Name: COLUMN age_class_code.effective_date; Type: COMMENT; Schema: silva; Owner: postgres
--

COMMENT ON COLUMN silva.age_class_code.effective_date IS 'The date the value is available for use.';


--
-- Name: COLUMN age_class_code.expiry_date; Type: COMMENT; Schema: silva; Owner: postgres
--

COMMENT ON COLUMN silva.age_class_code.expiry_date IS 'The date the value is no longer available for use.';


--
-- Name: COLUMN age_class_code.update_timestamp; Type: COMMENT; Schema: silva; Owner: postgres
--

COMMENT ON COLUMN silva.age_class_code.update_timestamp IS 'The date and time the value was last modified.';


--
-- Name: block_status_code; Type: TABLE; Schema: silva; Owner: postgres
--

CREATE TABLE silva.block_status_code (
    block_status_code character varying(3) NOT NULL,
    description character varying(120) NOT NULL,
    effective_date timestamp(0) without time zone NOT NULL,
    expiry_date timestamp(0) without time zone NOT NULL,
    update_timestamp timestamp(0) without time zone NOT NULL
);


ALTER TABLE silva.block_status_code OWNER TO postgres;

--
-- Name: COLUMN block_status_code.block_status_code; Type: COMMENT; Schema: silva; Owner: postgres
--

COMMENT ON COLUMN silva.block_status_code.block_status_code IS 'The before status image of the Cut Block. The status indicates the point the Cut Block is at in it"s lifecycle. Examples are: PP - Planning, HA - Harvesting, LC - Logging Complete, and S - Silviculture.';


--
-- Name: COLUMN block_status_code.description; Type: COMMENT; Schema: silva; Owner: postgres
--

COMMENT ON COLUMN silva.block_status_code.description IS 'Description of the code value';


--
-- Name: COLUMN block_status_code.effective_date; Type: COMMENT; Schema: silva; Owner: postgres
--

COMMENT ON COLUMN silva.block_status_code.effective_date IS 'Date the code becomes effective';


--
-- Name: COLUMN block_status_code.expiry_date; Type: COMMENT; Schema: silva; Owner: postgres
--

COMMENT ON COLUMN silva.block_status_code.expiry_date IS 'Date the code expires';


--
-- Name: COLUMN block_status_code.update_timestamp; Type: COMMENT; Schema: silva; Owner: postgres
--

COMMENT ON COLUMN silva.block_status_code.update_timestamp IS 'The date and time the value was last modified.';


--
-- Name: cascade_split_code; Type: TABLE; Schema: silva; Owner: postgres
--

CREATE TABLE silva.cascade_split_code (
    cascade_split_code character varying(1) NOT NULL,
    description character varying(120) NOT NULL,
    effective_date timestamp(0) without time zone NOT NULL,
    expiry_date timestamp(0) without time zone NOT NULL,
    update_timestamp timestamp(0) without time zone NOT NULL
);


ALTER TABLE silva.cascade_split_code OWNER TO postgres;

--
-- Name: COLUMN cascade_split_code.cascade_split_code; Type: COMMENT; Schema: silva; Owner: postgres
--

COMMENT ON COLUMN silva.cascade_split_code.cascade_split_code IS 'Code to indicate the administrative split for the timber mark, east or west of the Cascade Mountains, for tracking timber volume information.';


--
-- Name: COLUMN cascade_split_code.description; Type: COMMENT; Schema: silva; Owner: postgres
--

COMMENT ON COLUMN silva.cascade_split_code.description IS 'Description of the code value';


--
-- Name: COLUMN cascade_split_code.effective_date; Type: COMMENT; Schema: silva; Owner: postgres
--

COMMENT ON COLUMN silva.cascade_split_code.effective_date IS 'Date the code becomes effective';


--
-- Name: COLUMN cascade_split_code.expiry_date; Type: COMMENT; Schema: silva; Owner: postgres
--

COMMENT ON COLUMN silva.cascade_split_code.expiry_date IS 'Date the code expires';


--
-- Name: COLUMN cascade_split_code.update_timestamp; Type: COMMENT; Schema: silva; Owner: postgres
--

COMMENT ON COLUMN silva.cascade_split_code.update_timestamp IS 'The date and time the value was last modified.';


--
-- Name: client_location; Type: TABLE; Schema: silva; Owner: postgres
--

CREATE TABLE silva.client_location (
    client_number character varying(8) NOT NULL,
    client_locn_code character varying(2) NOT NULL,
    client_locn_name character varying(40),
    hdbs_company_code character varying(5),
    address_1 character varying(40) NOT NULL,
    address_2 character varying(40),
    address_3 character varying(40),
    city character varying(30) NOT NULL,
    province character varying(50),
    postal_code character varying(10),
    country character varying(50) NOT NULL,
    business_phone character varying(10),
    home_phone character varying(10),
    cell_phone character varying(10),
    fax_number character varying(10),
    email_address character varying(128),
    locn_expired_ind character varying(1) NOT NULL,
    returned_mail_date timestamp(0) without time zone,
    trust_location_ind character varying(1) NOT NULL,
    cli_locn_comment character varying(4000),
    update_timestamp timestamp(0) without time zone NOT NULL,
    update_userid character varying(30) NOT NULL,
    update_org_unit bigint NOT NULL,
    add_timestamp timestamp(0) without time zone NOT NULL,
    add_userid character varying(30) NOT NULL,
    add_org_unit bigint NOT NULL,
    revision_count integer NOT NULL
);


ALTER TABLE silva.client_location OWNER TO postgres;

--
-- Name: TABLE client_location; Type: COMMENT; Schema: silva; Owner: postgres
--

COMMENT ON TABLE silva.client_location IS 'The description and the details of the address(es) at which a client operates. Its main purpose is to provide alternate mailing addresses. Maximum number of locations per client is 99. The average is 2 per client. Location 00 is always the client.';


--
-- Name: COLUMN client_location.client_number; Type: COMMENT; Schema: silva; Owner: postgres
--

COMMENT ON COLUMN silva.client_location.client_number IS 'Sequentially assigned number to identify a ministry client.';


--
-- Name: COLUMN client_location.client_locn_code; Type: COMMENT; Schema: silva; Owner: postgres
--

COMMENT ON COLUMN silva.client_location.client_locn_code IS 'A code to uniquely identify, within each client, the addresses of different divisions or locations at which the client operates. The location code is sequentially assigned starting with "00" for the client"s permanent address.';


--
-- Name: COLUMN client_location.client_locn_name; Type: COMMENT; Schema: silva; Owner: postgres
--

COMMENT ON COLUMN silva.client_location.client_locn_name IS 'Restricted for identifying corporate division names and joint venture names. Other comments are INVALID.';


--
-- Name: COLUMN client_location.hdbs_company_code; Type: COMMENT; Schema: silva; Owner: postgres
--

COMMENT ON COLUMN silva.client_location.hdbs_company_code IS 'The identifier used as the key to the name and address table in the Harvest Database System. It is maintained in this system as a cross-reference to the name and address file.';


--
-- Name: COLUMN client_location.address_1; Type: COMMENT; Schema: silva; Owner: postgres
--

COMMENT ON COLUMN silva.client_location.address_1 IS 'The first line of the client"s address.';


--
-- Name: COLUMN client_location.address_2; Type: COMMENT; Schema: silva; Owner: postgres
--

COMMENT ON COLUMN silva.client_location.address_2 IS 'The second line of the client"s address.';


--
-- Name: COLUMN client_location.address_3; Type: COMMENT; Schema: silva; Owner: postgres
--

COMMENT ON COLUMN silva.client_location.address_3 IS 'The third line of the client"s address.';


--
-- Name: COLUMN client_location.city; Type: COMMENT; Schema: silva; Owner: postgres
--

COMMENT ON COLUMN silva.client_location.city IS 'Town or City name of the client"s address.';


--
-- Name: COLUMN client_location.province; Type: COMMENT; Schema: silva; Owner: postgres
--

COMMENT ON COLUMN silva.client_location.province IS 'Province or State of the client"s address.';


--
-- Name: COLUMN client_location.postal_code; Type: COMMENT; Schema: silva; Owner: postgres
--

COMMENT ON COLUMN silva.client_location.postal_code IS 'Code used by Canadian Federal Government Postal System; may also contain an American Zip Code or another country"s postal code.';


--
-- Name: COLUMN client_location.country; Type: COMMENT; Schema: silva; Owner: postgres
--

COMMENT ON COLUMN silva.client_location.country IS 'The country in which the client is located.';


--
-- Name: COLUMN client_location.business_phone; Type: COMMENT; Schema: silva; Owner: postgres
--

COMMENT ON COLUMN silva.client_location.business_phone IS 'Client"s business telephone number and area code.';


--
-- Name: COLUMN client_location.home_phone; Type: COMMENT; Schema: silva; Owner: postgres
--

COMMENT ON COLUMN silva.client_location.home_phone IS 'Client"s Home telephone number and area code.';


--
-- Name: COLUMN client_location.cell_phone; Type: COMMENT; Schema: silva; Owner: postgres
--

COMMENT ON COLUMN silva.client_location.cell_phone IS 'Client"s business cell phone number and area code.';


--
-- Name: COLUMN client_location.fax_number; Type: COMMENT; Schema: silva; Owner: postgres
--

COMMENT ON COLUMN silva.client_location.fax_number IS 'Area code and Fax number for the client location.';


--
-- Name: COLUMN client_location.email_address; Type: COMMENT; Schema: silva; Owner: postgres
--

COMMENT ON COLUMN silva.client_location.email_address IS 'Client"s email address for this location.';


--
-- Name: COLUMN client_location.locn_expired_ind; Type: COMMENT; Schema: silva; Owner: postgres
--

COMMENT ON COLUMN silva.client_location.locn_expired_ind IS 'Identifies a previous address for a client which should not be used for any future purposes.';


--
-- Name: COLUMN client_location.returned_mail_date; Type: COMMENT; Schema: silva; Owner: postgres
--

COMMENT ON COLUMN silva.client_location.returned_mail_date IS 'The date when the Ministry receives returned mail for this client location address.';


--
-- Name: COLUMN client_location.trust_location_ind; Type: COMMENT; Schema: silva; Owner: postgres
--

COMMENT ON COLUMN silva.client_location.trust_location_ind IS 'Indicates a location to which funds held in trust will be returned to.';


--
-- Name: COLUMN client_location.cli_locn_comment; Type: COMMENT; Schema: silva; Owner: postgres
--

COMMENT ON COLUMN silva.client_location.cli_locn_comment IS 'Text for the comment on the client location.';


--
-- Name: COLUMN client_location.update_timestamp; Type: COMMENT; Schema: silva; Owner: postgres
--

COMMENT ON COLUMN silva.client_location.update_timestamp IS 'The date and time of the last update.';


--
-- Name: COLUMN client_location.update_userid; Type: COMMENT; Schema: silva; Owner: postgres
--

COMMENT ON COLUMN silva.client_location.update_userid IS 'The userid of the individual who last updated this information.';


--
-- Name: COLUMN client_location.update_org_unit; Type: COMMENT; Schema: silva; Owner: postgres
--

COMMENT ON COLUMN silva.client_location.update_org_unit IS 'Unique physical identifier for the storage of organizational unit codes for the Ministry of Forests" offices. Values stored here are for the computer"s use only, and are not to be used by people as "ministry codes".';


--
-- Name: COLUMN client_location.add_timestamp; Type: COMMENT; Schema: silva; Owner: postgres
--

COMMENT ON COLUMN silva.client_location.add_timestamp IS 'The date and time on which the entry was created.';


--
-- Name: COLUMN client_location.add_userid; Type: COMMENT; Schema: silva; Owner: postgres
--

COMMENT ON COLUMN silva.client_location.add_userid IS 'The userid of the individual performing the entry.';


--
-- Name: COLUMN client_location.add_org_unit; Type: COMMENT; Schema: silva; Owner: postgres
--

COMMENT ON COLUMN silva.client_location.add_org_unit IS 'Unique physical identifier for the storage of organizational unit codes for the Ministry of Forests" offices. Values stored here are for the computer"s use only, and are not to be used by people as "ministry codes".';


--
-- Name: COLUMN client_location.revision_count; Type: COMMENT; Schema: silva; Owner: postgres
--

COMMENT ON COLUMN silva.client_location.revision_count IS 'Number of times updated';


--
-- Name: corp_capture_method; Type: TABLE; Schema: silva; Owner: postgres
--

CREATE TABLE silva.corp_capture_method (
    capture_method_code character varying(90) NOT NULL,
    description character varying(150) NOT NULL,
    effective_date timestamp(0) without time zone NOT NULL,
    expiry_date timestamp(0) without time zone NOT NULL,
    update_timestamp timestamp(0) without time zone NOT NULL
);


ALTER TABLE silva.corp_capture_method OWNER TO postgres;

--
-- Name: COLUMN corp_capture_method.capture_method_code; Type: COMMENT; Schema: silva; Owner: postgres
--

COMMENT ON COLUMN silva.corp_capture_method.capture_method_code IS 'The method of data capture for the given tenure application map feature image. E.g. Photogrammetric, orthoPhotography, sketchMap.';


--
-- Name: crew_contract_hire_code; Type: TABLE; Schema: silva; Owner: postgres
--

CREATE TABLE silva.crew_contract_hire_code (
    crew_contract_hire_code character varying(1) NOT NULL,
    description character varying(120) NOT NULL,
    effective_date timestamp(0) without time zone NOT NULL,
    expiry_date timestamp(0) without time zone NOT NULL,
    update_timestamp timestamp(0) without time zone NOT NULL
);


ALTER TABLE silva.crew_contract_hire_code OWNER TO postgres;

--
-- Name: COLUMN crew_contract_hire_code.crew_contract_hire_code; Type: COMMENT; Schema: silva; Owner: postgres
--

COMMENT ON COLUMN silva.crew_contract_hire_code.crew_contract_hire_code IS 'A code to indicate the tendering process used to select a contractor.';


--
-- Name: COLUMN crew_contract_hire_code.description; Type: COMMENT; Schema: silva; Owner: postgres
--

COMMENT ON COLUMN silva.crew_contract_hire_code.description IS 'Full description of code value.';


--
-- Name: COLUMN crew_contract_hire_code.effective_date; Type: COMMENT; Schema: silva; Owner: postgres
--

COMMENT ON COLUMN silva.crew_contract_hire_code.effective_date IS 'The date the value is available for use.';


--
-- Name: COLUMN crew_contract_hire_code.expiry_date; Type: COMMENT; Schema: silva; Owner: postgres
--

COMMENT ON COLUMN silva.crew_contract_hire_code.expiry_date IS 'The date the value is no longer available for use.';


--
-- Name: COLUMN crew_contract_hire_code.update_timestamp; Type: COMMENT; Schema: silva; Owner: postgres
--

COMMENT ON COLUMN silva.crew_contract_hire_code.update_timestamp IS 'The date and time the value was last modified.';


--
-- Name: crown_lands_region_code; Type: TABLE; Schema: silva; Owner: postgres
--

CREATE TABLE silva.crown_lands_region_code (
    crown_lands_region_code character varying(1) NOT NULL,
    description character varying(120) NOT NULL,
    effective_date timestamp(0) without time zone NOT NULL,
    expiry_date timestamp(0) without time zone NOT NULL,
    update_timestamp timestamp(0) without time zone NOT NULL
);


ALTER TABLE silva.crown_lands_region_code OWNER TO postgres;

--
-- Name: COLUMN crown_lands_region_code.crown_lands_region_code; Type: COMMENT; Schema: silva; Owner: postgres
--

COMMENT ON COLUMN silva.crown_lands_region_code.crown_lands_region_code IS 'Describes the CROWN LANDS REGION';


--
-- Name: COLUMN crown_lands_region_code.description; Type: COMMENT; Schema: silva; Owner: postgres
--

COMMENT ON COLUMN silva.crown_lands_region_code.description IS 'Description of the code value';


--
-- Name: COLUMN crown_lands_region_code.effective_date; Type: COMMENT; Schema: silva; Owner: postgres
--

COMMENT ON COLUMN silva.crown_lands_region_code.effective_date IS 'Date the code becomes effective';


--
-- Name: COLUMN crown_lands_region_code.expiry_date; Type: COMMENT; Schema: silva; Owner: postgres
--

COMMENT ON COLUMN silva.crown_lands_region_code.expiry_date IS 'Date the code expires';


--
-- Name: COLUMN crown_lands_region_code.update_timestamp; Type: COMMENT; Schema: silva; Owner: postgres
--

COMMENT ON COLUMN silva.crown_lands_region_code.update_timestamp IS 'The date and time the value was last modified.';


--
-- Name: cut_block; Type: TABLE; Schema: silva; Owner: postgres
--

CREATE TABLE silva.cut_block (
    cb_skey bigint NOT NULL,
    hva_skey bigint,
    forest_file_id character varying(10) NOT NULL,
    cutting_permit_id character varying(3),
    timber_mark character varying(10),
    cut_block_id character varying(10) NOT NULL,
    sp_exempt_ind character varying(1) DEFAULT 'N'::character varying NOT NULL,
    block_status_date timestamp(0) without time zone,
    cut_block_description character varying(120),
    cut_regulation_code character varying(3),
    block_status_st character varying(3) NOT NULL,
    reforest_declare_type_code character varying(3),
    revision_count integer NOT NULL,
    entry_userid character varying(30) NOT NULL,
    entry_timestamp timestamp(0) without time zone NOT NULL,
    update_userid character varying(30) NOT NULL,
    update_timestamp timestamp(0) without time zone NOT NULL,
    is_waste_assessment_required character varying(1) DEFAULT 'U'::character varying NOT NULL,
    cut_block_guid uuid DEFAULT public.uuid_generate_v4() NOT NULL,
    fire_harvesting_reason_code character varying(10),
    is_under_partition_order character varying(1),
    reported_fire_date timestamp(0) without time zone
);


ALTER TABLE silva.cut_block OWNER TO postgres;

--
-- Name: TABLE cut_block; Type: COMMENT; Schema: silva; Owner: postgres
--

COMMENT ON TABLE silva.cut_block IS 'Information about harvesting that takes place on a cut block within a cutting permit, for a file on a harvesting tenure.';


--
-- Name: COLUMN cut_block.cb_skey; Type: COMMENT; Schema: silva; Owner: postgres
--

COMMENT ON COLUMN silva.cut_block.cb_skey IS 'The unique identifer for a cut block.';


--
-- Name: COLUMN cut_block.hva_skey; Type: COMMENT; Schema: silva; Owner: postgres
--

COMMENT ON COLUMN silva.cut_block.hva_skey IS 'The unique identifer for the harvesting authority.';


--
-- Name: COLUMN cut_block.forest_file_id; Type: COMMENT; Schema: silva; Owner: postgres
--

COMMENT ON COLUMN silva.cut_block.forest_file_id IS 'File identification assigned to Provincial Forest Use files. Assigned file number. Usually the Licence, Tenure or Private Mark number.';


--
-- Name: COLUMN cut_block.cutting_permit_id; Type: COMMENT; Schema: silva; Owner: postgres
--

COMMENT ON COLUMN silva.cut_block.cutting_permit_id IS 'Identifier for a cutting permit associated with a harvesting tenure.';


--
-- Name: COLUMN cut_block.timber_mark; Type: COMMENT; Schema: silva; Owner: postgres
--

COMMENT ON COLUMN silva.cut_block.timber_mark IS 'Unique identifying set of characters to be stamped or marked on the end of each log to associate the log with the specific authority to harvest and move timber.';


--
-- Name: COLUMN cut_block.cut_block_id; Type: COMMENT; Schema: silva; Owner: postgres
--

COMMENT ON COLUMN silva.cut_block.cut_block_id IS 'Identifier for a cut block of a harvesting tenure (within a cutting permit for tenures with cp"s).';


--
-- Name: COLUMN cut_block.sp_exempt_ind; Type: COMMENT; Schema: silva; Owner: postgres
--

COMMENT ON COLUMN silva.cut_block.sp_exempt_ind IS 'Only set to "Y" for "Exemption for silviculture Prescriptions" under sec. 30 of the Forest Practices Code of British Columbia Act, eg cut blocks under one hectare, or the use of the land will be incompatible with the establishment of a free growing stand.';


--
-- Name: COLUMN cut_block.block_status_date; Type: COMMENT; Schema: silva; Owner: postgres
--

COMMENT ON COLUMN silva.cut_block.block_status_date IS 'The date on which the current cut block status was set.';


--
-- Name: COLUMN cut_block.cut_block_description; Type: COMMENT; Schema: silva; Owner: postgres
--

COMMENT ON COLUMN silva.cut_block.cut_block_description IS 'Description of the cut block';


--
-- Name: COLUMN cut_block.cut_regulation_code; Type: COMMENT; Schema: silva; Owner: postgres
--

COMMENT ON COLUMN silva.cut_block.cut_regulation_code IS 'Identifies the type of regulation applicable to a given cut block. Valid values include "Bark Beetle Regulation", and "Small Scale Salvage".';


--
-- Name: COLUMN cut_block.block_status_st; Type: COMMENT; Schema: silva; Owner: postgres
--

COMMENT ON COLUMN silva.cut_block.block_status_st IS 'The current status of the operational harvesting area, eg., Pending - Planned, Harvesting - Suspended. This is a subset of Timber_status_code.';


--
-- Name: COLUMN cut_block.reforest_declare_type_code; Type: COMMENT; Schema: silva; Owner: postgres
--

COMMENT ON COLUMN silva.cut_block.reforest_declare_type_code IS 'Identifies the reforestation declaration type. E.g. Coniferous, Deciduos, Mix.';


--
-- Name: COLUMN cut_block.revision_count; Type: COMMENT; Schema: silva; Owner: postgres
--

COMMENT ON COLUMN silva.cut_block.revision_count IS 'A count of the number of times an entry in the entity has been modified. Used to validate if the current information displayed on a user"s web browser is the most current.';


--
-- Name: COLUMN cut_block.entry_userid; Type: COMMENT; Schema: silva; Owner: postgres
--

COMMENT ON COLUMN silva.cut_block.entry_userid IS 'The unique user id of the resource who initially added the entry.';


--
-- Name: COLUMN cut_block.entry_timestamp; Type: COMMENT; Schema: silva; Owner: postgres
--

COMMENT ON COLUMN silva.cut_block.entry_timestamp IS 'Timestamp when the event information was entered.';


--
-- Name: COLUMN cut_block.update_userid; Type: COMMENT; Schema: silva; Owner: postgres
--

COMMENT ON COLUMN silva.cut_block.update_userid IS 'The userid of the person who performed the last update to the information.';


--
-- Name: COLUMN cut_block.update_timestamp; Type: COMMENT; Schema: silva; Owner: postgres
--

COMMENT ON COLUMN silva.cut_block.update_timestamp IS 'The timestamp of the last update to the cut block information.';


--
-- Name: COLUMN cut_block.is_waste_assessment_required; Type: COMMENT; Schema: silva; Owner: postgres
--

COMMENT ON COLUMN silva.cut_block.is_waste_assessment_required IS 'A value indicating whether a harvesting Authority record requires waste assessment or not.';


--
-- Name: COLUMN cut_block.cut_block_guid; Type: COMMENT; Schema: silva; Owner: postgres
--

COMMENT ON COLUMN silva.cut_block.cut_block_guid IS 'Global Unique Identifier. Created as part of CP / FTA 5 Changes.';


--
-- Name: COLUMN cut_block.fire_harvesting_reason_code; Type: COMMENT; Schema: silva; Owner: postgres
--

COMMENT ON COLUMN silva.cut_block.fire_harvesting_reason_code IS 'FIRE_HARVESTING_REASON_CODE is a code that identifies a reason for harvesting related to fire activities (prevention, clean up).Null is a valid value for this column. Null is not a blank space.';


--
-- Name: COLUMN cut_block.is_under_partition_order; Type: COMMENT; Schema: silva; Owner: postgres
--

COMMENT ON COLUMN silva.cut_block.is_under_partition_order IS 'IS_UNDER_PARTITION_ORDER is used as an indicator if the cut block is within a partition order area. Values are null, Y or N. Values may change from Y or N back to Null or vice versa. Null is not a blank space.';


--
-- Name: COLUMN cut_block.reported_fire_date; Type: COMMENT; Schema: silva; Owner: postgres
--

COMMENT ON COLUMN silva.cut_block.reported_fire_date IS 'REPORTED_FIRE_DATE a date from the provincial FIRE system indicating the date that the fire that caused the FIRE_HARVESTING_REASON_CODE was reported.';


--
-- Name: cut_block_client; Type: TABLE; Schema: silva; Owner: postgres
--

CREATE TABLE silva.cut_block_client (
    cblk_client_skey bigint NOT NULL,
    cb_skey bigint NOT NULL,
    cut_block_client_type_code character varying(1) NOT NULL,
    licensee_start_date timestamp(0) without time zone,
    licensee_end_date timestamp(0) without time zone,
    client_locn_code character varying(2) NOT NULL,
    client_number character varying(8) NOT NULL,
    revision_count integer NOT NULL,
    entry_userid character varying(30) NOT NULL,
    entry_timestamp timestamp(0) without time zone NOT NULL,
    update_userid character varying(30) NOT NULL,
    update_timestamp timestamp(0) without time zone NOT NULL
);


ALTER TABLE silva.cut_block_client OWNER TO postgres;

--
-- Name: TABLE cut_block_client; Type: COMMENT; Schema: silva; Owner: postgres
--

COMMENT ON TABLE silva.cut_block_client IS 'Identifies the licencee assigned to a given cut block for a specified duration of time.';


--
-- Name: COLUMN cut_block_client.cb_skey; Type: COMMENT; Schema: silva; Owner: postgres
--

COMMENT ON COLUMN silva.cut_block_client.cb_skey IS 'The unique identifer for a cut block.';


--
-- Name: COLUMN cut_block_client.cut_block_client_type_code; Type: COMMENT; Schema: silva; Owner: postgres
--

COMMENT ON COLUMN silva.cut_block_client.cut_block_client_type_code IS 'Identifes the client types codes applicable for assignment to cut blocks.';


--
-- Name: COLUMN cut_block_client.licensee_start_date; Type: COMMENT; Schema: silva; Owner: postgres
--

COMMENT ON COLUMN silva.cut_block_client.licensee_start_date IS 'The licensee start date for a given cut block.';


--
-- Name: COLUMN cut_block_client.licensee_end_date; Type: COMMENT; Schema: silva; Owner: postgres
--

COMMENT ON COLUMN silva.cut_block_client.licensee_end_date IS 'The licensee end date for a given cut block.';


--
-- Name: COLUMN cut_block_client.client_locn_code; Type: COMMENT; Schema: silva; Owner: postgres
--

COMMENT ON COLUMN silva.cut_block_client.client_locn_code IS 'A code to uniquely identify, within each client, the addresses of different divisions or locations at which the client operates. The location code is sequentially assigned starting with "00" for the client"s permanent address.';


--
-- Name: COLUMN cut_block_client.client_number; Type: COMMENT; Schema: silva; Owner: postgres
--

COMMENT ON COLUMN silva.cut_block_client.client_number IS 'Sequentially assigned number to identify a ministry client.';


--
-- Name: COLUMN cut_block_client.revision_count; Type: COMMENT; Schema: silva; Owner: postgres
--

COMMENT ON COLUMN silva.cut_block_client.revision_count IS 'A count of the number of times an entry in the entity has been modified. Used to validate if the current information displayed on a user"s web browser is the most current.';


--
-- Name: COLUMN cut_block_client.entry_userid; Type: COMMENT; Schema: silva; Owner: postgres
--

COMMENT ON COLUMN silva.cut_block_client.entry_userid IS 'The unique user id of the resource who initially added the entry.';


--
-- Name: COLUMN cut_block_client.entry_timestamp; Type: COMMENT; Schema: silva; Owner: postgres
--

COMMENT ON COLUMN silva.cut_block_client.entry_timestamp IS 'Timestamp when the event information was entered.';


--
-- Name: COLUMN cut_block_client.update_userid; Type: COMMENT; Schema: silva; Owner: postgres
--

COMMENT ON COLUMN silva.cut_block_client.update_userid IS 'The userid of the individual who last updated this information.';


--
-- Name: COLUMN cut_block_client.update_timestamp; Type: COMMENT; Schema: silva; Owner: postgres
--

COMMENT ON COLUMN silva.cut_block_client.update_timestamp IS 'The date and time of the last update.';


--
-- Name: cut_block_client_type_code; Type: TABLE; Schema: silva; Owner: postgres
--

CREATE TABLE silva.cut_block_client_type_code (
    cut_block_client_type_code character varying(1) NOT NULL,
    description character varying(120) NOT NULL,
    effective_date timestamp(0) without time zone NOT NULL,
    expiry_date timestamp(0) without time zone NOT NULL,
    update_timestamp timestamp(0) without time zone NOT NULL
);


ALTER TABLE silva.cut_block_client_type_code OWNER TO postgres;

--
-- Name: COLUMN cut_block_client_type_code.cut_block_client_type_code; Type: COMMENT; Schema: silva; Owner: postgres
--

COMMENT ON COLUMN silva.cut_block_client_type_code.cut_block_client_type_code IS 'Identifes the client types codes applicable for assignment to cut blocks.';


--
-- Name: COLUMN cut_block_client_type_code.description; Type: COMMENT; Schema: silva; Owner: postgres
--

COMMENT ON COLUMN silva.cut_block_client_type_code.description IS 'Description of the code value';


--
-- Name: COLUMN cut_block_client_type_code.effective_date; Type: COMMENT; Schema: silva; Owner: postgres
--

COMMENT ON COLUMN silva.cut_block_client_type_code.effective_date IS 'Date the code becomes effective';


--
-- Name: COLUMN cut_block_client_type_code.expiry_date; Type: COMMENT; Schema: silva; Owner: postgres
--

COMMENT ON COLUMN silva.cut_block_client_type_code.expiry_date IS 'Date the code expires';


--
-- Name: COLUMN cut_block_client_type_code.update_timestamp; Type: COMMENT; Schema: silva; Owner: postgres
--

COMMENT ON COLUMN silva.cut_block_client_type_code.update_timestamp IS 'The date and time the value was last modified.';


--
-- Name: cut_block_open_admin; Type: TABLE; Schema: silva; Owner: postgres
--

CREATE TABLE silva.cut_block_open_admin (
    cut_block_open_admin_id bigint NOT NULL,
    forest_file_id character varying(10),
    timber_mark character varying(10),
    cut_block_id character varying(10),
    cutting_permit_id character varying(3),
    disturbance_gross_area numeric(11,4),
    disturbance_start_date timestamp(0) without time zone,
    disturbance_end_date timestamp(0) without time zone,
    opening_id bigint,
    opening_gross_area numeric(11,4),
    planned_harvest_date timestamp(0) without time zone,
    planned_gross_block_area numeric(11,4),
    planned_net_block_area numeric(11,4),
    opening_prime_licence_ind character varying(1),
    cb_skey bigint,
    revision_count integer NOT NULL,
    entry_userid character varying(30) NOT NULL,
    entry_timestamp timestamp(0) without time zone NOT NULL,
    update_userid character varying(30) NOT NULL,
    update_timestamp timestamp(0) without time zone NOT NULL
);


ALTER TABLE silva.cut_block_open_admin OWNER TO postgres;

--
-- Name: TABLE cut_block_open_admin; Type: COMMENT; Schema: silva; Owner: postgres
--

COMMENT ON TABLE silva.cut_block_open_admin IS 'Used by FTA and RESULTS to track area and date information associated with a cut block and/or opening.';


--
-- Name: COLUMN cut_block_open_admin.cut_block_open_admin_id; Type: COMMENT; Schema: silva; Owner: postgres
--

COMMENT ON COLUMN silva.cut_block_open_admin.cut_block_open_admin_id IS 'Primary Unique identifier for a Cut Block Open Admin.';


--
-- Name: COLUMN cut_block_open_admin.forest_file_id; Type: COMMENT; Schema: silva; Owner: postgres
--

COMMENT ON COLUMN silva.cut_block_open_admin.forest_file_id IS 'File identification assigned to Provincial Forest Use files. Assigned file number. Usually the Licence, Tenure or Private Mark number.';


--
-- Name: COLUMN cut_block_open_admin.timber_mark; Type: COMMENT; Schema: silva; Owner: postgres
--

COMMENT ON COLUMN silva.cut_block_open_admin.timber_mark IS 'Unique identifying set of characters to be stamped or marked on the end of each log to associate the log with the specific authority to harvest and move timber.';


--
-- Name: COLUMN cut_block_open_admin.cut_block_id; Type: COMMENT; Schema: silva; Owner: postgres
--

COMMENT ON COLUMN silva.cut_block_open_admin.cut_block_id IS 'Identifier for a cut block of a harvesting tenure (within a cutting permit for tenures with cp"s).';


--
-- Name: COLUMN cut_block_open_admin.cutting_permit_id; Type: COMMENT; Schema: silva; Owner: postgres
--

COMMENT ON COLUMN silva.cut_block_open_admin.cutting_permit_id IS 'Identifier for a cutting permit associated with a quota type tenure.';


--
-- Name: COLUMN cut_block_open_admin.disturbance_gross_area; Type: COMMENT; Schema: silva; Owner: postgres
--

COMMENT ON COLUMN silva.cut_block_open_admin.disturbance_gross_area IS 'Current gross area of the cut block, in hectares, including all approved amendments.';


--
-- Name: COLUMN cut_block_open_admin.disturbance_start_date; Type: COMMENT; Schema: silva; Owner: postgres
--

COMMENT ON COLUMN silva.cut_block_open_admin.disturbance_start_date IS 'Actual date that harvesting started on the cut block.';


--
-- Name: COLUMN cut_block_open_admin.disturbance_end_date; Type: COMMENT; Schema: silva; Owner: postgres
--

COMMENT ON COLUMN silva.cut_block_open_admin.disturbance_end_date IS 'For areas being Harvested, this date is associated with the actual or estimated completion of Harvesting. This date s/b entered as part of the regular logging inspection, and updated as required. The actual date will be when the status moves to S - Silv.';


--
-- Name: COLUMN cut_block_open_admin.opening_id; Type: COMMENT; Schema: silva; Owner: postgres
--

COMMENT ON COLUMN silva.cut_block_open_admin.opening_id IS 'System generated value uniquely identifying the opening.';


--
-- Name: COLUMN cut_block_open_admin.opening_gross_area; Type: COMMENT; Schema: silva; Owner: postgres
--

COMMENT ON COLUMN silva.cut_block_open_admin.opening_gross_area IS 'The total area that the opening encompasses (e.g., 120 Hectares).';


--
-- Name: COLUMN cut_block_open_admin.planned_harvest_date; Type: COMMENT; Schema: silva; Owner: postgres
--

COMMENT ON COLUMN silva.cut_block_open_admin.planned_harvest_date IS 'The date on which the harvest was planned.';


--
-- Name: COLUMN cut_block_open_admin.planned_gross_block_area; Type: COMMENT; Schema: silva; Owner: postgres
--

COMMENT ON COLUMN silva.cut_block_open_admin.planned_gross_block_area IS 'Estimated initial gross area of the cut block, in hectares, from the PHSP.';


--
-- Name: COLUMN cut_block_open_admin.planned_net_block_area; Type: COMMENT; Schema: silva; Owner: postgres
--

COMMENT ON COLUMN silva.cut_block_open_admin.planned_net_block_area IS 'Estimated planned gross area of the cut block, in hectares, from the PHSP.';


--
-- Name: COLUMN cut_block_open_admin.opening_prime_licence_ind; Type: COMMENT; Schema: silva; Owner: postgres
--

COMMENT ON COLUMN silva.cut_block_open_admin.opening_prime_licence_ind IS 'A (Y/N) indicator used to show whether or not this is the primary licence holder for the Opening.';


--
-- Name: COLUMN cut_block_open_admin.cb_skey; Type: COMMENT; Schema: silva; Owner: postgres
--

COMMENT ON COLUMN silva.cut_block_open_admin.cb_skey IS 'The unique identifer for a cut block.';


--
-- Name: COLUMN cut_block_open_admin.revision_count; Type: COMMENT; Schema: silva; Owner: postgres
--

COMMENT ON COLUMN silva.cut_block_open_admin.revision_count IS 'A count of the number of times an entry in the entity has been modified. Used to validate if the current information displayed on a user"s web browser is the most current.';


--
-- Name: COLUMN cut_block_open_admin.entry_userid; Type: COMMENT; Schema: silva; Owner: postgres
--

COMMENT ON COLUMN silva.cut_block_open_admin.entry_userid IS 'The unique user id of the resource who initially added the entry.';


--
-- Name: COLUMN cut_block_open_admin.entry_timestamp; Type: COMMENT; Schema: silva; Owner: postgres
--

COMMENT ON COLUMN silva.cut_block_open_admin.entry_timestamp IS 'Timestamp when the event information was entered.';


--
-- Name: COLUMN cut_block_open_admin.update_userid; Type: COMMENT; Schema: silva; Owner: postgres
--

COMMENT ON COLUMN silva.cut_block_open_admin.update_userid IS 'The unique id of the user who last modified this entry.';


--
-- Name: COLUMN cut_block_open_admin.update_timestamp; Type: COMMENT; Schema: silva; Owner: postgres
--

COMMENT ON COLUMN silva.cut_block_open_admin.update_timestamp IS 'The date and time the entry was last modified.';


--
-- Name: cut_regulation_code; Type: TABLE; Schema: silva; Owner: postgres
--

CREATE TABLE silva.cut_regulation_code (
    cut_regulation_code character varying(3) NOT NULL,
    description character varying(120) NOT NULL,
    effective_date timestamp(0) without time zone NOT NULL,
    expiry_date timestamp(0) without time zone NOT NULL,
    update_timestamp timestamp(0) without time zone NOT NULL
);


ALTER TABLE silva.cut_regulation_code OWNER TO postgres;

--
-- Name: COLUMN cut_regulation_code.cut_regulation_code; Type: COMMENT; Schema: silva; Owner: postgres
--

COMMENT ON COLUMN silva.cut_regulation_code.cut_regulation_code IS 'Identifies the type of regulation applicable to a given cut block. Valid values include "Bark Beetle Regulation", and "Small Scale Salvage".';


--
-- Name: COLUMN cut_regulation_code.description; Type: COMMENT; Schema: silva; Owner: postgres
--

COMMENT ON COLUMN silva.cut_regulation_code.description IS 'Description of the code value';


--
-- Name: COLUMN cut_regulation_code.effective_date; Type: COMMENT; Schema: silva; Owner: postgres
--

COMMENT ON COLUMN silva.cut_regulation_code.effective_date IS 'Date the code becomes effective';


--
-- Name: COLUMN cut_regulation_code.expiry_date; Type: COMMENT; Schema: silva; Owner: postgres
--

COMMENT ON COLUMN silva.cut_regulation_code.expiry_date IS 'Date the code expires';


--
-- Name: COLUMN cut_regulation_code.update_timestamp; Type: COMMENT; Schema: silva; Owner: postgres
--

COMMENT ON COLUMN silva.cut_regulation_code.update_timestamp IS 'The date and time the value was last modified.';


--
-- Name: data_source_code; Type: TABLE; Schema: silva; Owner: postgres
--

CREATE TABLE silva.data_source_code (
    data_source_code character varying(10) NOT NULL,
    description character varying(120) NOT NULL,
    effective_date timestamp(0) without time zone NOT NULL,
    expiry_date timestamp(0) without time zone NOT NULL,
    update_timestamp timestamp(0) without time zone NOT NULL
);


ALTER TABLE silva.data_source_code OWNER TO postgres;

--
-- Name: COLUMN data_source_code.data_source_code; Type: COMMENT; Schema: silva; Owner: postgres
--

COMMENT ON COLUMN silva.data_source_code.data_source_code IS 'Describes the origin of a feature image. E.g. Air Photo, Forest Cover Maps, Satelite.';


--
-- Name: COLUMN data_source_code.description; Type: COMMENT; Schema: silva; Owner: postgres
--

COMMENT ON COLUMN silva.data_source_code.description IS 'Description of the code value';


--
-- Name: COLUMN data_source_code.effective_date; Type: COMMENT; Schema: silva; Owner: postgres
--

COMMENT ON COLUMN silva.data_source_code.effective_date IS 'Date the code becomes effective';


--
-- Name: COLUMN data_source_code.expiry_date; Type: COMMENT; Schema: silva; Owner: postgres
--

COMMENT ON COLUMN silva.data_source_code.expiry_date IS 'Date the code expires';


--
-- Name: COLUMN data_source_code.update_timestamp; Type: COMMENT; Schema: silva; Owner: postgres
--

COMMENT ON COLUMN silva.data_source_code.update_timestamp IS 'The date and time the value was last modified.';


--
-- Name: disturbance_code; Type: TABLE; Schema: silva; Owner: postgres
--

CREATE TABLE silva.disturbance_code (
    disturbance_code character varying(3) NOT NULL,
    description character varying(120) NOT NULL,
    effective_date timestamp(0) without time zone NOT NULL,
    expiry_date timestamp(0) without time zone NOT NULL,
    update_timestamp timestamp(0) without time zone NOT NULL
);


ALTER TABLE silva.disturbance_code OWNER TO postgres;

--
-- Name: COLUMN disturbance_code.disturbance_code; Type: COMMENT; Schema: silva; Owner: postgres
--

COMMENT ON COLUMN silva.disturbance_code.disturbance_code IS 'A code indicating the reason for the disturbance within the opening.';


--
-- Name: COLUMN disturbance_code.description; Type: COMMENT; Schema: silva; Owner: postgres
--

COMMENT ON COLUMN silva.disturbance_code.description IS 'Full description of code value.';


--
-- Name: COLUMN disturbance_code.effective_date; Type: COMMENT; Schema: silva; Owner: postgres
--

COMMENT ON COLUMN silva.disturbance_code.effective_date IS 'The date the value is available for use.';


--
-- Name: COLUMN disturbance_code.expiry_date; Type: COMMENT; Schema: silva; Owner: postgres
--

COMMENT ON COLUMN silva.disturbance_code.expiry_date IS 'The date the value is no longer available for use.';


--
-- Name: COLUMN disturbance_code.update_timestamp; Type: COMMENT; Schema: silva; Owner: postgres
--

COMMENT ON COLUMN silva.disturbance_code.update_timestamp IS 'The date and time the value was last modified.';


--
-- Name: feature_classes; Type: TABLE; Schema: silva; Owner: postgres
--

CREATE TABLE silva.feature_classes (
    feature_class_skey bigint NOT NULL,
    group_name_cd character varying(10) NOT NULL,
    name character varying(60) NOT NULL,
    feature_type_cd character varying(10) NOT NULL,
    data_maturity_cd character(1) NOT NULL,
    overlapping_feature_ind character(1) NOT NULL,
    span_tile_ind character(1) NOT NULL,
    derived_data_ind character(1) NOT NULL,
    mandatory_metadata_ind character(1) NOT NULL,
    custodian_org_unit_cd character varying(6),
    data_standards_manager character varying(60),
    steward_org_unit_cd character varying(6),
    extended_org_unit_cd character varying(6),
    extended_data_contact character varying(60),
    discipline_standard_cd character varying(4),
    collection_process character varying(255),
    entry_timestamp timestamp(0) without time zone NOT NULL,
    entry_userid character varying(32) NOT NULL,
    update_timestamp timestamp(0) without time zone NOT NULL,
    update_userid character varying(32) NOT NULL,
    description character varying(2000) NOT NULL,
    comments character varying(2000)
);


ALTER TABLE silva.feature_classes OWNER TO postgres;

--
-- Name: COLUMN feature_classes.feature_class_skey; Type: COMMENT; Schema: silva; Owner: postgres
--

COMMENT ON COLUMN silva.feature_classes.feature_class_skey IS 'The unique key assigned to a Feature Class by the Ministry of Forests.';


--
-- Name: file_client_type_code; Type: TABLE; Schema: silva; Owner: postgres
--

CREATE TABLE silva.file_client_type_code (
    file_client_type_code character varying(1) NOT NULL,
    description character varying(120) NOT NULL,
    effective_date timestamp(0) without time zone NOT NULL,
    expiry_date timestamp(0) without time zone NOT NULL,
    update_timestamp timestamp(0) without time zone NOT NULL
);


ALTER TABLE silva.file_client_type_code OWNER TO postgres;

--
-- Name: TABLE file_client_type_code; Type: COMMENT; Schema: silva; Owner: postgres
--

COMMENT ON TABLE silva.file_client_type_code IS 'Identifes the client types codes applicable for assignment to forest files.';


--
-- Name: COLUMN file_client_type_code.file_client_type_code; Type: COMMENT; Schema: silva; Owner: postgres
--

COMMENT ON COLUMN silva.file_client_type_code.file_client_type_code IS 'Identifes the client types codes applicable for assignment to forest files.';


--
-- Name: COLUMN file_client_type_code.description; Type: COMMENT; Schema: silva; Owner: postgres
--

COMMENT ON COLUMN silva.file_client_type_code.description IS 'Description of the code value';


--
-- Name: COLUMN file_client_type_code.effective_date; Type: COMMENT; Schema: silva; Owner: postgres
--

COMMENT ON COLUMN silva.file_client_type_code.effective_date IS 'Date the code becomes effective';


--
-- Name: COLUMN file_client_type_code.expiry_date; Type: COMMENT; Schema: silva; Owner: postgres
--

COMMENT ON COLUMN silva.file_client_type_code.expiry_date IS 'Date the code expires';


--
-- Name: COLUMN file_client_type_code.update_timestamp; Type: COMMENT; Schema: silva; Owner: postgres
--

COMMENT ON COLUMN silva.file_client_type_code.update_timestamp IS 'The date and time the value was last modified.';


--
-- Name: file_type_code; Type: TABLE; Schema: silva; Owner: postgres
--

CREATE TABLE silva.file_type_code (
    file_type_code character varying(10) NOT NULL,
    description character varying(120) NOT NULL,
    effective_date timestamp(0) without time zone NOT NULL,
    expiry_date timestamp(0) without time zone NOT NULL,
    update_timestamp timestamp(0) without time zone NOT NULL
);


ALTER TABLE silva.file_type_code OWNER TO postgres;

--
-- Name: COLUMN file_type_code.file_type_code; Type: COMMENT; Schema: silva; Owner: postgres
--

COMMENT ON COLUMN silva.file_type_code.file_type_code IS 'The FTAS code to indicate the type of file, and often synonymous with a tenure or a project.';


--
-- Name: COLUMN file_type_code.description; Type: COMMENT; Schema: silva; Owner: postgres
--

COMMENT ON COLUMN silva.file_type_code.description IS 'Description of the code value';


--
-- Name: COLUMN file_type_code.effective_date; Type: COMMENT; Schema: silva; Owner: postgres
--

COMMENT ON COLUMN silva.file_type_code.effective_date IS 'Date the code becomes effective';


--
-- Name: COLUMN file_type_code.expiry_date; Type: COMMENT; Schema: silva; Owner: postgres
--

COMMENT ON COLUMN silva.file_type_code.expiry_date IS 'Date the code expires';


--
-- Name: COLUMN file_type_code.update_timestamp; Type: COMMENT; Schema: silva; Owner: postgres
--

COMMENT ON COLUMN silva.file_type_code.update_timestamp IS 'The date and time the value was last modified.';


--
-- Name: fire_harvesting_reason_code; Type: TABLE; Schema: silva; Owner: postgres
--

CREATE TABLE silva.fire_harvesting_reason_code (
    fire_harvesting_reason_code character varying(10) NOT NULL,
    description character varying(120) NOT NULL,
    effective_date timestamp(0) without time zone NOT NULL,
    expiry_date timestamp(0) without time zone NOT NULL,
    update_timestamp timestamp(0) without time zone NOT NULL
);


ALTER TABLE silva.fire_harvesting_reason_code OWNER TO postgres;

--
-- Name: TABLE fire_harvesting_reason_code; Type: COMMENT; Schema: silva; Owner: postgres
--

COMMENT ON TABLE silva.fire_harvesting_reason_code IS 'A code or abbreviated text uniquely identifies a reason for harvesting related to fire activities (prevention, clean up)';


--
-- Name: COLUMN fire_harvesting_reason_code.fire_harvesting_reason_code; Type: COMMENT; Schema: silva; Owner: postgres
--

COMMENT ON COLUMN silva.fire_harvesting_reason_code.fire_harvesting_reason_code IS 'FIRE_HARVESTING_REASON_CODE is a code that identifies a reason for harvesting related to fire activities (prevention, clean up).';


--
-- Name: for_client_link; Type: TABLE; Schema: silva; Owner: postgres
--

CREATE TABLE silva.for_client_link (
    for_client_link_skey bigint NOT NULL,
    forest_file_id character varying(10) NOT NULL,
    cutting_permit_id character varying(3),
    cut_block_id character varying(10),
    file_client_type character varying(1) NOT NULL,
    client_number character varying(8) NOT NULL,
    client_locn_code character varying(2) NOT NULL,
    licensee_start_dt timestamp(0) without time zone,
    licensee_end_date timestamp(0) without time zone,
    entry_userid character varying(30) NOT NULL,
    entry_timestamp timestamp(0) without time zone NOT NULL,
    update_userid character varying(30) NOT NULL,
    update_timestamp timestamp(0) without time zone NOT NULL,
    revision_count integer NOT NULL
);


ALTER TABLE silva.for_client_link OWNER TO postgres;

--
-- Name: TABLE for_client_link; Type: COMMENT; Schema: silva; Owner: postgres
--

COMMENT ON TABLE silva.for_client_link IS 'Retrofitted from table FOR_CLIENT_LINK';


--
-- Name: COLUMN for_client_link.for_client_link_skey; Type: COMMENT; Schema: silva; Owner: postgres
--

COMMENT ON COLUMN silva.for_client_link.for_client_link_skey IS 'Sequentially generated primary key';


--
-- Name: COLUMN for_client_link.forest_file_id; Type: COMMENT; Schema: silva; Owner: postgres
--

COMMENT ON COLUMN silva.for_client_link.forest_file_id IS 'File identification assigned to Provincial Forest Use files. Assigned file number. Usually the Licence, Tenure or Private Mark number.';


--
-- Name: COLUMN for_client_link.cutting_permit_id; Type: COMMENT; Schema: silva; Owner: postgres
--

COMMENT ON COLUMN silva.for_client_link.cutting_permit_id IS 'Identifier for a cutting permit associated with a quota type tenure.';


--
-- Name: COLUMN for_client_link.cut_block_id; Type: COMMENT; Schema: silva; Owner: postgres
--

COMMENT ON COLUMN silva.for_client_link.cut_block_id IS 'Identifier for a cut block of a harvesting tenure (within a cutting permit for tenures with cp"s).';


--
-- Name: COLUMN for_client_link.file_client_type; Type: COMMENT; Schema: silva; Owner: postgres
--

COMMENT ON COLUMN silva.for_client_link.file_client_type IS 'Indicates the type of relationship the client has to the file.';


--
-- Name: COLUMN for_client_link.client_number; Type: COMMENT; Schema: silva; Owner: postgres
--

COMMENT ON COLUMN silva.for_client_link.client_number IS 'Any company or individual who is dealing, has dealt or plans to deal with the Ministry. This is effectively the name and address list for the Ministry.';


--
-- Name: COLUMN for_client_link.client_locn_code; Type: COMMENT; Schema: silva; Owner: postgres
--

COMMENT ON COLUMN silva.for_client_link.client_locn_code IS 'A code to uniquely identify, within each client, the addresses of different divisions or locations at which the client operates. The location code is sequentially assigned starting with "00" for the client"s permanent address.';


--
-- Name: COLUMN for_client_link.licensee_start_dt; Type: COMMENT; Schema: silva; Owner: postgres
--

COMMENT ON COLUMN silva.for_client_link.licensee_start_dt IS 'The date the licensee started being a client.';


--
-- Name: COLUMN for_client_link.licensee_end_date; Type: COMMENT; Schema: silva; Owner: postgres
--

COMMENT ON COLUMN silva.for_client_link.licensee_end_date IS 'The date the licensee stopped being a client';


--
-- Name: COLUMN for_client_link.entry_userid; Type: COMMENT; Schema: silva; Owner: postgres
--

COMMENT ON COLUMN silva.for_client_link.entry_userid IS 'The unique user id of the resource who initially added the entry.';


--
-- Name: COLUMN for_client_link.entry_timestamp; Type: COMMENT; Schema: silva; Owner: postgres
--

COMMENT ON COLUMN silva.for_client_link.entry_timestamp IS 'Timestamp when the event information was entered.';


--
-- Name: COLUMN for_client_link.update_userid; Type: COMMENT; Schema: silva; Owner: postgres
--

COMMENT ON COLUMN silva.for_client_link.update_userid IS 'The unique id of the user who last modified this entry.';


--
-- Name: COLUMN for_client_link.update_timestamp; Type: COMMENT; Schema: silva; Owner: postgres
--

COMMENT ON COLUMN silva.for_client_link.update_timestamp IS 'The date and time the entry was last modified.';


--
-- Name: COLUMN for_client_link.revision_count; Type: COMMENT; Schema: silva; Owner: postgres
--

COMMENT ON COLUMN silva.for_client_link.revision_count IS 'A count of the number of times an entry in the entity has been modified. Used to validate if the current information displayed on a user"s web browser is the most current.';


--
-- Name: forest_client; Type: TABLE; Schema: silva; Owner: postgres
--

CREATE TABLE silva.forest_client (
    client_number character varying(8) NOT NULL,
    client_name character varying(60) NOT NULL,
    legal_first_name character varying(30),
    legal_middle_name character varying(30),
    client_status_code character varying(3) NOT NULL,
    client_type_code character varying(1) NOT NULL,
    birthdate timestamp(0) without time zone,
    client_id_type_code character varying(4),
    client_identification character varying(40),
    registry_company_type_code character varying(4),
    corp_regn_nmbr character varying(9),
    client_acronym character varying(8),
    wcb_firm_number character varying(6),
    ocg_supplier_nmbr character varying(10),
    client_comment character varying(4000),
    add_timestamp timestamp(0) without time zone NOT NULL,
    add_userid character varying(30) NOT NULL,
    add_org_unit bigint NOT NULL,
    update_timestamp timestamp(0) without time zone NOT NULL,
    update_userid character varying(30) NOT NULL,
    update_org_unit bigint NOT NULL,
    revision_count integer NOT NULL
);


ALTER TABLE silva.forest_client OWNER TO postgres;

--
-- Name: TABLE forest_client; Type: COMMENT; Schema: silva; Owner: postgres
--

COMMENT ON TABLE silva.forest_client IS 'Any individual who is dealing, has dealt or plans to deal with the Ministry.';


--
-- Name: COLUMN forest_client.client_number; Type: COMMENT; Schema: silva; Owner: postgres
--

COMMENT ON COLUMN silva.forest_client.client_number IS 'Sequentially assigned number to identify a ministry client.';


--
-- Name: COLUMN forest_client.client_name; Type: COMMENT; Schema: silva; Owner: postgres
--

COMMENT ON COLUMN silva.forest_client.client_name IS 'The name of the Ministry Client - Company or Individual. Entered as: the full corporate name if a Corporation; the full registered name if a Partnership; the legal surname if an Individual.';


--
-- Name: COLUMN forest_client.legal_first_name; Type: COMMENT; Schema: silva; Owner: postgres
--

COMMENT ON COLUMN silva.forest_client.legal_first_name IS 'The client"s legal first name';


--
-- Name: COLUMN forest_client.legal_middle_name; Type: COMMENT; Schema: silva; Owner: postgres
--

COMMENT ON COLUMN silva.forest_client.legal_middle_name IS 'The client"s legal middle name of names if an individual.';


--
-- Name: COLUMN forest_client.client_status_code; Type: COMMENT; Schema: silva; Owner: postgres
--

COMMENT ON COLUMN silva.forest_client.client_status_code IS 'A code indicating the status of ministry client.';


--
-- Name: COLUMN forest_client.client_type_code; Type: COMMENT; Schema: silva; Owner: postgres
--

COMMENT ON COLUMN silva.forest_client.client_type_code IS 'A code indicating a type of ministry client.';


--
-- Name: COLUMN forest_client.birthdate; Type: COMMENT; Schema: silva; Owner: postgres
--

COMMENT ON COLUMN silva.forest_client.birthdate IS 'Client"s date of birth, if the client is an individual.';


--
-- Name: COLUMN forest_client.client_id_type_code; Type: COMMENT; Schema: silva; Owner: postgres
--

COMMENT ON COLUMN silva.forest_client.client_id_type_code IS 'A code indicating a type of identification used to identify a Client. Eg. BC Drivers Licence, Military Number, SIN';


--
-- Name: COLUMN forest_client.client_identification; Type: COMMENT; Schema: silva; Owner: postgres
--

COMMENT ON COLUMN silva.forest_client.client_identification IS 'The reference number for sources of identification for an Individual client.';


--
-- Name: COLUMN forest_client.registry_company_type_code; Type: COMMENT; Schema: silva; Owner: postgres
--

COMMENT ON COLUMN silva.forest_client.registry_company_type_code IS 'A code indicating a type of Corporate Registry company.';


--
-- Name: COLUMN forest_client.corp_regn_nmbr; Type: COMMENT; Schema: silva; Owner: postgres
--

COMMENT ON COLUMN silva.forest_client.corp_regn_nmbr IS 'Client"s corporate registration number.';


--
-- Name: COLUMN forest_client.client_acronym; Type: COMMENT; Schema: silva; Owner: postgres
--

COMMENT ON COLUMN silva.forest_client.client_acronym IS 'A familiar aphabetic acronym to be used as an alternate to the ministry"s client number for data entry and display.';


--
-- Name: COLUMN forest_client.wcb_firm_number; Type: COMMENT; Schema: silva; Owner: postgres
--

COMMENT ON COLUMN silva.forest_client.wcb_firm_number IS 'Workers Compensation Board registration number.';


--
-- Name: COLUMN forest_client.ocg_supplier_nmbr; Type: COMMENT; Schema: silva; Owner: postgres
--

COMMENT ON COLUMN silva.forest_client.ocg_supplier_nmbr IS 'Office of the Controller General"s reference number for identification of Government Suppliers.';


--
-- Name: COLUMN forest_client.client_comment; Type: COMMENT; Schema: silva; Owner: postgres
--

COMMENT ON COLUMN silva.forest_client.client_comment IS 'Text for the comment on the client.';


--
-- Name: COLUMN forest_client.add_timestamp; Type: COMMENT; Schema: silva; Owner: postgres
--

COMMENT ON COLUMN silva.forest_client.add_timestamp IS 'The date and time on which the entry was created.';


--
-- Name: COLUMN forest_client.add_userid; Type: COMMENT; Schema: silva; Owner: postgres
--

COMMENT ON COLUMN silva.forest_client.add_userid IS 'The USERID of the individual performing the entry.';


--
-- Name: COLUMN forest_client.add_org_unit; Type: COMMENT; Schema: silva; Owner: postgres
--

COMMENT ON COLUMN silva.forest_client.add_org_unit IS 'Unique physical identifier for the storage of organizational unit codes for the Ministry of Forests" offices. Values stored here are for the computer"s use only, and are not to be used by people as "ministry codes".';


--
-- Name: COLUMN forest_client.update_timestamp; Type: COMMENT; Schema: silva; Owner: postgres
--

COMMENT ON COLUMN silva.forest_client.update_timestamp IS 'The date and time of the last update.';


--
-- Name: COLUMN forest_client.update_userid; Type: COMMENT; Schema: silva; Owner: postgres
--

COMMENT ON COLUMN silva.forest_client.update_userid IS 'The USERID of the individual who last updated this information.';


--
-- Name: COLUMN forest_client.update_org_unit; Type: COMMENT; Schema: silva; Owner: postgres
--

COMMENT ON COLUMN silva.forest_client.update_org_unit IS 'Unique physical identifier for the storage of organizational unit codes for the Ministry of Forests" offices. Values stored here are for the computer"s use only, and are not to be used by people as "ministry codes".';


--
-- Name: COLUMN forest_client.revision_count; Type: COMMENT; Schema: silva; Owner: postgres
--

COMMENT ON COLUMN silva.forest_client.revision_count IS 'Number of times updated';


--
-- Name: forest_cover; Type: TABLE; Schema: silva; Owner: postgres
--

CREATE TABLE silva.forest_cover (
    forest_cover_id bigint NOT NULL,
    opening_id bigint NOT NULL,
    stocking_standard_unit_id bigint,
    silv_polygon_no character varying(30) NOT NULL,
    silv_polygon_area numeric(7,1) NOT NULL,
    silv_polygon_net_area numeric(7,1) NOT NULL,
    stocking_class_code character varying(1),
    stocking_status_code character varying(3),
    stocking_type_code character varying(3),
    reference_year smallint NOT NULL,
    reentry_year smallint,
    site_class_code character varying(1),
    site_index integer,
    site_index_source_code character varying(1),
    silv_reserve_code character varying(1),
    silv_reserve_objective_code character varying(3),
    tree_species_code character varying(8),
    tree_cover_pattern_code character varying(1),
    results_submission_id bigint,
    entry_userid character varying(30) NOT NULL,
    entry_timestamp timestamp(0) without time zone NOT NULL,
    update_userid character varying(30) NOT NULL,
    update_timestamp timestamp(0) without time zone NOT NULL,
    revision_count integer NOT NULL
);


ALTER TABLE silva.forest_cover OWNER TO postgres;

--
-- Name: TABLE forest_cover; Type: COMMENT; Schema: silva; Owner: postgres
--

COMMENT ON TABLE silva.forest_cover IS 'Describes the opening"s forest cover attributes stratified by Forest Cover Polygon which will satisfy Inventory Program requirements.';


--
-- Name: COLUMN forest_cover.forest_cover_id; Type: COMMENT; Schema: silva; Owner: postgres
--

COMMENT ON COLUMN silva.forest_cover.forest_cover_id IS 'System generated value uniquely identifying the forest cover.';


--
-- Name: COLUMN forest_cover.opening_id; Type: COMMENT; Schema: silva; Owner: postgres
--

COMMENT ON COLUMN silva.forest_cover.opening_id IS 'System generated value uniquely identifying the opening.';


--
-- Name: COLUMN forest_cover.stocking_standard_unit_id; Type: COMMENT; Schema: silva; Owner: postgres
--

COMMENT ON COLUMN silva.forest_cover.stocking_standard_unit_id IS 'System generated value uniquely identifing the stocking standards.';


--
-- Name: COLUMN forest_cover.silv_polygon_no; Type: COMMENT; Schema: silva; Owner: postgres
--

COMMENT ON COLUMN silva.forest_cover.silv_polygon_no IS 'An unique number identification derived from the IGDS which is assigned to each forest type island, standards unit, eco-strata or survey strata within the opening.';


--
-- Name: COLUMN forest_cover.silv_polygon_area; Type: COMMENT; Schema: silva; Owner: postgres
--

COMMENT ON COLUMN silva.forest_cover.silv_polygon_area IS 'The total area occupied by each polygon number or stratified land type. The sum of all areas for a polygon(s) should not be greater than the area of the SU.';


--
-- Name: COLUMN forest_cover.silv_polygon_net_area; Type: COMMENT; Schema: silva; Owner: postgres
--

COMMENT ON COLUMN silva.forest_cover.silv_polygon_net_area IS 'Net Area of the Polygon (i.e. SILV POLYGON AREA less non-mapped area (FOREST COVER NON MAPPED AREA))';


--
-- Name: COLUMN forest_cover.stocking_class_code; Type: COMMENT; Schema: silva; Owner: postgres
--

COMMENT ON COLUMN silva.forest_cover.stocking_class_code IS 'The stocking class code for the primary tree species in the previous stand (for the area under the prescription).';


--
-- Name: COLUMN forest_cover.stocking_status_code; Type: COMMENT; Schema: silva; Owner: postgres
--

COMMENT ON COLUMN silva.forest_cover.stocking_status_code IS 'A code to describe the previous stand type for the area under the prescription.';


--
-- Name: COLUMN forest_cover.stocking_type_code; Type: COMMENT; Schema: silva; Owner: postgres
--

COMMENT ON COLUMN silva.forest_cover.stocking_type_code IS 'A further classification of the stocking status for the polygon.';


--
-- Name: COLUMN forest_cover.reference_year; Type: COMMENT; Schema: silva; Owner: postgres
--

COMMENT ON COLUMN silva.forest_cover.reference_year IS 'The year age and height measurements were recorded.';


--
-- Name: COLUMN forest_cover.reentry_year; Type: COMMENT; Schema: silva; Owner: postgres
--

COMMENT ON COLUMN silva.forest_cover.reentry_year IS 'The time to the next harvest (i.e. the next harvest year).';


--
-- Name: COLUMN forest_cover.site_class_code; Type: COMMENT; Schema: silva; Owner: postgres
--

COMMENT ON COLUMN silva.forest_cover.site_class_code IS 'This code indicates the quality of the land. Note: This column is not maintained by the system.';


--
-- Name: COLUMN forest_cover.site_index; Type: COMMENT; Schema: silva; Owner: postgres
--

COMMENT ON COLUMN silva.forest_cover.site_index IS 'The site index for the primary tree species in the previous stand (for the area under the prescription).';


--
-- Name: COLUMN forest_cover.site_index_source_code; Type: COMMENT; Schema: silva; Owner: postgres
--

COMMENT ON COLUMN silva.forest_cover.site_index_source_code IS 'A code describing the source, or origin, of the estimated site index.';


--
-- Name: COLUMN forest_cover.silv_reserve_code; Type: COMMENT; Schema: silva; Owner: postgres
--

COMMENT ON COLUMN silva.forest_cover.silv_reserve_code IS 'A code for the type of reserve. Values are group (b), uniform (u) or variable (v).';


--
-- Name: COLUMN forest_cover.silv_reserve_objective_code; Type: COMMENT; Schema: silva; Owner: postgres
--

COMMENT ON COLUMN silva.forest_cover.silv_reserve_objective_code IS 'A code used to define the primary reserve objective. ( e.g. Riparian, Wildlife Habitat) .';


--
-- Name: COLUMN forest_cover.tree_species_code; Type: COMMENT; Schema: silva; Owner: postgres
--

COMMENT ON COLUMN silva.forest_cover.tree_species_code IS 'The secondary tree species of Crown timber that was cut, damaged, destroyed or removed without authority';


--
-- Name: COLUMN forest_cover.tree_cover_pattern_code; Type: COMMENT; Schema: silva; Owner: postgres
--

COMMENT ON COLUMN silva.forest_cover.tree_cover_pattern_code IS 'The dispursion of trees over the area.';


--
-- Name: COLUMN forest_cover.results_submission_id; Type: COMMENT; Schema: silva; Owner: postgres
--

COMMENT ON COLUMN silva.forest_cover.results_submission_id IS 'Used to link information about a data submission. A submission may have many rows of Silviculture (Form A), Activities (Form B), and Forest Cover/Milestones (Form C) information. This attribute will be receiving a system generated number from the Electronic Submission Framework.';


--
-- Name: COLUMN forest_cover.entry_userid; Type: COMMENT; Schema: silva; Owner: postgres
--

COMMENT ON COLUMN silva.forest_cover.entry_userid IS 'The USERID of the individual who entered the information.';


--
-- Name: COLUMN forest_cover.entry_timestamp; Type: COMMENT; Schema: silva; Owner: postgres
--

COMMENT ON COLUMN silva.forest_cover.entry_timestamp IS 'The date and time the information was entered.';


--
-- Name: COLUMN forest_cover.update_userid; Type: COMMENT; Schema: silva; Owner: postgres
--

COMMENT ON COLUMN silva.forest_cover.update_userid IS 'The USERID of the individual who last updated the information.';


--
-- Name: COLUMN forest_cover.update_timestamp; Type: COMMENT; Schema: silva; Owner: postgres
--

COMMENT ON COLUMN silva.forest_cover.update_timestamp IS 'The date and time of the last update.';


--
-- Name: COLUMN forest_cover.revision_count; Type: COMMENT; Schema: silva; Owner: postgres
--

COMMENT ON COLUMN silva.forest_cover.revision_count IS 'A counter identifying the number of times this record as been modified. Used in the web page access to determine if the record as been modified since the data was first retrieved.';


--
-- Name: forest_cover_archive; Type: TABLE; Schema: silva; Owner: postgres
--

CREATE TABLE silva.forest_cover_archive (
    forest_cover_id bigint NOT NULL,
    archive_date timestamp(0) without time zone NOT NULL,
    opening_id bigint NOT NULL,
    stocking_standard_unit_id bigint,
    silv_polygon_no character varying(30),
    silv_polygon_area numeric(7,1) NOT NULL,
    silv_polygon_net_area numeric(7,1) NOT NULL,
    stocking_class_code character varying(1),
    stocking_type_code character varying(3),
    stocking_status_code character varying(3),
    reference_year smallint NOT NULL,
    reentry_year smallint,
    site_class_code character varying(1),
    site_index integer,
    site_index_source_code character varying(1),
    silv_reserve_code character varying(1),
    silv_reserve_objective_code character varying(3),
    tree_species_code character varying(8),
    tree_cover_pattern_code character varying(1),
    results_submission_id bigint,
    entry_userid character varying(30) NOT NULL,
    entry_timestamp timestamp(0) without time zone NOT NULL,
    update_userid character varying(30) NOT NULL,
    update_timestamp timestamp(0) without time zone NOT NULL,
    revision_count integer NOT NULL
);


ALTER TABLE silva.forest_cover_archive OWNER TO postgres;

--
-- Name: TABLE forest_cover_archive; Type: COMMENT; Schema: silva; Owner: postgres
--

COMMENT ON TABLE silva.forest_cover_archive IS 'Forest Cover Archive contains the exact information from the Forest Cover with each update. Existing Forest cover entries are saved down to the Forest Cover Archive instead of being updated, thus maintaining a complete history of all changes.';


--
-- Name: COLUMN forest_cover_archive.forest_cover_id; Type: COMMENT; Schema: silva; Owner: postgres
--

COMMENT ON COLUMN silva.forest_cover_archive.forest_cover_id IS 'System generated value uniquely identifying the forest cover.';


--
-- Name: COLUMN forest_cover_archive.archive_date; Type: COMMENT; Schema: silva; Owner: postgres
--

COMMENT ON COLUMN silva.forest_cover_archive.archive_date IS 'The date the forest cover entry was archived to this entity.';


--
-- Name: COLUMN forest_cover_archive.opening_id; Type: COMMENT; Schema: silva; Owner: postgres
--

COMMENT ON COLUMN silva.forest_cover_archive.opening_id IS 'System generated value uniquely identifying the opening.';


--
-- Name: COLUMN forest_cover_archive.stocking_standard_unit_id; Type: COMMENT; Schema: silva; Owner: postgres
--

COMMENT ON COLUMN silva.forest_cover_archive.stocking_standard_unit_id IS 'System generated value uniquely identifing the stocking standards.';


--
-- Name: COLUMN forest_cover_archive.silv_polygon_no; Type: COMMENT; Schema: silva; Owner: postgres
--

COMMENT ON COLUMN silva.forest_cover_archive.silv_polygon_no IS 'An unique number identification derived from the IGDS which is assigned to each forest type island, standards unit, eco-strata or survey strata within the opening.';


--
-- Name: COLUMN forest_cover_archive.silv_polygon_area; Type: COMMENT; Schema: silva; Owner: postgres
--

COMMENT ON COLUMN silva.forest_cover_archive.silv_polygon_area IS 'The total area occupied by each polygon number or stratified land type. The sum of all areas for a polygon(s) should not be greater than the area of the SU.';


--
-- Name: COLUMN forest_cover_archive.silv_polygon_net_area; Type: COMMENT; Schema: silva; Owner: postgres
--

COMMENT ON COLUMN silva.forest_cover_archive.silv_polygon_net_area IS 'Net Area of the Polygon (i.e. SILV POLYGON AREA less non-mapped area (FOREST COVER NON MAPPED AREA))';


--
-- Name: COLUMN forest_cover_archive.stocking_class_code; Type: COMMENT; Schema: silva; Owner: postgres
--

COMMENT ON COLUMN silva.forest_cover_archive.stocking_class_code IS 'The stocking class code for the primary tree species in the previous stand (for the area under the prescription).';


--
-- Name: COLUMN forest_cover_archive.stocking_type_code; Type: COMMENT; Schema: silva; Owner: postgres
--

COMMENT ON COLUMN silva.forest_cover_archive.stocking_type_code IS 'A further classification of the stocking status for the polygon.';


--
-- Name: COLUMN forest_cover_archive.stocking_status_code; Type: COMMENT; Schema: silva; Owner: postgres
--

COMMENT ON COLUMN silva.forest_cover_archive.stocking_status_code IS 'A code to describe the previous stand type for the area under the prescription.';


--
-- Name: COLUMN forest_cover_archive.reference_year; Type: COMMENT; Schema: silva; Owner: postgres
--

COMMENT ON COLUMN silva.forest_cover_archive.reference_year IS 'The year age and height measurements were recorded.';


--
-- Name: COLUMN forest_cover_archive.reentry_year; Type: COMMENT; Schema: silva; Owner: postgres
--

COMMENT ON COLUMN silva.forest_cover_archive.reentry_year IS 'The time to the next harvest (i.e. the next harvest year).';


--
-- Name: COLUMN forest_cover_archive.site_class_code; Type: COMMENT; Schema: silva; Owner: postgres
--

COMMENT ON COLUMN silva.forest_cover_archive.site_class_code IS 'This code indicates the quality of the land. Note: This column is not maintained by the system.';


--
-- Name: COLUMN forest_cover_archive.site_index; Type: COMMENT; Schema: silva; Owner: postgres
--

COMMENT ON COLUMN silva.forest_cover_archive.site_index IS 'The site index for the primary tree species in the previous stand (for the area under the prescription).';


--
-- Name: COLUMN forest_cover_archive.site_index_source_code; Type: COMMENT; Schema: silva; Owner: postgres
--

COMMENT ON COLUMN silva.forest_cover_archive.site_index_source_code IS 'A code describing the source, or origin, of the estimated site index.';


--
-- Name: COLUMN forest_cover_archive.silv_reserve_code; Type: COMMENT; Schema: silva; Owner: postgres
--

COMMENT ON COLUMN silva.forest_cover_archive.silv_reserve_code IS 'A code for the type of reserve. Values are group (b), uniform (u) or variable (v).';


--
-- Name: COLUMN forest_cover_archive.silv_reserve_objective_code; Type: COMMENT; Schema: silva; Owner: postgres
--

COMMENT ON COLUMN silva.forest_cover_archive.silv_reserve_objective_code IS 'A code used to define the primary reserve objective. ( e.g. Riparian, Wildlife Habitat) .';


--
-- Name: COLUMN forest_cover_archive.tree_species_code; Type: COMMENT; Schema: silva; Owner: postgres
--

COMMENT ON COLUMN silva.forest_cover_archive.tree_species_code IS 'The secondary tree species of Crown timber that was cut, damaged, destroyed or removed without authority';


--
-- Name: COLUMN forest_cover_archive.tree_cover_pattern_code; Type: COMMENT; Schema: silva; Owner: postgres
--

COMMENT ON COLUMN silva.forest_cover_archive.tree_cover_pattern_code IS 'The dispursion of trees over the area.';


--
-- Name: COLUMN forest_cover_archive.results_submission_id; Type: COMMENT; Schema: silva; Owner: postgres
--

COMMENT ON COLUMN silva.forest_cover_archive.results_submission_id IS 'Used to link information about a data submission. A submission may have many rows of Silviculture (Form A), Activities (Form B), and Forest Cover/Milestones (Form C) information. This attribute will be receiving a system generated number from the Electronic Submission Framework.';


--
-- Name: COLUMN forest_cover_archive.entry_userid; Type: COMMENT; Schema: silva; Owner: postgres
--

COMMENT ON COLUMN silva.forest_cover_archive.entry_userid IS 'The USERID of the individual who entered the information.';


--
-- Name: COLUMN forest_cover_archive.entry_timestamp; Type: COMMENT; Schema: silva; Owner: postgres
--

COMMENT ON COLUMN silva.forest_cover_archive.entry_timestamp IS 'The date and time the information was entered.';


--
-- Name: COLUMN forest_cover_archive.update_userid; Type: COMMENT; Schema: silva; Owner: postgres
--

COMMENT ON COLUMN silva.forest_cover_archive.update_userid IS 'The USERID of the individual who last updated the information.';


--
-- Name: COLUMN forest_cover_archive.update_timestamp; Type: COMMENT; Schema: silva; Owner: postgres
--

COMMENT ON COLUMN silva.forest_cover_archive.update_timestamp IS 'The date and time of the last update.';


--
-- Name: COLUMN forest_cover_archive.revision_count; Type: COMMENT; Schema: silva; Owner: postgres
--

COMMENT ON COLUMN silva.forest_cover_archive.revision_count IS 'A counter identifying the number of times this record as been modified. Used in the web page access to determine if the record as been modified since the data was first retrieved.';


--
-- Name: forest_cover_archive_geometry; Type: TABLE; Schema: silva; Owner: postgres
--

CREATE TABLE silva.forest_cover_archive_geometry (
    forest_cover_id bigint NOT NULL,
    archive_date timestamp(0) without time zone NOT NULL,
    geometry public.geometry(Geometry,3005) NOT NULL,
    feature_area numeric(11,4) NOT NULL,
    feature_perimeter numeric(11,4) NOT NULL,
    feature_class_skey bigint NOT NULL,
    data_source_code character varying(10),
    capture_method_code character varying(30),
    observation_date timestamp(0) without time zone,
    data_quality_comment character varying(255),
    entry_userid character varying(30) NOT NULL,
    entry_timestamp timestamp(0) without time zone NOT NULL,
    update_userid character varying(30) NOT NULL,
    update_timestamp timestamp(0) without time zone NOT NULL,
    revision_count integer NOT NULL
);


ALTER TABLE silva.forest_cover_archive_geometry OWNER TO postgres;

--
-- Name: TABLE forest_cover_archive_geometry; Type: COMMENT; Schema: silva; Owner: postgres
--

COMMENT ON TABLE silva.forest_cover_archive_geometry IS 'The spatial polygon component for Forest Covers which has been modified.';


--
-- Name: COLUMN forest_cover_archive_geometry.forest_cover_id; Type: COMMENT; Schema: silva; Owner: postgres
--

COMMENT ON COLUMN silva.forest_cover_archive_geometry.forest_cover_id IS 'System generated value uniquely identifying the forest cover.';


--
-- Name: COLUMN forest_cover_archive_geometry.archive_date; Type: COMMENT; Schema: silva; Owner: postgres
--

COMMENT ON COLUMN silva.forest_cover_archive_geometry.archive_date IS 'The date the forest cover entry was archived to this entity.';


--
-- Name: COLUMN forest_cover_archive_geometry.geometry; Type: COMMENT; Schema: silva; Owner: postgres
--

COMMENT ON COLUMN silva.forest_cover_archive_geometry.geometry IS 'Spatial coordinate representation of the polygon related to the Forest Cover.';


--
-- Name: COLUMN forest_cover_archive_geometry.feature_area; Type: COMMENT; Schema: silva; Owner: postgres
--

COMMENT ON COLUMN silva.forest_cover_archive_geometry.feature_area IS 'The area of the polygon pertaining to the Forest Cover measured in hectares.';


--
-- Name: COLUMN forest_cover_archive_geometry.feature_perimeter; Type: COMMENT; Schema: silva; Owner: postgres
--

COMMENT ON COLUMN silva.forest_cover_archive_geometry.feature_perimeter IS 'The perimeter of the polygon pertaining to the Forest Cover measured in metres.';


--
-- Name: COLUMN forest_cover_archive_geometry.feature_class_skey; Type: COMMENT; Schema: silva; Owner: postgres
--

COMMENT ON COLUMN silva.forest_cover_archive_geometry.feature_class_skey IS 'Unique identifier of the feature class.';


--
-- Name: COLUMN forest_cover_archive_geometry.observation_date; Type: COMMENT; Schema: silva; Owner: postgres
--

COMMENT ON COLUMN silva.forest_cover_archive_geometry.observation_date IS 'Captures the date of observation for the given feature image.';


--
-- Name: COLUMN forest_cover_archive_geometry.data_quality_comment; Type: COMMENT; Schema: silva; Owner: postgres
--

COMMENT ON COLUMN silva.forest_cover_archive_geometry.data_quality_comment IS 'Allows users to specify comments regarding the accuracy and general quality of the given feature"s data.';


--
-- Name: COLUMN forest_cover_archive_geometry.entry_userid; Type: COMMENT; Schema: silva; Owner: postgres
--

COMMENT ON COLUMN silva.forest_cover_archive_geometry.entry_userid IS 'The userid of the individual who entered the information.';


--
-- Name: COLUMN forest_cover_archive_geometry.entry_timestamp; Type: COMMENT; Schema: silva; Owner: postgres
--

COMMENT ON COLUMN silva.forest_cover_archive_geometry.entry_timestamp IS 'The date and time the information was entered.';


--
-- Name: COLUMN forest_cover_archive_geometry.update_userid; Type: COMMENT; Schema: silva; Owner: postgres
--

COMMENT ON COLUMN silva.forest_cover_archive_geometry.update_userid IS 'The userid of the individual who last updated the information.';


--
-- Name: COLUMN forest_cover_archive_geometry.update_timestamp; Type: COMMENT; Schema: silva; Owner: postgres
--

COMMENT ON COLUMN silva.forest_cover_archive_geometry.update_timestamp IS 'The date and time of the last update.';


--
-- Name: COLUMN forest_cover_archive_geometry.revision_count; Type: COMMENT; Schema: silva; Owner: postgres
--

COMMENT ON COLUMN silva.forest_cover_archive_geometry.revision_count IS 'A counter identifying the number of times this record as been modified. Used in the web page access to determine if the record as been modified since the data was first retrieved.';


--
-- Name: forest_cover_geometry; Type: TABLE; Schema: silva; Owner: postgres
--

CREATE TABLE silva.forest_cover_geometry (
    forest_cover_id bigint NOT NULL,
    geometry public.geometry(Geometry,3005) NOT NULL,
    feature_area numeric(11,4) NOT NULL,
    feature_perimeter numeric(11,4) NOT NULL,
    capture_method_code character varying(30),
    data_source_code character varying(10),
    feature_class_skey bigint NOT NULL,
    observation_date timestamp(0) without time zone,
    data_quality_comment character varying(255),
    entry_userid character varying(30) NOT NULL,
    entry_timestamp timestamp(0) without time zone NOT NULL,
    update_userid character varying(30) NOT NULL,
    update_timestamp timestamp(0) without time zone NOT NULL,
    revision_count integer NOT NULL
);


ALTER TABLE silva.forest_cover_geometry OWNER TO postgres;

--
-- Name: TABLE forest_cover_geometry; Type: COMMENT; Schema: silva; Owner: postgres
--

COMMENT ON TABLE silva.forest_cover_geometry IS 'The spatial polygon component for the Forest Cover.';


--
-- Name: COLUMN forest_cover_geometry.forest_cover_id; Type: COMMENT; Schema: silva; Owner: postgres
--

COMMENT ON COLUMN silva.forest_cover_geometry.forest_cover_id IS 'System generated value uniquely identifying the forest cover.';


--
-- Name: COLUMN forest_cover_geometry.geometry; Type: COMMENT; Schema: silva; Owner: postgres
--

COMMENT ON COLUMN silva.forest_cover_geometry.geometry IS 'Spatial coordinate representation of the polygon related to the Forest Cover.';


--
-- Name: COLUMN forest_cover_geometry.feature_area; Type: COMMENT; Schema: silva; Owner: postgres
--

COMMENT ON COLUMN silva.forest_cover_geometry.feature_area IS 'The area of the polygon pertaining to the Forest Cover measured in square metres.';


--
-- Name: COLUMN forest_cover_geometry.feature_perimeter; Type: COMMENT; Schema: silva; Owner: postgres
--

COMMENT ON COLUMN silva.forest_cover_geometry.feature_perimeter IS 'The perimeter of the polygon pertaining to the Forest Cover measured in metres.';


--
-- Name: COLUMN forest_cover_geometry.feature_class_skey; Type: COMMENT; Schema: silva; Owner: postgres
--

COMMENT ON COLUMN silva.forest_cover_geometry.feature_class_skey IS 'Unique identifier of the feature class.';


--
-- Name: COLUMN forest_cover_geometry.observation_date; Type: COMMENT; Schema: silva; Owner: postgres
--

COMMENT ON COLUMN silva.forest_cover_geometry.observation_date IS 'Captures the date of observation for the given feature image.';


--
-- Name: COLUMN forest_cover_geometry.data_quality_comment; Type: COMMENT; Schema: silva; Owner: postgres
--

COMMENT ON COLUMN silva.forest_cover_geometry.data_quality_comment IS 'Allows users to specify comments regarding the accuracy and general quality of the given feature"s data.';


--
-- Name: COLUMN forest_cover_geometry.entry_userid; Type: COMMENT; Schema: silva; Owner: postgres
--

COMMENT ON COLUMN silva.forest_cover_geometry.entry_userid IS 'The userid of the individual who entered the information.';


--
-- Name: COLUMN forest_cover_geometry.entry_timestamp; Type: COMMENT; Schema: silva; Owner: postgres
--

COMMENT ON COLUMN silva.forest_cover_geometry.entry_timestamp IS 'The date and time the information was entered.';


--
-- Name: COLUMN forest_cover_geometry.update_userid; Type: COMMENT; Schema: silva; Owner: postgres
--

COMMENT ON COLUMN silva.forest_cover_geometry.update_userid IS 'The userid of the individual who last updated the information.';


--
-- Name: COLUMN forest_cover_geometry.update_timestamp; Type: COMMENT; Schema: silva; Owner: postgres
--

COMMENT ON COLUMN silva.forest_cover_geometry.update_timestamp IS 'The date and time of the last update.';


--
-- Name: COLUMN forest_cover_geometry.revision_count; Type: COMMENT; Schema: silva; Owner: postgres
--

COMMENT ON COLUMN silva.forest_cover_geometry.revision_count IS 'A counter identifying the number of times this record as been modified. Used in the web page access to determine if the record as been modified since the data was first retrieved.';


--
-- Name: forest_cover_layer; Type: TABLE; Schema: silva; Owner: postgres
--

CREATE TABLE silva.forest_cover_layer (
    forest_cover_id bigint NOT NULL,
    forest_cover_layer_id bigint NOT NULL,
    forest_cover_layer_code character varying(2) NOT NULL,
    stocking_type_code character varying(3),
    stocking_status_code character varying(3),
    total_stems_per_ha bigint,
    total_well_spaced_stems_per_ha bigint,
    well_spaced_stems_per_ha bigint,
    free_growing_stems_per_ha bigint,
    crown_closure_pct smallint,
    basal_area integer,
    entry_userid character varying(30) NOT NULL,
    entry_timestamp timestamp(0) without time zone NOT NULL,
    update_userid character varying(30) NOT NULL,
    update_timestamp timestamp(0) without time zone NOT NULL,
    revision_count integer NOT NULL
);


ALTER TABLE silva.forest_cover_layer OWNER TO postgres;

--
-- Name: TABLE forest_cover_layer; Type: COMMENT; Schema: silva; Owner: postgres
--

COMMENT ON TABLE silva.forest_cover_layer IS 'The various levels of growth within the forest cover. Typically defined in four layers.';


--
-- Name: COLUMN forest_cover_layer.forest_cover_id; Type: COMMENT; Schema: silva; Owner: postgres
--

COMMENT ON COLUMN silva.forest_cover_layer.forest_cover_id IS 'System generated value uniquely identifying the forest cover.';


--
-- Name: COLUMN forest_cover_layer.forest_cover_layer_id; Type: COMMENT; Schema: silva; Owner: postgres
--

COMMENT ON COLUMN silva.forest_cover_layer.forest_cover_layer_id IS 'System generated value uniquely identifying the forest cover layer.';


--
-- Name: COLUMN forest_cover_layer.forest_cover_layer_code; Type: COMMENT; Schema: silva; Owner: postgres
--

COMMENT ON COLUMN silva.forest_cover_layer.forest_cover_layer_code IS 'A code that uniquely identifies each layer, horizontal stratum, in a stand. Each layer is normally characterized as a distinct canopy containing a common forest cover structure with timber of similiar ages and heights.';


--
-- Name: COLUMN forest_cover_layer.stocking_type_code; Type: COMMENT; Schema: silva; Owner: postgres
--

COMMENT ON COLUMN silva.forest_cover_layer.stocking_type_code IS 'A further classification of the stocking status for the polygon.';


--
-- Name: COLUMN forest_cover_layer.stocking_status_code; Type: COMMENT; Schema: silva; Owner: postgres
--

COMMENT ON COLUMN silva.forest_cover_layer.stocking_status_code IS 'A code to describe the previous stand type for the area under the prescription.';


--
-- Name: COLUMN forest_cover_layer.total_stems_per_ha; Type: COMMENT; Schema: silva; Owner: postgres
--

COMMENT ON COLUMN silva.forest_cover_layer.total_stems_per_ha IS 'The total stems counted per hectare.';


--
-- Name: COLUMN forest_cover_layer.total_well_spaced_stems_per_ha; Type: COMMENT; Schema: silva; Owner: postgres
--

COMMENT ON COLUMN silva.forest_cover_layer.total_well_spaced_stems_per_ha IS 'A new business rule around maximum cap on well spaced stems.';


--
-- Name: COLUMN forest_cover_layer.well_spaced_stems_per_ha; Type: COMMENT; Schema: silva; Owner: postgres
--

COMMENT ON COLUMN silva.forest_cover_layer.well_spaced_stems_per_ha IS 'The total well spaced stems per hectare.';


--
-- Name: COLUMN forest_cover_layer.free_growing_stems_per_ha; Type: COMMENT; Schema: silva; Owner: postgres
--

COMMENT ON COLUMN silva.forest_cover_layer.free_growing_stems_per_ha IS 'The total free growing stems per hectare.';


--
-- Name: COLUMN forest_cover_layer.crown_closure_pct; Type: COMMENT; Schema: silva; Owner: postgres
--

COMMENT ON COLUMN silva.forest_cover_layer.crown_closure_pct IS 'The percentage of ground area covered by vertically projected tree crown areas.';


--
-- Name: COLUMN forest_cover_layer.basal_area; Type: COMMENT; Schema: silva; Owner: postgres
--

COMMENT ON COLUMN silva.forest_cover_layer.basal_area IS 'For inventory label, this field refers to all total stem above 12.5 cm DBH. For silviculture label, this field refers to basal area for well spaced preferred and acceptable stems above 12.5 cm DBH.';


--
-- Name: COLUMN forest_cover_layer.entry_userid; Type: COMMENT; Schema: silva; Owner: postgres
--

COMMENT ON COLUMN silva.forest_cover_layer.entry_userid IS 'The USERID of the individual who entered the information.';


--
-- Name: COLUMN forest_cover_layer.entry_timestamp; Type: COMMENT; Schema: silva; Owner: postgres
--

COMMENT ON COLUMN silva.forest_cover_layer.entry_timestamp IS 'The date and time the information was entered.';


--
-- Name: COLUMN forest_cover_layer.update_userid; Type: COMMENT; Schema: silva; Owner: postgres
--

COMMENT ON COLUMN silva.forest_cover_layer.update_userid IS 'The USERID of the individual who last updated the information.';


--
-- Name: COLUMN forest_cover_layer.update_timestamp; Type: COMMENT; Schema: silva; Owner: postgres
--

COMMENT ON COLUMN silva.forest_cover_layer.update_timestamp IS 'The date and time of the last update.';


--
-- Name: COLUMN forest_cover_layer.revision_count; Type: COMMENT; Schema: silva; Owner: postgres
--

COMMENT ON COLUMN silva.forest_cover_layer.revision_count IS 'A counter identifying the number of times this record as been modified. Used in the web page access to determine if the record as been modified since the data was first retrieved.';


--
-- Name: forest_cover_layer_archive; Type: TABLE; Schema: silva; Owner: postgres
--

CREATE TABLE silva.forest_cover_layer_archive (
    forest_cover_id bigint NOT NULL,
    forest_cover_layer_id bigint NOT NULL,
    archive_date timestamp(0) without time zone NOT NULL,
    forest_cover_layer_code character varying(2) NOT NULL,
    stocking_status_code character varying(3),
    stocking_type_code character varying(3),
    total_stems_per_ha bigint,
    total_well_spaced_stems_per_ha bigint,
    well_spaced_stems_per_ha bigint,
    free_growing_stems_per_ha bigint,
    crown_closure_pct integer,
    basal_area integer,
    entry_userid character varying(30) NOT NULL,
    entry_timestamp timestamp(0) without time zone NOT NULL,
    update_userid character varying(30) NOT NULL,
    update_timestamp timestamp(0) without time zone NOT NULL,
    revision_count integer NOT NULL
);


ALTER TABLE silva.forest_cover_layer_archive OWNER TO postgres;

--
-- Name: TABLE forest_cover_layer_archive; Type: COMMENT; Schema: silva; Owner: postgres
--

COMMENT ON TABLE silva.forest_cover_layer_archive IS 'The various levels of growth within the forest cover. Typically defined in four layers.';


--
-- Name: COLUMN forest_cover_layer_archive.forest_cover_id; Type: COMMENT; Schema: silva; Owner: postgres
--

COMMENT ON COLUMN silva.forest_cover_layer_archive.forest_cover_id IS 'System generated value uniquely identifying the forest cover.';


--
-- Name: COLUMN forest_cover_layer_archive.forest_cover_layer_id; Type: COMMENT; Schema: silva; Owner: postgres
--

COMMENT ON COLUMN silva.forest_cover_layer_archive.forest_cover_layer_id IS 'System generated value uniquely identifying the forest cover layer.';


--
-- Name: COLUMN forest_cover_layer_archive.archive_date; Type: COMMENT; Schema: silva; Owner: postgres
--

COMMENT ON COLUMN silva.forest_cover_layer_archive.archive_date IS 'The date the forest cover entry was archived to this entity.';


--
-- Name: COLUMN forest_cover_layer_archive.forest_cover_layer_code; Type: COMMENT; Schema: silva; Owner: postgres
--

COMMENT ON COLUMN silva.forest_cover_layer_archive.forest_cover_layer_code IS 'A code that uniquely identifies each layer, horizontal stratum, in a stand. Each layer is normally characterized as a distinct canopy containing a common forest cover structure with timber of similiar ages and heights.';


--
-- Name: COLUMN forest_cover_layer_archive.stocking_status_code; Type: COMMENT; Schema: silva; Owner: postgres
--

COMMENT ON COLUMN silva.forest_cover_layer_archive.stocking_status_code IS 'A code to describe the previous stand type for the area under the prescription.';


--
-- Name: COLUMN forest_cover_layer_archive.stocking_type_code; Type: COMMENT; Schema: silva; Owner: postgres
--

COMMENT ON COLUMN silva.forest_cover_layer_archive.stocking_type_code IS 'A further classification of the stocking status for the polygon.';


--
-- Name: COLUMN forest_cover_layer_archive.total_stems_per_ha; Type: COMMENT; Schema: silva; Owner: postgres
--

COMMENT ON COLUMN silva.forest_cover_layer_archive.total_stems_per_ha IS 'The total stems counted per hectare.';


--
-- Name: COLUMN forest_cover_layer_archive.total_well_spaced_stems_per_ha; Type: COMMENT; Schema: silva; Owner: postgres
--

COMMENT ON COLUMN silva.forest_cover_layer_archive.total_well_spaced_stems_per_ha IS 'A new business rule around maximum cap on well spaced stems.';


--
-- Name: COLUMN forest_cover_layer_archive.well_spaced_stems_per_ha; Type: COMMENT; Schema: silva; Owner: postgres
--

COMMENT ON COLUMN silva.forest_cover_layer_archive.well_spaced_stems_per_ha IS 'The total well spaced stems per hectare.';


--
-- Name: COLUMN forest_cover_layer_archive.free_growing_stems_per_ha; Type: COMMENT; Schema: silva; Owner: postgres
--

COMMENT ON COLUMN silva.forest_cover_layer_archive.free_growing_stems_per_ha IS 'The total free growing stems per hectare.';


--
-- Name: COLUMN forest_cover_layer_archive.crown_closure_pct; Type: COMMENT; Schema: silva; Owner: postgres
--

COMMENT ON COLUMN silva.forest_cover_layer_archive.crown_closure_pct IS 'The percentage of ground area covered by vertically projected tree crown areas.';


--
-- Name: COLUMN forest_cover_layer_archive.basal_area; Type: COMMENT; Schema: silva; Owner: postgres
--

COMMENT ON COLUMN silva.forest_cover_layer_archive.basal_area IS 'For inventory label, this field refers to all total stem above 12.5 cm DBH. For silviculture label, this field refers to basal area for well spaced preferred and acceptable stems above 12.5 cm DBH.';


--
-- Name: COLUMN forest_cover_layer_archive.entry_userid; Type: COMMENT; Schema: silva; Owner: postgres
--

COMMENT ON COLUMN silva.forest_cover_layer_archive.entry_userid IS 'The USERID of the individual who entered the information.';


--
-- Name: COLUMN forest_cover_layer_archive.entry_timestamp; Type: COMMENT; Schema: silva; Owner: postgres
--

COMMENT ON COLUMN silva.forest_cover_layer_archive.entry_timestamp IS 'The date and time the information was entered.';


--
-- Name: COLUMN forest_cover_layer_archive.update_userid; Type: COMMENT; Schema: silva; Owner: postgres
--

COMMENT ON COLUMN silva.forest_cover_layer_archive.update_userid IS 'The USERID of the individual who last updated the information.';


--
-- Name: COLUMN forest_cover_layer_archive.update_timestamp; Type: COMMENT; Schema: silva; Owner: postgres
--

COMMENT ON COLUMN silva.forest_cover_layer_archive.update_timestamp IS 'The date and time of the last update.';


--
-- Name: COLUMN forest_cover_layer_archive.revision_count; Type: COMMENT; Schema: silva; Owner: postgres
--

COMMENT ON COLUMN silva.forest_cover_layer_archive.revision_count IS 'A counter identifying the number of times this record as been modified. Used in the web page access to determine if the record as been modified since the data was first retrieved.';


--
-- Name: forest_cover_layer_code; Type: TABLE; Schema: silva; Owner: postgres
--

CREATE TABLE silva.forest_cover_layer_code (
    forest_cover_layer_code character varying(2) NOT NULL,
    description character varying(120) NOT NULL,
    effective_date timestamp(0) without time zone NOT NULL,
    expiry_date timestamp(0) without time zone NOT NULL,
    update_timestamp timestamp(0) without time zone NOT NULL
);


ALTER TABLE silva.forest_cover_layer_code OWNER TO postgres;

--
-- Name: COLUMN forest_cover_layer_code.forest_cover_layer_code; Type: COMMENT; Schema: silva; Owner: postgres
--

COMMENT ON COLUMN silva.forest_cover_layer_code.forest_cover_layer_code IS 'A code that uniquely identifies each layer, horizontal stratum, in a stand. Each layer is normally characterized as a distinct canopy containing a common forest cover structure with timber of similiar ages and heights.';


--
-- Name: COLUMN forest_cover_layer_code.description; Type: COMMENT; Schema: silva; Owner: postgres
--

COMMENT ON COLUMN silva.forest_cover_layer_code.description IS 'Full description of code value.';


--
-- Name: COLUMN forest_cover_layer_code.effective_date; Type: COMMENT; Schema: silva; Owner: postgres
--

COMMENT ON COLUMN silva.forest_cover_layer_code.effective_date IS 'The date the value is available for use.';


--
-- Name: COLUMN forest_cover_layer_code.expiry_date; Type: COMMENT; Schema: silva; Owner: postgres
--

COMMENT ON COLUMN silva.forest_cover_layer_code.expiry_date IS 'The date the value is no longer available for use.';


--
-- Name: COLUMN forest_cover_layer_code.update_timestamp; Type: COMMENT; Schema: silva; Owner: postgres
--

COMMENT ON COLUMN silva.forest_cover_layer_code.update_timestamp IS 'The date and time the value was last modified.';


--
-- Name: forest_cover_layer_species; Type: TABLE; Schema: silva; Owner: postgres
--

CREATE TABLE silva.forest_cover_layer_species (
    forest_cover_id bigint NOT NULL,
    forest_cover_layer_id bigint NOT NULL,
    species_order smallint NOT NULL,
    tree_species_code character varying(8) NOT NULL,
    tree_species_pct smallint,
    avg_age integer,
    avg_height numeric(3,1),
    entry_userid character varying(30) NOT NULL,
    entry_timestamp timestamp(0) without time zone NOT NULL,
    update_userid character varying(30) NOT NULL,
    update_timestamp timestamp(0) without time zone NOT NULL,
    revision_count integer NOT NULL
);


ALTER TABLE silva.forest_cover_layer_species OWNER TO postgres;

--
-- Name: TABLE forest_cover_layer_species; Type: COMMENT; Schema: silva; Owner: postgres
--

COMMENT ON TABLE silva.forest_cover_layer_species IS 'The species of trees and vegetation contained within the FOREST COVER LAYER.';


--
-- Name: COLUMN forest_cover_layer_species.forest_cover_id; Type: COMMENT; Schema: silva; Owner: postgres
--

COMMENT ON COLUMN silva.forest_cover_layer_species.forest_cover_id IS 'System generated value uniquely identifying the forest cover.';


--
-- Name: COLUMN forest_cover_layer_species.forest_cover_layer_id; Type: COMMENT; Schema: silva; Owner: postgres
--

COMMENT ON COLUMN silva.forest_cover_layer_species.forest_cover_layer_id IS 'System generated value uniquely identifying the forest cover layer.';


--
-- Name: COLUMN forest_cover_layer_species.species_order; Type: COMMENT; Schema: silva; Owner: postgres
--

COMMENT ON COLUMN silva.forest_cover_layer_species.species_order IS 'The order in which the species will be planted within the Forest Cover Layer';


--
-- Name: COLUMN forest_cover_layer_species.tree_species_code; Type: COMMENT; Schema: silva; Owner: postgres
--

COMMENT ON COLUMN silva.forest_cover_layer_species.tree_species_code IS 'The secondary tree species of Crown timber that was cut, damaged, destroyed or removed without authority';


--
-- Name: COLUMN forest_cover_layer_species.tree_species_pct; Type: COMMENT; Schema: silva; Owner: postgres
--

COMMENT ON COLUMN silva.forest_cover_layer_species.tree_species_pct IS 'The percent of the total number of trees within the layer which the species comprises.';


--
-- Name: COLUMN forest_cover_layer_species.avg_age; Type: COMMENT; Schema: silva; Owner: postgres
--

COMMENT ON COLUMN silva.forest_cover_layer_species.avg_age IS 'The average age of the tree species expressed in years.';


--
-- Name: COLUMN forest_cover_layer_species.avg_height; Type: COMMENT; Schema: silva; Owner: postgres
--

COMMENT ON COLUMN silva.forest_cover_layer_species.avg_height IS 'The average height expressed in metres.';


--
-- Name: COLUMN forest_cover_layer_species.entry_userid; Type: COMMENT; Schema: silva; Owner: postgres
--

COMMENT ON COLUMN silva.forest_cover_layer_species.entry_userid IS 'The USERID of the individual who entered the information.';


--
-- Name: COLUMN forest_cover_layer_species.entry_timestamp; Type: COMMENT; Schema: silva; Owner: postgres
--

COMMENT ON COLUMN silva.forest_cover_layer_species.entry_timestamp IS 'The date and time the information was entered.';


--
-- Name: COLUMN forest_cover_layer_species.update_userid; Type: COMMENT; Schema: silva; Owner: postgres
--

COMMENT ON COLUMN silva.forest_cover_layer_species.update_userid IS 'The USERID of the individual who last updated the information.';


--
-- Name: COLUMN forest_cover_layer_species.update_timestamp; Type: COMMENT; Schema: silva; Owner: postgres
--

COMMENT ON COLUMN silva.forest_cover_layer_species.update_timestamp IS 'The date and time of the last update.';


--
-- Name: COLUMN forest_cover_layer_species.revision_count; Type: COMMENT; Schema: silva; Owner: postgres
--

COMMENT ON COLUMN silva.forest_cover_layer_species.revision_count IS 'A counter identifying the number of times this record as been modified. Used in the web page access to determine if the record as been modified since the data was first retrieved.';


--
-- Name: forest_cover_layer_species_arc; Type: TABLE; Schema: silva; Owner: postgres
--

CREATE TABLE silva.forest_cover_layer_species_arc (
    forest_cover_id bigint NOT NULL,
    forest_cover_layer_id bigint NOT NULL,
    archive_date timestamp(0) without time zone NOT NULL,
    species_order smallint NOT NULL,
    tree_species_code character varying(8) NOT NULL,
    tree_species_pct smallint,
    avg_age integer,
    avg_height numeric(3,1),
    entry_userid character varying(30) NOT NULL,
    entry_timestamp timestamp(0) without time zone NOT NULL,
    update_userid character varying(30) NOT NULL,
    update_timestamp timestamp(0) without time zone NOT NULL,
    revision_count integer NOT NULL
);


ALTER TABLE silva.forest_cover_layer_species_arc OWNER TO postgres;

--
-- Name: TABLE forest_cover_layer_species_arc; Type: COMMENT; Schema: silva; Owner: postgres
--

COMMENT ON TABLE silva.forest_cover_layer_species_arc IS 'The species of trees and vegetation contained within the FOREST COVER LAYER.';


--
-- Name: COLUMN forest_cover_layer_species_arc.forest_cover_id; Type: COMMENT; Schema: silva; Owner: postgres
--

COMMENT ON COLUMN silva.forest_cover_layer_species_arc.forest_cover_id IS 'System generated value uniquely identifying the forest cover.';


--
-- Name: COLUMN forest_cover_layer_species_arc.forest_cover_layer_id; Type: COMMENT; Schema: silva; Owner: postgres
--

COMMENT ON COLUMN silva.forest_cover_layer_species_arc.forest_cover_layer_id IS 'System generated value uniquely identifying the forest cover layer.';


--
-- Name: COLUMN forest_cover_layer_species_arc.archive_date; Type: COMMENT; Schema: silva; Owner: postgres
--

COMMENT ON COLUMN silva.forest_cover_layer_species_arc.archive_date IS 'The date the forest cover entry was archived to this entity.';


--
-- Name: COLUMN forest_cover_layer_species_arc.species_order; Type: COMMENT; Schema: silva; Owner: postgres
--

COMMENT ON COLUMN silva.forest_cover_layer_species_arc.species_order IS 'The order in which the species will be planted within the Forest Cover Layer';


--
-- Name: COLUMN forest_cover_layer_species_arc.tree_species_code; Type: COMMENT; Schema: silva; Owner: postgres
--

COMMENT ON COLUMN silva.forest_cover_layer_species_arc.tree_species_code IS 'The secondary tree species of Crown timber that was cut, damaged, destroyed or removed without authority';


--
-- Name: COLUMN forest_cover_layer_species_arc.tree_species_pct; Type: COMMENT; Schema: silva; Owner: postgres
--

COMMENT ON COLUMN silva.forest_cover_layer_species_arc.tree_species_pct IS 'The percent of the total number of trees within the layer which the species comprises.';


--
-- Name: COLUMN forest_cover_layer_species_arc.avg_age; Type: COMMENT; Schema: silva; Owner: postgres
--

COMMENT ON COLUMN silva.forest_cover_layer_species_arc.avg_age IS 'The average age of the tree species expressed in years.';


--
-- Name: COLUMN forest_cover_layer_species_arc.avg_height; Type: COMMENT; Schema: silva; Owner: postgres
--

COMMENT ON COLUMN silva.forest_cover_layer_species_arc.avg_height IS 'The average height expressed in metres.';


--
-- Name: COLUMN forest_cover_layer_species_arc.entry_userid; Type: COMMENT; Schema: silva; Owner: postgres
--

COMMENT ON COLUMN silva.forest_cover_layer_species_arc.entry_userid IS 'The USERID of the individual who entered the information.';


--
-- Name: COLUMN forest_cover_layer_species_arc.entry_timestamp; Type: COMMENT; Schema: silva; Owner: postgres
--

COMMENT ON COLUMN silva.forest_cover_layer_species_arc.entry_timestamp IS 'The date and time the information was entered.';


--
-- Name: COLUMN forest_cover_layer_species_arc.update_userid; Type: COMMENT; Schema: silva; Owner: postgres
--

COMMENT ON COLUMN silva.forest_cover_layer_species_arc.update_userid IS 'The USERID of the individual who last updated the information.';


--
-- Name: COLUMN forest_cover_layer_species_arc.update_timestamp; Type: COMMENT; Schema: silva; Owner: postgres
--

COMMENT ON COLUMN silva.forest_cover_layer_species_arc.update_timestamp IS 'The date and time of the last update.';


--
-- Name: COLUMN forest_cover_layer_species_arc.revision_count; Type: COMMENT; Schema: silva; Owner: postgres
--

COMMENT ON COLUMN silva.forest_cover_layer_species_arc.revision_count IS 'A counter identifying the number of times this record as been modified. Used in the web page access to determine if the record as been modified since the data was first retrieved.';


--
-- Name: forest_cover_non_mapped_arc; Type: TABLE; Schema: silva; Owner: postgres
--

CREATE TABLE silva.forest_cover_non_mapped_arc (
    forest_cover_id bigint NOT NULL,
    non_mapped_area_id character varying(3) NOT NULL,
    archive_date timestamp(0) without time zone NOT NULL,
    non_mapped_area numeric(7,1) NOT NULL,
    stocking_status_code character varying(3) NOT NULL,
    stocking_type_code character varying(3),
    revision_count integer NOT NULL
);


ALTER TABLE silva.forest_cover_non_mapped_arc OWNER TO postgres;

--
-- Name: TABLE forest_cover_non_mapped_arc; Type: COMMENT; Schema: silva; Owner: postgres
--

COMMENT ON TABLE silva.forest_cover_non_mapped_arc IS 'Small Forest Cover non-productive areas, such as roads, which do not require spatial mapping and are not part of the Net Area to be Reforested.';


--
-- Name: COLUMN forest_cover_non_mapped_arc.forest_cover_id; Type: COMMENT; Schema: silva; Owner: postgres
--

COMMENT ON COLUMN silva.forest_cover_non_mapped_arc.forest_cover_id IS 'System generated value uniquely identifying the forest cover.';


--
-- Name: COLUMN forest_cover_non_mapped_arc.non_mapped_area_id; Type: COMMENT; Schema: silva; Owner: postgres
--

COMMENT ON COLUMN silva.forest_cover_non_mapped_arc.non_mapped_area_id IS 'Business key used to identify small NP areas that are not mapable.';


--
-- Name: COLUMN forest_cover_non_mapped_arc.archive_date; Type: COMMENT; Schema: silva; Owner: postgres
--

COMMENT ON COLUMN silva.forest_cover_non_mapped_arc.archive_date IS 'The date the forest cover entry was archived to this entity.';


--
-- Name: COLUMN forest_cover_non_mapped_arc.non_mapped_area; Type: COMMENT; Schema: silva; Owner: postgres
--

COMMENT ON COLUMN silva.forest_cover_non_mapped_arc.non_mapped_area IS 'Small non-productive area that will be subtracted from the Polygon gross area. This area is not mapped.';


--
-- Name: COLUMN forest_cover_non_mapped_arc.stocking_status_code; Type: COMMENT; Schema: silva; Owner: postgres
--

COMMENT ON COLUMN silva.forest_cover_non_mapped_arc.stocking_status_code IS 'A code to describe the previous stand type for the area under the prescription.';


--
-- Name: COLUMN forest_cover_non_mapped_arc.stocking_type_code; Type: COMMENT; Schema: silva; Owner: postgres
--

COMMENT ON COLUMN silva.forest_cover_non_mapped_arc.stocking_type_code IS 'A further classification of the stocking status for the polygon.';


--
-- Name: COLUMN forest_cover_non_mapped_arc.revision_count; Type: COMMENT; Schema: silva; Owner: postgres
--

COMMENT ON COLUMN silva.forest_cover_non_mapped_arc.revision_count IS 'A counter identifying the number of times this record as been modified. Used in the web page access to determine if the record as been modified since the data was first retrieved.';


--
-- Name: forest_cover_non_mapped_area; Type: TABLE; Schema: silva; Owner: postgres
--

CREATE TABLE silva.forest_cover_non_mapped_area (
    forest_cover_id bigint NOT NULL,
    non_mapped_area_id character varying(3) NOT NULL,
    non_mapped_area numeric(7,1) NOT NULL,
    stocking_status_code character varying(3) NOT NULL,
    stocking_type_code character varying(3),
    revision_count integer NOT NULL
);


ALTER TABLE silva.forest_cover_non_mapped_area OWNER TO postgres;

--
-- Name: TABLE forest_cover_non_mapped_area; Type: COMMENT; Schema: silva; Owner: postgres
--

COMMENT ON TABLE silva.forest_cover_non_mapped_area IS 'Small Forest Cover non-productive areas, such as roads, which do not require spatial mapping and are not part of the Net Area to be Reforested.';


--
-- Name: COLUMN forest_cover_non_mapped_area.forest_cover_id; Type: COMMENT; Schema: silva; Owner: postgres
--

COMMENT ON COLUMN silva.forest_cover_non_mapped_area.forest_cover_id IS 'System generated value uniquely identifying the forest cover.';


--
-- Name: COLUMN forest_cover_non_mapped_area.non_mapped_area_id; Type: COMMENT; Schema: silva; Owner: postgres
--

COMMENT ON COLUMN silva.forest_cover_non_mapped_area.non_mapped_area_id IS 'Business key used to identify small NP areas that are not mapable.';


--
-- Name: COLUMN forest_cover_non_mapped_area.non_mapped_area; Type: COMMENT; Schema: silva; Owner: postgres
--

COMMENT ON COLUMN silva.forest_cover_non_mapped_area.non_mapped_area IS 'Small non-productive area that will be subtracted from the Polygon gross area. This area is not mapped.';


--
-- Name: COLUMN forest_cover_non_mapped_area.stocking_status_code; Type: COMMENT; Schema: silva; Owner: postgres
--

COMMENT ON COLUMN silva.forest_cover_non_mapped_area.stocking_status_code IS 'A code to describe the previous stand type for the area under the prescription.';


--
-- Name: COLUMN forest_cover_non_mapped_area.stocking_type_code; Type: COMMENT; Schema: silva; Owner: postgres
--

COMMENT ON COLUMN silva.forest_cover_non_mapped_area.stocking_type_code IS 'A further classification of the stocking status for the polygon.';


--
-- Name: COLUMN forest_cover_non_mapped_area.revision_count; Type: COMMENT; Schema: silva; Owner: postgres
--

COMMENT ON COLUMN silva.forest_cover_non_mapped_area.revision_count IS 'A counter identifying the number of times this record as been modified. Used in the web page access to determine if the record as been modified since the data was first retrieved.';


--
-- Name: forest_file_client; Type: TABLE; Schema: silva; Owner: postgres
--

CREATE TABLE silva.forest_file_client (
    forest_file_client_skey bigint NOT NULL,
    forest_file_id character varying(10) NOT NULL,
    client_number character varying(8) NOT NULL,
    client_locn_code character varying(2) NOT NULL,
    forest_file_client_type_code character varying(1) NOT NULL,
    licensee_start_date timestamp(0) without time zone,
    licensee_end_date timestamp(0) without time zone,
    revision_count integer NOT NULL,
    entry_userid character varying(30) NOT NULL,
    entry_timestamp timestamp(0) without time zone NOT NULL,
    update_userid character varying(30) NOT NULL,
    update_timestamp timestamp(0) without time zone NOT NULL
);


ALTER TABLE silva.forest_file_client OWNER TO postgres;

--
-- Name: TABLE forest_file_client; Type: COMMENT; Schema: silva; Owner: postgres
--

COMMENT ON TABLE silva.forest_file_client IS 'Identifies the licencee assigned to a given file for a specified duration of time.';


--
-- Name: COLUMN forest_file_client.forest_file_client_skey; Type: COMMENT; Schema: silva; Owner: postgres
--

COMMENT ON COLUMN silva.forest_file_client.forest_file_client_skey IS 'See FTA data model for more details.';


--
-- Name: COLUMN forest_file_client.forest_file_id; Type: COMMENT; Schema: silva; Owner: postgres
--

COMMENT ON COLUMN silva.forest_file_client.forest_file_id IS 'File identification assigned to Provincial Forest Use files. Assigned file number. Usually the Licence, Tenure or Private Mark number.';


--
-- Name: COLUMN forest_file_client.client_number; Type: COMMENT; Schema: silva; Owner: postgres
--

COMMENT ON COLUMN silva.forest_file_client.client_number IS 'Sequentially assigned number to identify a ministry client.';


--
-- Name: COLUMN forest_file_client.client_locn_code; Type: COMMENT; Schema: silva; Owner: postgres
--

COMMENT ON COLUMN silva.forest_file_client.client_locn_code IS 'A code to uniquely identify, within each client, the addresses of different divisions or locations at which the client operates. The location code is sequentially assigned starting with "00" for the client"s permanent address.';


--
-- Name: COLUMN forest_file_client.forest_file_client_type_code; Type: COMMENT; Schema: silva; Owner: postgres
--

COMMENT ON COLUMN silva.forest_file_client.forest_file_client_type_code IS 'Identifes the client types codes applicable for assignment to forest files.';


--
-- Name: COLUMN forest_file_client.licensee_start_date; Type: COMMENT; Schema: silva; Owner: postgres
--

COMMENT ON COLUMN silva.forest_file_client.licensee_start_date IS 'The licensee start date for a given file.';


--
-- Name: COLUMN forest_file_client.licensee_end_date; Type: COMMENT; Schema: silva; Owner: postgres
--

COMMENT ON COLUMN silva.forest_file_client.licensee_end_date IS 'The licensee end date for a given file.';


--
-- Name: COLUMN forest_file_client.revision_count; Type: COMMENT; Schema: silva; Owner: postgres
--

COMMENT ON COLUMN silva.forest_file_client.revision_count IS 'A count of the number of times an entry in the entity has been modified. Used to validate if the current information displayed on a user"s web browser is the most current.';


--
-- Name: COLUMN forest_file_client.entry_userid; Type: COMMENT; Schema: silva; Owner: postgres
--

COMMENT ON COLUMN silva.forest_file_client.entry_userid IS 'The unique user id of the resource who initially added the entry.';


--
-- Name: COLUMN forest_file_client.entry_timestamp; Type: COMMENT; Schema: silva; Owner: postgres
--

COMMENT ON COLUMN silva.forest_file_client.entry_timestamp IS 'Timestamp when the event information was entered.';


--
-- Name: COLUMN forest_file_client.update_userid; Type: COMMENT; Schema: silva; Owner: postgres
--

COMMENT ON COLUMN silva.forest_file_client.update_userid IS 'The userid of the individual who last updated this information.';


--
-- Name: COLUMN forest_file_client.update_timestamp; Type: COMMENT; Schema: silva; Owner: postgres
--

COMMENT ON COLUMN silva.forest_file_client.update_timestamp IS 'The date and time of the last update.';


--
-- Name: forest_mgmt_unit; Type: TABLE; Schema: silva; Owner: postgres
--

CREATE TABLE silva.forest_mgmt_unit (
    mgmt_skey bigint NOT NULL,
    mgmt_unit_type_code character varying(1) NOT NULL,
    mgmt_unit_id character varying(4),
    description character varying(100),
    entry_userid character varying(30) NOT NULL,
    entry_timestamp timestamp(0) without time zone NOT NULL,
    update_userid character varying(30) NOT NULL,
    update_timestamp timestamp(0) without time zone NOT NULL,
    revision_count integer NOT NULL,
    effective_date timestamp(0) without time zone NOT NULL,
    expiry_date timestamp(0) without time zone NOT NULL
);


ALTER TABLE silva.forest_mgmt_unit OWNER TO postgres;

--
-- Name: TABLE forest_mgmt_unit; Type: COMMENT; Schema: silva; Owner: postgres
--

COMMENT ON TABLE silva.forest_mgmt_unit IS 'The administrative management unit as defined by the ministry for managing the forest land, eg. Timber Supply Area.';


--
-- Name: COLUMN forest_mgmt_unit.mgmt_skey; Type: COMMENT; Schema: silva; Owner: postgres
--

COMMENT ON COLUMN silva.forest_mgmt_unit.mgmt_skey IS 'System generated unique identifier';


--
-- Name: COLUMN forest_mgmt_unit.mgmt_unit_type_code; Type: COMMENT; Schema: silva; Owner: postgres
--

COMMENT ON COLUMN silva.forest_mgmt_unit.mgmt_unit_type_code IS 'The unique identifier for the management unit type.';


--
-- Name: COLUMN forest_mgmt_unit.mgmt_unit_id; Type: COMMENT; Schema: silva; Owner: postgres
--

COMMENT ON COLUMN silva.forest_mgmt_unit.mgmt_unit_id IS 'The administrative management unit identifier defined by the ministry for managing the forest land, eg. 41C.';


--
-- Name: COLUMN forest_mgmt_unit.description; Type: COMMENT; Schema: silva; Owner: postgres
--

COMMENT ON COLUMN silva.forest_mgmt_unit.description IS 'Description of the Managment Unit Identifer. E.g. Dawson Creek TSA Block C.';


--
-- Name: COLUMN forest_mgmt_unit.entry_userid; Type: COMMENT; Schema: silva; Owner: postgres
--

COMMENT ON COLUMN silva.forest_mgmt_unit.entry_userid IS 'The user that created the record.';


--
-- Name: COLUMN forest_mgmt_unit.entry_timestamp; Type: COMMENT; Schema: silva; Owner: postgres
--

COMMENT ON COLUMN silva.forest_mgmt_unit.entry_timestamp IS 'The date the record was created.';


--
-- Name: COLUMN forest_mgmt_unit.update_userid; Type: COMMENT; Schema: silva; Owner: postgres
--

COMMENT ON COLUMN silva.forest_mgmt_unit.update_userid IS 'The user that updated the record.';


--
-- Name: COLUMN forest_mgmt_unit.update_timestamp; Type: COMMENT; Schema: silva; Owner: postgres
--

COMMENT ON COLUMN silva.forest_mgmt_unit.update_timestamp IS 'The date the record was updated.';


--
-- Name: COLUMN forest_mgmt_unit.revision_count; Type: COMMENT; Schema: silva; Owner: postgres
--

COMMENT ON COLUMN silva.forest_mgmt_unit.revision_count IS 'A count of the number of times an entry in the entity has been modified. Used to validate if the current information displayed on a user"s web browser is the most current.';


--
-- Name: COLUMN forest_mgmt_unit.effective_date; Type: COMMENT; Schema: silva; Owner: postgres
--

COMMENT ON COLUMN silva.forest_mgmt_unit.effective_date IS 'Date the code becomes effective';


--
-- Name: COLUMN forest_mgmt_unit.expiry_date; Type: COMMENT; Schema: silva; Owner: postgres
--

COMMENT ON COLUMN silva.forest_mgmt_unit.expiry_date IS 'Date the code expires';


--
-- Name: forest_stewardship_plan; Type: TABLE; Schema: silva; Owner: postgres
--

CREATE TABLE silva.forest_stewardship_plan (
    fsp_id bigint NOT NULL,
    fsp_amendment_number bigint NOT NULL,
    fsp_status_code character varying(4) NOT NULL,
    fsp_amendment_code character varying(4) DEFAULT 'ORG'::character varying NOT NULL,
    licensee_amendment_name character varying(30),
    plan_name character varying(120) NOT NULL,
    plan_term_years smallint,
    plan_term_months smallint,
    plan_start_date timestamp(0) without time zone,
    plan_end_date timestamp(0) without time zone,
    plan_submission_date timestamp(0) without time zone NOT NULL,
    plan_decision_date timestamp(0) without time zone,
    plan_decision_userid character varying(30),
    transition_ind character varying(1) DEFAULT 'N'::character varying NOT NULL,
    identified_areas_update_ind character varying(1) DEFAULT 'N'::character varying NOT NULL,
    fdu_update_ind character varying(1) DEFAULT 'N'::character varying NOT NULL,
    stocking_standard_update_ind character varying(1) DEFAULT 'N'::character varying NOT NULL,
    frpa197_election_ind character varying(1) DEFAULT 'N'::character varying NOT NULL,
    contact_name character varying(120) NOT NULL,
    telephone_number character varying(10) NOT NULL,
    email_address character varying(120) NOT NULL,
    amendment_approval_date timestamp(0) without time zone,
    amendment_authority character varying(100),
    amendment_approval_requird_ind character varying(1),
    amendment_submission_date timestamp(0) without time zone,
    revision_count integer NOT NULL,
    entry_userid character varying(30) NOT NULL,
    entry_timestamp timestamp(0) without time zone NOT NULL,
    update_userid character varying(30) NOT NULL,
    update_timestamp timestamp(0) without time zone NOT NULL
);


ALTER TABLE silva.forest_stewardship_plan OWNER TO postgres;

--
-- Name: TABLE forest_stewardship_plan; Type: COMMENT; Schema: silva; Owner: postgres
--

COMMENT ON TABLE silva.forest_stewardship_plan IS 'A plan submitted by a forest industry licensee stating how the BC Government?s objectives for managing the province?s forest resources will be met. It identifies the plan-holder?s obligations for a five-year period.';


--
-- Name: COLUMN forest_stewardship_plan.fsp_id; Type: COMMENT; Schema: silva; Owner: postgres
--

COMMENT ON COLUMN silva.forest_stewardship_plan.fsp_id IS 'Unique identifier for Forest Stewardship Plan';


--
-- Name: COLUMN forest_stewardship_plan.fsp_amendment_number; Type: COMMENT; Schema: silva; Owner: postgres
--

COMMENT ON COLUMN silva.forest_stewardship_plan.fsp_amendment_number IS 'Identifies amendment level of FSP';


--
-- Name: COLUMN forest_stewardship_plan.fsp_status_code; Type: COMMENT; Schema: silva; Owner: postgres
--

COMMENT ON COLUMN silva.forest_stewardship_plan.fsp_status_code IS 'A code indicating the status of the Forest Stewardship Plan. Examples include but are not limited to SUB (submitted), REJ (rejected) and APP (approved).';


--
-- Name: COLUMN forest_stewardship_plan.fsp_amendment_code; Type: COMMENT; Schema: silva; Owner: postgres
--

COMMENT ON COLUMN silva.forest_stewardship_plan.fsp_amendment_code IS 'A code indicating the type of amendment to an FSP. Examples include Original, Amendment and Replacement';


--
-- Name: COLUMN forest_stewardship_plan.licensee_amendment_name; Type: COMMENT; Schema: silva; Owner: postgres
--

COMMENT ON COLUMN silva.forest_stewardship_plan.licensee_amendment_name IS 'The licensee-specified name given to the amendment.';


--
-- Name: COLUMN forest_stewardship_plan.plan_name; Type: COMMENT; Schema: silva; Owner: postgres
--

COMMENT ON COLUMN silva.forest_stewardship_plan.plan_name IS 'Textual name of FSP, provided by plan holder';


--
-- Name: COLUMN forest_stewardship_plan.plan_term_years; Type: COMMENT; Schema: silva; Owner: postgres
--

COMMENT ON COLUMN silva.forest_stewardship_plan.plan_term_years IS 'Length of FSP term in years';


--
-- Name: COLUMN forest_stewardship_plan.plan_term_months; Type: COMMENT; Schema: silva; Owner: postgres
--

COMMENT ON COLUMN silva.forest_stewardship_plan.plan_term_months IS 'Length of FSP term in months beyond the indicated term in years (PLAN_TERM_YEARS).';


--
-- Name: COLUMN forest_stewardship_plan.plan_start_date; Type: COMMENT; Schema: silva; Owner: postgres
--

COMMENT ON COLUMN silva.forest_stewardship_plan.plan_start_date IS 'The date the FSP comes into legal effect. Set by the FSP Decision Maker.';


--
-- Name: COLUMN forest_stewardship_plan.plan_end_date; Type: COMMENT; Schema: silva; Owner: postgres
--

COMMENT ON COLUMN silva.forest_stewardship_plan.plan_end_date IS 'The date the FSP expires. The PLAN END DATE is calculated using either the Term Year/Months entered by the user or the End date.';


--
-- Name: COLUMN forest_stewardship_plan.plan_submission_date; Type: COMMENT; Schema: silva; Owner: postgres
--

COMMENT ON COLUMN silva.forest_stewardship_plan.plan_submission_date IS 'Date FSP was submitted to MoFR';


--
-- Name: COLUMN forest_stewardship_plan.plan_decision_date; Type: COMMENT; Schema: silva; Owner: postgres
--

COMMENT ON COLUMN silva.forest_stewardship_plan.plan_decision_date IS 'The date on which the original FSP or amendment is approved or rejected.';


--
-- Name: COLUMN forest_stewardship_plan.plan_decision_userid; Type: COMMENT; Schema: silva; Owner: postgres
--

COMMENT ON COLUMN silva.forest_stewardship_plan.plan_decision_userid IS 'The user that approved or rejected the FSP or amendment.';


--
-- Name: COLUMN forest_stewardship_plan.transition_ind; Type: COMMENT; Schema: silva; Owner: postgres
--

COMMENT ON COLUMN silva.forest_stewardship_plan.transition_ind IS 'Indicates when the FSP is transitional. A transitional FSP is an original submission created from an existing FDP that does not require approval.';


--
-- Name: COLUMN forest_stewardship_plan.identified_areas_update_ind; Type: COMMENT; Schema: silva; Owner: postgres
--

COMMENT ON COLUMN silva.forest_stewardship_plan.identified_areas_update_ind IS 'Indicates when Declared Areas data will be changed as part of the amendment.';


--
-- Name: COLUMN forest_stewardship_plan.fdu_update_ind; Type: COMMENT; Schema: silva; Owner: postgres
--

COMMENT ON COLUMN silva.forest_stewardship_plan.fdu_update_ind IS 'Indicates when FDU data will be changed as part of the amendment.';


--
-- Name: COLUMN forest_stewardship_plan.stocking_standard_update_ind; Type: COMMENT; Schema: silva; Owner: postgres
--

COMMENT ON COLUMN silva.forest_stewardship_plan.stocking_standard_update_ind IS 'Indicates when Stocking Standard data will be changed as part of the amendment.';


--
-- Name: COLUMN forest_stewardship_plan.frpa197_election_ind; Type: COMMENT; Schema: silva; Owner: postgres
--

COMMENT ON COLUMN silva.forest_stewardship_plan.frpa197_election_ind IS 'Indicates whether a licensee has elected (under the Forest and Range Practices Act section 197 legislation) to roll over existing cut blocks that were created under the authority of the Forest Practices Code Act. By rolling these cut blocks over, the licensee indicates that the blocks will be governed under the Stocking Standards identified within their approved Forest Stewardship Plan.';


--
-- Name: COLUMN forest_stewardship_plan.contact_name; Type: COMMENT; Schema: silva; Owner: postgres
--

COMMENT ON COLUMN silva.forest_stewardship_plan.contact_name IS 'Name of a contact for the submitting licensee.';


--
-- Name: COLUMN forest_stewardship_plan.telephone_number; Type: COMMENT; Schema: silva; Owner: postgres
--

COMMENT ON COLUMN silva.forest_stewardship_plan.telephone_number IS 'The business telephone number including area code of the contact for submitting licensee';


--
-- Name: COLUMN forest_stewardship_plan.email_address; Type: COMMENT; Schema: silva; Owner: postgres
--

COMMENT ON COLUMN silva.forest_stewardship_plan.email_address IS 'Email of contact for submitting licensee';


--
-- Name: COLUMN forest_stewardship_plan.amendment_approval_date; Type: COMMENT; Schema: silva; Owner: postgres
--

COMMENT ON COLUMN silva.forest_stewardship_plan.amendment_approval_date IS 'Date amendment to plan approved by MoFR';


--
-- Name: COLUMN forest_stewardship_plan.amendment_authority; Type: COMMENT; Schema: silva; Owner: postgres
--

COMMENT ON COLUMN silva.forest_stewardship_plan.amendment_authority IS 'Identifier of MoFR decision maker';


--
-- Name: COLUMN forest_stewardship_plan.amendment_approval_requird_ind; Type: COMMENT; Schema: silva; Owner: postgres
--

COMMENT ON COLUMN silva.forest_stewardship_plan.amendment_approval_requird_ind IS 'Indicates if the amendment needs MoFR approval';


--
-- Name: COLUMN forest_stewardship_plan.amendment_submission_date; Type: COMMENT; Schema: silva; Owner: postgres
--

COMMENT ON COLUMN silva.forest_stewardship_plan.amendment_submission_date IS 'Date amendment to plan submitted by plan holder';


--
-- Name: COLUMN forest_stewardship_plan.revision_count; Type: COMMENT; Schema: silva; Owner: postgres
--

COMMENT ON COLUMN silva.forest_stewardship_plan.revision_count IS 'A count of the number of times an entry in the entity has been modified. Used to validate if the current information displayed on a user"s web browser is the most current.';


--
-- Name: COLUMN forest_stewardship_plan.entry_userid; Type: COMMENT; Schema: silva; Owner: postgres
--

COMMENT ON COLUMN silva.forest_stewardship_plan.entry_userid IS 'The userid responsible for inserting data into a table.';


--
-- Name: COLUMN forest_stewardship_plan.entry_timestamp; Type: COMMENT; Schema: silva; Owner: postgres
--

COMMENT ON COLUMN silva.forest_stewardship_plan.entry_timestamp IS 'Contains the system timestamp when data in a table was inserted.';


--
-- Name: COLUMN forest_stewardship_plan.update_userid; Type: COMMENT; Schema: silva; Owner: postgres
--

COMMENT ON COLUMN silva.forest_stewardship_plan.update_userid IS 'The userid of the individual who last updated this road section record.';


--
-- Name: COLUMN forest_stewardship_plan.update_timestamp; Type: COMMENT; Schema: silva; Owner: postgres
--

COMMENT ON COLUMN silva.forest_stewardship_plan.update_timestamp IS 'The timestamp of the last update to the road section record.';


--
-- Name: forhealth_rslt; Type: TABLE; Schema: silva; Owner: postgres
--

CREATE TABLE silva.forhealth_rslt (
    forhealth_rslt_id bigint NOT NULL,
    opening_id bigint,
    forest_cover_id bigint,
    forest_cover_layer_id bigint,
    silv_damage_agent_code character varying(3) NOT NULL,
    incidence_pct smallint,
    incidence_area numeric(6,1),
    observation_date timestamp(0) without time zone,
    entry_userid character varying(30) NOT NULL,
    entry_timestamp timestamp(0) without time zone NOT NULL,
    update_userid character varying(30) NOT NULL,
    update_timestamp timestamp(0) without time zone NOT NULL,
    revision_count integer NOT NULL
);


ALTER TABLE silva.forhealth_rslt OWNER TO postgres;

--
-- Name: TABLE forhealth_rslt; Type: COMMENT; Schema: silva; Owner: postgres
--

COMMENT ON TABLE silva.forhealth_rslt IS 'A table which stores the forest health survey results.';


--
-- Name: COLUMN forhealth_rslt.forhealth_rslt_id; Type: COMMENT; Schema: silva; Owner: postgres
--

COMMENT ON COLUMN silva.forhealth_rslt.forhealth_rslt_id IS 'System generated value uniquely identifying the forest health damage agent occurrance.';


--
-- Name: COLUMN forhealth_rslt.opening_id; Type: COMMENT; Schema: silva; Owner: postgres
--

COMMENT ON COLUMN silva.forhealth_rslt.opening_id IS 'System generated value uniquely identifying the opening.';


--
-- Name: COLUMN forhealth_rslt.forest_cover_id; Type: COMMENT; Schema: silva; Owner: postgres
--

COMMENT ON COLUMN silva.forhealth_rslt.forest_cover_id IS 'System generated value uniquely identifying the forest cover.';


--
-- Name: COLUMN forhealth_rslt.forest_cover_layer_id; Type: COMMENT; Schema: silva; Owner: postgres
--

COMMENT ON COLUMN silva.forhealth_rslt.forest_cover_layer_id IS 'System generated value uniquely identifying the forest cover layer.';


--
-- Name: COLUMN forhealth_rslt.silv_damage_agent_code; Type: COMMENT; Schema: silva; Owner: postgres
--

COMMENT ON COLUMN silva.forhealth_rslt.silv_damage_agent_code IS 'A code indicating the category of insect or disease that has caused a disturbance in the stands history. Stands with a disturbance caused by insects or disease can be further described by the ACTIVITY SUB CODE. The code for the damage agent as it is currently collected (94-3). The FIP based version of Damage Agent code, retained on an as is basis until migration to a stable Ministry version of Damage Agent is availible.';


--
-- Name: COLUMN forhealth_rslt.incidence_pct; Type: COMMENT; Schema: silva; Owner: postgres
--

COMMENT ON COLUMN silva.forhealth_rslt.incidence_pct IS 'The percentage of the Standards Unit or Opening that the agent is affecting as defined by the survey strata.';


--
-- Name: COLUMN forhealth_rslt.incidence_area; Type: COMMENT; Schema: silva; Owner: postgres
--

COMMENT ON COLUMN silva.forhealth_rslt.incidence_area IS 'The area in hectares of the region involved.';


--
-- Name: COLUMN forhealth_rslt.observation_date; Type: COMMENT; Schema: silva; Owner: postgres
--

COMMENT ON COLUMN silva.forhealth_rslt.observation_date IS 'The date this observation was made.';


--
-- Name: COLUMN forhealth_rslt.entry_userid; Type: COMMENT; Schema: silva; Owner: postgres
--

COMMENT ON COLUMN silva.forhealth_rslt.entry_userid IS 'The USERID of the individual who entered the information.';


--
-- Name: COLUMN forhealth_rslt.entry_timestamp; Type: COMMENT; Schema: silva; Owner: postgres
--

COMMENT ON COLUMN silva.forhealth_rslt.entry_timestamp IS 'The date and time the information was entered.';


--
-- Name: COLUMN forhealth_rslt.update_userid; Type: COMMENT; Schema: silva; Owner: postgres
--

COMMENT ON COLUMN silva.forhealth_rslt.update_userid IS 'The USERID of the individual who last updated the information.';


--
-- Name: COLUMN forhealth_rslt.update_timestamp; Type: COMMENT; Schema: silva; Owner: postgres
--

COMMENT ON COLUMN silva.forhealth_rslt.update_timestamp IS 'The date and time of the last update.';


--
-- Name: COLUMN forhealth_rslt.revision_count; Type: COMMENT; Schema: silva; Owner: postgres
--

COMMENT ON COLUMN silva.forhealth_rslt.revision_count IS 'Internal counter used by the system to avoid conflicting updates to the record.';


--
-- Name: forhealth_rslt_archive; Type: TABLE; Schema: silva; Owner: postgres
--

CREATE TABLE silva.forhealth_rslt_archive (
    forest_cover_id bigint,
    archive_date timestamp(0) without time zone NOT NULL,
    forest_cover_layer_id bigint,
    forhealth_rslt_id bigint NOT NULL,
    opening_id bigint,
    silv_damage_agent_code character varying(3) NOT NULL,
    incidence_pct smallint,
    incidence_area numeric(6,1),
    observation_date timestamp(0) without time zone,
    forest_cover_archive_date timestamp(0) without time zone,
    entry_userid character varying(30) NOT NULL,
    entry_timestamp timestamp(0) without time zone NOT NULL,
    update_userid character varying(30) NOT NULL,
    update_timestamp timestamp(0) without time zone NOT NULL,
    revision_count integer NOT NULL
);


ALTER TABLE silva.forhealth_rslt_archive OWNER TO postgres;

--
-- Name: TABLE forhealth_rslt_archive; Type: COMMENT; Schema: silva; Owner: postgres
--

COMMENT ON TABLE silva.forhealth_rslt_archive IS 'A table which stores the archive of forest health survey results.';


--
-- Name: COLUMN forhealth_rslt_archive.forest_cover_id; Type: COMMENT; Schema: silva; Owner: postgres
--

COMMENT ON COLUMN silva.forhealth_rslt_archive.forest_cover_id IS 'System generated value uniquely identifying the forest cover.';


--
-- Name: COLUMN forhealth_rslt_archive.archive_date; Type: COMMENT; Schema: silva; Owner: postgres
--

COMMENT ON COLUMN silva.forhealth_rslt_archive.archive_date IS 'The date the forest cover entry was archived to this entity.';


--
-- Name: COLUMN forhealth_rslt_archive.forest_cover_layer_id; Type: COMMENT; Schema: silva; Owner: postgres
--

COMMENT ON COLUMN silva.forhealth_rslt_archive.forest_cover_layer_id IS 'System generated value uniquely identifying the forest cover layer.';


--
-- Name: COLUMN forhealth_rslt_archive.forhealth_rslt_id; Type: COMMENT; Schema: silva; Owner: postgres
--

COMMENT ON COLUMN silva.forhealth_rslt_archive.forhealth_rslt_id IS 'System generated value uniquely identifying the forest health damage agent occurrance.';


--
-- Name: COLUMN forhealth_rslt_archive.opening_id; Type: COMMENT; Schema: silva; Owner: postgres
--

COMMENT ON COLUMN silva.forhealth_rslt_archive.opening_id IS 'System generated value uniquely identifying the opening.';


--
-- Name: COLUMN forhealth_rslt_archive.silv_damage_agent_code; Type: COMMENT; Schema: silva; Owner: postgres
--

COMMENT ON COLUMN silva.forhealth_rslt_archive.silv_damage_agent_code IS 'A code indicating the category of insect or disease that has caused a disturbance in the stands history. Stands with a disturbance caused by insects or disease can be further described by the ACTIVITY SUB CODE. The code for the damage agent as it is currently collected (94-3). The FIP based version of Damage Agent code, retained on an as is basis until migration to a stable Ministry version of Damage Agent is availible.';


--
-- Name: COLUMN forhealth_rslt_archive.incidence_pct; Type: COMMENT; Schema: silva; Owner: postgres
--

COMMENT ON COLUMN silva.forhealth_rslt_archive.incidence_pct IS 'The percentage of the Standards Unit or Opening that the agent is affecting as defined by the survey strata.';


--
-- Name: COLUMN forhealth_rslt_archive.incidence_area; Type: COMMENT; Schema: silva; Owner: postgres
--

COMMENT ON COLUMN silva.forhealth_rslt_archive.incidence_area IS 'The area in hectares of the region involved.';


--
-- Name: COLUMN forhealth_rslt_archive.observation_date; Type: COMMENT; Schema: silva; Owner: postgres
--

COMMENT ON COLUMN silva.forhealth_rslt_archive.observation_date IS 'The date this observation was made.';


--
-- Name: COLUMN forhealth_rslt_archive.forest_cover_archive_date; Type: COMMENT; Schema: silva; Owner: postgres
--

COMMENT ON COLUMN silva.forhealth_rslt_archive.forest_cover_archive_date IS 'The date the forest cover entry was archived to this entity.';


--
-- Name: COLUMN forhealth_rslt_archive.entry_userid; Type: COMMENT; Schema: silva; Owner: postgres
--

COMMENT ON COLUMN silva.forhealth_rslt_archive.entry_userid IS 'The USERID of the individual who entered the information.';


--
-- Name: COLUMN forhealth_rslt_archive.entry_timestamp; Type: COMMENT; Schema: silva; Owner: postgres
--

COMMENT ON COLUMN silva.forhealth_rslt_archive.entry_timestamp IS 'The date and time the information was entered.';


--
-- Name: COLUMN forhealth_rslt_archive.update_userid; Type: COMMENT; Schema: silva; Owner: postgres
--

COMMENT ON COLUMN silva.forhealth_rslt_archive.update_userid IS 'The USERID of the individual who last updated the information.';


--
-- Name: COLUMN forhealth_rslt_archive.update_timestamp; Type: COMMENT; Schema: silva; Owner: postgres
--

COMMENT ON COLUMN silva.forhealth_rslt_archive.update_timestamp IS 'The date and time of the last update.';


--
-- Name: COLUMN forhealth_rslt_archive.revision_count; Type: COMMENT; Schema: silva; Owner: postgres
--

COMMENT ON COLUMN silva.forhealth_rslt_archive.revision_count IS 'Internal counter used by the system to avoid conflicting updates to the record.';


--
-- Name: fsp_standards_regime_xref; Type: TABLE; Schema: silva; Owner: postgres
--

CREATE TABLE silva.fsp_standards_regime_xref (
    fsp_id bigint NOT NULL,
    fsp_amendment_number bigint NOT NULL,
    standards_regime_id bigint NOT NULL,
    revision_count integer NOT NULL,
    entry_userid character varying(30) NOT NULL,
    entry_timestamp timestamp(0) without time zone NOT NULL,
    update_userid character varying(30) NOT NULL,
    update_timestamp timestamp(0) without time zone NOT NULL
);


ALTER TABLE silva.fsp_standards_regime_xref OWNER TO postgres;

--
-- Name: TABLE fsp_standards_regime_xref; Type: COMMENT; Schema: silva; Owner: postgres
--

COMMENT ON TABLE silva.fsp_standards_regime_xref IS 'A cross reference entity that allows for the relationship between a Forest Stewardship Plan and a Standards Regime. An FSP may refer to many Standards, and a Standard may be included in many FSPs.';


--
-- Name: COLUMN fsp_standards_regime_xref.fsp_id; Type: COMMENT; Schema: silva; Owner: postgres
--

COMMENT ON COLUMN silva.fsp_standards_regime_xref.fsp_id IS 'Unique identifier for Forest Stewardship Plan';


--
-- Name: COLUMN fsp_standards_regime_xref.fsp_amendment_number; Type: COMMENT; Schema: silva; Owner: postgres
--

COMMENT ON COLUMN silva.fsp_standards_regime_xref.fsp_amendment_number IS 'Identifies amendment level of FSP';


--
-- Name: COLUMN fsp_standards_regime_xref.standards_regime_id; Type: COMMENT; Schema: silva; Owner: postgres
--

COMMENT ON COLUMN silva.fsp_standards_regime_xref.standards_regime_id IS 'Unique identifier for the STANDARD REGIME entry.';


--
-- Name: COLUMN fsp_standards_regime_xref.revision_count; Type: COMMENT; Schema: silva; Owner: postgres
--

COMMENT ON COLUMN silva.fsp_standards_regime_xref.revision_count IS 'A count of the number of times an entry in the entity has been modified. Used to validate if the current information displayed on a user"s web browser is the most current.';


--
-- Name: COLUMN fsp_standards_regime_xref.entry_userid; Type: COMMENT; Schema: silva; Owner: postgres
--

COMMENT ON COLUMN silva.fsp_standards_regime_xref.entry_userid IS 'The userid responsible for inserting data into a table.';


--
-- Name: COLUMN fsp_standards_regime_xref.entry_timestamp; Type: COMMENT; Schema: silva; Owner: postgres
--

COMMENT ON COLUMN silva.fsp_standards_regime_xref.entry_timestamp IS 'Contains the system timestamp when data in a table was inserted.';


--
-- Name: COLUMN fsp_standards_regime_xref.update_userid; Type: COMMENT; Schema: silva; Owner: postgres
--

COMMENT ON COLUMN silva.fsp_standards_regime_xref.update_userid IS 'The userid of the individual who last updated the record.';


--
-- Name: COLUMN fsp_standards_regime_xref.update_timestamp; Type: COMMENT; Schema: silva; Owner: postgres
--

COMMENT ON COLUMN silva.fsp_standards_regime_xref.update_timestamp IS 'The timestamp of the last update to the record.';


--
-- Name: fsp_status_code; Type: TABLE; Schema: silva; Owner: postgres
--

CREATE TABLE silva.fsp_status_code (
    fsp_status_code character varying(4) NOT NULL,
    description character varying(120) NOT NULL,
    effective_date timestamp(0) without time zone NOT NULL,
    expiry_date timestamp(0) without time zone NOT NULL,
    update_timestamp timestamp(0) without time zone NOT NULL
);


ALTER TABLE silva.fsp_status_code OWNER TO postgres;

--
-- Name: COLUMN fsp_status_code.fsp_status_code; Type: COMMENT; Schema: silva; Owner: postgres
--

COMMENT ON COLUMN silva.fsp_status_code.fsp_status_code IS 'A code indicating the status of the Forest Stewardship Plan. Examples include but are not limited to SUB (submitted), REJ (rejected) and APP (approved).';


--
-- Name: COLUMN fsp_status_code.description; Type: COMMENT; Schema: silva; Owner: postgres
--

COMMENT ON COLUMN silva.fsp_status_code.description IS 'Description of the code value';


--
-- Name: COLUMN fsp_status_code.effective_date; Type: COMMENT; Schema: silva; Owner: postgres
--

COMMENT ON COLUMN silva.fsp_status_code.effective_date IS 'Date the code becomes effective';


--
-- Name: COLUMN fsp_status_code.expiry_date; Type: COMMENT; Schema: silva; Owner: postgres
--

COMMENT ON COLUMN silva.fsp_status_code.expiry_date IS 'Date the code expires';


--
-- Name: COLUMN fsp_status_code.update_timestamp; Type: COMMENT; Schema: silva; Owner: postgres
--

COMMENT ON COLUMN silva.fsp_status_code.update_timestamp IS 'The date and time the value was last modified.';


--
-- Name: harvest_auth_extend_reas_code; Type: TABLE; Schema: silva; Owner: postgres
--

CREATE TABLE silva.harvest_auth_extend_reas_code (
    harvest_auth_extend_reas_code character varying(1) NOT NULL,
    description character varying(120) NOT NULL,
    effective_date timestamp(0) without time zone NOT NULL,
    expiry_date timestamp(0) without time zone NOT NULL,
    update_timestamp timestamp(0) without time zone NOT NULL
);


ALTER TABLE silva.harvest_auth_extend_reas_code OWNER TO postgres;

--
-- Name: COLUMN harvest_auth_extend_reas_code.harvest_auth_extend_reas_code; Type: COMMENT; Schema: silva; Owner: postgres
--

COMMENT ON COLUMN silva.harvest_auth_extend_reas_code.harvest_auth_extend_reas_code IS 'Code to indicate the reason to extend the life of the timber mark.';


--
-- Name: COLUMN harvest_auth_extend_reas_code.description; Type: COMMENT; Schema: silva; Owner: postgres
--

COMMENT ON COLUMN silva.harvest_auth_extend_reas_code.description IS 'Description of the code';


--
-- Name: COLUMN harvest_auth_extend_reas_code.effective_date; Type: COMMENT; Schema: silva; Owner: postgres
--

COMMENT ON COLUMN silva.harvest_auth_extend_reas_code.effective_date IS 'Date the code is effective';


--
-- Name: COLUMN harvest_auth_extend_reas_code.expiry_date; Type: COMMENT; Schema: silva; Owner: postgres
--

COMMENT ON COLUMN silva.harvest_auth_extend_reas_code.expiry_date IS 'Date the code expires';


--
-- Name: COLUMN harvest_auth_extend_reas_code.update_timestamp; Type: COMMENT; Schema: silva; Owner: postgres
--

COMMENT ON COLUMN silva.harvest_auth_extend_reas_code.update_timestamp IS 'The date and time the value was last modified.';


--
-- Name: harvest_auth_status_code; Type: TABLE; Schema: silva; Owner: postgres
--

CREATE TABLE silva.harvest_auth_status_code (
    harvest_auth_status_code character varying(3) NOT NULL,
    description character varying(120) NOT NULL,
    effective_date timestamp(0) without time zone NOT NULL,
    expiry_date timestamp(0) without time zone NOT NULL,
    update_timestamp timestamp(0) without time zone NOT NULL
);


ALTER TABLE silva.harvest_auth_status_code OWNER TO postgres;

--
-- Name: COLUMN harvest_auth_status_code.harvest_auth_status_code; Type: COMMENT; Schema: silva; Owner: postgres
--

COMMENT ON COLUMN silva.harvest_auth_status_code.harvest_auth_status_code IS 'The after status image of the harvesting authority. The status indicates the point the harvesting authority is at in it"s lifecycle. Examples are: PP - Planning, HA - Harvesting, LC - Logging Complete, and S - Silviculture.';


--
-- Name: COLUMN harvest_auth_status_code.description; Type: COMMENT; Schema: silva; Owner: postgres
--

COMMENT ON COLUMN silva.harvest_auth_status_code.description IS 'Description of the code value';


--
-- Name: COLUMN harvest_auth_status_code.effective_date; Type: COMMENT; Schema: silva; Owner: postgres
--

COMMENT ON COLUMN silva.harvest_auth_status_code.effective_date IS 'Date the code becomes effective';


--
-- Name: COLUMN harvest_auth_status_code.expiry_date; Type: COMMENT; Schema: silva; Owner: postgres
--

COMMENT ON COLUMN silva.harvest_auth_status_code.expiry_date IS 'Date the code expires';


--
-- Name: COLUMN harvest_auth_status_code.update_timestamp; Type: COMMENT; Schema: silva; Owner: postgres
--

COMMENT ON COLUMN silva.harvest_auth_status_code.update_timestamp IS 'The date and time the value was last modified.';


--
-- Name: harvest_sale; Type: TABLE; Schema: silva; Owner: postgres
--

CREATE TABLE silva.harvest_sale (
    forest_file_id character varying(10) NOT NULL,
    sb_fund_ind character varying(1) DEFAULT 'N'::character varying NOT NULL,
    sale_method_code character varying(1),
    sale_type_cd character varying(2),
    planned_sale_date timestamp(0) without time zone,
    tender_opening_dt timestamp(0) without time zone,
    plnd_sb_cat_code character varying(1),
    sold_sb_cat_code character varying(1),
    total_bidders integer,
    lumpsum_bonus_amt numeric(11,2),
    cash_sale_est_vol numeric(13,2),
    cash_sale_tot_dol numeric(11,2),
    payment_method_cd character varying(1),
    salvage_ind character varying(1) DEFAULT 'N'::character varying NOT NULL,
    sale_volume bigint,
    admin_area_ind character varying(1) DEFAULT 'N'::character varying NOT NULL,
    minor_facility_ind character varying(1) DEFAULT 'N'::character varying NOT NULL,
    bcts_org_unit bigint,
    fta_bonus_bid numeric(11,2),
    fta_bonus_offer numeric(11,2),
    revision_count integer NOT NULL,
    entry_userid character varying(30) NOT NULL,
    entry_timestamp timestamp(0) without time zone NOT NULL,
    update_userid character varying(30) NOT NULL,
    update_timestamp timestamp(0) without time zone NOT NULL
);


ALTER TABLE silva.harvest_sale OWNER TO postgres;

--
-- Name: TABLE harvest_sale; Type: COMMENT; Schema: silva; Owner: postgres
--

COMMENT ON TABLE silva.harvest_sale IS 'Sale information relating to specific tenures, usually let via the competitive bid process. Information on planned sale and actual sale details are required for Small Business tenures.';


--
-- Name: COLUMN harvest_sale.forest_file_id; Type: COMMENT; Schema: silva; Owner: postgres
--

COMMENT ON COLUMN silva.harvest_sale.forest_file_id IS 'File identification assigned to Provincial Forest Use files. Assigned file number. Usually the Licence, Tenure or Private Mark number.';


--
-- Name: COLUMN harvest_sale.sb_fund_ind; Type: COMMENT; Schema: silva; Owner: postgres
--

COMMENT ON COLUMN silva.harvest_sale.sb_fund_ind IS 'See FTA data model for more details.';


--
-- Name: COLUMN harvest_sale.sale_method_code; Type: COMMENT; Schema: silva; Owner: postgres
--

COMMENT ON COLUMN silva.harvest_sale.sale_method_code IS 'Method for type of sale of timber under a tenure. Default: Sealed Tender.';


--
-- Name: COLUMN harvest_sale.sale_type_cd; Type: COMMENT; Schema: silva; Owner: postgres
--

COMMENT ON COLUMN silva.harvest_sale.sale_type_cd IS 'Describes the type of timber sale.';


--
-- Name: COLUMN harvest_sale.planned_sale_date; Type: COMMENT; Schema: silva; Owner: postgres
--

COMMENT ON COLUMN silva.harvest_sale.planned_sale_date IS 'Estimated sale date of tenure.';


--
-- Name: COLUMN harvest_sale.tender_opening_dt; Type: COMMENT; Schema: silva; Owner: postgres
--

COMMENT ON COLUMN silva.harvest_sale.tender_opening_dt IS 'The advertised date that sealed tenders will be opened or the date the auction was held.';


--
-- Name: COLUMN harvest_sale.plnd_sb_cat_code; Type: COMMENT; Schema: silva; Owner: postgres
--

COMMENT ON COLUMN silva.harvest_sale.plnd_sb_cat_code IS 'Describes the type of timber sale.';


--
-- Name: COLUMN harvest_sale.sold_sb_cat_code; Type: COMMENT; Schema: silva; Owner: postgres
--

COMMENT ON COLUMN silva.harvest_sale.sold_sb_cat_code IS 'Describes the type of timber sale.';


--
-- Name: COLUMN harvest_sale.total_bidders; Type: COMMENT; Schema: silva; Owner: postgres
--

COMMENT ON COLUMN silva.harvest_sale.total_bidders IS 'Total number of applicants that bid on this sale. To be eventually replaced by a calculated field.';


--
-- Name: COLUMN harvest_sale.lumpsum_bonus_amt; Type: COMMENT; Schema: silva; Owner: postgres
--

COMMENT ON COLUMN silva.harvest_sale.lumpsum_bonus_amt IS 'Lump sum bonus amount for securing harvesting rights on ministry controlled land.';


--
-- Name: COLUMN harvest_sale.cash_sale_est_vol; Type: COMMENT; Schema: silva; Owner: postgres
--

COMMENT ON COLUMN silva.harvest_sale.cash_sale_est_vol IS 'The estimated volume in cubic meters sold under a Cash Sale type Timber Mark. This is mandatory for Cash Sales, and the default is zero for non-cash sales.';


--
-- Name: COLUMN harvest_sale.cash_sale_tot_dol; Type: COMMENT; Schema: silva; Owner: postgres
--

COMMENT ON COLUMN silva.harvest_sale.cash_sale_tot_dol IS 'The total dollars received for a sale sold under a Cash Sale type Timber Mark. This is mandatory for cash sales, and defaults to zero for non-cash sales.';


--
-- Name: COLUMN harvest_sale.payment_method_cd; Type: COMMENT; Schema: silva; Owner: postgres
--

COMMENT ON COLUMN silva.harvest_sale.payment_method_cd IS 'The method of collecting the payment for the licence, such as "Cash" or "Automatic Invoice".';


--
-- Name: COLUMN harvest_sale.salvage_ind; Type: COMMENT; Schema: silva; Owner: postgres
--

COMMENT ON COLUMN silva.harvest_sale.salvage_ind IS 'Indicates if the timber sale is for salvage wood.';


--
-- Name: COLUMN harvest_sale.sale_volume; Type: COMMENT; Schema: silva; Owner: postgres
--

COMMENT ON COLUMN silva.harvest_sale.sale_volume IS 'The volume (m3) advertised for the sale; or, if not advertised, the volume offered for sale.';


--
-- Name: COLUMN harvest_sale.admin_area_ind; Type: COMMENT; Schema: silva; Owner: postgres
--

COMMENT ON COLUMN silva.harvest_sale.admin_area_ind IS 'Admin Area Indicator indicates whether cash sales are within an administrative area.';


--
-- Name: COLUMN harvest_sale.minor_facility_ind; Type: COMMENT; Schema: silva; Owner: postgres
--

COMMENT ON COLUMN silva.harvest_sale.minor_facility_ind IS 'Indicates whether a minor processing facility is on site with an active permit.';


--
-- Name: COLUMN harvest_sale.bcts_org_unit; Type: COMMENT; Schema: silva; Owner: postgres
--

COMMENT ON COLUMN silva.harvest_sale.bcts_org_unit IS 'Unique physical identifier for the storage of organizational unit codes for the Ministry of Forests offices. Values stored here are for the computers use only, and are not to be used by people as "ministry codes".';


--
-- Name: COLUMN harvest_sale.fta_bonus_bid; Type: COMMENT; Schema: silva; Owner: postgres
--

COMMENT ON COLUMN silva.harvest_sale.fta_bonus_bid IS 'The FTA BONUS BID is the amount paid out as a bonus for the award of the tenure.';


--
-- Name: COLUMN harvest_sale.fta_bonus_offer; Type: COMMENT; Schema: silva; Owner: postgres
--

COMMENT ON COLUMN silva.harvest_sale.fta_bonus_offer IS 'The FTA BONUS OFFER is the amount offered as a bonus for the award of the tenure.';


--
-- Name: COLUMN harvest_sale.revision_count; Type: COMMENT; Schema: silva; Owner: postgres
--

COMMENT ON COLUMN silva.harvest_sale.revision_count IS 'A count of the number of times an entry in the entity has been modified. Used to validate if the current information displayed on a user"s web browser is the most current.';


--
-- Name: COLUMN harvest_sale.entry_userid; Type: COMMENT; Schema: silva; Owner: postgres
--

COMMENT ON COLUMN silva.harvest_sale.entry_userid IS 'The unique user id of the resource who initially added the entry.';


--
-- Name: COLUMN harvest_sale.entry_timestamp; Type: COMMENT; Schema: silva; Owner: postgres
--

COMMENT ON COLUMN silva.harvest_sale.entry_timestamp IS 'Timestamp when the event information was entered.';


--
-- Name: COLUMN harvest_sale.update_userid; Type: COMMENT; Schema: silva; Owner: postgres
--

COMMENT ON COLUMN silva.harvest_sale.update_userid IS 'Id of user making last change to data.';


--
-- Name: COLUMN harvest_sale.update_timestamp; Type: COMMENT; Schema: silva; Owner: postgres
--

COMMENT ON COLUMN silva.harvest_sale.update_timestamp IS 'Timestamp of this data"s last update.';


--
-- Name: harvest_type_code; Type: TABLE; Schema: silva; Owner: postgres
--

CREATE TABLE silva.harvest_type_code (
    harvest_type_code character varying(1) NOT NULL,
    description character varying(120) NOT NULL,
    effective_date timestamp(0) without time zone NOT NULL,
    expiry_date timestamp(0) without time zone NOT NULL,
    update_timestamp timestamp(0) without time zone NOT NULL
);


ALTER TABLE silva.harvest_type_code OWNER TO postgres;

--
-- Name: COLUMN harvest_type_code.harvest_type_code; Type: COMMENT; Schema: silva; Owner: postgres
--

COMMENT ON COLUMN silva.harvest_type_code.harvest_type_code IS 'Identifies the type of harvesting authority. Valid values include "Green", "Road", "Multi-Mark", and "Fort St. John".';


--
-- Name: COLUMN harvest_type_code.description; Type: COMMENT; Schema: silva; Owner: postgres
--

COMMENT ON COLUMN silva.harvest_type_code.description IS 'Description of the code value';


--
-- Name: COLUMN harvest_type_code.effective_date; Type: COMMENT; Schema: silva; Owner: postgres
--

COMMENT ON COLUMN silva.harvest_type_code.effective_date IS 'Date the code becomes effective';


--
-- Name: COLUMN harvest_type_code.expiry_date; Type: COMMENT; Schema: silva; Owner: postgres
--

COMMENT ON COLUMN silva.harvest_type_code.expiry_date IS 'Date the code expires';


--
-- Name: COLUMN harvest_type_code.update_timestamp; Type: COMMENT; Schema: silva; Owner: postgres
--

COMMENT ON COLUMN silva.harvest_type_code.update_timestamp IS 'The date and time the value was last modified.';


--
-- Name: harvesting_authority; Type: TABLE; Schema: silva; Owner: postgres
--

CREATE TABLE silva.harvesting_authority (
    hva_skey bigint NOT NULL,
    forest_file_id character varying(10) NOT NULL,
    cutting_permit_id character varying(3),
    harvesting_authority_id character varying(30),
    forest_district bigint NOT NULL,
    district_admn_zone character varying(4),
    geographic_district bigint NOT NULL,
    mgmt_unit_id character varying(4),
    mgmt_unit_type_code character varying(1),
    licence_to_cut_code character varying(2),
    harvest_type_code character varying(1) NOT NULL,
    harvest_auth_status_code character varying(3),
    tenure_term integer,
    status_date timestamp(0) without time zone,
    issue_date timestamp(0) without time zone,
    expiry_date timestamp(0) without time zone,
    extend_date timestamp(0) without time zone,
    extend_count bigint,
    harvest_auth_extend_reas_code character varying(1),
    quota_type_code character varying(1),
    crown_lands_region_code character varying(1),
    salvage_type_code character varying(3),
    cascade_split_code character varying(1),
    catastrophic_ind character varying(1),
    crown_granted_ind character varying(1) NOT NULL,
    cruise_based_ind character varying(1) NOT NULL,
    deciduous_ind character varying(1) NOT NULL,
    bcaa_folio_number character varying(23),
    location character varying(100),
    higher_level_plan_reference character varying(30),
    harvest_area numeric(11,4),
    retirement_date timestamp(0) without time zone,
    revision_count integer NOT NULL,
    entry_userid character varying(30) NOT NULL,
    entry_timestamp timestamp(0) without time zone NOT NULL,
    update_userid character varying(30) NOT NULL,
    update_timestamp timestamp(0) without time zone NOT NULL,
    is_waste_assessment_required character varying(1) DEFAULT 'U'::character varying NOT NULL,
    is_cp_extensn_appl_fee_waived character varying(1) DEFAULT 'U'::character varying NOT NULL,
    is_cp_extension_appl_fee_paid character varying(1) DEFAULT 'U'::character varying NOT NULL,
    is_within_fibre_recovery_zone character varying(1) DEFAULT 'U'::character varying NOT NULL,
    harvesting_authority_guid uuid DEFAULT public.uuid_generate_v4() NOT NULL
);


ALTER TABLE silva.harvesting_authority OWNER TO postgres;

--
-- Name: TABLE harvesting_authority; Type: COMMENT; Schema: silva; Owner: postgres
--

COMMENT ON TABLE silva.harvesting_authority IS 'Information about the timber cutting permission for a timber tenure.';


--
-- Name: COLUMN harvesting_authority.hva_skey; Type: COMMENT; Schema: silva; Owner: postgres
--

COMMENT ON COLUMN silva.harvesting_authority.hva_skey IS 'Reference from FTA.';


--
-- Name: COLUMN harvesting_authority.forest_file_id; Type: COMMENT; Schema: silva; Owner: postgres
--

COMMENT ON COLUMN silva.harvesting_authority.forest_file_id IS 'File identification assigned to Provincial Forest Use files. Assigned file number. Usually the Licence, Tenure or Private Mark number.';


--
-- Name: COLUMN harvesting_authority.cutting_permit_id; Type: COMMENT; Schema: silva; Owner: postgres
--

COMMENT ON COLUMN silva.harvesting_authority.cutting_permit_id IS 'Identifier for a cutting permit associated with a quota type harvesting tenure.';


--
-- Name: COLUMN harvesting_authority.harvesting_authority_id; Type: COMMENT; Schema: silva; Owner: postgres
--

COMMENT ON COLUMN silva.harvesting_authority.harvesting_authority_id IS 'The licensee provided identifier for non-cp related harvesting tenure. E.g. Fort St. John harvesting authority.';


--
-- Name: COLUMN harvesting_authority.forest_district; Type: COMMENT; Schema: silva; Owner: postgres
--

COMMENT ON COLUMN silva.harvesting_authority.forest_district IS 'Unique physical identifier for the storage of organizational unit codes for the Ministry of Forests offices. Values stored here are for the computers use only, and are not to be used by people as "ministry codes".';


--
-- Name: COLUMN harvesting_authority.district_admn_zone; Type: COMMENT; Schema: silva; Owner: postgres
--

COMMENT ON COLUMN silva.harvesting_authority.district_admn_zone IS 'District Admin Zone is a free format field used internally by the districts to group files within a district for reporting purposes. Examples of use are setting the field to a geographic area or to a persons initials. Reports can be pulled off by District Admin Zone to aid work management. This field is not used by all districts.';


--
-- Name: COLUMN harvesting_authority.geographic_district; Type: COMMENT; Schema: silva; Owner: postgres
--

COMMENT ON COLUMN silva.harvesting_authority.geographic_district IS 'Unique physical identifier for the storage of organizational unit codes for the Ministry of Forests offices. Values stored here are for the computers use only, and are not to be used by people as "ministry codes".';


--
-- Name: COLUMN harvesting_authority.mgmt_unit_id; Type: COMMENT; Schema: silva; Owner: postgres
--

COMMENT ON COLUMN silva.harvesting_authority.mgmt_unit_id IS 'The administrative management unit identifier defined by the ministry for managing the forest tenure, eg. 41 - Dawson Creek TSA.';


--
-- Name: COLUMN harvesting_authority.mgmt_unit_type_code; Type: COMMENT; Schema: silva; Owner: postgres
--

COMMENT ON COLUMN silva.harvesting_authority.mgmt_unit_type_code IS 'The unique identifier for the management unit type.';


--
-- Name: COLUMN harvesting_authority.licence_to_cut_code; Type: COMMENT; Schema: silva; Owner: postgres
--

COMMENT ON COLUMN silva.harvesting_authority.licence_to_cut_code IS 'The purpose or reason that the licence to cut was granted, eg., right of way.';


--
-- Name: COLUMN harvesting_authority.harvest_type_code; Type: COMMENT; Schema: silva; Owner: postgres
--

COMMENT ON COLUMN silva.harvesting_authority.harvest_type_code IS 'Identifies the type of harvesting authority. Valid values include "Green", "Road", "Multi-Mark", and "Fort St. John".';


--
-- Name: COLUMN harvesting_authority.harvest_auth_status_code; Type: COMMENT; Schema: silva; Owner: postgres
--

COMMENT ON COLUMN silva.harvesting_authority.harvest_auth_status_code IS 'The after status image of the harvesting authority. The status indicates the point the harvesting authority is at in it"s lifecycle. Examples are: PP - Planning, HA - Harvesting, LC - Logging Complete, and S - Silviculture.';


--
-- Name: COLUMN harvesting_authority.tenure_term; Type: COMMENT; Schema: silva; Owner: postgres
--

COMMENT ON COLUMN silva.harvesting_authority.tenure_term IS 'Term of the tenure (in months).';


--
-- Name: COLUMN harvesting_authority.status_date; Type: COMMENT; Schema: silva; Owner: postgres
--

COMMENT ON COLUMN silva.harvesting_authority.status_date IS 'The date that the harvest authorization status was last updated.';


--
-- Name: COLUMN harvesting_authority.issue_date; Type: COMMENT; Schema: silva; Owner: postgres
--

COMMENT ON COLUMN silva.harvesting_authority.issue_date IS 'Date the harvest authorization was issued.';


--
-- Name: COLUMN harvesting_authority.expiry_date; Type: COMMENT; Schema: silva; Owner: postgres
--

COMMENT ON COLUMN silva.harvesting_authority.expiry_date IS 'Initial expiry date set upon activation of the harvest authorization.';


--
-- Name: COLUMN harvesting_authority.extend_date; Type: COMMENT; Schema: silva; Owner: postgres
--

COMMENT ON COLUMN silva.harvesting_authority.extend_date IS 'Date to which the harvest authorization validity has been extended. Current expiry date.';


--
-- Name: COLUMN harvesting_authority.extend_count; Type: COMMENT; Schema: silva; Owner: postgres
--

COMMENT ON COLUMN silva.harvesting_authority.extend_count IS 'Count of the number of extensions to the expiry date that the harvest authorization has had.';


--
-- Name: COLUMN harvesting_authority.harvest_auth_extend_reas_code; Type: COMMENT; Schema: silva; Owner: postgres
--

COMMENT ON COLUMN silva.harvesting_authority.harvest_auth_extend_reas_code IS 'Code to indicate the reason to extend the life of the timber mark.';


--
-- Name: COLUMN harvesting_authority.quota_type_code; Type: COMMENT; Schema: silva; Owner: postgres
--

COMMENT ON COLUMN silva.harvesting_authority.quota_type_code IS 'A Timber Supply Area will have volumes assigned to one or more partitions, which are in effect different timber type classifications, or geographic locations. Under each partition are the different apportionments. Examples of Partitions are Conventional';


--
-- Name: COLUMN harvesting_authority.crown_lands_region_code; Type: COMMENT; Schema: silva; Owner: postgres
--

COMMENT ON COLUMN silva.harvesting_authority.crown_lands_region_code IS 'Describes the CROWN LANDS REGION';


--
-- Name: COLUMN harvesting_authority.salvage_type_code; Type: COMMENT; Schema: silva; Owner: postgres
--

COMMENT ON COLUMN silva.harvesting_authority.salvage_type_code IS 'Code describing the salvage type.';


--
-- Name: COLUMN harvesting_authority.cascade_split_code; Type: COMMENT; Schema: silva; Owner: postgres
--

COMMENT ON COLUMN silva.harvesting_authority.cascade_split_code IS 'Code to indicate the administrative split for the timber mark, east or west of the Cascade Mountains, for tracking timber volume information.';


--
-- Name: COLUMN harvesting_authority.catastrophic_ind; Type: COMMENT; Schema: silva; Owner: postgres
--

COMMENT ON COLUMN silva.harvesting_authority.catastrophic_ind IS 'Indicates if the damage to the stand of timber is catastrophic. Otherwise, it is endemic.';


--
-- Name: COLUMN harvesting_authority.crown_granted_ind; Type: COMMENT; Schema: silva; Owner: postgres
--

COMMENT ON COLUMN silva.harvesting_authority.crown_granted_ind IS 'Indicator to signify whether the land that the timber mark pertains to has a verifiable crown grant document.';


--
-- Name: COLUMN harvesting_authority.cruise_based_ind; Type: COMMENT; Schema: silva; Owner: postgres
--

COMMENT ON COLUMN silva.harvesting_authority.cruise_based_ind IS 'Indicates whether a cruise was used for billing purposes.';


--
-- Name: COLUMN harvesting_authority.deciduous_ind; Type: COMMENT; Schema: silva; Owner: postgres
--

COMMENT ON COLUMN silva.harvesting_authority.deciduous_ind IS 'Indicates whether the timber mark is primarily for harvesting deciduous species. Otherwise, coniferous.';


--
-- Name: COLUMN harvesting_authority.bcaa_folio_number; Type: COMMENT; Schema: silva; Owner: postgres
--

COMMENT ON COLUMN silva.harvesting_authority.bcaa_folio_number IS 'BC Assessment Authority Folio Number for the land that the cutting permit/Timber Mark pertains to, if applicable, or the LTO number. BCAA Folio Numbers are in the format C15 733 06604.140-1-2; the format for LTO numbers is nnn-nnn-nnn.';


--
-- Name: COLUMN harvesting_authority.location; Type: COMMENT; Schema: silva; Owner: postgres
--

COMMENT ON COLUMN silva.harvesting_authority.location IS 'Contains the land legal information for the harvest authority. Land legal information indicates where the land is legally located, such as "Lot 3 of DL 343, Plan 3422".';


--
-- Name: COLUMN harvesting_authority.higher_level_plan_reference; Type: COMMENT; Schema: silva; Owner: postgres
--

COMMENT ON COLUMN silva.harvesting_authority.higher_level_plan_reference IS 'Indicates the higher level plan reference for the given harvest authority. E.g. For Fort St. John, this could be "Sustainable Forest Management Plan".';


--
-- Name: COLUMN harvesting_authority.harvest_area; Type: COMMENT; Schema: silva; Owner: postgres
--

COMMENT ON COLUMN silva.harvesting_authority.harvest_area IS 'Identifes the harvest area in hectares for harvesting authorites without spatial.';


--
-- Name: COLUMN harvesting_authority.retirement_date; Type: COMMENT; Schema: silva; Owner: postgres
--

COMMENT ON COLUMN silva.harvesting_authority.retirement_date IS 'The date the harvesting authority was retired from the spatial conflict layer.';


--
-- Name: COLUMN harvesting_authority.revision_count; Type: COMMENT; Schema: silva; Owner: postgres
--

COMMENT ON COLUMN silva.harvesting_authority.revision_count IS 'A count of the number of times an entry in the entity has been modified. Used to validate if the current information displayed on a user"s web browser is the most current.';


--
-- Name: COLUMN harvesting_authority.entry_userid; Type: COMMENT; Schema: silva; Owner: postgres
--

COMMENT ON COLUMN silva.harvesting_authority.entry_userid IS 'The unique user id of the resource who initially added the entry.';


--
-- Name: COLUMN harvesting_authority.entry_timestamp; Type: COMMENT; Schema: silva; Owner: postgres
--

COMMENT ON COLUMN silva.harvesting_authority.entry_timestamp IS 'Timestamp when the event information was entered.';


--
-- Name: COLUMN harvesting_authority.update_userid; Type: COMMENT; Schema: silva; Owner: postgres
--

COMMENT ON COLUMN silva.harvesting_authority.update_userid IS 'The userid of the individual who last updated this information.';


--
-- Name: COLUMN harvesting_authority.update_timestamp; Type: COMMENT; Schema: silva; Owner: postgres
--

COMMENT ON COLUMN silva.harvesting_authority.update_timestamp IS 'The date and time of the last update.';


--
-- Name: COLUMN harvesting_authority.is_waste_assessment_required; Type: COMMENT; Schema: silva; Owner: postgres
--

COMMENT ON COLUMN silva.harvesting_authority.is_waste_assessment_required IS 'A value indicating whether a harvesting Authority record requires waste assessment or not.';


--
-- Name: COLUMN harvesting_authority.is_cp_extensn_appl_fee_waived; Type: COMMENT; Schema: silva; Owner: postgres
--

COMMENT ON COLUMN silva.harvesting_authority.is_cp_extensn_appl_fee_waived IS 'A value that is mandatory on extension to indicate if the Extension application fee has been waived.';


--
-- Name: COLUMN harvesting_authority.is_cp_extension_appl_fee_paid; Type: COMMENT; Schema: silva; Owner: postgres
--

COMMENT ON COLUMN silva.harvesting_authority.is_cp_extension_appl_fee_paid IS 'A value to show if the extension application fee has been paid.N if IS_EXT_APP_FEE_WAIVED = "Y","U" otherwise. Not mandatory on extension';


--
-- Name: COLUMN harvesting_authority.is_within_fibre_recovery_zone; Type: COMMENT; Schema: silva; Owner: postgres
--

COMMENT ON COLUMN silva.harvesting_authority.is_within_fibre_recovery_zone IS 'A value to show whether a Cutting Permit is in Fibre Recovery Zones or not. The valid values include: "Y" it"s within the Fibre Recovery Zones "N" It"s not within the Fibre Recovery Zones "U" Unknown.';


--
-- Name: COLUMN harvesting_authority.harvesting_authority_guid; Type: COMMENT; Schema: silva; Owner: postgres
--

COMMENT ON COLUMN silva.harvesting_authority.harvesting_authority_guid IS 'Contains Harvesting Authority Global Unique Identifier';


--
-- Name: hauling_authority; Type: TABLE; Schema: silva; Owner: postgres
--

CREATE TABLE silva.hauling_authority (
    timber_mark character varying(6) NOT NULL,
    forest_file_id character varying(10),
    marking_method_code character varying(1),
    marking_instrument_code character varying(1),
    revision_count integer NOT NULL,
    entry_timestamp timestamp(0) without time zone NOT NULL,
    update_userid character varying(30) NOT NULL,
    update_timestamp timestamp(0) without time zone NOT NULL,
    entry_userid character varying(30) NOT NULL,
    hauling_authority_guid uuid DEFAULT public.uuid_generate_v4() NOT NULL
);


ALTER TABLE silva.hauling_authority OWNER TO postgres;

--
-- Name: TABLE hauling_authority; Type: COMMENT; Schema: silva; Owner: postgres
--

COMMENT ON TABLE silva.hauling_authority IS 'Information about the moving permission for a timber tenure. For some Road Permits and Licences to Cut, no moving permission is granted.';


--
-- Name: COLUMN hauling_authority.timber_mark; Type: COMMENT; Schema: silva; Owner: postgres
--

COMMENT ON COLUMN silva.hauling_authority.timber_mark IS 'See FTA data model for details.';


--
-- Name: COLUMN hauling_authority.forest_file_id; Type: COMMENT; Schema: silva; Owner: postgres
--

COMMENT ON COLUMN silva.hauling_authority.forest_file_id IS 'File identification assigned to Provincial Forest Use files. Assigned file number. Usually the Licence, Tenure or Private Mark number.';


--
-- Name: COLUMN hauling_authority.marking_method_code; Type: COMMENT; Schema: silva; Owner: postgres
--

COMMENT ON COLUMN silva.hauling_authority.marking_method_code IS 'Code indicating the method of marking the truckload of harvested timber.';


--
-- Name: COLUMN hauling_authority.marking_instrument_code; Type: COMMENT; Schema: silva; Owner: postgres
--

COMMENT ON COLUMN silva.hauling_authority.marking_instrument_code IS 'Code indicating the means of marking the timber for identification to the timber mark, eg., hammer, paint.';


--
-- Name: COLUMN hauling_authority.revision_count; Type: COMMENT; Schema: silva; Owner: postgres
--

COMMENT ON COLUMN silva.hauling_authority.revision_count IS 'A count of the number of times an entry in the entity has been modified. Used to validate if the current information displayed on a user"s web browser is the most current.';


--
-- Name: COLUMN hauling_authority.entry_timestamp; Type: COMMENT; Schema: silva; Owner: postgres
--

COMMENT ON COLUMN silva.hauling_authority.entry_timestamp IS 'Timestamp when the event information was entered.';


--
-- Name: COLUMN hauling_authority.update_userid; Type: COMMENT; Schema: silva; Owner: postgres
--

COMMENT ON COLUMN silva.hauling_authority.update_userid IS 'The userid of the individual who last updated this information.';


--
-- Name: COLUMN hauling_authority.update_timestamp; Type: COMMENT; Schema: silva; Owner: postgres
--

COMMENT ON COLUMN silva.hauling_authority.update_timestamp IS 'The date and time of the last update.';


--
-- Name: COLUMN hauling_authority.entry_userid; Type: COMMENT; Schema: silva; Owner: postgres
--

COMMENT ON COLUMN silva.hauling_authority.entry_userid IS 'The unique user id of the resource who initially added the entry.';


--
-- Name: COLUMN hauling_authority.hauling_authority_guid; Type: COMMENT; Schema: silva; Owner: postgres
--

COMMENT ON COLUMN silva.hauling_authority.hauling_authority_guid IS 'Contains Global Unique Identifier for Hauling Authority';


--
-- Name: height_class_code; Type: TABLE; Schema: silva; Owner: postgres
--

CREATE TABLE silva.height_class_code (
    height_class_code character varying(1) NOT NULL,
    description character varying(120) NOT NULL,
    effective_date timestamp(0) without time zone NOT NULL,
    expiry_date timestamp(0) without time zone NOT NULL,
    update_timestamp timestamp(0) without time zone NOT NULL
);


ALTER TABLE silva.height_class_code OWNER TO postgres;

--
-- Name: COLUMN height_class_code.height_class_code; Type: COMMENT; Schema: silva; Owner: postgres
--

COMMENT ON COLUMN silva.height_class_code.height_class_code IS 'The height clan code (or the primary tree species in the previous stand (for the area under the prescription).';


--
-- Name: COLUMN height_class_code.description; Type: COMMENT; Schema: silva; Owner: postgres
--

COMMENT ON COLUMN silva.height_class_code.description IS 'Full description of code value.';


--
-- Name: COLUMN height_class_code.effective_date; Type: COMMENT; Schema: silva; Owner: postgres
--

COMMENT ON COLUMN silva.height_class_code.effective_date IS 'The date the value is available for use.';


--
-- Name: COLUMN height_class_code.expiry_date; Type: COMMENT; Schema: silva; Owner: postgres
--

COMMENT ON COLUMN silva.height_class_code.expiry_date IS 'The date the value is no longer available for use.';


--
-- Name: COLUMN height_class_code.update_timestamp; Type: COMMENT; Schema: silva; Owner: postgres
--

COMMENT ON COLUMN silva.height_class_code.update_timestamp IS 'The date and time the value was last modified.';


--
-- Name: licence_to_cut_code; Type: TABLE; Schema: silva; Owner: postgres
--

CREATE TABLE silva.licence_to_cut_code (
    licence_to_cut_code character varying(2) NOT NULL,
    description character varying(120) NOT NULL,
    effective_date timestamp(0) without time zone NOT NULL,
    expiry_date timestamp(0) without time zone NOT NULL,
    update_timestamp timestamp(0) without time zone NOT NULL
);


ALTER TABLE silva.licence_to_cut_code OWNER TO postgres;

--
-- Name: COLUMN licence_to_cut_code.licence_to_cut_code; Type: COMMENT; Schema: silva; Owner: postgres
--

COMMENT ON COLUMN silva.licence_to_cut_code.licence_to_cut_code IS 'The purpose or reason that the licence to cut was granted, eg., right of way.';


--
-- Name: COLUMN licence_to_cut_code.description; Type: COMMENT; Schema: silva; Owner: postgres
--

COMMENT ON COLUMN silva.licence_to_cut_code.description IS 'Description of the code value';


--
-- Name: COLUMN licence_to_cut_code.effective_date; Type: COMMENT; Schema: silva; Owner: postgres
--

COMMENT ON COLUMN silva.licence_to_cut_code.effective_date IS 'Date the code becomes effective';


--
-- Name: COLUMN licence_to_cut_code.expiry_date; Type: COMMENT; Schema: silva; Owner: postgres
--

COMMENT ON COLUMN silva.licence_to_cut_code.expiry_date IS 'Date the code expires';


--
-- Name: COLUMN licence_to_cut_code.update_timestamp; Type: COMMENT; Schema: silva; Owner: postgres
--

COMMENT ON COLUMN silva.licence_to_cut_code.update_timestamp IS 'The date and time the value was last modified.';


--
-- Name: mark_extension_reason_code; Type: TABLE; Schema: silva; Owner: postgres
--

CREATE TABLE silva.mark_extension_reason_code (
    mark_extension_reason_code character varying(1) NOT NULL,
    description character varying(120) NOT NULL,
    effective_date timestamp(0) without time zone NOT NULL,
    expiry_date timestamp(0) without time zone NOT NULL,
    update_timestamp timestamp(0) without time zone NOT NULL
);


ALTER TABLE silva.mark_extension_reason_code OWNER TO postgres;

--
-- Name: COLUMN mark_extension_reason_code.mark_extension_reason_code; Type: COMMENT; Schema: silva; Owner: postgres
--

COMMENT ON COLUMN silva.mark_extension_reason_code.mark_extension_reason_code IS 'Code to indicate the reason to extend the life of the timber mark.';


--
-- Name: COLUMN mark_extension_reason_code.effective_date; Type: COMMENT; Schema: silva; Owner: postgres
--

COMMENT ON COLUMN silva.mark_extension_reason_code.effective_date IS 'Date the code is effective';


--
-- Name: COLUMN mark_extension_reason_code.expiry_date; Type: COMMENT; Schema: silva; Owner: postgres
--

COMMENT ON COLUMN silva.mark_extension_reason_code.expiry_date IS 'Date the code expires';


--
-- Name: COLUMN mark_extension_reason_code.update_timestamp; Type: COMMENT; Schema: silva; Owner: postgres
--

COMMENT ON COLUMN silva.mark_extension_reason_code.update_timestamp IS 'The date and time the value was last modified.';


--
-- Name: marking_instrument_code; Type: TABLE; Schema: silva; Owner: postgres
--

CREATE TABLE silva.marking_instrument_code (
    marking_instrument_code character varying(1) NOT NULL,
    description character varying(120) NOT NULL,
    effective_date timestamp(0) without time zone NOT NULL,
    expiry_date timestamp(0) without time zone NOT NULL,
    update_timestamp timestamp(0) without time zone NOT NULL
);


ALTER TABLE silva.marking_instrument_code OWNER TO postgres;

--
-- Name: COLUMN marking_instrument_code.marking_instrument_code; Type: COMMENT; Schema: silva; Owner: postgres
--

COMMENT ON COLUMN silva.marking_instrument_code.marking_instrument_code IS 'Code indicating the means of marking the timber for identification to the timber mark, eg., hammer, paint.';


--
-- Name: COLUMN marking_instrument_code.description; Type: COMMENT; Schema: silva; Owner: postgres
--

COMMENT ON COLUMN silva.marking_instrument_code.description IS 'Description of the code';


--
-- Name: COLUMN marking_instrument_code.effective_date; Type: COMMENT; Schema: silva; Owner: postgres
--

COMMENT ON COLUMN silva.marking_instrument_code.effective_date IS 'Date the code is effective';


--
-- Name: COLUMN marking_instrument_code.expiry_date; Type: COMMENT; Schema: silva; Owner: postgres
--

COMMENT ON COLUMN silva.marking_instrument_code.expiry_date IS 'Date the code expires';


--
-- Name: COLUMN marking_instrument_code.update_timestamp; Type: COMMENT; Schema: silva; Owner: postgres
--

COMMENT ON COLUMN silva.marking_instrument_code.update_timestamp IS 'The date and time the value was last modified.';


--
-- Name: marking_method_code; Type: TABLE; Schema: silva; Owner: postgres
--

CREATE TABLE silva.marking_method_code (
    marking_method_code character varying(1) NOT NULL,
    description character varying(120) NOT NULL,
    effective_date timestamp(0) without time zone NOT NULL,
    expiry_date timestamp(0) without time zone NOT NULL,
    update_timestamp timestamp(0) without time zone NOT NULL
);


ALTER TABLE silva.marking_method_code OWNER TO postgres;

--
-- Name: COLUMN marking_method_code.marking_method_code; Type: COMMENT; Schema: silva; Owner: postgres
--

COMMENT ON COLUMN silva.marking_method_code.marking_method_code IS 'Code indicating the method of marking the truckload of harvested timber.';


--
-- Name: COLUMN marking_method_code.description; Type: COMMENT; Schema: silva; Owner: postgres
--

COMMENT ON COLUMN silva.marking_method_code.description IS 'Description of the code';


--
-- Name: COLUMN marking_method_code.effective_date; Type: COMMENT; Schema: silva; Owner: postgres
--

COMMENT ON COLUMN silva.marking_method_code.effective_date IS 'Date the code is effective';


--
-- Name: COLUMN marking_method_code.expiry_date; Type: COMMENT; Schema: silva; Owner: postgres
--

COMMENT ON COLUMN silva.marking_method_code.expiry_date IS 'Date the code expires';


--
-- Name: COLUMN marking_method_code.update_timestamp; Type: COMMENT; Schema: silva; Owner: postgres
--

COMMENT ON COLUMN silva.marking_method_code.update_timestamp IS 'The date and time the value was last modified.';


--
-- Name: mgmt_unit_type_code; Type: TABLE; Schema: silva; Owner: postgres
--

CREATE TABLE silva.mgmt_unit_type_code (
    mgmt_unit_type_code character varying(1) NOT NULL,
    description character varying(120) NOT NULL,
    effective_date timestamp(0) without time zone NOT NULL,
    expiry_date timestamp(0) without time zone NOT NULL,
    update_timestamp timestamp(0) without time zone NOT NULL
);


ALTER TABLE silva.mgmt_unit_type_code OWNER TO postgres;

--
-- Name: COLUMN mgmt_unit_type_code.mgmt_unit_type_code; Type: COMMENT; Schema: silva; Owner: postgres
--

COMMENT ON COLUMN silva.mgmt_unit_type_code.mgmt_unit_type_code IS 'The unique identifier for the management unit type.';


--
-- Name: COLUMN mgmt_unit_type_code.description; Type: COMMENT; Schema: silva; Owner: postgres
--

COMMENT ON COLUMN silva.mgmt_unit_type_code.description IS 'The full description of the value.';


--
-- Name: COLUMN mgmt_unit_type_code.effective_date; Type: COMMENT; Schema: silva; Owner: postgres
--

COMMENT ON COLUMN silva.mgmt_unit_type_code.effective_date IS 'The date the value is available for use.';


--
-- Name: COLUMN mgmt_unit_type_code.expiry_date; Type: COMMENT; Schema: silva; Owner: postgres
--

COMMENT ON COLUMN silva.mgmt_unit_type_code.expiry_date IS 'The date after which the value is no longer available for use.';


--
-- Name: COLUMN mgmt_unit_type_code.update_timestamp; Type: COMMENT; Schema: silva; Owner: postgres
--

COMMENT ON COLUMN silva.mgmt_unit_type_code.update_timestamp IS 'The date and time the value was last modified.';


--
-- Name: mime_type_code; Type: TABLE; Schema: silva; Owner: postgres
--

CREATE TABLE silva.mime_type_code (
    mime_type_code character varying(3) NOT NULL,
    description character varying(120) NOT NULL,
    effective_date timestamp(0) without time zone NOT NULL,
    expiry_date timestamp(0) without time zone NOT NULL,
    update_timestamp timestamp(0) without time zone NOT NULL
);


ALTER TABLE silva.mime_type_code OWNER TO postgres;

--
-- Name: COLUMN mime_type_code.mime_type_code; Type: COMMENT; Schema: silva; Owner: postgres
--

COMMENT ON COLUMN silva.mime_type_code.mime_type_code IS 'Multipurpose Internet Mail Extension (MIME) type is the method used by Web browsers to associate files of a certain type with helper applications that display files of that type.';


--
-- Name: COLUMN mime_type_code.description; Type: COMMENT; Schema: silva; Owner: postgres
--

COMMENT ON COLUMN silva.mime_type_code.description IS 'The full description of the value.';


--
-- Name: COLUMN mime_type_code.effective_date; Type: COMMENT; Schema: silva; Owner: postgres
--

COMMENT ON COLUMN silva.mime_type_code.effective_date IS 'The date the value is available for use.';


--
-- Name: COLUMN mime_type_code.expiry_date; Type: COMMENT; Schema: silva; Owner: postgres
--

COMMENT ON COLUMN silva.mime_type_code.expiry_date IS 'The date after which the value is no longer available for use.';


--
-- Name: COLUMN mime_type_code.update_timestamp; Type: COMMENT; Schema: silva; Owner: postgres
--

COMMENT ON COLUMN silva.mime_type_code.update_timestamp IS 'The date and time the value was last modified.';


--
-- Name: open_category_code; Type: TABLE; Schema: silva; Owner: postgres
--

CREATE TABLE silva.open_category_code (
    open_category_code character varying(7) NOT NULL,
    description character varying(120) NOT NULL,
    effective_date timestamp(0) without time zone NOT NULL,
    expiry_date timestamp(0) without time zone NOT NULL,
    update_timestamp timestamp(0) without time zone NOT NULL
);


ALTER TABLE silva.open_category_code OWNER TO postgres;

--
-- Name: COLUMN open_category_code.open_category_code; Type: COMMENT; Schema: silva; Owner: postgres
--

COMMENT ON COLUMN silva.open_category_code.open_category_code IS 'A code used to describe the category for the opening. The opening categories reference the governing applicable legislation and are determined by responsibility, opening origin, tenure type and prescription type.';


--
-- Name: COLUMN open_category_code.description; Type: COMMENT; Schema: silva; Owner: postgres
--

COMMENT ON COLUMN silva.open_category_code.description IS 'Full description of code value.';


--
-- Name: COLUMN open_category_code.effective_date; Type: COMMENT; Schema: silva; Owner: postgres
--

COMMENT ON COLUMN silva.open_category_code.effective_date IS 'The date the value is available for use.';


--
-- Name: COLUMN open_category_code.expiry_date; Type: COMMENT; Schema: silva; Owner: postgres
--

COMMENT ON COLUMN silva.open_category_code.expiry_date IS 'The date the value is no longer available for use.';


--
-- Name: COLUMN open_category_code.update_timestamp; Type: COMMENT; Schema: silva; Owner: postgres
--

COMMENT ON COLUMN silva.open_category_code.update_timestamp IS 'The date and time the value was last modified.';


--
-- Name: open_viewable_category; Type: TABLE; Schema: silva; Owner: postgres
--

CREATE TABLE silva.open_viewable_category (
    open_category_code character varying(7) NOT NULL,
    opening_status_code character varying(3),
    viewable_ind character varying(1) DEFAULT 'N'::character varying NOT NULL
);


ALTER TABLE silva.open_viewable_category OWNER TO postgres;

--
-- Name: TABLE open_viewable_category; Type: COMMENT; Schema: silva; Owner: postgres
--

COMMENT ON TABLE silva.open_viewable_category IS 'OPEN_VIEWABLE_CATEGORY identifies the open categories that can be accessed by all licensees using the application. The system must use this stored information as a means to allow access for all users to openings that have an opening category with this designation enabled or openings in a Free Growing status. All other opening categories will continue to be restricted based on the current business rules.';


--
-- Name: COLUMN open_viewable_category.open_category_code; Type: COMMENT; Schema: silva; Owner: postgres
--

COMMENT ON COLUMN silva.open_viewable_category.open_category_code IS 'A code used to describe the category for the opening. The opening categories reference the governing applicable legislation and are determined by responsibility, opening origin, tenure type and prescription type.';


--
-- Name: COLUMN open_viewable_category.opening_status_code; Type: COMMENT; Schema: silva; Owner: postgres
--

COMMENT ON COLUMN silva.open_viewable_category.opening_status_code IS 'A code indicating the status of the prescription. Examples include but are not limited to DFT (draft) and APP (approved). A subset of the STATUS_CODE table.';


--
-- Name: COLUMN open_viewable_category.viewable_ind; Type: COMMENT; Schema: silva; Owner: postgres
--

COMMENT ON COLUMN silva.open_viewable_category.viewable_ind IS 'Indicates whether the category is viewable for all users in RESULTS. Allowable values are "Y" and "N".';


--
-- Name: opening; Type: TABLE; Schema: silva; Owner: postgres
--

CREATE TABLE silva.opening (
    opening_id bigint NOT NULL,
    geo_district_no bigint NOT NULL,
    admin_district_no bigint NOT NULL,
    mapsheet_grid character varying(3),
    mapsheet_letter character varying(1),
    mapsheet_square character varying(3),
    mapsheet_quad character varying(1),
    mapsheet_sub_quad character varying(1),
    opening_number character varying(4),
    opening_locn_name character varying(30),
    open_category_code character varying(7) NOT NULL,
    licensee_opening_id character varying(30),
    tsb_number_code character varying(3),
    opening_status_code character varying(3) NOT NULL,
    org_unit_no bigint,
    dist_admin_zone character varying(2),
    max_allow_permnt_access_pct numeric(3,1),
    prev_age_class_code character varying(1),
    prev_site_index integer,
    prev_site_index_source_code character varying(1),
    prev_height_class_code character varying(1),
    prev_site_class_code character varying(1),
    prev_stocking_class_code character varying(1),
    prev_stocking_status_code character varying(3),
    prev_tree_spp1_code character varying(8),
    prev_tree_spp2_code character varying(8),
    app_ent_by_userid character varying(30),
    approve_date timestamp(0) without time zone,
    amendment_ind character varying(1),
    results_submission_id bigint,
    entry_userid character varying(30) NOT NULL,
    entry_timestamp timestamp(0) without time zone NOT NULL,
    update_userid character varying(30) NOT NULL,
    update_timestamp timestamp(0) without time zone NOT NULL,
    revision_count integer NOT NULL
);


ALTER TABLE silva.opening OWNER TO postgres;

--
-- Name: TABLE opening; Type: COMMENT; Schema: silva; Owner: postgres
--

COMMENT ON TABLE silva.opening IS 'The administrative boundary of an area of land on which silviculture activities are planned and completed.';


--
-- Name: COLUMN opening.opening_id; Type: COMMENT; Schema: silva; Owner: postgres
--

COMMENT ON COLUMN silva.opening.opening_id IS 'System generated value uniquely identifying the opening.';


--
-- Name: COLUMN opening.geo_district_no; Type: COMMENT; Schema: silva; Owner: postgres
--

COMMENT ON COLUMN silva.opening.geo_district_no IS 'Unique physical identifier for the storage of organizational unit codes for the Ministry of Forests" offices. Values stored here are for the computer"s use only, and are not to be used by people as "ministry codes".';


--
-- Name: COLUMN opening.admin_district_no; Type: COMMENT; Schema: silva; Owner: postgres
--

COMMENT ON COLUMN silva.opening.admin_district_no IS 'Unique physical identifier for the storage of organizational unit codes for the Ministry of Forests" offices. Values stored here are for the computer"s use only, and are not to be used by people as "ministry codes".';


--
-- Name: COLUMN opening.mapsheet_grid; Type: COMMENT; Schema: silva; Owner: postgres
--

COMMENT ON COLUMN silva.opening.mapsheet_grid IS 'NTG or BCGS grid. Values are 82, 83, 92, 93, 94, 95, 102, 103,104, 114.';


--
-- Name: COLUMN opening.mapsheet_letter; Type: COMMENT; Schema: silva; Owner: postgres
--

COMMENT ON COLUMN silva.opening.mapsheet_letter IS 'BCGS/NTG letter. Values are A - P, and W.';


--
-- Name: COLUMN opening.mapsheet_square; Type: COMMENT; Schema: silva; Owner: postgres
--

COMMENT ON COLUMN silva.opening.mapsheet_square IS 'BCGS NUMBER or NTG NUMBER and LETTER. BCGS NUMBER values are 1-100, and NTG NUMBER values are 1-16 with NTG LETTER values A - H, and W.';


--
-- Name: COLUMN opening.mapsheet_quad; Type: COMMENT; Schema: silva; Owner: postgres
--

COMMENT ON COLUMN silva.opening.mapsheet_quad IS 'Quadrant. Blank if NTG number value entered; 0 - 4 if BCGS number entered.';


--
-- Name: COLUMN opening.mapsheet_sub_quad; Type: COMMENT; Schema: silva; Owner: postgres
--

COMMENT ON COLUMN silva.opening.mapsheet_sub_quad IS 'Sub-Quadrant. Blank if NTG number value entered; 0 - 4 if BCGS number entered.';


--
-- Name: COLUMN opening.opening_number; Type: COMMENT; Schema: silva; Owner: postgres
--

COMMENT ON COLUMN silva.opening.opening_number IS 'An unique identifier up to four characters long that describes the opening on a specified mapsheet.';


--
-- Name: COLUMN opening.opening_locn_name; Type: COMMENT; Schema: silva; Owner: postgres
--

COMMENT ON COLUMN silva.opening.opening_locn_name IS 'A descriptive name of the geographic location of the opening.';


--
-- Name: COLUMN opening.open_category_code; Type: COMMENT; Schema: silva; Owner: postgres
--

COMMENT ON COLUMN silva.opening.open_category_code IS 'A code used to describe the category for the opening. The opening categories reference the governing applicable legislation and are determined by responsibility, opening origin, tenure type and prescription type.';


--
-- Name: COLUMN opening.licensee_opening_id; Type: COMMENT; Schema: silva; Owner: postgres
--

COMMENT ON COLUMN silva.opening.licensee_opening_id IS 'A unique identifier provided by the Licensee to identify the Opening Number.';


--
-- Name: COLUMN opening.tsb_number_code; Type: COMMENT; Schema: silva; Owner: postgres
--

COMMENT ON COLUMN silva.opening.tsb_number_code IS 'The unique code identifying a Timber Supply Block.';


--
-- Name: COLUMN opening.opening_status_code; Type: COMMENT; Schema: silva; Owner: postgres
--

COMMENT ON COLUMN silva.opening.opening_status_code IS 'A code indicating the status of the opening. Examples include but are not limited to DFT (draft) and APP (approved). A subset of the STATUS_CODE table.';


--
-- Name: COLUMN opening.org_unit_no; Type: COMMENT; Schema: silva; Owner: postgres
--

COMMENT ON COLUMN silva.opening.org_unit_no IS 'Unique physical identifier for the storage of organizational unit codes for the Ministry of Forests" offices. Values stored here are for the computer"s use only, and are not to be used by people as "ministry codes".';


--
-- Name: COLUMN opening.dist_admin_zone; Type: COMMENT; Schema: silva; Owner: postgres
--

COMMENT ON COLUMN silva.opening.dist_admin_zone IS 'The code for the district zone where the opening is located. Codes are unique within each district.';


--
-- Name: COLUMN opening.max_allow_permnt_access_pct; Type: COMMENT; Schema: silva; Owner: postgres
--

COMMENT ON COLUMN silva.opening.max_allow_permnt_access_pct IS 'Maximum percentage of the Total Area Under the Prescription that may be occupied by permanent access structures, including roads, landings, gravel pits, borrow pits or other.';


--
-- Name: COLUMN opening.prev_age_class_code; Type: COMMENT; Schema: silva; Owner: postgres
--

COMMENT ON COLUMN silva.opening.prev_age_class_code IS 'The age classification of the primary tree species in the previous stand (for the area under the prescription).';


--
-- Name: COLUMN opening.prev_site_index; Type: COMMENT; Schema: silva; Owner: postgres
--

COMMENT ON COLUMN silva.opening.prev_site_index IS 'The site index for the primary tree species in the previous stand (for the area under the prescription).';


--
-- Name: COLUMN opening.prev_site_index_source_code; Type: COMMENT; Schema: silva; Owner: postgres
--

COMMENT ON COLUMN silva.opening.prev_site_index_source_code IS 'The site index source code for the primary tree species in the previous stand (for the area under the opening).';


--
-- Name: COLUMN opening.prev_height_class_code; Type: COMMENT; Schema: silva; Owner: postgres
--

COMMENT ON COLUMN silva.opening.prev_height_class_code IS 'The height clan code (or the primary tree species in the previous stand (for the area under the prescription).';


--
-- Name: COLUMN opening.prev_site_class_code; Type: COMMENT; Schema: silva; Owner: postgres
--

COMMENT ON COLUMN silva.opening.prev_site_class_code IS 'This code indicates the quality of the land. Note: This column is not maintained by the system.';


--
-- Name: COLUMN opening.prev_stocking_class_code; Type: COMMENT; Schema: silva; Owner: postgres
--

COMMENT ON COLUMN silva.opening.prev_stocking_class_code IS 'The stocking class code for the primary tree species in the previous stand (for the area under the prescription).';


--
-- Name: COLUMN opening.prev_stocking_status_code; Type: COMMENT; Schema: silva; Owner: postgres
--

COMMENT ON COLUMN silva.opening.prev_stocking_status_code IS 'A code to describe the previous stand type for the area under the prescription.';


--
-- Name: COLUMN opening.prev_tree_spp1_code; Type: COMMENT; Schema: silva; Owner: postgres
--

COMMENT ON COLUMN silva.opening.prev_tree_spp1_code IS 'The secondary tree species of Crown timber that was cut, damaged, destroyed or removed without authority';


--
-- Name: COLUMN opening.prev_tree_spp2_code; Type: COMMENT; Schema: silva; Owner: postgres
--

COMMENT ON COLUMN silva.opening.prev_tree_spp2_code IS 'The secondary tree species of Crown timber that was cut, damaged, destroyed or removed without authority';


--
-- Name: COLUMN opening.app_ent_by_userid; Type: COMMENT; Schema: silva; Owner: postgres
--

COMMENT ON COLUMN silva.opening.app_ent_by_userid IS 'The userid of the individual who entered the prescription information.';


--
-- Name: COLUMN opening.approve_date; Type: COMMENT; Schema: silva; Owner: postgres
--

COMMENT ON COLUMN silva.opening.approve_date IS 'The date on which the prescription was approved.';


--
-- Name: COLUMN opening.amendment_ind; Type: COMMENT; Schema: silva; Owner: postgres
--

COMMENT ON COLUMN silva.opening.amendment_ind IS 'A Y/N indicator, indicating if the prescription has been amended.';


--
-- Name: COLUMN opening.results_submission_id; Type: COMMENT; Schema: silva; Owner: postgres
--

COMMENT ON COLUMN silva.opening.results_submission_id IS 'Used to link information about a data submission. A submission may have many rows of Silviculture (Form A), Activities (Form B), and Forest Cover/Milestones (Form C) information. This attribute will be receiving a system generated number from the Electronic Submission Framework.';


--
-- Name: COLUMN opening.entry_userid; Type: COMMENT; Schema: silva; Owner: postgres
--

COMMENT ON COLUMN silva.opening.entry_userid IS 'The USERID of the individual who entered the information.';


--
-- Name: COLUMN opening.entry_timestamp; Type: COMMENT; Schema: silva; Owner: postgres
--

COMMENT ON COLUMN silva.opening.entry_timestamp IS 'The date and time the information was entered.';


--
-- Name: COLUMN opening.update_userid; Type: COMMENT; Schema: silva; Owner: postgres
--

COMMENT ON COLUMN silva.opening.update_userid IS 'The USERID of the individual who last updated the information.';


--
-- Name: COLUMN opening.update_timestamp; Type: COMMENT; Schema: silva; Owner: postgres
--

COMMENT ON COLUMN silva.opening.update_timestamp IS 'The date and time of the last update.';


--
-- Name: COLUMN opening.revision_count; Type: COMMENT; Schema: silva; Owner: postgres
--

COMMENT ON COLUMN silva.opening.revision_count IS 'A counter identifying the number of times this record as been modified. Used in the web page access to determine if the record as been modified since the data was first retrieved.';


--
-- Name: opening_amendment_history; Type: TABLE; Schema: silva; Owner: postgres
--

CREATE TABLE silva.opening_amendment_history (
    opening_id bigint NOT NULL,
    opening_amendment_number integer NOT NULL,
    amendment_userid character varying(30) NOT NULL,
    amendment_date timestamp(0) without time zone NOT NULL,
    submitted_by_userid character varying(30),
    submitted_date timestamp(0) without time zone,
    app_ent_by_userid character varying(30),
    approve_date timestamp(0) without time zone,
    entry_userid character varying(30) NOT NULL,
    entry_timestamp timestamp(0) without time zone NOT NULL,
    update_userid character varying(30) NOT NULL,
    update_timestamp timestamp(0) without time zone NOT NULL,
    revision_count integer NOT NULL
);


ALTER TABLE silva.opening_amendment_history OWNER TO postgres;

--
-- Name: TABLE opening_amendment_history; Type: COMMENT; Schema: silva; Owner: postgres
--

COMMENT ON TABLE silva.opening_amendment_history IS 'Shows history of amendments made to an opening. Keeps track of dates, times, user identification and user name.';


--
-- Name: COLUMN opening_amendment_history.opening_id; Type: COMMENT; Schema: silva; Owner: postgres
--

COMMENT ON COLUMN silva.opening_amendment_history.opening_id IS 'System generated value uniquely identifying the opening.';


--
-- Name: COLUMN opening_amendment_history.opening_amendment_number; Type: COMMENT; Schema: silva; Owner: postgres
--

COMMENT ON COLUMN silva.opening_amendment_history.opening_amendment_number IS 'A system generated value uniquely identifying an amendment.';


--
-- Name: COLUMN opening_amendment_history.amendment_userid; Type: COMMENT; Schema: silva; Owner: postgres
--

COMMENT ON COLUMN silva.opening_amendment_history.amendment_userid IS 'The user ID of the person who initiates the amendment. Changes the status from APP to AMD.';


--
-- Name: COLUMN opening_amendment_history.amendment_date; Type: COMMENT; Schema: silva; Owner: postgres
--

COMMENT ON COLUMN silva.opening_amendment_history.amendment_date IS 'The date the amendment was first initiated.';


--
-- Name: COLUMN opening_amendment_history.submitted_by_userid; Type: COMMENT; Schema: silva; Owner: postgres
--

COMMENT ON COLUMN silva.opening_amendment_history.submitted_by_userid IS 'The USERID of the person who submitted the amendment.';


--
-- Name: COLUMN opening_amendment_history.submitted_date; Type: COMMENT; Schema: silva; Owner: postgres
--

COMMENT ON COLUMN silva.opening_amendment_history.submitted_date IS 'The date and time the amendment was submitted.';


--
-- Name: COLUMN opening_amendment_history.app_ent_by_userid; Type: COMMENT; Schema: silva; Owner: postgres
--

COMMENT ON COLUMN silva.opening_amendment_history.app_ent_by_userid IS 'The userid of the individual who entered the prescription information.';


--
-- Name: COLUMN opening_amendment_history.approve_date; Type: COMMENT; Schema: silva; Owner: postgres
--

COMMENT ON COLUMN silva.opening_amendment_history.approve_date IS 'The date that SP or amendment has been approved (or put into effect (for MoF SP"s).';


--
-- Name: COLUMN opening_amendment_history.entry_userid; Type: COMMENT; Schema: silva; Owner: postgres
--

COMMENT ON COLUMN silva.opening_amendment_history.entry_userid IS 'The USERID of the individual who entered the information.';


--
-- Name: COLUMN opening_amendment_history.entry_timestamp; Type: COMMENT; Schema: silva; Owner: postgres
--

COMMENT ON COLUMN silva.opening_amendment_history.entry_timestamp IS 'The date and time the information was entered.';


--
-- Name: COLUMN opening_amendment_history.update_userid; Type: COMMENT; Schema: silva; Owner: postgres
--

COMMENT ON COLUMN silva.opening_amendment_history.update_userid IS 'The USERID of the individual who last updated the information.';


--
-- Name: COLUMN opening_amendment_history.update_timestamp; Type: COMMENT; Schema: silva; Owner: postgres
--

COMMENT ON COLUMN silva.opening_amendment_history.update_timestamp IS 'The date and time of the last update.';


--
-- Name: COLUMN opening_amendment_history.revision_count; Type: COMMENT; Schema: silva; Owner: postgres
--

COMMENT ON COLUMN silva.opening_amendment_history.revision_count IS 'Internal counter used by the system to avoid conflicting updates to the record.';


--
-- Name: opening_attachment; Type: TABLE; Schema: silva; Owner: postgres
--

CREATE TABLE silva.opening_attachment (
    opening_attachment_file_id bigint NOT NULL,
    opening_id bigint NOT NULL,
    attachment_name character varying(50) NOT NULL,
    attachment_description character varying(120),
    mime_type_code character varying(3),
    attachment_data bytea NOT NULL,
    entry_userid character varying(30) NOT NULL,
    entry_timestamp timestamp(0) without time zone NOT NULL,
    update_userid character varying(30) NOT NULL,
    update_timestamp timestamp(0) without time zone NOT NULL,
    revision_count integer NOT NULL,
    opening_attachment_guid uuid DEFAULT public.uuid_generate_v4() NOT NULL
);


ALTER TABLE silva.opening_attachment OWNER TO postgres;

--
-- Name: TABLE opening_attachment; Type: COMMENT; Schema: silva; Owner: postgres
--

COMMENT ON TABLE silva.opening_attachment IS 'A file attached to an Opening for purpose of clarification or exhibit.';


--
-- Name: COLUMN opening_attachment.opening_attachment_file_id; Type: COMMENT; Schema: silva; Owner: postgres
--

COMMENT ON COLUMN silva.opening_attachment.opening_attachment_file_id IS 'Uniquely identifies the attached file.';


--
-- Name: COLUMN opening_attachment.opening_id; Type: COMMENT; Schema: silva; Owner: postgres
--

COMMENT ON COLUMN silva.opening_attachment.opening_id IS 'System generated value uniquely identifying the opening.';


--
-- Name: COLUMN opening_attachment.attachment_name; Type: COMMENT; Schema: silva; Owner: postgres
--

COMMENT ON COLUMN silva.opening_attachment.attachment_name IS 'File name, not including the path, of the attached file at the time it was uploaded.';


--
-- Name: COLUMN opening_attachment.attachment_description; Type: COMMENT; Schema: silva; Owner: postgres
--

COMMENT ON COLUMN silva.opening_attachment.attachment_description IS 'Short description of the contents of the file.';


--
-- Name: COLUMN opening_attachment.mime_type_code; Type: COMMENT; Schema: silva; Owner: postgres
--

COMMENT ON COLUMN silva.opening_attachment.mime_type_code IS 'Multipurpose Internet Mail Extension (MIME) type is the method used by Web browsers to associate files of a certain type with helper applications that display files of that type.';


--
-- Name: COLUMN opening_attachment.attachment_data; Type: COMMENT; Schema: silva; Owner: postgres
--

COMMENT ON COLUMN silva.opening_attachment.attachment_data IS 'The attached file.';


--
-- Name: COLUMN opening_attachment.entry_userid; Type: COMMENT; Schema: silva; Owner: postgres
--

COMMENT ON COLUMN silva.opening_attachment.entry_userid IS 'User who attached the file to the Opening.';


--
-- Name: COLUMN opening_attachment.entry_timestamp; Type: COMMENT; Schema: silva; Owner: postgres
--

COMMENT ON COLUMN silva.opening_attachment.entry_timestamp IS 'Date and time that the file was attached to the Opening.';


--
-- Name: COLUMN opening_attachment.update_userid; Type: COMMENT; Schema: silva; Owner: postgres
--

COMMENT ON COLUMN silva.opening_attachment.update_userid IS 'Userid of the user who last upated the attachment.';


--
-- Name: COLUMN opening_attachment.update_timestamp; Type: COMMENT; Schema: silva; Owner: postgres
--

COMMENT ON COLUMN silva.opening_attachment.update_timestamp IS 'Date and time that the attachment was last updated.';


--
-- Name: COLUMN opening_attachment.revision_count; Type: COMMENT; Schema: silva; Owner: postgres
--

COMMENT ON COLUMN silva.opening_attachment.revision_count IS 'A counter identifying the number of times this record as been modified. Used in the web page access to determine if the record as been modified since the data was first retrieved.';


--
-- Name: COLUMN opening_attachment.opening_attachment_guid; Type: COMMENT; Schema: silva; Owner: postgres
--

COMMENT ON COLUMN silva.opening_attachment.opening_attachment_guid IS 'Unique identifier used to identify, save, retrieve or delete the Opening Attachment in the object storage. Saved as the ID within the metadata as well as the obfuscated file name';


--
-- Name: opening_comment_link; Type: TABLE; Schema: silva; Owner: postgres
--

CREATE TABLE silva.opening_comment_link (
    opening_id bigint NOT NULL,
    silviculture_comment_id bigint NOT NULL
);


ALTER TABLE silva.opening_comment_link OWNER TO postgres;

--
-- Name: COLUMN opening_comment_link.opening_id; Type: COMMENT; Schema: silva; Owner: postgres
--

COMMENT ON COLUMN silva.opening_comment_link.opening_id IS 'System generated value uniquely identifying the opening.';


--
-- Name: COLUMN opening_comment_link.silviculture_comment_id; Type: COMMENT; Schema: silva; Owner: postgres
--

COMMENT ON COLUMN silva.opening_comment_link.silviculture_comment_id IS 'System generated value uniquely identifying the ISIS comment.';


--
-- Name: opening_geometry; Type: TABLE; Schema: silva; Owner: postgres
--

CREATE TABLE silva.opening_geometry (
    opening_id bigint NOT NULL,
    geometry public.geometry(Geometry,3005) NOT NULL,
    feature_area numeric(11,4) NOT NULL,
    feature_perimeter numeric(11,4) NOT NULL,
    feature_class_skey bigint NOT NULL,
    capture_method_code character varying(30),
    data_source_code character varying(10),
    observation_date timestamp(0) without time zone,
    data_quality_comment character varying(255),
    entry_userid character varying(30) NOT NULL,
    entry_timestamp timestamp(0) without time zone NOT NULL,
    update_userid character varying(30) NOT NULL,
    update_timestamp timestamp(0) without time zone NOT NULL,
    revision_count integer NOT NULL
);


ALTER TABLE silva.opening_geometry OWNER TO postgres;

--
-- Name: TABLE opening_geometry; Type: COMMENT; Schema: silva; Owner: postgres
--

COMMENT ON TABLE silva.opening_geometry IS 'The spatial representation for an opening, which is the administrative boundary of an area of land on which silviculture activities are planned and completed.';


--
-- Name: COLUMN opening_geometry.opening_id; Type: COMMENT; Schema: silva; Owner: postgres
--

COMMENT ON COLUMN silva.opening_geometry.opening_id IS 'System generated value uniquely identifying the opening.';


--
-- Name: COLUMN opening_geometry.geometry; Type: COMMENT; Schema: silva; Owner: postgres
--

COMMENT ON COLUMN silva.opening_geometry.geometry IS 'Spatial coordinate representation of the polygon related to the Opening.';


--
-- Name: COLUMN opening_geometry.feature_area; Type: COMMENT; Schema: silva; Owner: postgres
--

COMMENT ON COLUMN silva.opening_geometry.feature_area IS 'The area of the polygon pertaining to the Opening measured in square metres.';


--
-- Name: COLUMN opening_geometry.feature_perimeter; Type: COMMENT; Schema: silva; Owner: postgres
--

COMMENT ON COLUMN silva.opening_geometry.feature_perimeter IS 'The perimeter of the polygon pertaining to the Opening measured in metres.';


--
-- Name: COLUMN opening_geometry.feature_class_skey; Type: COMMENT; Schema: silva; Owner: postgres
--

COMMENT ON COLUMN silva.opening_geometry.feature_class_skey IS 'Unique identifier of the feature class.';


--
-- Name: COLUMN opening_geometry.observation_date; Type: COMMENT; Schema: silva; Owner: postgres
--

COMMENT ON COLUMN silva.opening_geometry.observation_date IS 'Captures the date of observation for the given feature image.';


--
-- Name: COLUMN opening_geometry.data_quality_comment; Type: COMMENT; Schema: silva; Owner: postgres
--

COMMENT ON COLUMN silva.opening_geometry.data_quality_comment IS 'Allows users to specify comments regarding the accuracy and general quality of the given feature"s data.';


--
-- Name: COLUMN opening_geometry.entry_userid; Type: COMMENT; Schema: silva; Owner: postgres
--

COMMENT ON COLUMN silva.opening_geometry.entry_userid IS 'The userid of the individual who entered the information.';


--
-- Name: COLUMN opening_geometry.entry_timestamp; Type: COMMENT; Schema: silva; Owner: postgres
--

COMMENT ON COLUMN silva.opening_geometry.entry_timestamp IS 'The date and time the information was entered.';


--
-- Name: COLUMN opening_geometry.update_userid; Type: COMMENT; Schema: silva; Owner: postgres
--

COMMENT ON COLUMN silva.opening_geometry.update_userid IS 'The userid of the individual who last updated the information.';


--
-- Name: COLUMN opening_geometry.update_timestamp; Type: COMMENT; Schema: silva; Owner: postgres
--

COMMENT ON COLUMN silva.opening_geometry.update_timestamp IS 'The date and time of the last update.';


--
-- Name: COLUMN opening_geometry.revision_count; Type: COMMENT; Schema: silva; Owner: postgres
--

COMMENT ON COLUMN silva.opening_geometry.revision_count IS 'A counter identifying the number of times this record as been modified. Used in the web page access to determine if the record as been modified since the data was first retrieved.';


--
-- Name: opening_land_status; Type: TABLE; Schema: silva; Owner: postgres
--

CREATE TABLE silva.opening_land_status (
    opening_id bigint NOT NULL,
    opening_land_status_date timestamp(0) without time zone NOT NULL,
    np_unn_area numeric(7,1) NOT NULL,
    np_nat_area numeric(7,1) NOT NULL,
    np_for_area numeric(7,1) NOT NULL,
    nsr_npl_area numeric(7,1) NOT NULL,
    nsr_nat_area numeric(7,1) NOT NULL,
    nsr_pl_area numeric(7,1) NOT NULL,
    sr_art_area numeric(7,1) NOT NULL,
    sr_nat_area numeric(7,1) NOT NULL,
    mat_area numeric(7,1) NOT NULL,
    fg_norm_area numeric(7,1),
    nc_br_area numeric(7,1) NOT NULL,
    entry_userid character varying(30) NOT NULL,
    entry_timestamp timestamp(0) without time zone NOT NULL,
    update_userid character varying(30) NOT NULL,
    update_timestamp timestamp(0) without time zone NOT NULL,
    revision_count integer NOT NULL
);


ALTER TABLE silva.opening_land_status OWNER TO postgres;

--
-- Name: TABLE opening_land_status; Type: COMMENT; Schema: silva; Owner: postgres
--

COMMENT ON TABLE silva.opening_land_status IS 'Identifies the land status of the entire opening on a given date. These attributes are derived from the FOREST_COVER table.';


--
-- Name: COLUMN opening_land_status.opening_id; Type: COMMENT; Schema: silva; Owner: postgres
--

COMMENT ON COLUMN silva.opening_land_status.opening_id IS 'System generated value uniquely identifying the opening.';


--
-- Name: COLUMN opening_land_status.opening_land_status_date; Type: COMMENT; Schema: silva; Owner: postgres
--

COMMENT ON COLUMN silva.opening_land_status.opening_land_status_date IS 'The date of the last status update.';


--
-- Name: COLUMN opening_land_status.np_unn_area; Type: COMMENT; Schema: silva; Owner: postgres
--

COMMENT ON COLUMN silva.opening_land_status.np_unn_area IS 'The non-productive unnatural area, expressed in hectares.';


--
-- Name: COLUMN opening_land_status.np_nat_area; Type: COMMENT; Schema: silva; Owner: postgres
--

COMMENT ON COLUMN silva.opening_land_status.np_nat_area IS 'The non-productive natural area, expressed in hectares.';


--
-- Name: COLUMN opening_land_status.np_for_area; Type: COMMENT; Schema: silva; Owner: postgres
--

COMMENT ON COLUMN silva.opening_land_status.np_for_area IS 'The non-productive forested area, expressed in hectares.';


--
-- Name: COLUMN opening_land_status.nsr_npl_area; Type: COMMENT; Schema: silva; Owner: postgres
--

COMMENT ON COLUMN silva.opening_land_status.nsr_npl_area IS 'The not sufficiently restocked nonplantable area, expressed in hectares.';


--
-- Name: COLUMN opening_land_status.nsr_nat_area; Type: COMMENT; Schema: silva; Owner: postgres
--

COMMENT ON COLUMN silva.opening_land_status.nsr_nat_area IS 'The not sufficiently restocked natural area, expressed in hectares.';


--
-- Name: COLUMN opening_land_status.nsr_pl_area; Type: COMMENT; Schema: silva; Owner: postgres
--

COMMENT ON COLUMN silva.opening_land_status.nsr_pl_area IS 'The not sufficiently restocked plantable area, expressed in hectares.';


--
-- Name: COLUMN opening_land_status.sr_art_area; Type: COMMENT; Schema: silva; Owner: postgres
--

COMMENT ON COLUMN silva.opening_land_status.sr_art_area IS 'The sufficiently restocked artificial area, expressed in hectares.';


--
-- Name: COLUMN opening_land_status.sr_nat_area; Type: COMMENT; Schema: silva; Owner: postgres
--

COMMENT ON COLUMN silva.opening_land_status.sr_nat_area IS 'The sufficiently restocked natural area, expressed in hectares.';


--
-- Name: COLUMN opening_land_status.mat_area; Type: COMMENT; Schema: silva; Owner: postgres
--

COMMENT ON COLUMN silva.opening_land_status.mat_area IS 'The mature natural and artificial area , expressed in hectares. The Mature area field was added to the database in July 2000. Prior to July 2000 all Mature area was stored in the SR Artificial and SR Natural Area.';


--
-- Name: COLUMN opening_land_status.fg_norm_area; Type: COMMENT; Schema: silva; Owner: postgres
--

COMMENT ON COLUMN silva.opening_land_status.fg_norm_area IS 'The free growing area, expressed in hectares, of all polygons that have the "Free Growing" indicator set to "Y". is area is not double counted against the "SR" total.';


--
-- Name: COLUMN opening_land_status.nc_br_area; Type: COMMENT; Schema: silva; Owner: postgres
--

COMMENT ON COLUMN silva.opening_land_status.nc_br_area IS 'The non-commerical brush area, expressed in hectares. Area > 4 hectares and Ministry"s responsibility. Area has special significance in MLSIS and is not reflected in ISIS.';


--
-- Name: COLUMN opening_land_status.entry_userid; Type: COMMENT; Schema: silva; Owner: postgres
--

COMMENT ON COLUMN silva.opening_land_status.entry_userid IS 'The USERID of the individual who entered the information.';


--
-- Name: COLUMN opening_land_status.entry_timestamp; Type: COMMENT; Schema: silva; Owner: postgres
--

COMMENT ON COLUMN silva.opening_land_status.entry_timestamp IS 'The date and time the information was entered.';


--
-- Name: COLUMN opening_land_status.update_userid; Type: COMMENT; Schema: silva; Owner: postgres
--

COMMENT ON COLUMN silva.opening_land_status.update_userid IS 'The USERID of the individual who last updated the information.';


--
-- Name: COLUMN opening_land_status.update_timestamp; Type: COMMENT; Schema: silva; Owner: postgres
--

COMMENT ON COLUMN silva.opening_land_status.update_timestamp IS 'The date and time of the last update.';


--
-- Name: COLUMN opening_land_status.revision_count; Type: COMMENT; Schema: silva; Owner: postgres
--

COMMENT ON COLUMN silva.opening_land_status.revision_count IS 'A counter used to ensure data integrity. This item should be incremented during each update.';


--
-- Name: opening_status_code; Type: TABLE; Schema: silva; Owner: postgres
--

CREATE TABLE silva.opening_status_code (
    opening_status_code character varying(3) NOT NULL,
    description character varying(120) NOT NULL,
    effective_date timestamp(0) without time zone NOT NULL,
    expiry_date timestamp(0) without time zone NOT NULL,
    update_timestamp timestamp(0) without time zone NOT NULL
);


ALTER TABLE silva.opening_status_code OWNER TO postgres;

--
-- Name: COLUMN opening_status_code.opening_status_code; Type: COMMENT; Schema: silva; Owner: postgres
--

COMMENT ON COLUMN silva.opening_status_code.opening_status_code IS 'A code indicating the status of the prescription. Examples include but are not limited to DFT (draft) and APP (approved). A subset of the STATUS_CODE table.';


--
-- Name: COLUMN opening_status_code.description; Type: COMMENT; Schema: silva; Owner: postgres
--

COMMENT ON COLUMN silva.opening_status_code.description IS 'Full description of code value.';


--
-- Name: COLUMN opening_status_code.effective_date; Type: COMMENT; Schema: silva; Owner: postgres
--

COMMENT ON COLUMN silva.opening_status_code.effective_date IS 'The date the value is available for use.';


--
-- Name: COLUMN opening_status_code.expiry_date; Type: COMMENT; Schema: silva; Owner: postgres
--

COMMENT ON COLUMN silva.opening_status_code.expiry_date IS 'The date the value is no longer available for use.';


--
-- Name: COLUMN opening_status_code.update_timestamp; Type: COMMENT; Schema: silva; Owner: postgres
--

COMMENT ON COLUMN silva.opening_status_code.update_timestamp IS 'The date and time the value was last modified.';


--
-- Name: org_unit; Type: TABLE; Schema: silva; Owner: postgres
--

CREATE TABLE silva.org_unit (
    org_unit_no bigint NOT NULL,
    org_unit_code character varying(6) NOT NULL,
    org_unit_name character varying(100) NOT NULL,
    location_code character varying(3) NOT NULL,
    area_code character varying(3) NOT NULL,
    telephone_no character varying(7) NOT NULL,
    org_level_code character varying(1) NOT NULL,
    office_name_code character varying(2) NOT NULL,
    rollup_region_no bigint NOT NULL,
    rollup_region_code character varying(6) NOT NULL,
    rollup_dist_no bigint NOT NULL,
    rollup_dist_code character varying(6) NOT NULL,
    effective_date timestamp(0) without time zone NOT NULL,
    expiry_date timestamp(0) without time zone NOT NULL,
    update_timestamp timestamp(0) without time zone
);


ALTER TABLE silva.org_unit OWNER TO postgres;

--
-- Name: COLUMN org_unit.org_unit_no; Type: COMMENT; Schema: silva; Owner: postgres
--

COMMENT ON COLUMN silva.org_unit.org_unit_no IS 'Unique physical identifier for the storage of organizational unit codes for the Ministry of Forests" offices. Values stored here are for the computer"s use only, and are not to be used by people as "ministry codes".';


--
-- Name: COLUMN org_unit.org_unit_code; Type: COMMENT; Schema: silva; Owner: postgres
--

COMMENT ON COLUMN silva.org_unit.org_unit_code IS 'Identifies any office within the ministry. First character identifies Exec, HQ branch, Region, or District. Next two chars identify the office name; next two the section (HQ Branch) or program (Region or District); last char identifies the subsection.';


--
-- Name: COLUMN org_unit.org_unit_name; Type: COMMENT; Schema: silva; Owner: postgres
--

COMMENT ON COLUMN silva.org_unit.org_unit_name IS 'The name or title of a ministry office or section; for example Kamloops Forest Region; Silviculture Branch; Kispiox Forest District Protection program.';


--
-- Name: COLUMN org_unit.location_code; Type: COMMENT; Schema: silva; Owner: postgres
--

COMMENT ON COLUMN silva.org_unit.location_code IS 'Unique identifier for one of the office locations within the Ministry of Forests.';


--
-- Name: COLUMN org_unit.area_code; Type: COMMENT; Schema: silva; Owner: postgres
--

COMMENT ON COLUMN silva.org_unit.area_code IS 'The 3 digit numer that identifies each telephone service area in a country.';


--
-- Name: COLUMN org_unit.telephone_no; Type: COMMENT; Schema: silva; Owner: postgres
--

COMMENT ON COLUMN silva.org_unit.telephone_no IS 'The general office telephone number (excluding the area code) for a Ministry of Forests office.';


--
-- Name: COLUMN org_unit.org_level_code; Type: COMMENT; Schema: silva; Owner: postgres
--

COMMENT ON COLUMN silva.org_unit.org_level_code IS 'Represents the organizational level of the Ministry, and is one of: D - District Forestry Office, E - Executive, H - Headquarters Branch, R - Regional Forestry Office.';


--
-- Name: COLUMN org_unit.office_name_code; Type: COMMENT; Schema: silva; Owner: postgres
--

COMMENT ON COLUMN silva.org_unit.office_name_code IS 'Represents an office within a specific organizational level.';


--
-- Name: COLUMN org_unit.rollup_region_no; Type: COMMENT; Schema: silva; Owner: postgres
--

COMMENT ON COLUMN silva.org_unit.rollup_region_no IS 'Identifier designating the region to which the org unit is rolled into for reporting purposes. Values stored here are for the computers use only, and are not to be used by people as "Ministry Codes".';


--
-- Name: COLUMN org_unit.rollup_region_code; Type: COMMENT; Schema: silva; Owner: postgres
--

COMMENT ON COLUMN silva.org_unit.rollup_region_code IS 'Identifier designating the region to which the org unit is rolled into for reporting purposes.';


--
-- Name: COLUMN org_unit.rollup_dist_no; Type: COMMENT; Schema: silva; Owner: postgres
--

COMMENT ON COLUMN silva.org_unit.rollup_dist_no IS 'Identifier designating the district to which the org unit is rolled into for reporting purposes. Values stored here are for the computers use only and are not to be used by people as "Ministry Codes".';


--
-- Name: COLUMN org_unit.rollup_dist_code; Type: COMMENT; Schema: silva; Owner: postgres
--

COMMENT ON COLUMN silva.org_unit.rollup_dist_code IS 'Identifier designating the district to which the org unit is rolled into for reporting purposes.';


--
-- Name: COLUMN org_unit.effective_date; Type: COMMENT; Schema: silva; Owner: postgres
--

COMMENT ON COLUMN silva.org_unit.effective_date IS 'The date the Organizational Unit became effective as a valid Org Unit within the ministry"s organizational structure.';


--
-- Name: COLUMN org_unit.expiry_date; Type: COMMENT; Schema: silva; Owner: postgres
--

COMMENT ON COLUMN silva.org_unit.expiry_date IS 'The date the Organizational Unit is Obsoleted and is no longer an active Org Unit within the ministrys organizational structure. At the determination of Human Resources Branch, an expired Org Unit may be retained for historical purposed, or may be deleted.';


--
-- Name: COLUMN org_unit.update_timestamp; Type: COMMENT; Schema: silva; Owner: postgres
--

COMMENT ON COLUMN silva.org_unit.update_timestamp IS 'The date and time of the last modification.';


--
-- Name: payment_method_code; Type: TABLE; Schema: silva; Owner: postgres
--

CREATE TABLE silva.payment_method_code (
    payment_method_code character varying(1) NOT NULL,
    description character varying(120) NOT NULL,
    effective_date timestamp(0) without time zone NOT NULL,
    expiry_date timestamp(0) without time zone NOT NULL,
    update_timestamp timestamp(0) without time zone NOT NULL
);


ALTER TABLE silva.payment_method_code OWNER TO postgres;

--
-- Name: COLUMN payment_method_code.payment_method_code; Type: COMMENT; Schema: silva; Owner: postgres
--

COMMENT ON COLUMN silva.payment_method_code.payment_method_code IS 'The method of collecting the payment for the licence, such as "Cash" or "Automatic Invoice".';


--
-- Name: COLUMN payment_method_code.description; Type: COMMENT; Schema: silva; Owner: postgres
--

COMMENT ON COLUMN silva.payment_method_code.description IS 'Description of the code';


--
-- Name: COLUMN payment_method_code.effective_date; Type: COMMENT; Schema: silva; Owner: postgres
--

COMMENT ON COLUMN silva.payment_method_code.effective_date IS 'Date the code is effective';


--
-- Name: COLUMN payment_method_code.expiry_date; Type: COMMENT; Schema: silva; Owner: postgres
--

COMMENT ON COLUMN silva.payment_method_code.expiry_date IS 'Date the code expires';


--
-- Name: COLUMN payment_method_code.update_timestamp; Type: COMMENT; Schema: silva; Owner: postgres
--

COMMENT ON COLUMN silva.payment_method_code.update_timestamp IS 'The date and time the value was last modified.';


--
-- Name: planting_rslt; Type: TABLE; Schema: silva; Owner: postgres
--

CREATE TABLE silva.planting_rslt (
    activity_treatment_unit_id bigint NOT NULL,
    results_ind character varying(1) NOT NULL,
    plant_rslt_seq_no integer NOT NULL,
    silv_tree_species_code character varying(8) NOT NULL,
    number_planted bigint,
    planted_no_beyond_xfer_limit bigint,
    bid_price_per_tree numeric(5,4),
    seedlot_number character varying(5),
    veg_lot_id character varying(5),
    request_skey bigint,
    item_id character varying(1),
    entry_userid character varying(30) NOT NULL,
    entry_timestamp timestamp(0) without time zone NOT NULL,
    update_userid character varying(30) NOT NULL,
    update_timestamp timestamp(0) without time zone NOT NULL,
    revision_count integer NOT NULL,
    climate_based_seed_xfer_ind character varying(1) DEFAULT 'N'::character varying NOT NULL
);


ALTER TABLE silva.planting_rslt OWNER TO postgres;

--
-- Name: TABLE planting_rslt; Type: COMMENT; Schema: silva; Owner: postgres
--

COMMENT ON TABLE silva.planting_rslt IS 'Collects planned and actual information about a planting activity performed on an Activity Treatment Unit.';


--
-- Name: COLUMN planting_rslt.activity_treatment_unit_id; Type: COMMENT; Schema: silva; Owner: postgres
--

COMMENT ON COLUMN silva.planting_rslt.activity_treatment_unit_id IS 'System generated value uniquely identifying the Activity Treatment Unit.';


--
-- Name: COLUMN planting_rslt.results_ind; Type: COMMENT; Schema: silva; Owner: postgres
--

COMMENT ON COLUMN silva.planting_rslt.results_ind IS 'Indicates whether or not the planting information is planning information (N) or the result of actual planting performed.';


--
-- Name: COLUMN planting_rslt.plant_rslt_seq_no; Type: COMMENT; Schema: silva; Owner: postgres
--

COMMENT ON COLUMN silva.planting_rslt.plant_rslt_seq_no IS 'Internal processing variable used to maintain order of the plant stock allotments for a specific ATU.';


--
-- Name: COLUMN planting_rslt.silv_tree_species_code; Type: COMMENT; Schema: silva; Owner: postgres
--

COMMENT ON COLUMN silva.planting_rslt.silv_tree_species_code IS 'The secondary tree species of Crown timber that was cut, damaged, destroyed or removed without authority';


--
-- Name: COLUMN planting_rslt.number_planted; Type: COMMENT; Schema: silva; Owner: postgres
--

COMMENT ON COLUMN silva.planting_rslt.number_planted IS 'The number of stems planted for each species within the ATU.';


--
-- Name: COLUMN planting_rslt.planted_no_beyond_xfer_limit; Type: COMMENT; Schema: silva; Owner: postgres
--

COMMENT ON COLUMN silva.planting_rslt.planted_no_beyond_xfer_limit IS 'IN THE OVERFLOW TABLE.';


--
-- Name: COLUMN planting_rslt.bid_price_per_tree; Type: COMMENT; Schema: silva; Owner: postgres
--

COMMENT ON COLUMN silva.planting_rslt.bid_price_per_tree IS 'The anticipated (RESULTS IND = N) or actual (RESULTS IND = Y) bid price per tree for a planting contract.';


--
-- Name: COLUMN planting_rslt.seedlot_number; Type: COMMENT; Schema: silva; Owner: postgres
--

COMMENT ON COLUMN silva.planting_rslt.seedlot_number IS 'The unique number (key) assigned to a quantity of seed of a particular species and quality from a given location collected at a given time.';


--
-- Name: COLUMN planting_rslt.veg_lot_id; Type: COMMENT; Schema: silva; Owner: postgres
--

COMMENT ON COLUMN silva.planting_rslt.veg_lot_id IS 'An identifier that is system generated by the system to uniquely identify this record.';


--
-- Name: COLUMN planting_rslt.request_skey; Type: COMMENT; Schema: silva; Owner: postgres
--

COMMENT ON COLUMN silva.planting_rslt.request_skey IS 'A surrogate key to uniquely identify each Spar Request.';


--
-- Name: COLUMN planting_rslt.item_id; Type: COMMENT; Schema: silva; Owner: postgres
--

COMMENT ON COLUMN silva.planting_rslt.item_id IS 'A unique identifier for each item within a request. It is alphabetically assigned (A, B,...Z).';


--
-- Name: COLUMN planting_rslt.entry_userid; Type: COMMENT; Schema: silva; Owner: postgres
--

COMMENT ON COLUMN silva.planting_rslt.entry_userid IS 'The USERID of the individual who entered the information.';


--
-- Name: COLUMN planting_rslt.entry_timestamp; Type: COMMENT; Schema: silva; Owner: postgres
--

COMMENT ON COLUMN silva.planting_rslt.entry_timestamp IS 'The date and time the information was entered.';


--
-- Name: COLUMN planting_rslt.update_userid; Type: COMMENT; Schema: silva; Owner: postgres
--

COMMENT ON COLUMN silva.planting_rslt.update_userid IS 'The USERID of the individual who last updated the information.';


--
-- Name: COLUMN planting_rslt.update_timestamp; Type: COMMENT; Schema: silva; Owner: postgres
--

COMMENT ON COLUMN silva.planting_rslt.update_timestamp IS 'The date and time of the last update.';


--
-- Name: COLUMN planting_rslt.revision_count; Type: COMMENT; Schema: silva; Owner: postgres
--

COMMENT ON COLUMN silva.planting_rslt.revision_count IS 'Internal counter used by the system to avoid conflicting updates to the record.';


--
-- Name: COLUMN planting_rslt.climate_based_seed_xfer_ind; Type: COMMENT; Schema: silva; Owner: postgres
--

COMMENT ON COLUMN silva.planting_rslt.climate_based_seed_xfer_ind IS 'CLIMATE BASED SEED TRANSFER - Indicates that the seedlings ''transferred beyond limit'' are based on the Ministry''s Climate Change Seed Policy.';


--
-- Name: prov_forest_use; Type: TABLE; Schema: silva; Owner: postgres
--

CREATE TABLE silva.prov_forest_use (
    forest_file_id character varying(10) NOT NULL,
    file_status_st character varying(3),
    file_status_date timestamp(0) without time zone,
    file_type_code character varying(3),
    forest_region bigint NOT NULL,
    bcts_org_unit bigint,
    sb_funded_ind character varying(1) DEFAULT 'N'::character varying NOT NULL,
    district_admin_zone character varying(4),
    mgmt_unit_type character varying(1),
    mgmt_unit_id character varying(4),
    revision_count integer NOT NULL,
    entry_userid character varying(30) NOT NULL,
    entry_timestamp timestamp(0) without time zone NOT NULL,
    update_userid character varying(30) NOT NULL,
    update_timestamp timestamp(0) without time zone NOT NULL,
    forest_tenure_guid uuid DEFAULT public.uuid_generate_v4() NOT NULL
);


ALTER TABLE silva.prov_forest_use OWNER TO postgres;

--
-- Name: TABLE prov_forest_use; Type: COMMENT; Schema: silva; Owner: postgres
--

COMMENT ON TABLE silva.prov_forest_use IS 'General header information to identify the type of forest land use managed by the Ministry of Forests (eg., timber tenures, grazing tenures, recreation files, forest service roads, etc.). This is the main access point for examining land use information. Recommend that this entity be renamed to FOREST TENURE or FOREST FILE in the future (TF - this needs more analysis to determine what is indentified in this entity - licence, permit, etc and if all rights identified belong here).';


--
-- Name: COLUMN prov_forest_use.forest_file_id; Type: COMMENT; Schema: silva; Owner: postgres
--

COMMENT ON COLUMN silva.prov_forest_use.forest_file_id IS 'File identification assigned to Provincial Forest Use files. Assigned file number. Usually the Licence, Tenure or Private Mark number.';


--
-- Name: COLUMN prov_forest_use.file_status_st; Type: COMMENT; Schema: silva; Owner: postgres
--

COMMENT ON COLUMN silva.prov_forest_use.file_status_st IS 'The current status of the forest land use, e.g. Pending - Planned, Harvesting - Suspended, Active. This is a subset of timber status code.';


--
-- Name: COLUMN prov_forest_use.file_status_date; Type: COMMENT; Schema: silva; Owner: postgres
--

COMMENT ON COLUMN silva.prov_forest_use.file_status_date IS 'The date on which the current forest land use status was set.';


--
-- Name: COLUMN prov_forest_use.file_type_code; Type: COMMENT; Schema: silva; Owner: postgres
--

COMMENT ON COLUMN silva.prov_forest_use.file_type_code IS 'The FTAS code to indicate the type of file, and often synonymous with a tenure or a project.';


--
-- Name: COLUMN prov_forest_use.forest_region; Type: COMMENT; Schema: silva; Owner: postgres
--

COMMENT ON COLUMN silva.prov_forest_use.forest_region IS 'Unique physical identifier for the storage of organizational unit codes for the Ministry of Forests" offices. Values stored here are for the computer"s use only, and are not to be used by people as "ministry codes".';


--
-- Name: COLUMN prov_forest_use.bcts_org_unit; Type: COMMENT; Schema: silva; Owner: postgres
--

COMMENT ON COLUMN silva.prov_forest_use.bcts_org_unit IS 'Unique physical identifier for the storage of organizational unit codes for the Ministry of Forests" offices. Values stored here are for the computer"s use only, and are not to be used by people as "ministry codes".';


--
-- Name: COLUMN prov_forest_use.sb_funded_ind; Type: COMMENT; Schema: silva; Owner: postgres
--

COMMENT ON COLUMN silva.prov_forest_use.sb_funded_ind IS 'Indicates if the harvest tenure is small business funded.';


--
-- Name: COLUMN prov_forest_use.district_admin_zone; Type: COMMENT; Schema: silva; Owner: postgres
--

COMMENT ON COLUMN silva.prov_forest_use.district_admin_zone IS 'District Admin Zone is a free format field used internally by the districts to group files within a district for reporting purposes. Examples of use are setting the field to a geographic area or to a persons initials. Reports can be pulled off by District Admin Zone to aid work management. This field is not used by all districts.';


--
-- Name: COLUMN prov_forest_use.mgmt_unit_type; Type: COMMENT; Schema: silva; Owner: postgres
--

COMMENT ON COLUMN silva.prov_forest_use.mgmt_unit_type IS 'The unique identifier for the management unit type.';


--
-- Name: COLUMN prov_forest_use.mgmt_unit_id; Type: COMMENT; Schema: silva; Owner: postgres
--

COMMENT ON COLUMN silva.prov_forest_use.mgmt_unit_id IS 'The administrative management unit identifier defined by the ministry for managing the forest tenure, eg. 41 - Dawson Creek TSA.';


--
-- Name: COLUMN prov_forest_use.revision_count; Type: COMMENT; Schema: silva; Owner: postgres
--

COMMENT ON COLUMN silva.prov_forest_use.revision_count IS 'A count of the number of times an entry in the entity has been modified. Used to validate if the current information displayed on a user"s web browser is the most current.';


--
-- Name: COLUMN prov_forest_use.entry_userid; Type: COMMENT; Schema: silva; Owner: postgres
--

COMMENT ON COLUMN silva.prov_forest_use.entry_userid IS 'The unique user id of the resource who initially added the entry.';


--
-- Name: COLUMN prov_forest_use.entry_timestamp; Type: COMMENT; Schema: silva; Owner: postgres
--

COMMENT ON COLUMN silva.prov_forest_use.entry_timestamp IS 'Timestamp when the event information was entered.';


--
-- Name: COLUMN prov_forest_use.update_userid; Type: COMMENT; Schema: silva; Owner: postgres
--

COMMENT ON COLUMN silva.prov_forest_use.update_userid IS 'The userid of the individual who last updated this information.';


--
-- Name: COLUMN prov_forest_use.update_timestamp; Type: COMMENT; Schema: silva; Owner: postgres
--

COMMENT ON COLUMN silva.prov_forest_use.update_timestamp IS 'The date and time of the last update.';


--
-- Name: COLUMN prov_forest_use.forest_tenure_guid; Type: COMMENT; Schema: silva; Owner: postgres
--

COMMENT ON COLUMN silva.prov_forest_use.forest_tenure_guid IS 'A global unique identifier used to globally identified a Forest Tenure (aka, Forest File). It is used for exchanging data between external applications and services.';


--
-- Name: quota_type_code; Type: TABLE; Schema: silva; Owner: postgres
--

CREATE TABLE silva.quota_type_code (
    quota_type_code character varying(1) NOT NULL,
    description character varying(120) NOT NULL,
    effective_date timestamp(0) without time zone NOT NULL,
    expiry_date timestamp(0) without time zone NOT NULL,
    update_timestamp timestamp(0) without time zone NOT NULL
);


ALTER TABLE silva.quota_type_code OWNER TO postgres;

--
-- Name: COLUMN quota_type_code.quota_type_code; Type: COMMENT; Schema: silva; Owner: postgres
--

COMMENT ON COLUMN silva.quota_type_code.quota_type_code IS 'A Timber Supply Area will have volumes assigned to one or more partitions, which are in effect different timber type classifications, or geographic locations. Under each partition are the different apportionments. Examples of Partitions are Conventional';


--
-- Name: COLUMN quota_type_code.description; Type: COMMENT; Schema: silva; Owner: postgres
--

COMMENT ON COLUMN silva.quota_type_code.description IS 'Description of the code value';


--
-- Name: COLUMN quota_type_code.effective_date; Type: COMMENT; Schema: silva; Owner: postgres
--

COMMENT ON COLUMN silva.quota_type_code.effective_date IS 'Date the code becomes effective';


--
-- Name: COLUMN quota_type_code.expiry_date; Type: COMMENT; Schema: silva; Owner: postgres
--

COMMENT ON COLUMN silva.quota_type_code.expiry_date IS 'Date the code expires';


--
-- Name: COLUMN quota_type_code.update_timestamp; Type: COMMENT; Schema: silva; Owner: postgres
--

COMMENT ON COLUMN silva.quota_type_code.update_timestamp IS 'The date and time the value was last modified.';


--
-- Name: reforest_declare_type_code; Type: TABLE; Schema: silva; Owner: postgres
--

CREATE TABLE silva.reforest_declare_type_code (
    reforest_declare_type_code character varying(3) NOT NULL,
    description character varying(120) NOT NULL,
    effective_date timestamp(0) without time zone NOT NULL,
    expiry_date timestamp(0) without time zone NOT NULL,
    update_timestamp timestamp(0) without time zone NOT NULL
);


ALTER TABLE silva.reforest_declare_type_code OWNER TO postgres;

--
-- Name: COLUMN reforest_declare_type_code.reforest_declare_type_code; Type: COMMENT; Schema: silva; Owner: postgres
--

COMMENT ON COLUMN silva.reforest_declare_type_code.reforest_declare_type_code IS 'Identifies the reforestation declaration type. E.g. Coniferous, Deciduos, Mix.';


--
-- Name: COLUMN reforest_declare_type_code.description; Type: COMMENT; Schema: silva; Owner: postgres
--

COMMENT ON COLUMN silva.reforest_declare_type_code.description IS 'Description of the code value';


--
-- Name: COLUMN reforest_declare_type_code.effective_date; Type: COMMENT; Schema: silva; Owner: postgres
--

COMMENT ON COLUMN silva.reforest_declare_type_code.effective_date IS 'Date the code becomes effective';


--
-- Name: COLUMN reforest_declare_type_code.expiry_date; Type: COMMENT; Schema: silva; Owner: postgres
--

COMMENT ON COLUMN silva.reforest_declare_type_code.expiry_date IS 'Date the code expires';


--
-- Name: COLUMN reforest_declare_type_code.update_timestamp; Type: COMMENT; Schema: silva; Owner: postgres
--

COMMENT ON COLUMN silva.reforest_declare_type_code.update_timestamp IS 'The date and time the value was last modified.';


--
-- Name: request_item; Type: TABLE; Schema: silva; Owner: postgres
--

CREATE TABLE silva.request_item (
    request_skey bigint NOT NULL,
    item_id character varying(1) NOT NULL,
    standard_workplan_skey bigint,
    vegetation_code character varying(8),
    sample_id character varying(5),
    family_lot_number character varying(13),
    rqst_sdlngs_rsrvd numeric(6,1) NOT NULL,
    rqst_sdlngs_srpls numeric(6,1) NOT NULL,
    cone_ind character varying(1),
    no_of_containers numeric(6,2),
    no_of_cones integer,
    cone_volume numeric(6,2),
    seed_quantity bigint,
    sample_elevation integer,
    shipto_cli_number character varying(8),
    shipto_cli_locn_cd character varying(2),
    required_by_date timestamp(0) without time zone,
    latest_actioned_date timestamp(0) without time zone,
    rcmnded_sowing_date timestamp(0) without time zone,
    spcfied_sowing_date timestamp(0) without time zone,
    tender_number character varying(7),
    tender_bid_group character varying(3),
    tender_issued_date timestamp(0) without time zone,
    assigned_price numeric(6,2),
    nrsry_obligatn_ind character varying(1),
    nrsry_cli_number character varying(8),
    nrsry_cli_locn_cd character varying(2),
    facility_code character varying(2),
    extrct_cli_number character varying(8),
    extrct_cli_locn_cd character varying(2),
    authorization_code character varying(3),
    srv_blng_create_ts timestamp(0) without time zone,
    sample_loc_desc character varying(30),
    interim_storge_loc character varying(50),
    authorized_by_prsn character varying(30),
    test_approved_userid character varying(30),
    test_approved_date timestamp(0) without time zone,
    test_update_userid character varying(30),
    test_update_timestamp timestamp(0) without time zone,
    test_comment character varying(2000),
    seedlot_qa_test_status_code character varying(3)
);


ALTER TABLE silva.request_item OWNER TO postgres;

--
-- Name: TABLE request_item; Type: COMMENT; Schema: silva; Owner: postgres
--

COMMENT ON TABLE silva.request_item IS 'A particular item within a request for which services are being requested.';


--
-- Name: COLUMN request_item.request_skey; Type: COMMENT; Schema: silva; Owner: postgres
--

COMMENT ON COLUMN silva.request_item.request_skey IS 'A surrogate key to uniquely identify each Spar Request.';


--
-- Name: COLUMN request_item.item_id; Type: COMMENT; Schema: silva; Owner: postgres
--

COMMENT ON COLUMN silva.request_item.item_id IS 'A unique identifier for each item within a request. It is alphabetically assigned (A, B,...Z).';


--
-- Name: COLUMN request_item.standard_workplan_skey; Type: COMMENT; Schema: silva; Owner: postgres
--

COMMENT ON COLUMN silva.request_item.standard_workplan_skey IS 'A surrogate key which uniquely identifies a standard workplan.';


--
-- Name: COLUMN request_item.vegetation_code; Type: COMMENT; Schema: silva; Owner: postgres
--

COMMENT ON COLUMN silva.request_item.vegetation_code IS 'A code which represents a species of tree or brush.';


--
-- Name: COLUMN request_item.sample_id; Type: COMMENT; Schema: silva; Owner: postgres
--

COMMENT ON COLUMN silva.request_item.sample_id IS 'The identifier of a sample if it is not a seedlot.';


--
-- Name: COLUMN request_item.family_lot_number; Type: COMMENT; Schema: silva; Owner: postgres
--

COMMENT ON COLUMN silva.request_item.family_lot_number IS 'The unique alphanumeric (key) assigned to a quantity of seed or cones of a particular species and quality from a given location collected at a given time.';


--
-- Name: COLUMN request_item.rqst_sdlngs_rsrvd; Type: COMMENT; Schema: silva; Owner: postgres
--

COMMENT ON COLUMN silva.request_item.rqst_sdlngs_rsrvd IS 'The number, in thousands, of seedlings that were requested from an owner"s Reserve portion of a lot.';


--
-- Name: COLUMN request_item.rqst_sdlngs_srpls; Type: COMMENT; Schema: silva; Owner: postgres
--

COMMENT ON COLUMN silva.request_item.rqst_sdlngs_srpls IS 'The number, in thousands, of seedlings that were requested from an owner"s Surplus portion of a lot.';


--
-- Name: COLUMN request_item.cone_ind; Type: COMMENT; Schema: silva; Owner: postgres
--

COMMENT ON COLUMN silva.request_item.cone_ind IS 'An indicator which represents whether a sample is for cone ("Y" yes) or not ("N" no).';


--
-- Name: COLUMN request_item.no_of_containers; Type: COMMENT; Schema: silva; Owner: postgres
--

COMMENT ON COLUMN silva.request_item.no_of_containers IS 'The number of containers (sacks of cones/bags of seed) that are part of the request item.';


--
-- Name: COLUMN request_item.no_of_cones; Type: COMMENT; Schema: silva; Owner: postgres
--

COMMENT ON COLUMN silva.request_item.no_of_cones IS 'The number of cones that are part of the request item if it is a sample.';


--
-- Name: COLUMN request_item.cone_volume; Type: COMMENT; Schema: silva; Owner: postgres
--

COMMENT ON COLUMN silva.request_item.cone_volume IS 'The total volume of cones, in hectolitres, that are part of the request item.';


--
-- Name: COLUMN request_item.seed_quantity; Type: COMMENT; Schema: silva; Owner: postgres
--

COMMENT ON COLUMN silva.request_item.seed_quantity IS 'The total volume of seed, in grams, that are part of the request item.';


--
-- Name: COLUMN request_item.sample_elevation; Type: COMMENT; Schema: silva; Owner: postgres
--

COMMENT ON COLUMN silva.request_item.sample_elevation IS 'The representative elevation in meters where the sample originated.';


--
-- Name: COLUMN request_item.shipto_cli_number; Type: COMMENT; Schema: silva; Owner: postgres
--

COMMENT ON COLUMN silva.request_item.shipto_cli_number IS 'A sequentially assigned number which uniquely identifies a Ministry client.';


--
-- Name: COLUMN request_item.shipto_cli_locn_cd; Type: COMMENT; Schema: silva; Owner: postgres
--

COMMENT ON COLUMN silva.request_item.shipto_cli_locn_cd IS 'A code to uniquely identify, within each client, the addresses of different divisions or locations at which the client operates. The location code is sequentially assigned starting with "00" for the client"s permanent address.';


--
-- Name: COLUMN request_item.required_by_date; Type: COMMENT; Schema: silva; Owner: postgres
--

COMMENT ON COLUMN silva.request_item.required_by_date IS 'The date (year, month and day) on which the requestor would like the services completed.';


--
-- Name: COLUMN request_item.latest_actioned_date; Type: COMMENT; Schema: silva; Owner: postgres
--

COMMENT ON COLUMN silva.request_item.latest_actioned_date IS 'The latest date (year, month and day) for which any changes can be applied to the requested item before it is scheduled to be actioned.';


--
-- Name: COLUMN request_item.rcmnded_sowing_date; Type: COMMENT; Schema: silva; Owner: postgres
--

COMMENT ON COLUMN silva.request_item.rcmnded_sowing_date IS 'The system"s recommended date in the given sowing year for which sowing should take place for a Seedling Request.';


--
-- Name: COLUMN request_item.spcfied_sowing_date; Type: COMMENT; Schema: silva; Owner: postgres
--

COMMENT ON COLUMN silva.request_item.spcfied_sowing_date IS 'The date in the given sowing year which is specified by the assigned nursery for which sowing should take place for a Seedling Request. This date will override the recommended sowing day.';


--
-- Name: COLUMN request_item.tender_number; Type: COMMENT; Schema: silva; Owner: postgres
--

COMMENT ON COLUMN silva.request_item.tender_number IS 'A number assigned by Silviculture Branch which indicates the tender on which the request item has been assigned.';


--
-- Name: COLUMN request_item.tender_bid_group; Type: COMMENT; Schema: silva; Owner: postgres
--

COMMENT ON COLUMN silva.request_item.tender_bid_group IS 'An identifier within a Tender Number which is assigned by Silviculture Branch which indicates the part of a Tender on which the request item has been assigned.';


--
-- Name: COLUMN request_item.tender_issued_date; Type: COMMENT; Schema: silva; Owner: postgres
--

COMMENT ON COLUMN silva.request_item.tender_issued_date IS 'The date (year, month and day) the request item was assigned to the Tender.';


--
-- Name: COLUMN request_item.assigned_price; Type: COMMENT; Schema: silva; Owner: postgres
--

COMMENT ON COLUMN silva.request_item.assigned_price IS 'The assigned price assigned from the tendering process.';


--
-- Name: COLUMN request_item.nrsry_obligatn_ind; Type: COMMENT; Schema: silva; Owner: postgres
--

COMMENT ON COLUMN silva.request_item.nrsry_obligatn_ind IS 'An indicator which identifies whether or not a nursery assignment has been finalized and obligated.';


--
-- Name: COLUMN request_item.nrsry_cli_number; Type: COMMENT; Schema: silva; Owner: postgres
--

COMMENT ON COLUMN silva.request_item.nrsry_cli_number IS 'A sequentially assigned number which uniquely identifies a Ministry client.';


--
-- Name: COLUMN request_item.nrsry_cli_locn_cd; Type: COMMENT; Schema: silva; Owner: postgres
--

COMMENT ON COLUMN silva.request_item.nrsry_cli_locn_cd IS 'A code to uniquely identify, within each client, the addresses of different divisions or locations at which the client operates. The location code is sequentially assigned starting with "00" for the client"s permanent address.';


--
-- Name: COLUMN request_item.facility_code; Type: COMMENT; Schema: silva; Owner: postgres
--

COMMENT ON COLUMN silva.request_item.facility_code IS 'A code which represents the type of facility that the seedlings will be grown in.';


--
-- Name: COLUMN request_item.extrct_cli_number; Type: COMMENT; Schema: silva; Owner: postgres
--

COMMENT ON COLUMN silva.request_item.extrct_cli_number IS 'A sequentially assigned number which uniquely identifies a Ministry client.';


--
-- Name: COLUMN request_item.extrct_cli_locn_cd; Type: COMMENT; Schema: silva; Owner: postgres
--

COMMENT ON COLUMN silva.request_item.extrct_cli_locn_cd IS 'A code to uniquely identify, within each client, the addresses of different divisions or locations at which the client operates. The location code is sequentially assigned starting with "00" for the client"s permanent address.';


--
-- Name: COLUMN request_item.authorization_code; Type: COMMENT; Schema: silva; Owner: postgres
--

COMMENT ON COLUMN silva.request_item.authorization_code IS 'a code which represents the form by which authority for the request was received.';


--
-- Name: COLUMN request_item.srv_blng_create_ts; Type: COMMENT; Schema: silva; Owner: postgres
--

COMMENT ON COLUMN silva.request_item.srv_blng_create_ts IS 'The time and date when service billing rows were created for the Request Item.';


--
-- Name: COLUMN request_item.sample_loc_desc; Type: COMMENT; Schema: silva; Owner: postgres
--

COMMENT ON COLUMN silva.request_item.sample_loc_desc IS 'A free format text description of the location where the sample originated.';


--
-- Name: COLUMN request_item.interim_storge_loc; Type: COMMENT; Schema: silva; Owner: postgres
--

COMMENT ON COLUMN silva.request_item.interim_storge_loc IS 'The location where the Request Item will be stored before it reaches the location where the services are to be performed.';


--
-- Name: COLUMN request_item.authorized_by_prsn; Type: COMMENT; Schema: silva; Owner: postgres
--

COMMENT ON COLUMN silva.request_item.authorized_by_prsn IS 'The name of the person who authorized the request.';


--
-- Name: COLUMN request_item.test_approved_userid; Type: COMMENT; Schema: silva; Owner: postgres
--

COMMENT ON COLUMN silva.request_item.test_approved_userid IS 'The date that the Request Test Services were approved for processing by the Tree Seed Centre.';


--
-- Name: COLUMN request_item.test_approved_date; Type: COMMENT; Schema: silva; Owner: postgres
--

COMMENT ON COLUMN silva.request_item.test_approved_date IS 'The userid of the user who approved the Request Test Services for processing at the Tree Seed Centre.';


--
-- Name: COLUMN request_item.test_update_userid; Type: COMMENT; Schema: silva; Owner: postgres
--

COMMENT ON COLUMN silva.request_item.test_update_userid IS 'The date that the Request Test Services were approved for processing by the Tree Seed Centre.';


--
-- Name: COLUMN request_item.test_update_timestamp; Type: COMMENT; Schema: silva; Owner: postgres
--

COMMENT ON COLUMN silva.request_item.test_update_timestamp IS 'The date and time that Request Test Services for the Request Item were last updated.';


--
-- Name: COLUMN request_item.test_comment; Type: COMMENT; Schema: silva; Owner: postgres
--

COMMENT ON COLUMN silva.request_item.test_comment IS 'A general comment about the Request Test Services for the Request Item.';


--
-- Name: results_audit_action_code; Type: TABLE; Schema: silva; Owner: postgres
--

CREATE TABLE silva.results_audit_action_code (
    results_audit_action_code character varying(3) NOT NULL,
    description character varying(120) NOT NULL,
    effective_date timestamp(0) without time zone NOT NULL,
    expiry_date timestamp(0) without time zone NOT NULL,
    update_timestamp timestamp(0) without time zone NOT NULL
);


ALTER TABLE silva.results_audit_action_code OWNER TO postgres;

--
-- Name: COLUMN results_audit_action_code.results_audit_action_code; Type: COMMENT; Schema: silva; Owner: postgres
--

COMMENT ON COLUMN silva.results_audit_action_code.results_audit_action_code IS 'The action code is a code associated with the action. I -- Insert';


--
-- Name: COLUMN results_audit_action_code.description; Type: COMMENT; Schema: silva; Owner: postgres
--

COMMENT ON COLUMN silva.results_audit_action_code.description IS 'Full description of code value.';


--
-- Name: COLUMN results_audit_action_code.effective_date; Type: COMMENT; Schema: silva; Owner: postgres
--

COMMENT ON COLUMN silva.results_audit_action_code.effective_date IS 'The date the value is available for use.';


--
-- Name: COLUMN results_audit_action_code.expiry_date; Type: COMMENT; Schema: silva; Owner: postgres
--

COMMENT ON COLUMN silva.results_audit_action_code.expiry_date IS 'The date the value is no longer available for use.';


--
-- Name: COLUMN results_audit_action_code.update_timestamp; Type: COMMENT; Schema: silva; Owner: postgres
--

COMMENT ON COLUMN silva.results_audit_action_code.update_timestamp IS 'The date and time the value was last modified.';


--
-- Name: results_audit_detail; Type: TABLE; Schema: silva; Owner: postgres
--

CREATE TABLE silva.results_audit_detail (
    results_audit_detail_id bigint NOT NULL,
    results_audit_event_id bigint NOT NULL,
    business_identifier character varying(30),
    table_name character varying(30) NOT NULL,
    column_name character varying(30) NOT NULL,
    old_value character varying(250),
    new_value character varying(250),
    entry_userid character varying(30) NOT NULL,
    entry_timestamp timestamp(0) without time zone NOT NULL
);


ALTER TABLE silva.results_audit_detail OWNER TO postgres;

--
-- Name: TABLE results_audit_detail; Type: COMMENT; Schema: silva; Owner: postgres
--

COMMENT ON TABLE silva.results_audit_detail IS 'Details each of the changes included during an EDT AUDIT EVENT. Shows the value of the modified column before and after the change.';


--
-- Name: COLUMN results_audit_detail.results_audit_detail_id; Type: COMMENT; Schema: silva; Owner: postgres
--

COMMENT ON COLUMN silva.results_audit_detail.results_audit_detail_id IS 'The unique identifier for the audit detail entry. Created through a sequence.';


--
-- Name: COLUMN results_audit_detail.results_audit_event_id; Type: COMMENT; Schema: silva; Owner: postgres
--

COMMENT ON COLUMN silva.results_audit_detail.results_audit_event_id IS 'A unique system generated number to use as the key for the table.';


--
-- Name: COLUMN results_audit_detail.business_identifier; Type: COMMENT; Schema: silva; Owner: postgres
--

COMMENT ON COLUMN silva.results_audit_detail.business_identifier IS 'Describes the business key for which data is being audited. Examples of business keys are Licensee ID, Standards Unit ID, Forest Cover Layer ID.';


--
-- Name: COLUMN results_audit_detail.table_name; Type: COMMENT; Schema: silva; Owner: postgres
--

COMMENT ON COLUMN silva.results_audit_detail.table_name IS 'The name of the data base table that was modified.';


--
-- Name: COLUMN results_audit_detail.column_name; Type: COMMENT; Schema: silva; Owner: postgres
--

COMMENT ON COLUMN silva.results_audit_detail.column_name IS 'The name of the column that the data was modified in.';


--
-- Name: COLUMN results_audit_detail.old_value; Type: COMMENT; Schema: silva; Owner: postgres
--

COMMENT ON COLUMN silva.results_audit_detail.old_value IS 'The type of data that was modified. Would be one of, Character, Date or Number. This attribute will be used to determine which of the value fields contains the prior value of the element modified.';


--
-- Name: COLUMN results_audit_detail.new_value; Type: COMMENT; Schema: silva; Owner: postgres
--

COMMENT ON COLUMN silva.results_audit_detail.new_value IS 'If the data type was Character, the value of the field before the change.';


--
-- Name: COLUMN results_audit_detail.entry_userid; Type: COMMENT; Schema: silva; Owner: postgres
--

COMMENT ON COLUMN silva.results_audit_detail.entry_userid IS 'The userid of the person who changed the data.';


--
-- Name: COLUMN results_audit_detail.entry_timestamp; Type: COMMENT; Schema: silva; Owner: postgres
--

COMMENT ON COLUMN silva.results_audit_detail.entry_timestamp IS 'The date and time the data change occurred.';


--
-- Name: results_audit_event; Type: TABLE; Schema: silva; Owner: postgres
--

CREATE TABLE silva.results_audit_event (
    results_audit_event_id bigint NOT NULL,
    opening_id bigint,
    standards_regime_id bigint,
    silviculture_project_id bigint,
    results_audit_action_code character varying(3) NOT NULL,
    action_date timestamp(0) without time zone NOT NULL,
    description character varying(2000),
    user_id character varying(30),
    email_sent_ind character varying(1),
    xml_submission_id bigint,
    opening_amendment_number integer,
    entry_userid character varying(30) NOT NULL,
    entry_timestamp timestamp(0) without time zone NOT NULL
);


ALTER TABLE silva.results_audit_event OWNER TO postgres;

--
-- Name: TABLE results_audit_event; Type: COMMENT; Schema: silva; Owner: postgres
--

COMMENT ON TABLE silva.results_audit_event IS 'Stores Audit Information such as openings submitted, activities submitted, changes in statuses, etc.';


--
-- Name: COLUMN results_audit_event.results_audit_event_id; Type: COMMENT; Schema: silva; Owner: postgres
--

COMMENT ON COLUMN silva.results_audit_event.results_audit_event_id IS 'A unique system generated number to use as the key for the table.';


--
-- Name: COLUMN results_audit_event.opening_id; Type: COMMENT; Schema: silva; Owner: postgres
--

COMMENT ON COLUMN silva.results_audit_event.opening_id IS 'System generated value uniquely identifying the opening.';


--
-- Name: COLUMN results_audit_event.standards_regime_id; Type: COMMENT; Schema: silva; Owner: postgres
--

COMMENT ON COLUMN silva.results_audit_event.standards_regime_id IS 'Unique identifier for the STANDARD REGIME entry.';


--
-- Name: COLUMN results_audit_event.silviculture_project_id; Type: COMMENT; Schema: silva; Owner: postgres
--

COMMENT ON COLUMN silva.results_audit_event.silviculture_project_id IS 'A system generated key which uniquely identifies an occurrence of a Silviculture Project.';


--
-- Name: COLUMN results_audit_event.results_audit_action_code; Type: COMMENT; Schema: silva; Owner: postgres
--

COMMENT ON COLUMN silva.results_audit_event.results_audit_action_code IS 'The action code is a code associated with the action. I -- Insert';


--
-- Name: COLUMN results_audit_event.action_date; Type: COMMENT; Schema: silva; Owner: postgres
--

COMMENT ON COLUMN silva.results_audit_event.action_date IS 'The date the action occurred that is being logged.';


--
-- Name: COLUMN results_audit_event.description; Type: COMMENT; Schema: silva; Owner: postgres
--

COMMENT ON COLUMN silva.results_audit_event.description IS 'Description of the action that occurred. IE: Opening ID 8736636 submitted, or Opening status changed from SUB to APP.';


--
-- Name: COLUMN results_audit_event.user_id; Type: COMMENT; Schema: silva; Owner: postgres
--

COMMENT ON COLUMN silva.results_audit_event.user_id IS 'The user id were the email was sent.';


--
-- Name: COLUMN results_audit_event.email_sent_ind; Type: COMMENT; Schema: silva; Owner: postgres
--

COMMENT ON COLUMN silva.results_audit_event.email_sent_ind IS 'Indicator used to indicate if email was sent or not for this audit event.';


--
-- Name: COLUMN results_audit_event.xml_submission_id; Type: COMMENT; Schema: silva; Owner: postgres
--

COMMENT ON COLUMN silva.results_audit_event.xml_submission_id IS 'The submission file ID that was given when the data was loaded.';


--
-- Name: COLUMN results_audit_event.opening_amendment_number; Type: COMMENT; Schema: silva; Owner: postgres
--

COMMENT ON COLUMN silva.results_audit_event.opening_amendment_number IS 'A system generated value uniquely identifying an amendment.';


--
-- Name: COLUMN results_audit_event.entry_userid; Type: COMMENT; Schema: silva; Owner: postgres
--

COMMENT ON COLUMN silva.results_audit_event.entry_userid IS 'The USERID of the individual who entered the information.';


--
-- Name: COLUMN results_audit_event.entry_timestamp; Type: COMMENT; Schema: silva; Owner: postgres
--

COMMENT ON COLUMN silva.results_audit_event.entry_timestamp IS 'The date and time the information was entered.';


--
-- Name: results_electronic_submission; Type: TABLE; Schema: silva; Owner: postgres
--

CREATE TABLE silva.results_electronic_submission (
    results_submission_id bigint NOT NULL,
    submission_timestamp timestamp(0) without time zone NOT NULL,
    submitted_by character varying(30) NOT NULL,
    client_number character varying(8),
    client_locn_code character varying(2),
    org_unit_no bigint,
    user_filename character varying(50),
    user_reference character varying(240),
    entry_userid character varying(30) NOT NULL,
    entry_timestamp timestamp(0) without time zone NOT NULL,
    update_userid character varying(30) NOT NULL,
    update_timestamp timestamp(0) without time zone NOT NULL,
    revision_count integer NOT NULL
);


ALTER TABLE silva.results_electronic_submission OWNER TO postgres;

--
-- Name: TABLE results_electronic_submission; Type: COMMENT; Schema: silva; Owner: postgres
--

COMMENT ON TABLE silva.results_electronic_submission IS 'General information about a data submission file which has been imported through the Electronic Submission Framework.';


--
-- Name: COLUMN results_electronic_submission.results_submission_id; Type: COMMENT; Schema: silva; Owner: postgres
--

COMMENT ON COLUMN silva.results_electronic_submission.results_submission_id IS 'Used to link information about a data submission. A submission may have many rows of Silviculture (Form A), Activities (Form B), and Forest Cover/Milestones (Form C) information. This attribute will be receiving a system generated number from the Electronic Submission Framework.';


--
-- Name: COLUMN results_electronic_submission.submission_timestamp; Type: COMMENT; Schema: silva; Owner: postgres
--

COMMENT ON COLUMN silva.results_electronic_submission.submission_timestamp IS 'Date and time the data submission was read.';


--
-- Name: COLUMN results_electronic_submission.submitted_by; Type: COMMENT; Schema: silva; Owner: postgres
--

COMMENT ON COLUMN silva.results_electronic_submission.submitted_by IS 'The USERID of the person logged on when the submission was made.';


--
-- Name: COLUMN results_electronic_submission.client_number; Type: COMMENT; Schema: silva; Owner: postgres
--

COMMENT ON COLUMN silva.results_electronic_submission.client_number IS 'Sequentially assigned number to identify a ministry client.';


--
-- Name: COLUMN results_electronic_submission.client_locn_code; Type: COMMENT; Schema: silva; Owner: postgres
--

COMMENT ON COLUMN silva.results_electronic_submission.client_locn_code IS 'A code to uniquely identify, within each client, the addresses of different divisions or locations at which the client operates. The location code is sequentially assigned starting with "00" for the client"s permanent address.';


--
-- Name: COLUMN results_electronic_submission.org_unit_no; Type: COMMENT; Schema: silva; Owner: postgres
--

COMMENT ON COLUMN silva.results_electronic_submission.org_unit_no IS 'Unique physical identifier for the storage of organizational unit codes for the Ministry of Forests" offices. Values stored here are for the computer"s use only, and are not to be used by people as "ministry codes".';


--
-- Name: COLUMN results_electronic_submission.user_filename; Type: COMMENT; Schema: silva; Owner: postgres
--

COMMENT ON COLUMN silva.results_electronic_submission.user_filename IS 'The file name identified by the licensee/Ministry when submitting the data through the Electronic Submission Framework.';


--
-- Name: COLUMN results_electronic_submission.user_reference; Type: COMMENT; Schema: silva; Owner: postgres
--

COMMENT ON COLUMN silva.results_electronic_submission.user_reference IS 'A reference that the user can optionally supply. This field can be used by the user to search on for outstanding submissions.';


--
-- Name: COLUMN results_electronic_submission.entry_userid; Type: COMMENT; Schema: silva; Owner: postgres
--

COMMENT ON COLUMN silva.results_electronic_submission.entry_userid IS 'The USERID of the individual who entered the information.';


--
-- Name: COLUMN results_electronic_submission.entry_timestamp; Type: COMMENT; Schema: silva; Owner: postgres
--

COMMENT ON COLUMN silva.results_electronic_submission.entry_timestamp IS 'The date and time the information was entered.';


--
-- Name: COLUMN results_electronic_submission.update_userid; Type: COMMENT; Schema: silva; Owner: postgres
--

COMMENT ON COLUMN silva.results_electronic_submission.update_userid IS 'The USERID of the individual who last updated the information.';


--
-- Name: COLUMN results_electronic_submission.update_timestamp; Type: COMMENT; Schema: silva; Owner: postgres
--

COMMENT ON COLUMN silva.results_electronic_submission.update_timestamp IS 'The date and time of the last update.';


--
-- Name: COLUMN results_electronic_submission.revision_count; Type: COMMENT; Schema: silva; Owner: postgres
--

COMMENT ON COLUMN silva.results_electronic_submission.revision_count IS 'A counter identifying the number of times this record as been modified. Used in the web page access to determine if the record as been modified since the data was first retrieved.';


--
-- Name: sale_method_code; Type: TABLE; Schema: silva; Owner: postgres
--

CREATE TABLE silva.sale_method_code (
    sale_method_code character varying(1) NOT NULL,
    description character varying(120) NOT NULL,
    effective_date timestamp(0) without time zone NOT NULL,
    expiry_date timestamp(0) without time zone NOT NULL,
    update_timestamp timestamp(0) without time zone NOT NULL
);


ALTER TABLE silva.sale_method_code OWNER TO postgres;

--
-- Name: COLUMN sale_method_code.sale_method_code; Type: COMMENT; Schema: silva; Owner: postgres
--

COMMENT ON COLUMN silva.sale_method_code.sale_method_code IS 'Method for type of sale of timber under a tenure. Default: Sealed Tender.';


--
-- Name: COLUMN sale_method_code.description; Type: COMMENT; Schema: silva; Owner: postgres
--

COMMENT ON COLUMN silva.sale_method_code.description IS 'Description of the code value';


--
-- Name: COLUMN sale_method_code.effective_date; Type: COMMENT; Schema: silva; Owner: postgres
--

COMMENT ON COLUMN silva.sale_method_code.effective_date IS 'Date the code becomes effective';


--
-- Name: COLUMN sale_method_code.expiry_date; Type: COMMENT; Schema: silva; Owner: postgres
--

COMMENT ON COLUMN silva.sale_method_code.expiry_date IS 'Date the code expires';


--
-- Name: COLUMN sale_method_code.update_timestamp; Type: COMMENT; Schema: silva; Owner: postgres
--

COMMENT ON COLUMN silva.sale_method_code.update_timestamp IS 'The date and time the value was last modified.';


--
-- Name: sale_type_code; Type: TABLE; Schema: silva; Owner: postgres
--

CREATE TABLE silva.sale_type_code (
    sale_type_code character varying(2) NOT NULL,
    description character varying(120) NOT NULL,
    effective_date timestamp(0) without time zone NOT NULL,
    expiry_date timestamp(0) without time zone NOT NULL,
    update_timestamp timestamp(0) without time zone NOT NULL
);


ALTER TABLE silva.sale_type_code OWNER TO postgres;

--
-- Name: COLUMN sale_type_code.sale_type_code; Type: COMMENT; Schema: silva; Owner: postgres
--

COMMENT ON COLUMN silva.sale_type_code.sale_type_code IS 'Describes the type of timber sale.';


--
-- Name: COLUMN sale_type_code.description; Type: COMMENT; Schema: silva; Owner: postgres
--

COMMENT ON COLUMN silva.sale_type_code.description IS 'Description of the code value';


--
-- Name: COLUMN sale_type_code.effective_date; Type: COMMENT; Schema: silva; Owner: postgres
--

COMMENT ON COLUMN silva.sale_type_code.effective_date IS 'Date the code becomes effective';


--
-- Name: COLUMN sale_type_code.expiry_date; Type: COMMENT; Schema: silva; Owner: postgres
--

COMMENT ON COLUMN silva.sale_type_code.expiry_date IS 'Date the code expires';


--
-- Name: COLUMN sale_type_code.update_timestamp; Type: COMMENT; Schema: silva; Owner: postgres
--

COMMENT ON COLUMN silva.sale_type_code.update_timestamp IS 'The date and time the value was last modified.';


--
-- Name: salvage_type_code; Type: TABLE; Schema: silva; Owner: postgres
--

CREATE TABLE silva.salvage_type_code (
    salvage_type_code character varying(3) NOT NULL,
    description character varying(120) NOT NULL,
    effective_date timestamp(0) without time zone NOT NULL,
    expiry_date timestamp(0) without time zone NOT NULL,
    update_timestamp timestamp(0) without time zone NOT NULL
);


ALTER TABLE silva.salvage_type_code OWNER TO postgres;

--
-- Name: COLUMN salvage_type_code.salvage_type_code; Type: COMMENT; Schema: silva; Owner: postgres
--

COMMENT ON COLUMN silva.salvage_type_code.salvage_type_code IS 'Code describing the salvage type.';


--
-- Name: COLUMN salvage_type_code.description; Type: COMMENT; Schema: silva; Owner: postgres
--

COMMENT ON COLUMN silva.salvage_type_code.description IS 'Description of the code value';


--
-- Name: COLUMN salvage_type_code.effective_date; Type: COMMENT; Schema: silva; Owner: postgres
--

COMMENT ON COLUMN silva.salvage_type_code.effective_date IS 'Date the code becomes effective';


--
-- Name: COLUMN salvage_type_code.expiry_date; Type: COMMENT; Schema: silva; Owner: postgres
--

COMMENT ON COLUMN silva.salvage_type_code.expiry_date IS 'Date the code expires';


--
-- Name: COLUMN salvage_type_code.update_timestamp; Type: COMMENT; Schema: silva; Owner: postgres
--

COMMENT ON COLUMN silva.salvage_type_code.update_timestamp IS 'The date and time the value was last modified.';


--
-- Name: sb_category_code; Type: TABLE; Schema: silva; Owner: postgres
--

CREATE TABLE silva.sb_category_code (
    sb_category_code character varying(1) NOT NULL,
    description character varying(120) NOT NULL,
    effective_date timestamp(0) without time zone NOT NULL,
    expiry_date timestamp(0) without time zone NOT NULL,
    update_timestamp timestamp(0) without time zone NOT NULL
);


ALTER TABLE silva.sb_category_code OWNER TO postgres;

--
-- Name: COLUMN sb_category_code.sb_category_code; Type: COMMENT; Schema: silva; Owner: postgres
--

COMMENT ON COLUMN silva.sb_category_code.sb_category_code IS 'Describes the type of timber sale.';


--
-- Name: COLUMN sb_category_code.description; Type: COMMENT; Schema: silva; Owner: postgres
--

COMMENT ON COLUMN silva.sb_category_code.description IS 'Description of the code value';


--
-- Name: COLUMN sb_category_code.effective_date; Type: COMMENT; Schema: silva; Owner: postgres
--

COMMENT ON COLUMN silva.sb_category_code.effective_date IS 'Date the code becomes effective';


--
-- Name: COLUMN sb_category_code.expiry_date; Type: COMMENT; Schema: silva; Owner: postgres
--

COMMENT ON COLUMN silva.sb_category_code.expiry_date IS 'Date the code expires';


--
-- Name: COLUMN sb_category_code.update_timestamp; Type: COMMENT; Schema: silva; Owner: postgres
--

COMMENT ON COLUMN silva.sb_category_code.update_timestamp IS 'The date and time the value was last modified.';


--
-- Name: silv_activity_measurement_code; Type: TABLE; Schema: silva; Owner: postgres
--

CREATE TABLE silva.silv_activity_measurement_code (
    silv_activity_measurement_code character varying(3) NOT NULL,
    description character varying(120) NOT NULL,
    effective_date timestamp(0) without time zone NOT NULL,
    expiry_date timestamp(0) without time zone NOT NULL,
    update_timestamp timestamp(0) without time zone NOT NULL
);


ALTER TABLE silva.silv_activity_measurement_code OWNER TO postgres;

--
-- Name: COLUMN silv_activity_measurement_code.silv_activity_measurement_code; Type: COMMENT; Schema: silva; Owner: postgres
--

COMMENT ON COLUMN silva.silv_activity_measurement_code.silv_activity_measurement_code IS 'A code indicating the measurement code for the activity.';


--
-- Name: COLUMN silv_activity_measurement_code.description; Type: COMMENT; Schema: silva; Owner: postgres
--

COMMENT ON COLUMN silva.silv_activity_measurement_code.description IS 'Full description of code value.';


--
-- Name: COLUMN silv_activity_measurement_code.effective_date; Type: COMMENT; Schema: silva; Owner: postgres
--

COMMENT ON COLUMN silva.silv_activity_measurement_code.effective_date IS 'The date the value is available for use.';


--
-- Name: COLUMN silv_activity_measurement_code.expiry_date; Type: COMMENT; Schema: silva; Owner: postgres
--

COMMENT ON COLUMN silva.silv_activity_measurement_code.expiry_date IS 'The date the value is no longer available for use.';


--
-- Name: COLUMN silv_activity_measurement_code.update_timestamp; Type: COMMENT; Schema: silva; Owner: postgres
--

COMMENT ON COLUMN silva.silv_activity_measurement_code.update_timestamp IS 'The date and time the value was last modified.';


--
-- Name: silv_admin_zone; Type: TABLE; Schema: silva; Owner: postgres
--

CREATE TABLE silva.silv_admin_zone (
    dist_admin_zone character varying(2) NOT NULL,
    org_unit_no bigint NOT NULL,
    admin_zone_desc character varying(50) NOT NULL,
    revision_count integer NOT NULL
);


ALTER TABLE silva.silv_admin_zone OWNER TO postgres;

--
-- Name: TABLE silv_admin_zone; Type: COMMENT; Schema: silva; Owner: postgres
--

COMMENT ON TABLE silva.silv_admin_zone IS 'An entity identifying the valid administrative zones for organization units (i.e., district).';


--
-- Name: COLUMN silv_admin_zone.dist_admin_zone; Type: COMMENT; Schema: silva; Owner: postgres
--

COMMENT ON COLUMN silva.silv_admin_zone.dist_admin_zone IS 'A zonal code, district specific in meaning.';


--
-- Name: COLUMN silv_admin_zone.org_unit_no; Type: COMMENT; Schema: silva; Owner: postgres
--

COMMENT ON COLUMN silva.silv_admin_zone.org_unit_no IS 'Unique physical identifier for the storage of organizational unit codes for the Ministry of Forests" offices. Values stored here are for the computer"s use only, and are not to be used by people as "ministry codes".';


--
-- Name: COLUMN silv_admin_zone.admin_zone_desc; Type: COMMENT; Schema: silva; Owner: postgres
--

COMMENT ON COLUMN silva.silv_admin_zone.admin_zone_desc IS 'A zonal description, district specific in meaning.';


--
-- Name: COLUMN silv_admin_zone.revision_count; Type: COMMENT; Schema: silva; Owner: postgres
--

COMMENT ON COLUMN silva.silv_admin_zone.revision_count IS 'Internal counter used by the system to avoid conflicting updates to the record.';


--
-- Name: silv_base_code; Type: TABLE; Schema: silva; Owner: postgres
--

CREATE TABLE silva.silv_base_code (
    silv_base_code character varying(2) NOT NULL,
    description character varying(120) NOT NULL,
    effective_date timestamp(0) without time zone NOT NULL,
    expiry_date timestamp(0) without time zone NOT NULL,
    update_timestamp timestamp(0) without time zone NOT NULL
);


ALTER TABLE silva.silv_base_code OWNER TO postgres;

--
-- Name: COLUMN silv_base_code.silv_base_code; Type: COMMENT; Schema: silva; Owner: postgres
--

COMMENT ON COLUMN silva.silv_base_code.silv_base_code IS 'Identifies a primary category of Silviculture Activity.';


--
-- Name: COLUMN silv_base_code.description; Type: COMMENT; Schema: silva; Owner: postgres
--

COMMENT ON COLUMN silva.silv_base_code.description IS 'Full description of code value.';


--
-- Name: COLUMN silv_base_code.effective_date; Type: COMMENT; Schema: silva; Owner: postgres
--

COMMENT ON COLUMN silva.silv_base_code.effective_date IS 'The date the value is available for use.';


--
-- Name: COLUMN silv_base_code.expiry_date; Type: COMMENT; Schema: silva; Owner: postgres
--

COMMENT ON COLUMN silva.silv_base_code.expiry_date IS 'The date the value is no longer available for use.';


--
-- Name: COLUMN silv_base_code.update_timestamp; Type: COMMENT; Schema: silva; Owner: postgres
--

COMMENT ON COLUMN silva.silv_base_code.update_timestamp IS 'The date and time the value was last modified.';


--
-- Name: silv_comment_source_code; Type: TABLE; Schema: silva; Owner: postgres
--

CREATE TABLE silva.silv_comment_source_code (
    silv_comment_source_code character varying(4) NOT NULL,
    description character varying(120) NOT NULL,
    effective_date timestamp(0) without time zone NOT NULL,
    expiry_date timestamp(0) without time zone NOT NULL,
    update_timestamp timestamp(0) without time zone NOT NULL
);


ALTER TABLE silva.silv_comment_source_code OWNER TO postgres;

--
-- Name: COLUMN silv_comment_source_code.silv_comment_source_code; Type: COMMENT; Schema: silva; Owner: postgres
--

COMMENT ON COLUMN silva.silv_comment_source_code.silv_comment_source_code IS 'Code indicating source of comment. Examples include but are not limited to: OPEN, PHSP, RSLT, PLAN.';


--
-- Name: COLUMN silv_comment_source_code.description; Type: COMMENT; Schema: silva; Owner: postgres
--

COMMENT ON COLUMN silva.silv_comment_source_code.description IS 'Full description of code value.';


--
-- Name: COLUMN silv_comment_source_code.effective_date; Type: COMMENT; Schema: silva; Owner: postgres
--

COMMENT ON COLUMN silva.silv_comment_source_code.effective_date IS 'The date the value is available for use.';


--
-- Name: COLUMN silv_comment_source_code.expiry_date; Type: COMMENT; Schema: silva; Owner: postgres
--

COMMENT ON COLUMN silva.silv_comment_source_code.expiry_date IS 'The date the value is no longer available for use.';


--
-- Name: COLUMN silv_comment_source_code.update_timestamp; Type: COMMENT; Schema: silva; Owner: postgres
--

COMMENT ON COLUMN silva.silv_comment_source_code.update_timestamp IS 'The date and time the value was last modified.';


--
-- Name: silv_comment_type_code; Type: TABLE; Schema: silva; Owner: postgres
--

CREATE TABLE silva.silv_comment_type_code (
    silv_comment_type_code character varying(8) NOT NULL,
    description character varying(120) NOT NULL,
    effective_date timestamp(0) without time zone NOT NULL,
    expiry_date timestamp(0) without time zone NOT NULL,
    update_timestamp timestamp(0) without time zone NOT NULL
);


ALTER TABLE silva.silv_comment_type_code OWNER TO postgres;

--
-- Name: COLUMN silv_comment_type_code.silv_comment_type_code; Type: COMMENT; Schema: silva; Owner: postgres
--

COMMENT ON COLUMN silva.silv_comment_type_code.silv_comment_type_code IS 'Code indicating type of comment. Examples include but are not limited to: MGMNTOBJ, RECREATN, LNDSCAPE, WILDLIFE, FISHWATR, FIRE, SP, SURVEY.';


--
-- Name: COLUMN silv_comment_type_code.description; Type: COMMENT; Schema: silva; Owner: postgres
--

COMMENT ON COLUMN silva.silv_comment_type_code.description IS 'Full description of code value.';


--
-- Name: COLUMN silv_comment_type_code.effective_date; Type: COMMENT; Schema: silva; Owner: postgres
--

COMMENT ON COLUMN silva.silv_comment_type_code.effective_date IS 'The date the value is available for use.';


--
-- Name: COLUMN silv_comment_type_code.expiry_date; Type: COMMENT; Schema: silva; Owner: postgres
--

COMMENT ON COLUMN silva.silv_comment_type_code.expiry_date IS 'The date the value is no longer available for use.';


--
-- Name: COLUMN silv_comment_type_code.update_timestamp; Type: COMMENT; Schema: silva; Owner: postgres
--

COMMENT ON COLUMN silva.silv_comment_type_code.update_timestamp IS 'The date and time the value was last modified.';


--
-- Name: silv_comment_xref; Type: TABLE; Schema: silva; Owner: postgres
--

CREATE TABLE silva.silv_comment_xref (
    silv_comment_source_code character varying(4) NOT NULL,
    silv_comment_type_code character varying(8) NOT NULL,
    comment_order_no integer NOT NULL
);


ALTER TABLE silva.silv_comment_xref OWNER TO postgres;

--
-- Name: TABLE silv_comment_xref; Type: COMMENT; Schema: silva; Owner: postgres
--

COMMENT ON TABLE silva.silv_comment_xref IS 'A cross reference entity that allow for the relationship between SILV CMT SOURCE CODE and SILV CMT TYPE CODE.';


--
-- Name: COLUMN silv_comment_xref.silv_comment_source_code; Type: COMMENT; Schema: silva; Owner: postgres
--

COMMENT ON COLUMN silva.silv_comment_xref.silv_comment_source_code IS 'Code indicating source of comment. Examples include but are not limited to: OPEN, PHSP, RSLT, PLAN.';


--
-- Name: COLUMN silv_comment_xref.silv_comment_type_code; Type: COMMENT; Schema: silva; Owner: postgres
--

COMMENT ON COLUMN silva.silv_comment_xref.silv_comment_type_code IS 'Code indicating type of comment. Examples include but are not limited to: MGMNTOBJ, RECREATN, LNDSCAPE, WILDLIFE, FISHWATR, FIRE, SP, SURVEY.';


--
-- Name: COLUMN silv_comment_xref.comment_order_no; Type: COMMENT; Schema: silva; Owner: postgres
--

COMMENT ON COLUMN silva.silv_comment_xref.comment_order_no IS 'Used to order comment type codes when displaying all types for a comment source code.';


--
-- Name: silv_cut_phase_code; Type: TABLE; Schema: silva; Owner: postgres
--

CREATE TABLE silva.silv_cut_phase_code (
    silv_cut_phase_code character varying(5) NOT NULL,
    description character varying(120) NOT NULL,
    effective_date timestamp(0) without time zone NOT NULL,
    expiry_date timestamp(0) without time zone NOT NULL,
    update_timestamp timestamp(0) without time zone NOT NULL
);


ALTER TABLE silva.silv_cut_phase_code OWNER TO postgres;

--
-- Name: COLUMN silv_cut_phase_code.silv_cut_phase_code; Type: COMMENT; Schema: silva; Owner: postgres
--

COMMENT ON COLUMN silva.silv_cut_phase_code.silv_cut_phase_code IS 'The code for the actual silvicultural system cut phase. The cut phase of a silvicultural system variant describes the function of a harvest to extract merchantable timber and achieve a silviculture treatment.';


--
-- Name: COLUMN silv_cut_phase_code.description; Type: COMMENT; Schema: silva; Owner: postgres
--

COMMENT ON COLUMN silva.silv_cut_phase_code.description IS 'Full description of code value.';


--
-- Name: COLUMN silv_cut_phase_code.effective_date; Type: COMMENT; Schema: silva; Owner: postgres
--

COMMENT ON COLUMN silva.silv_cut_phase_code.effective_date IS 'The date the value is available for use.';


--
-- Name: COLUMN silv_cut_phase_code.expiry_date; Type: COMMENT; Schema: silva; Owner: postgres
--

COMMENT ON COLUMN silva.silv_cut_phase_code.expiry_date IS 'The date the value is no longer available for use.';


--
-- Name: COLUMN silv_cut_phase_code.update_timestamp; Type: COMMENT; Schema: silva; Owner: postgres
--

COMMENT ON COLUMN silva.silv_cut_phase_code.update_timestamp IS 'The date and time the value was last modified.';


--
-- Name: silv_damage_agent_code; Type: TABLE; Schema: silva; Owner: postgres
--

CREATE TABLE silva.silv_damage_agent_code (
    silv_damage_agent_code character varying(3) NOT NULL,
    description character varying(120) NOT NULL,
    effective_date timestamp(0) without time zone NOT NULL,
    expiry_date timestamp(0) without time zone NOT NULL,
    update_timestamp timestamp(0) without time zone NOT NULL
);


ALTER TABLE silva.silv_damage_agent_code OWNER TO postgres;

--
-- Name: COLUMN silv_damage_agent_code.silv_damage_agent_code; Type: COMMENT; Schema: silva; Owner: postgres
--

COMMENT ON COLUMN silva.silv_damage_agent_code.silv_damage_agent_code IS 'A code indicating the category of insect or disease that has caused a disturbance in the stands history. Stands with a disturbance caused by insects or disease can be further described by the ACTIVITY SUB CODE. The code for the damage agent as it is currently collected (94-3). The FIP based version of Damage Agent code, retained on an as is basis until migration to a stable Ministry version of Damage Agent is availible.';


--
-- Name: COLUMN silv_damage_agent_code.description; Type: COMMENT; Schema: silva; Owner: postgres
--

COMMENT ON COLUMN silva.silv_damage_agent_code.description IS 'Full description of code value.';


--
-- Name: COLUMN silv_damage_agent_code.effective_date; Type: COMMENT; Schema: silva; Owner: postgres
--

COMMENT ON COLUMN silva.silv_damage_agent_code.effective_date IS 'The date the value is available for use.';


--
-- Name: COLUMN silv_damage_agent_code.expiry_date; Type: COMMENT; Schema: silva; Owner: postgres
--

COMMENT ON COLUMN silva.silv_damage_agent_code.expiry_date IS 'The date the value is no longer available for use.';


--
-- Name: COLUMN silv_damage_agent_code.update_timestamp; Type: COMMENT; Schema: silva; Owner: postgres
--

COMMENT ON COLUMN silva.silv_damage_agent_code.update_timestamp IS 'The date and time the value was last modified.';


--
-- Name: silv_fund_srce_code; Type: TABLE; Schema: silva; Owner: postgres
--

CREATE TABLE silva.silv_fund_srce_code (
    silv_fund_srce_code character varying(3) NOT NULL,
    description character varying(120) NOT NULL,
    effective_date timestamp(0) without time zone NOT NULL,
    expiry_date timestamp(0) without time zone NOT NULL,
    update_timestamp timestamp(0) without time zone NOT NULL
);


ALTER TABLE silva.silv_fund_srce_code OWNER TO postgres;

--
-- Name: COLUMN silv_fund_srce_code.silv_fund_srce_code; Type: COMMENT; Schema: silva; Owner: postgres
--

COMMENT ON COLUMN silva.silv_fund_srce_code.silv_fund_srce_code IS 'A code indicating which Funding Program will be the primary funding source for silviculture activities on the opening.';


--
-- Name: COLUMN silv_fund_srce_code.description; Type: COMMENT; Schema: silva; Owner: postgres
--

COMMENT ON COLUMN silva.silv_fund_srce_code.description IS 'Full description of code value.';


--
-- Name: COLUMN silv_fund_srce_code.effective_date; Type: COMMENT; Schema: silva; Owner: postgres
--

COMMENT ON COLUMN silva.silv_fund_srce_code.effective_date IS 'The date the value is available for use.';


--
-- Name: COLUMN silv_fund_srce_code.expiry_date; Type: COMMENT; Schema: silva; Owner: postgres
--

COMMENT ON COLUMN silva.silv_fund_srce_code.expiry_date IS 'The date the value is no longer available for use.';


--
-- Name: COLUMN silv_fund_srce_code.update_timestamp; Type: COMMENT; Schema: silva; Owner: postgres
--

COMMENT ON COLUMN silva.silv_fund_srce_code.update_timestamp IS 'The date and time the value was last modified.';


--
-- Name: silv_method_code; Type: TABLE; Schema: silva; Owner: postgres
--

CREATE TABLE silva.silv_method_code (
    silv_method_code character varying(5) NOT NULL,
    description character varying(120) NOT NULL,
    effective_date timestamp(0) without time zone NOT NULL,
    expiry_date timestamp(0) without time zone NOT NULL,
    update_timestamp timestamp(0) without time zone NOT NULL
);


ALTER TABLE silva.silv_method_code OWNER TO postgres;

--
-- Name: COLUMN silv_method_code.silv_method_code; Type: COMMENT; Schema: silva; Owner: postgres
--

COMMENT ON COLUMN silva.silv_method_code.silv_method_code IS 'Describes the specific machinery or method used for the base activity (eg. SHEAR = hand shears). A code for the method category of silvicultural activity planned.';


--
-- Name: COLUMN silv_method_code.description; Type: COMMENT; Schema: silva; Owner: postgres
--

COMMENT ON COLUMN silva.silv_method_code.description IS 'The full description of the code value.';


--
-- Name: COLUMN silv_method_code.effective_date; Type: COMMENT; Schema: silva; Owner: postgres
--

COMMENT ON COLUMN silva.silv_method_code.effective_date IS 'The date the value is available for use.';


--
-- Name: COLUMN silv_method_code.expiry_date; Type: COMMENT; Schema: silva; Owner: postgres
--

COMMENT ON COLUMN silva.silv_method_code.expiry_date IS 'The date the value is lo longer available for use.';


--
-- Name: COLUMN silv_method_code.update_timestamp; Type: COMMENT; Schema: silva; Owner: postgres
--

COMMENT ON COLUMN silva.silv_method_code.update_timestamp IS 'The date and time the value was last modified';


--
-- Name: silv_milestone_type_code; Type: TABLE; Schema: silva; Owner: postgres
--

CREATE TABLE silva.silv_milestone_type_code (
    silv_milestone_type_code character varying(3) NOT NULL,
    description character varying(120) NOT NULL,
    effective_date timestamp(0) without time zone NOT NULL,
    expiry_date timestamp(0) without time zone NOT NULL,
    update_timestamp timestamp(0) without time zone NOT NULL
);


ALTER TABLE silva.silv_milestone_type_code OWNER TO postgres;

--
-- Name: COLUMN silv_milestone_type_code.silv_milestone_type_code; Type: COMMENT; Schema: silva; Owner: postgres
--

COMMENT ON COLUMN silva.silv_milestone_type_code.silv_milestone_type_code IS 'A means of identifying if the associated milestone is for post harvest, regeneration or free growing.';


--
-- Name: COLUMN silv_milestone_type_code.description; Type: COMMENT; Schema: silva; Owner: postgres
--

COMMENT ON COLUMN silva.silv_milestone_type_code.description IS 'Full description of code value.';


--
-- Name: COLUMN silv_milestone_type_code.effective_date; Type: COMMENT; Schema: silva; Owner: postgres
--

COMMENT ON COLUMN silva.silv_milestone_type_code.effective_date IS 'The date the value is available for use.';


--
-- Name: COLUMN silv_milestone_type_code.expiry_date; Type: COMMENT; Schema: silva; Owner: postgres
--

COMMENT ON COLUMN silva.silv_milestone_type_code.expiry_date IS 'The date the value is no longer available for use.';


--
-- Name: COLUMN silv_milestone_type_code.update_timestamp; Type: COMMENT; Schema: silva; Owner: postgres
--

COMMENT ON COLUMN silva.silv_milestone_type_code.update_timestamp IS 'The date and time the value was last modified.';


--
-- Name: silv_objective_code; Type: TABLE; Schema: silva; Owner: postgres
--

CREATE TABLE silva.silv_objective_code (
    silv_objective_code character varying(3) NOT NULL,
    description character varying(120) NOT NULL,
    effective_date timestamp(0) without time zone NOT NULL,
    expiry_date timestamp(0) without time zone NOT NULL,
    update_timestamp timestamp(0) without time zone NOT NULL
);


ALTER TABLE silva.silv_objective_code OWNER TO postgres;

--
-- Name: COLUMN silv_objective_code.silv_objective_code; Type: COMMENT; Schema: silva; Owner: postgres
--

COMMENT ON COLUMN silva.silv_objective_code.silv_objective_code IS 'A code which defines the silviculture objective for performing the specific (base/technique/method) silvicultural activity.';


--
-- Name: COLUMN silv_objective_code.description; Type: COMMENT; Schema: silva; Owner: postgres
--

COMMENT ON COLUMN silva.silv_objective_code.description IS 'The full description of the code value.';


--
-- Name: COLUMN silv_objective_code.effective_date; Type: COMMENT; Schema: silva; Owner: postgres
--

COMMENT ON COLUMN silva.silv_objective_code.effective_date IS 'The date the value is available for use.';


--
-- Name: COLUMN silv_objective_code.expiry_date; Type: COMMENT; Schema: silva; Owner: postgres
--

COMMENT ON COLUMN silva.silv_objective_code.expiry_date IS 'The date the value is lo longer available for use.';


--
-- Name: COLUMN silv_objective_code.update_timestamp; Type: COMMENT; Schema: silva; Owner: postgres
--

COMMENT ON COLUMN silva.silv_objective_code.update_timestamp IS 'The date and time the value was last modified';


--
-- Name: silv_project_comment_link; Type: TABLE; Schema: silva; Owner: postgres
--

CREATE TABLE silva.silv_project_comment_link (
    silviculture_project_id bigint NOT NULL,
    silviculture_comment_id bigint NOT NULL
);


ALTER TABLE silva.silv_project_comment_link OWNER TO postgres;

--
-- Name: COLUMN silv_project_comment_link.silviculture_project_id; Type: COMMENT; Schema: silva; Owner: postgres
--

COMMENT ON COLUMN silva.silv_project_comment_link.silviculture_project_id IS 'A system generated key which uniquely identifies an occurrence of a Silviculture Project.';


--
-- Name: COLUMN silv_project_comment_link.silviculture_comment_id; Type: COMMENT; Schema: silva; Owner: postgres
--

COMMENT ON COLUMN silva.silv_project_comment_link.silviculture_comment_id IS 'System generated value uniquely identifying the ISIS comment.';


--
-- Name: silv_project_status_code; Type: TABLE; Schema: silva; Owner: postgres
--

CREATE TABLE silva.silv_project_status_code (
    silv_project_status_code character varying(3) NOT NULL,
    description character varying(120) NOT NULL,
    effective_date timestamp(0) without time zone NOT NULL,
    expiry_date timestamp(0) without time zone NOT NULL,
    update_timestamp timestamp(0) without time zone NOT NULL
);


ALTER TABLE silva.silv_project_status_code OWNER TO postgres;

--
-- Name: COLUMN silv_project_status_code.silv_project_status_code; Type: COMMENT; Schema: silva; Owner: postgres
--

COMMENT ON COLUMN silva.silv_project_status_code.silv_project_status_code IS 'A code to indicate the current status of a SILVICULTURE PROJECT.';


--
-- Name: COLUMN silv_project_status_code.description; Type: COMMENT; Schema: silva; Owner: postgres
--

COMMENT ON COLUMN silva.silv_project_status_code.description IS 'Full description of code value.';


--
-- Name: COLUMN silv_project_status_code.effective_date; Type: COMMENT; Schema: silva; Owner: postgres
--

COMMENT ON COLUMN silva.silv_project_status_code.effective_date IS 'The date the value is available for use.';


--
-- Name: COLUMN silv_project_status_code.expiry_date; Type: COMMENT; Schema: silva; Owner: postgres
--

COMMENT ON COLUMN silva.silv_project_status_code.expiry_date IS 'The date the value is no longer available for use.';


--
-- Name: COLUMN silv_project_status_code.update_timestamp; Type: COMMENT; Schema: silva; Owner: postgres
--

COMMENT ON COLUMN silva.silv_project_status_code.update_timestamp IS 'The date and time the value was last modified.';


--
-- Name: silv_relief_appl_status_code; Type: TABLE; Schema: silva; Owner: postgres
--

CREATE TABLE silva.silv_relief_appl_status_code (
    silv_relief_appl_status_code character varying(3) NOT NULL,
    description character varying(120) NOT NULL,
    effective_date timestamp(0) without time zone NOT NULL,
    expiry_date timestamp(0) without time zone NOT NULL,
    update_timestamp timestamp(0) without time zone NOT NULL
);


ALTER TABLE silva.silv_relief_appl_status_code OWNER TO postgres;

--
-- Name: COLUMN silv_relief_appl_status_code.silv_relief_appl_status_code; Type: COMMENT; Schema: silva; Owner: postgres
--

COMMENT ON COLUMN silva.silv_relief_appl_status_code.silv_relief_appl_status_code IS 'Code identifying the status of the relief application.';


--
-- Name: COLUMN silv_relief_appl_status_code.description; Type: COMMENT; Schema: silva; Owner: postgres
--

COMMENT ON COLUMN silva.silv_relief_appl_status_code.description IS 'A full description of the code value.';


--
-- Name: COLUMN silv_relief_appl_status_code.effective_date; Type: COMMENT; Schema: silva; Owner: postgres
--

COMMENT ON COLUMN silva.silv_relief_appl_status_code.effective_date IS 'Date that the code is available for use.';


--
-- Name: COLUMN silv_relief_appl_status_code.expiry_date; Type: COMMENT; Schema: silva; Owner: postgres
--

COMMENT ON COLUMN silva.silv_relief_appl_status_code.expiry_date IS 'Date that the code has been expired and is no longer available for use.';


--
-- Name: COLUMN silv_relief_appl_status_code.update_timestamp; Type: COMMENT; Schema: silva; Owner: postgres
--

COMMENT ON COLUMN silva.silv_relief_appl_status_code.update_timestamp IS 'The date and time of the last update.';


--
-- Name: silv_relief_application; Type: TABLE; Schema: silva; Owner: postgres
--

CREATE TABLE silva.silv_relief_application (
    silv_relief_application_id bigint NOT NULL,
    silv_relief_application_no smallint NOT NULL,
    activity_treatment_unit_id bigint NOT NULL,
    silv_relief_appl_status_code character varying(3) NOT NULL,
    pre_event_forest_cover_date timestamp(0) without time zone NOT NULL,
    post_event_forest_cover_date timestamp(0) without time zone NOT NULL,
    amendment_opening_id bigint,
    opening_amendment_number integer,
    obligation_relief_ind character varying(1) NOT NULL,
    obligation_met_ind character varying(1) NOT NULL,
    cause_damage_ind character varying(1) NOT NULL,
    officially_induced_error_ind character varying(1) NOT NULL,
    due_diligence_ind character varying(1) NOT NULL,
    authorization_checked_ind character varying(1) NOT NULL,
    submitted_date timestamp(0) without time zone,
    submitted_by_userid character varying(30),
    approved_date timestamp(0) without time zone,
    approved_by_userid character varying(30),
    reject_comment character varying(2000),
    entry_userid character varying(30) NOT NULL,
    entry_timestamp timestamp(0) without time zone NOT NULL,
    update_userid character varying(30) NOT NULL,
    update_timestamp timestamp(0) without time zone NOT NULL,
    revision_count integer NOT NULL
);


ALTER TABLE silva.silv_relief_application OWNER TO postgres;

--
-- Name: TABLE silv_relief_application; Type: COMMENT; Schema: silva; Owner: postgres
--

COMMENT ON TABLE silva.silv_relief_application IS 'Application for relief from obligation or montary reembursement for damage done by natural disasters etc.';


--
-- Name: COLUMN silv_relief_application.silv_relief_application_id; Type: COMMENT; Schema: silva; Owner: postgres
--

COMMENT ON COLUMN silva.silv_relief_application.silv_relief_application_id IS 'Uniquely identifies an Application for Relief from obligations.';


--
-- Name: COLUMN silv_relief_application.silv_relief_application_no; Type: COMMENT; Schema: silva; Owner: postgres
--

COMMENT ON COLUMN silva.silv_relief_application.silv_relief_application_no IS 'The sequetial number given to the relief application baed on the number of application submitted for the opening only.';


--
-- Name: COLUMN silv_relief_application.activity_treatment_unit_id; Type: COMMENT; Schema: silva; Owner: postgres
--

COMMENT ON COLUMN silva.silv_relief_application.activity_treatment_unit_id IS 'System generated value uniquely identifying the Activity Treatment Unit.';


--
-- Name: COLUMN silv_relief_application.silv_relief_appl_status_code; Type: COMMENT; Schema: silva; Owner: postgres
--

COMMENT ON COLUMN silva.silv_relief_application.silv_relief_appl_status_code IS 'Code identifying the status of the relief application.';


--
-- Name: COLUMN silv_relief_application.pre_event_forest_cover_date; Type: COMMENT; Schema: silva; Owner: postgres
--

COMMENT ON COLUMN silva.silv_relief_application.pre_event_forest_cover_date IS 'Most recent observation date describing the forest condition prior to the event.';


--
-- Name: COLUMN silv_relief_application.post_event_forest_cover_date; Type: COMMENT; Schema: silva; Owner: postgres
--

COMMENT ON COLUMN silva.silv_relief_application.post_event_forest_cover_date IS 'Most recent observation date after the damaging event demonstrating the current forest condition leading to the relief request.';


--
-- Name: COLUMN silv_relief_application.amendment_opening_id; Type: COMMENT; Schema: silva; Owner: postgres
--

COMMENT ON COLUMN silva.silv_relief_application.amendment_opening_id IS 'System generated value uniquely identifying the opening.';


--
-- Name: COLUMN silv_relief_application.opening_amendment_number; Type: COMMENT; Schema: silva; Owner: postgres
--

COMMENT ON COLUMN silva.silv_relief_application.opening_amendment_number IS 'A system generated value uniquely identifying an amendment.';


--
-- Name: COLUMN silv_relief_application.obligation_relief_ind; Type: COMMENT; Schema: silva; Owner: postgres
--

COMMENT ON COLUMN silva.silv_relief_application.obligation_relief_ind IS 'Denotes whether this application is applying for full relief from obligations.';


--
-- Name: COLUMN silv_relief_application.obligation_met_ind; Type: COMMENT; Schema: silva; Owner: postgres
--

COMMENT ON COLUMN silva.silv_relief_application.obligation_met_ind IS 'Indicates if the Obligation cannot be met without significant extra expense due to the damaging event.';


--
-- Name: COLUMN silv_relief_application.cause_damage_ind; Type: COMMENT; Schema: silva; Owner: postgres
--

COMMENT ON COLUMN silva.silv_relief_application.cause_damage_ind IS 'Indicates if the Obligation holder did not cause or contribute to the cause of the damage.';


--
-- Name: COLUMN silv_relief_application.officially_induced_error_ind; Type: COMMENT; Schema: silva; Owner: postgres
--

COMMENT ON COLUMN silva.silv_relief_application.officially_induced_error_ind IS 'Indicates if the Obligation holder contributed to the cause of the damage but only as a result of an officially induced error.';


--
-- Name: COLUMN silv_relief_application.due_diligence_ind; Type: COMMENT; Schema: silva; Owner: postgres
--

COMMENT ON COLUMN silva.silv_relief_application.due_diligence_ind IS 'Indicates if the Obligation holder exercised due diligence in relation to the cause of the damage.';


--
-- Name: COLUMN silv_relief_application.authorization_checked_ind; Type: COMMENT; Schema: silva; Owner: postgres
--

COMMENT ON COLUMN silva.silv_relief_application.authorization_checked_ind IS 'Indicates if the submitter is authorized by the holder of these silviculture obligations to make this submission and confirms their appropriate professional designation to make this submission.';


--
-- Name: COLUMN silv_relief_application.submitted_date; Type: COMMENT; Schema: silva; Owner: postgres
--

COMMENT ON COLUMN silva.silv_relief_application.submitted_date IS 'The date and time the application was submitted.';


--
-- Name: COLUMN silv_relief_application.submitted_by_userid; Type: COMMENT; Schema: silva; Owner: postgres
--

COMMENT ON COLUMN silva.silv_relief_application.submitted_by_userid IS 'The userid of the individual who submitted the application.';


--
-- Name: COLUMN silv_relief_application.approved_date; Type: COMMENT; Schema: silva; Owner: postgres
--

COMMENT ON COLUMN silva.silv_relief_application.approved_date IS 'The date and time the application was approved.';


--
-- Name: COLUMN silv_relief_application.approved_by_userid; Type: COMMENT; Schema: silva; Owner: postgres
--

COMMENT ON COLUMN silva.silv_relief_application.approved_by_userid IS 'The userid of the individual who approved the application.';


--
-- Name: COLUMN silv_relief_application.reject_comment; Type: COMMENT; Schema: silva; Owner: postgres
--

COMMENT ON COLUMN silva.silv_relief_application.reject_comment IS 'If the application is rejected, a reason must be provided.';


--
-- Name: COLUMN silv_relief_application.entry_userid; Type: COMMENT; Schema: silva; Owner: postgres
--

COMMENT ON COLUMN silva.silv_relief_application.entry_userid IS 'The userid of the individual who entered the information.';


--
-- Name: COLUMN silv_relief_application.entry_timestamp; Type: COMMENT; Schema: silva; Owner: postgres
--

COMMENT ON COLUMN silva.silv_relief_application.entry_timestamp IS 'The date and time the information was entered.';


--
-- Name: COLUMN silv_relief_application.update_userid; Type: COMMENT; Schema: silva; Owner: postgres
--

COMMENT ON COLUMN silva.silv_relief_application.update_userid IS 'The userid of the individual who last updated the information.';


--
-- Name: COLUMN silv_relief_application.update_timestamp; Type: COMMENT; Schema: silva; Owner: postgres
--

COMMENT ON COLUMN silva.silv_relief_application.update_timestamp IS 'The date and time of the last update.';


--
-- Name: COLUMN silv_relief_application.revision_count; Type: COMMENT; Schema: silva; Owner: postgres
--

COMMENT ON COLUMN silva.silv_relief_application.revision_count IS 'A counter identifying the number of times this record as been modified. Used in the web page access to determine if the record as been modified since the data was first retrieved.';


--
-- Name: silv_reserve_code; Type: TABLE; Schema: silva; Owner: postgres
--

CREATE TABLE silva.silv_reserve_code (
    silv_reserve_code character varying(1) NOT NULL,
    description character varying(120) NOT NULL,
    effective_date timestamp(0) without time zone NOT NULL,
    expiry_date timestamp(0) without time zone NOT NULL,
    update_timestamp timestamp(0) without time zone NOT NULL
);


ALTER TABLE silva.silv_reserve_code OWNER TO postgres;

--
-- Name: COLUMN silv_reserve_code.silv_reserve_code; Type: COMMENT; Schema: silva; Owner: postgres
--

COMMENT ON COLUMN silva.silv_reserve_code.silv_reserve_code IS 'A code for the type of reserve. Values are group (b), uniform (u) or variable (v).';


--
-- Name: COLUMN silv_reserve_code.description; Type: COMMENT; Schema: silva; Owner: postgres
--

COMMENT ON COLUMN silva.silv_reserve_code.description IS 'The full description of the code value.';


--
-- Name: COLUMN silv_reserve_code.effective_date; Type: COMMENT; Schema: silva; Owner: postgres
--

COMMENT ON COLUMN silva.silv_reserve_code.effective_date IS 'The date the value is available for use.';


--
-- Name: COLUMN silv_reserve_code.expiry_date; Type: COMMENT; Schema: silva; Owner: postgres
--

COMMENT ON COLUMN silva.silv_reserve_code.expiry_date IS 'The date the value is lo longer available for use.';


--
-- Name: COLUMN silv_reserve_code.update_timestamp; Type: COMMENT; Schema: silva; Owner: postgres
--

COMMENT ON COLUMN silva.silv_reserve_code.update_timestamp IS 'The date and time the value was last modified';


--
-- Name: silv_reserve_objective_code; Type: TABLE; Schema: silva; Owner: postgres
--

CREATE TABLE silva.silv_reserve_objective_code (
    silv_reserve_objective_code character varying(3) NOT NULL,
    description character varying(120) NOT NULL,
    effective_date timestamp(0) without time zone NOT NULL,
    expiry_date timestamp(0) without time zone NOT NULL,
    update_timestamp timestamp(0) without time zone NOT NULL
);


ALTER TABLE silva.silv_reserve_objective_code OWNER TO postgres;

--
-- Name: COLUMN silv_reserve_objective_code.silv_reserve_objective_code; Type: COMMENT; Schema: silva; Owner: postgres
--

COMMENT ON COLUMN silva.silv_reserve_objective_code.silv_reserve_objective_code IS 'A code used to define the primary reserve objective. ( e.g. Riparian, Wildlife Habitat) .';


--
-- Name: COLUMN silv_reserve_objective_code.description; Type: COMMENT; Schema: silva; Owner: postgres
--

COMMENT ON COLUMN silva.silv_reserve_objective_code.description IS 'The full description of the code value.';


--
-- Name: COLUMN silv_reserve_objective_code.effective_date; Type: COMMENT; Schema: silva; Owner: postgres
--

COMMENT ON COLUMN silva.silv_reserve_objective_code.effective_date IS 'The date the value is available for use.';


--
-- Name: COLUMN silv_reserve_objective_code.expiry_date; Type: COMMENT; Schema: silva; Owner: postgres
--

COMMENT ON COLUMN silva.silv_reserve_objective_code.expiry_date IS 'The date the value is lo longer available for use.';


--
-- Name: COLUMN silv_reserve_objective_code.update_timestamp; Type: COMMENT; Schema: silva; Owner: postgres
--

COMMENT ON COLUMN silva.silv_reserve_objective_code.update_timestamp IS 'The date and time the value was last modified';


--
-- Name: silv_statute_code; Type: TABLE; Schema: silva; Owner: postgres
--

CREATE TABLE silva.silv_statute_code (
    silv_statute_code character varying(3) NOT NULL,
    description character varying(120) NOT NULL,
    effective_date timestamp(0) without time zone NOT NULL,
    expiry_date timestamp(0) without time zone NOT NULL,
    update_timestamp timestamp(0) without time zone NOT NULL
);


ALTER TABLE silva.silv_statute_code OWNER TO postgres;

--
-- Name: COLUMN silv_statute_code.silv_statute_code; Type: COMMENT; Schema: silva; Owner: postgres
--

COMMENT ON COLUMN silva.silv_statute_code.silv_statute_code IS 'A legislative statute based on a current Act, Regulation or policy';


--
-- Name: COLUMN silv_statute_code.description; Type: COMMENT; Schema: silva; Owner: postgres
--

COMMENT ON COLUMN silva.silv_statute_code.description IS 'Description of the code value';


--
-- Name: COLUMN silv_statute_code.effective_date; Type: COMMENT; Schema: silva; Owner: postgres
--

COMMENT ON COLUMN silva.silv_statute_code.effective_date IS 'Date the code becomes effective';


--
-- Name: COLUMN silv_statute_code.expiry_date; Type: COMMENT; Schema: silva; Owner: postgres
--

COMMENT ON COLUMN silva.silv_statute_code.expiry_date IS 'Date the code expires';


--
-- Name: COLUMN silv_statute_code.update_timestamp; Type: COMMENT; Schema: silva; Owner: postgres
--

COMMENT ON COLUMN silva.silv_statute_code.update_timestamp IS 'The date and time the value was last modified.';


--
-- Name: silv_system_code; Type: TABLE; Schema: silva; Owner: postgres
--

CREATE TABLE silva.silv_system_code (
    silv_system_code character varying(5) NOT NULL,
    description character varying(120) NOT NULL,
    effective_date timestamp(0) without time zone NOT NULL,
    expiry_date timestamp(0) without time zone NOT NULL,
    update_timestamp timestamp(0) without time zone NOT NULL
);


ALTER TABLE silva.silv_system_code OWNER TO postgres;

--
-- Name: COLUMN silv_system_code.silv_system_code; Type: COMMENT; Schema: silva; Owner: postgres
--

COMMENT ON COLUMN silva.silv_system_code.silv_system_code IS 'The code signifying the silviculture system that the post logging treatment code is to be applied to. (Ex. "B" for Basic silviculture).';


--
-- Name: COLUMN silv_system_code.description; Type: COMMENT; Schema: silva; Owner: postgres
--

COMMENT ON COLUMN silva.silv_system_code.description IS 'The full description of the code value.';


--
-- Name: COLUMN silv_system_code.effective_date; Type: COMMENT; Schema: silva; Owner: postgres
--

COMMENT ON COLUMN silva.silv_system_code.effective_date IS 'The date the value is available for use.';


--
-- Name: COLUMN silv_system_code.expiry_date; Type: COMMENT; Schema: silva; Owner: postgres
--

COMMENT ON COLUMN silva.silv_system_code.expiry_date IS 'The date the value is lo longer available for use.';


--
-- Name: COLUMN silv_system_code.update_timestamp; Type: COMMENT; Schema: silva; Owner: postgres
--

COMMENT ON COLUMN silva.silv_system_code.update_timestamp IS 'The date and time the value was last modified';


--
-- Name: silv_system_variant_code; Type: TABLE; Schema: silva; Owner: postgres
--

CREATE TABLE silva.silv_system_variant_code (
    silv_system_variant_code character varying(3) NOT NULL,
    description character varying(120) NOT NULL,
    effective_date timestamp(0) without time zone NOT NULL,
    expiry_date timestamp(0) without time zone NOT NULL,
    update_timestamp timestamp(0) without time zone NOT NULL
);


ALTER TABLE silva.silv_system_variant_code OWNER TO postgres;

--
-- Name: COLUMN silv_system_variant_code.silv_system_variant_code; Type: COMMENT; Schema: silva; Owner: postgres
--

COMMENT ON COLUMN silva.silv_system_variant_code.silv_system_variant_code IS 'The code for the silvicultural system variant, which further describes the functional attributes of the particular silvicultural system';


--
-- Name: COLUMN silv_system_variant_code.description; Type: COMMENT; Schema: silva; Owner: postgres
--

COMMENT ON COLUMN silva.silv_system_variant_code.description IS 'The full description of the code value.';


--
-- Name: COLUMN silv_system_variant_code.effective_date; Type: COMMENT; Schema: silva; Owner: postgres
--

COMMENT ON COLUMN silva.silv_system_variant_code.effective_date IS 'The date the value is available for use.';


--
-- Name: COLUMN silv_system_variant_code.expiry_date; Type: COMMENT; Schema: silva; Owner: postgres
--

COMMENT ON COLUMN silva.silv_system_variant_code.expiry_date IS 'The date the value is lo longer available for use.';


--
-- Name: COLUMN silv_system_variant_code.update_timestamp; Type: COMMENT; Schema: silva; Owner: postgres
--

COMMENT ON COLUMN silva.silv_system_variant_code.update_timestamp IS 'The date and time the value was last modified';


--
-- Name: silv_technique_code; Type: TABLE; Schema: silva; Owner: postgres
--

CREATE TABLE silva.silv_technique_code (
    silv_technique_code character varying(2) NOT NULL,
    description character varying(120) NOT NULL,
    effective_date timestamp(0) without time zone NOT NULL,
    expiry_date timestamp(0) without time zone NOT NULL,
    update_timestamp timestamp(0) without time zone NOT NULL
);


ALTER TABLE silva.silv_technique_code OWNER TO postgres;

--
-- Name: COLUMN silv_technique_code.silv_technique_code; Type: COMMENT; Schema: silva; Owner: postgres
--

COMMENT ON COLUMN silva.silv_technique_code.silv_technique_code IS 'Describes the broad category of technique, used for the base activity (eg.BU = BURN).';


--
-- Name: COLUMN silv_technique_code.description; Type: COMMENT; Schema: silva; Owner: postgres
--

COMMENT ON COLUMN silva.silv_technique_code.description IS 'The full description of the code value.';


--
-- Name: COLUMN silv_technique_code.effective_date; Type: COMMENT; Schema: silva; Owner: postgres
--

COMMENT ON COLUMN silva.silv_technique_code.effective_date IS 'The date the value is available for use.';


--
-- Name: COLUMN silv_technique_code.expiry_date; Type: COMMENT; Schema: silva; Owner: postgres
--

COMMENT ON COLUMN silva.silv_technique_code.expiry_date IS 'The date the value is lo longer available for use.';


--
-- Name: COLUMN silv_technique_code.update_timestamp; Type: COMMENT; Schema: silva; Owner: postgres
--

COMMENT ON COLUMN silva.silv_technique_code.update_timestamp IS 'The date and time the value was last modified';


--
-- Name: silv_tree_species_code; Type: TABLE; Schema: silva; Owner: postgres
--

CREATE TABLE silva.silv_tree_species_code (
    silv_tree_species_code character varying(8) NOT NULL,
    description character varying(120) NOT NULL,
    effective_date timestamp(0) without time zone NOT NULL,
    expiry_date timestamp(0) without time zone NOT NULL,
    update_timestamp timestamp(0) without time zone NOT NULL
);


ALTER TABLE silva.silv_tree_species_code OWNER TO postgres;

--
-- Name: COLUMN silv_tree_species_code.silv_tree_species_code; Type: COMMENT; Schema: silva; Owner: postgres
--

COMMENT ON COLUMN silva.silv_tree_species_code.silv_tree_species_code IS 'The secondary tree species of Crown timber that was cut, damaged, destroyed or removed without authority';


--
-- Name: COLUMN silv_tree_species_code.description; Type: COMMENT; Schema: silva; Owner: postgres
--

COMMENT ON COLUMN silva.silv_tree_species_code.description IS 'The full description of the code value.';


--
-- Name: COLUMN silv_tree_species_code.effective_date; Type: COMMENT; Schema: silva; Owner: postgres
--

COMMENT ON COLUMN silva.silv_tree_species_code.effective_date IS 'The date the value is available for use.';


--
-- Name: COLUMN silv_tree_species_code.expiry_date; Type: COMMENT; Schema: silva; Owner: postgres
--

COMMENT ON COLUMN silva.silv_tree_species_code.expiry_date IS 'The date the value is lo longer available for use.';


--
-- Name: COLUMN silv_tree_species_code.update_timestamp; Type: COMMENT; Schema: silva; Owner: postgres
--

COMMENT ON COLUMN silva.silv_tree_species_code.update_timestamp IS 'The date and time the value was last modified';


--
-- Name: silviculture_comment; Type: TABLE; Schema: silva; Owner: postgres
--

CREATE TABLE silva.silviculture_comment (
    silviculture_comment_id bigint NOT NULL,
    comment_date timestamp(0) without time zone NOT NULL,
    silv_comment_source_code character varying(4) NOT NULL,
    silv_comment_type_code character varying(8) NOT NULL,
    comment_text character varying(2000) NOT NULL,
    entry_userid character varying(30) NOT NULL,
    entry_timestamp timestamp(0) without time zone NOT NULL,
    update_userid character varying(30) NOT NULL,
    update_timestamp timestamp(0) without time zone NOT NULL,
    revision_count integer NOT NULL
);


ALTER TABLE silva.silviculture_comment OWNER TO postgres;

--
-- Name: TABLE silviculture_comment; Type: COMMENT; Schema: silva; Owner: postgres
--

COMMENT ON TABLE silva.silviculture_comment IS 'Stores general comments for the ISIS system, and is attached to one of: Opening, ATU, Project.';


--
-- Name: COLUMN silviculture_comment.silviculture_comment_id; Type: COMMENT; Schema: silva; Owner: postgres
--

COMMENT ON COLUMN silva.silviculture_comment.silviculture_comment_id IS 'System generated value uniquely identifying the ISIS comment.';


--
-- Name: COLUMN silviculture_comment.comment_date; Type: COMMENT; Schema: silva; Owner: postgres
--

COMMENT ON COLUMN silva.silviculture_comment.comment_date IS 'Date which the comment is created.';


--
-- Name: COLUMN silviculture_comment.silv_comment_source_code; Type: COMMENT; Schema: silva; Owner: postgres
--

COMMENT ON COLUMN silva.silviculture_comment.silv_comment_source_code IS 'Code indicating source of comment. Examples include but are not limited to: OPEN, PHSP, RSLT, PLAN.';


--
-- Name: COLUMN silviculture_comment.silv_comment_type_code; Type: COMMENT; Schema: silva; Owner: postgres
--

COMMENT ON COLUMN silva.silviculture_comment.silv_comment_type_code IS 'Code indicating type of comment. Examples include but are not limited to: MGMNTOBJ, RECREATN, LNDSCAPE, WILDLIFE, FISHWATR, FIRE, SP, SURVEY.';


--
-- Name: COLUMN silviculture_comment.comment_text; Type: COMMENT; Schema: silva; Owner: postgres
--

COMMENT ON COLUMN silva.silviculture_comment.comment_text IS 'A long, variable length text field for entering comment text.';


--
-- Name: COLUMN silviculture_comment.entry_userid; Type: COMMENT; Schema: silva; Owner: postgres
--

COMMENT ON COLUMN silva.silviculture_comment.entry_userid IS 'The USERID of the individual who entered the information.';


--
-- Name: COLUMN silviculture_comment.entry_timestamp; Type: COMMENT; Schema: silva; Owner: postgres
--

COMMENT ON COLUMN silva.silviculture_comment.entry_timestamp IS 'The USERID of the individual who entered the information.';


--
-- Name: COLUMN silviculture_comment.update_userid; Type: COMMENT; Schema: silva; Owner: postgres
--

COMMENT ON COLUMN silva.silviculture_comment.update_userid IS 'The USERID of the individual who last update this information.';


--
-- Name: COLUMN silviculture_comment.update_timestamp; Type: COMMENT; Schema: silva; Owner: postgres
--

COMMENT ON COLUMN silva.silviculture_comment.update_timestamp IS 'The date and time of the last update.';


--
-- Name: COLUMN silviculture_comment.revision_count; Type: COMMENT; Schema: silva; Owner: postgres
--

COMMENT ON COLUMN silva.silviculture_comment.revision_count IS 'A counter identifying the number of times this record as been modified. Used in the web page access to determine if the record as been modified since the data was first retrieved.';


--
-- Name: silviculture_project; Type: TABLE; Schema: silva; Owner: postgres
--

CREATE TABLE silva.silviculture_project (
    silviculture_project_id bigint NOT NULL,
    silv_base_code character varying(2) NOT NULL,
    fiscal_year smallint NOT NULL,
    org_unit_no bigint NOT NULL,
    project_sequence character varying(4) NOT NULL,
    project_location character varying(30),
    silv_project_status_code character varying(3) NOT NULL,
    client_number character varying(8),
    start_date timestamp(0) without time zone NOT NULL,
    view_date timestamp(0) without time zone,
    coordinator_userid character varying(30),
    overhead_cost numeric(9,2),
    crew_contract_hire_code character varying(1),
    dist_admin_zone character varying(2),
    unit_bid_code character varying(3) NOT NULL,
    entry_userid character varying(30) NOT NULL,
    entry_timestamp timestamp(0) without time zone NOT NULL,
    update_userid character varying(30) NOT NULL,
    update_timestamp timestamp(0) without time zone NOT NULL,
    revision_count integer NOT NULL
);


ALTER TABLE silva.silviculture_project OWNER TO postgres;

--
-- Name: TABLE silviculture_project; Type: COMMENT; Schema: silva; Owner: postgres
--

COMMENT ON TABLE silva.silviculture_project IS 'A administrative instrument that allows Ministry staff to plan and execute contracts for silviculture treatments. Collects the general project information recorded during Planting, Site Preparation, Pruning and Survey activities';


--
-- Name: COLUMN silviculture_project.silviculture_project_id; Type: COMMENT; Schema: silva; Owner: postgres
--

COMMENT ON COLUMN silva.silviculture_project.silviculture_project_id IS 'A system generated key which uniquely identifies an occurrence of a Silviculture Project.';


--
-- Name: COLUMN silviculture_project.silv_base_code; Type: COMMENT; Schema: silva; Owner: postgres
--

COMMENT ON COLUMN silva.silviculture_project.silv_base_code IS 'Identifies a primary category of Silviculture Activity.';


--
-- Name: COLUMN silviculture_project.fiscal_year; Type: COMMENT; Schema: silva; Owner: postgres
--

COMMENT ON COLUMN silva.silviculture_project.fiscal_year IS 'The fiscal year in which the project commenced, or, in the case of a planned project, is expected to commence. A component of the concatenated business key which consists of: SILV BASE CODE FISCAL YEAR ORG UNIT CODE PROJECT SEQUENCE e.g. PL2006DCR035A';


--
-- Name: COLUMN silviculture_project.org_unit_no; Type: COMMENT; Schema: silva; Owner: postgres
--

COMMENT ON COLUMN silva.silviculture_project.org_unit_no IS 'Unique physical identifier for the storage of organizational unit codes for the Ministry of Forests" offices. Values stored here are for the computer"s use only, and are not to be used by people as "ministry codes".';


--
-- Name: COLUMN silviculture_project.project_sequence; Type: COMMENT; Schema: silva; Owner: postgres
--

COMMENT ON COLUMN silva.silviculture_project.project_sequence IS 'A one to four character identifier that is meaningful to the user and assists in distinguishing one Project from another within the same SILV BASE CODE, FISCAL YEAR, ORG UNIT CODE. A component of the concatenated business key which consists of: SILV BASE CODE FISCAL YEAR ORG UNIT CODE PROJECT SEQUENCE e.g. PL2006DCR035A';


--
-- Name: COLUMN silviculture_project.project_location; Type: COMMENT; Schema: silva; Owner: postgres
--

COMMENT ON COLUMN silva.silviculture_project.project_location IS 'A comment regarding the general location of the project.';


--
-- Name: COLUMN silviculture_project.silv_project_status_code; Type: COMMENT; Schema: silva; Owner: postgres
--

COMMENT ON COLUMN silva.silviculture_project.silv_project_status_code IS 'A code to indicate the current status of a SILVICULTURE PROJECT.';


--
-- Name: COLUMN silviculture_project.client_number; Type: COMMENT; Schema: silva; Owner: postgres
--

COMMENT ON COLUMN silva.silviculture_project.client_number IS 'Sequentially assigned number to identify a ministry client.';


--
-- Name: COLUMN silviculture_project.start_date; Type: COMMENT; Schema: silva; Owner: postgres
--

COMMENT ON COLUMN silva.silviculture_project.start_date IS 'The date that the project actually commenced, or, in the case of a planned project, the date it is currently scheduled to commence.';


--
-- Name: COLUMN silviculture_project.view_date; Type: COMMENT; Schema: silva; Owner: postgres
--

COMMENT ON COLUMN silva.silviculture_project.view_date IS 'The planned or actual date of viewing the contract particulars.';


--
-- Name: COLUMN silviculture_project.coordinator_userid; Type: COMMENT; Schema: silva; Owner: postgres
--

COMMENT ON COLUMN silva.silviculture_project.coordinator_userid IS 'The userid of the contract coordinator for the project.';


--
-- Name: COLUMN silviculture_project.overhead_cost; Type: COMMENT; Schema: silva; Owner: postgres
--

COMMENT ON COLUMN silva.silviculture_project.overhead_cost IS 'The planned or actual total overhead costs associated with the project.';


--
-- Name: COLUMN silviculture_project.crew_contract_hire_code; Type: COMMENT; Schema: silva; Owner: postgres
--

COMMENT ON COLUMN silva.silviculture_project.crew_contract_hire_code IS 'A code to indicate the tendering process used to select a contractor.';


--
-- Name: COLUMN silviculture_project.dist_admin_zone; Type: COMMENT; Schema: silva; Owner: postgres
--

COMMENT ON COLUMN silva.silviculture_project.dist_admin_zone IS 'The administrative zone for a district.';


--
-- Name: COLUMN silviculture_project.unit_bid_code; Type: COMMENT; Schema: silva; Owner: postgres
--

COMMENT ON COLUMN silva.silviculture_project.unit_bid_code IS 'A code to denote the unit basis on which work was tendered (e.g. days, hectares). Subset of UNIT OF MEASURE CODE.';


--
-- Name: COLUMN silviculture_project.entry_userid; Type: COMMENT; Schema: silva; Owner: postgres
--

COMMENT ON COLUMN silva.silviculture_project.entry_userid IS 'The USERID of the individual who entered the information.';


--
-- Name: COLUMN silviculture_project.entry_timestamp; Type: COMMENT; Schema: silva; Owner: postgres
--

COMMENT ON COLUMN silva.silviculture_project.entry_timestamp IS 'The date and time the information was entered.';


--
-- Name: COLUMN silviculture_project.update_userid; Type: COMMENT; Schema: silva; Owner: postgres
--

COMMENT ON COLUMN silva.silviculture_project.update_userid IS 'The USERID of the individual who last updated the information.';


--
-- Name: COLUMN silviculture_project.update_timestamp; Type: COMMENT; Schema: silva; Owner: postgres
--

COMMENT ON COLUMN silva.silviculture_project.update_timestamp IS 'The date and time of the last update.';


--
-- Name: COLUMN silviculture_project.revision_count; Type: COMMENT; Schema: silva; Owner: postgres
--

COMMENT ON COLUMN silva.silviculture_project.revision_count IS 'A counter identifying the number of times this record has been modified. Used in the web page access to determine if the record has been modified since the data was first retrieved.';


--
-- Name: site_class_code; Type: TABLE; Schema: silva; Owner: postgres
--

CREATE TABLE silva.site_class_code (
    site_class_code character varying(1) NOT NULL,
    description character varying(120) NOT NULL,
    effective_date timestamp(0) without time zone NOT NULL,
    expiry_date timestamp(0) without time zone NOT NULL,
    update_timestamp timestamp(0) without time zone NOT NULL
);


ALTER TABLE silva.site_class_code OWNER TO postgres;

--
-- Name: COLUMN site_class_code.site_class_code; Type: COMMENT; Schema: silva; Owner: postgres
--

COMMENT ON COLUMN silva.site_class_code.site_class_code IS 'This code indicates the quality of the land. Note: This column is not maintained by the system.';


--
-- Name: COLUMN site_class_code.description; Type: COMMENT; Schema: silva; Owner: postgres
--

COMMENT ON COLUMN silva.site_class_code.description IS 'The full description of the code value.';


--
-- Name: COLUMN site_class_code.effective_date; Type: COMMENT; Schema: silva; Owner: postgres
--

COMMENT ON COLUMN silva.site_class_code.effective_date IS 'The date the value is available for use.';


--
-- Name: COLUMN site_class_code.expiry_date; Type: COMMENT; Schema: silva; Owner: postgres
--

COMMENT ON COLUMN silva.site_class_code.expiry_date IS 'The date the value is lo longer available for use.';


--
-- Name: COLUMN site_class_code.update_timestamp; Type: COMMENT; Schema: silva; Owner: postgres
--

COMMENT ON COLUMN silva.site_class_code.update_timestamp IS 'The date and time the value was last modified';


--
-- Name: site_index_source_code; Type: TABLE; Schema: silva; Owner: postgres
--

CREATE TABLE silva.site_index_source_code (
    site_index_source_code character varying(1) NOT NULL,
    description character varying(120) NOT NULL,
    effective_date timestamp(0) without time zone NOT NULL,
    expiry_date timestamp(0) without time zone NOT NULL,
    update_timestamp timestamp(0) without time zone NOT NULL
);


ALTER TABLE silva.site_index_source_code OWNER TO postgres;

--
-- Name: COLUMN site_index_source_code.site_index_source_code; Type: COMMENT; Schema: silva; Owner: postgres
--

COMMENT ON COLUMN silva.site_index_source_code.site_index_source_code IS 'A code describing the source, or origin, of the estimated site index.';


--
-- Name: COLUMN site_index_source_code.description; Type: COMMENT; Schema: silva; Owner: postgres
--

COMMENT ON COLUMN silva.site_index_source_code.description IS 'The full description of the code value.';


--
-- Name: COLUMN site_index_source_code.effective_date; Type: COMMENT; Schema: silva; Owner: postgres
--

COMMENT ON COLUMN silva.site_index_source_code.effective_date IS 'The date the value is available for use.';


--
-- Name: COLUMN site_index_source_code.expiry_date; Type: COMMENT; Schema: silva; Owner: postgres
--

COMMENT ON COLUMN silva.site_index_source_code.expiry_date IS 'The date the value is lo longer available for use.';


--
-- Name: COLUMN site_index_source_code.update_timestamp; Type: COMMENT; Schema: silva; Owner: postgres
--

COMMENT ON COLUMN silva.site_index_source_code.update_timestamp IS 'The date and time the value was last modified';


--
-- Name: standards_regime; Type: TABLE; Schema: silva; Owner: postgres
--

CREATE TABLE silva.standards_regime (
    standards_regime_id bigint NOT NULL,
    standards_regime_name character varying(50),
    standards_regime_status_code character varying(3) NOT NULL,
    silv_statute_code character varying(3),
    standards_objective character varying(50),
    geographic_description character varying(50),
    mof_default_standard_ind character varying(1) DEFAULT 'N'::character varying NOT NULL,
    regen_delay_offset_yrs smallint,
    regen_obligation_ind character varying(1) NOT NULL,
    no_regen_early_offset_yrs smallint,
    no_regen_late_offset_yrs smallint,
    free_growing_early_offset_yrs smallint,
    free_growing_late_offset_yrs smallint,
    approved_by_userid character varying(30),
    approved_date timestamp(0) without time zone,
    submitted_by_userid character varying(30),
    submitted_date timestamp(0) without time zone,
    effective_date timestamp(0) without time zone,
    expiry_date timestamp(0) without time zone,
    additional_standards character varying(4000),
    reject_note character varying(2000),
    entry_userid character varying(30) NOT NULL,
    entry_timestamp timestamp(0) without time zone NOT NULL,
    update_userid character varying(30) NOT NULL,
    update_timestamp timestamp(0) without time zone NOT NULL,
    revision_count integer NOT NULL
);


ALTER TABLE silva.standards_regime OWNER TO postgres;

--
-- Name: COLUMN standards_regime.standards_regime_id; Type: COMMENT; Schema: silva; Owner: postgres
--

COMMENT ON COLUMN silva.standards_regime.standards_regime_id IS 'Unique identifier for the STANDARD REGIME entry.';


--
-- Name: COLUMN standards_regime.standards_regime_name; Type: COMMENT; Schema: silva; Owner: postgres
--

COMMENT ON COLUMN silva.standards_regime.standards_regime_name IS 'A descriptive name of the type of STANDARD being tracked.';


--
-- Name: COLUMN standards_regime.standards_regime_status_code; Type: COMMENT; Schema: silva; Owner: postgres
--

COMMENT ON COLUMN silva.standards_regime.standards_regime_status_code IS 'The status of the STANDARD REGIME. Starts out as submitted and must be approved by an authorized resource prior to being used for a submission.';


--
-- Name: COLUMN standards_regime.silv_statute_code; Type: COMMENT; Schema: silva; Owner: postgres
--

COMMENT ON COLUMN silva.standards_regime.silv_statute_code IS 'A legislative statute based on a current Act, Regulation or policy';


--
-- Name: COLUMN standards_regime.standards_objective; Type: COMMENT; Schema: silva; Owner: postgres
--

COMMENT ON COLUMN silva.standards_regime.standards_objective IS 'Describes the objective of the standards.';


--
-- Name: COLUMN standards_regime.geographic_description; Type: COMMENT; Schema: silva; Owner: postgres
--

COMMENT ON COLUMN silva.standards_regime.geographic_description IS 'A description of the georgraphic area for which standard are being set.';


--
-- Name: COLUMN standards_regime.mof_default_standard_ind; Type: COMMENT; Schema: silva; Owner: postgres
--

COMMENT ON COLUMN silva.standards_regime.mof_default_standard_ind IS 'Indicates whether the Stocking Standard was created by District, Region, or Headquarters staff.';


--
-- Name: COLUMN standards_regime.regen_delay_offset_yrs; Type: COMMENT; Schema: silva; Owner: postgres
--

COMMENT ON COLUMN silva.standards_regime.regen_delay_offset_yrs IS 'The number of years allowed for the regeneration of tree growth.';


--
-- Name: COLUMN standards_regime.regen_obligation_ind; Type: COMMENT; Schema: silva; Owner: postgres
--

COMMENT ON COLUMN silva.standards_regime.regen_obligation_ind IS 'A yes/no indicator indicating if this standard is for a regeneration obligation..';


--
-- Name: COLUMN standards_regime.no_regen_early_offset_yrs; Type: COMMENT; Schema: silva; Owner: postgres
--

COMMENT ON COLUMN silva.standards_regime.no_regen_early_offset_yrs IS 'The minimum or early regen number of years.';


--
-- Name: COLUMN standards_regime.no_regen_late_offset_yrs; Type: COMMENT; Schema: silva; Owner: postgres
--

COMMENT ON COLUMN silva.standards_regime.no_regen_late_offset_yrs IS 'The maximum or late years of regen growth.';


--
-- Name: COLUMN standards_regime.free_growing_early_offset_yrs; Type: COMMENT; Schema: silva; Owner: postgres
--

COMMENT ON COLUMN silva.standards_regime.free_growing_early_offset_yrs IS 'The minimum or early growth number of years.';


--
-- Name: COLUMN standards_regime.free_growing_late_offset_yrs; Type: COMMENT; Schema: silva; Owner: postgres
--

COMMENT ON COLUMN silva.standards_regime.free_growing_late_offset_yrs IS 'The maximum or late years of tree growth.';


--
-- Name: COLUMN standards_regime.approved_by_userid; Type: COMMENT; Schema: silva; Owner: postgres
--

COMMENT ON COLUMN silva.standards_regime.approved_by_userid IS 'The userid of the resource that approved the standard regime definition.';


--
-- Name: COLUMN standards_regime.approved_date; Type: COMMENT; Schema: silva; Owner: postgres
--

COMMENT ON COLUMN silva.standards_regime.approved_date IS 'The date the standard regime definition was approved.';


--
-- Name: COLUMN standards_regime.submitted_by_userid; Type: COMMENT; Schema: silva; Owner: postgres
--

COMMENT ON COLUMN silva.standards_regime.submitted_by_userid IS 'The userid of the resource that submitted the standard regime definition.';


--
-- Name: COLUMN standards_regime.submitted_date; Type: COMMENT; Schema: silva; Owner: postgres
--

COMMENT ON COLUMN silva.standards_regime.submitted_date IS 'The date and time the standard regime definition was submitted.';


--
-- Name: COLUMN standards_regime.effective_date; Type: COMMENT; Schema: silva; Owner: postgres
--

COMMENT ON COLUMN silva.standards_regime.effective_date IS 'The date upon which this standard goes into effect.';


--
-- Name: COLUMN standards_regime.expiry_date; Type: COMMENT; Schema: silva; Owner: postgres
--

COMMENT ON COLUMN silva.standards_regime.expiry_date IS 'The date this standard is no longer available for use by new openings.';


--
-- Name: COLUMN standards_regime.additional_standards; Type: COMMENT; Schema: silva; Owner: postgres
--

COMMENT ON COLUMN silva.standards_regime.additional_standards IS 'A free-format text field to allow for the definition of additional standards.';


--
-- Name: COLUMN standards_regime.reject_note; Type: COMMENT; Schema: silva; Owner: postgres
--

COMMENT ON COLUMN silva.standards_regime.reject_note IS 'A free-format text field allowing for the documentation of why a submitted standard was rejected.';


--
-- Name: COLUMN standards_regime.entry_userid; Type: COMMENT; Schema: silva; Owner: postgres
--

COMMENT ON COLUMN silva.standards_regime.entry_userid IS 'The USERID of the individual who entered the information.';


--
-- Name: COLUMN standards_regime.entry_timestamp; Type: COMMENT; Schema: silva; Owner: postgres
--

COMMENT ON COLUMN silva.standards_regime.entry_timestamp IS 'The date and time the information was entered.';


--
-- Name: COLUMN standards_regime.update_userid; Type: COMMENT; Schema: silva; Owner: postgres
--

COMMENT ON COLUMN silva.standards_regime.update_userid IS 'The USERID of the individual who last updated the information.';


--
-- Name: COLUMN standards_regime.update_timestamp; Type: COMMENT; Schema: silva; Owner: postgres
--

COMMENT ON COLUMN silva.standards_regime.update_timestamp IS 'The date and time of the last update.';


--
-- Name: COLUMN standards_regime.revision_count; Type: COMMENT; Schema: silva; Owner: postgres
--

COMMENT ON COLUMN silva.standards_regime.revision_count IS 'Internal counter used by the system to avoid conflicting updates to the record.';


--
-- Name: standards_regime_status_code; Type: TABLE; Schema: silva; Owner: postgres
--

CREATE TABLE silva.standards_regime_status_code (
    standards_regime_status_code character varying(3) NOT NULL,
    description character varying(120) NOT NULL,
    effective_date timestamp(0) without time zone NOT NULL,
    expiry_date timestamp(0) without time zone NOT NULL,
    update_timestamp timestamp(0) without time zone NOT NULL
);


ALTER TABLE silva.standards_regime_status_code OWNER TO postgres;

--
-- Name: COLUMN standards_regime_status_code.standards_regime_status_code; Type: COMMENT; Schema: silva; Owner: postgres
--

COMMENT ON COLUMN silva.standards_regime_status_code.standards_regime_status_code IS 'The status of the STANDARD REGIME. Starts out as submitted and must be approved by an authorized resource prior to being used for a submission.';


--
-- Name: COLUMN standards_regime_status_code.description; Type: COMMENT; Schema: silva; Owner: postgres
--

COMMENT ON COLUMN silva.standards_regime_status_code.description IS 'Full description of code value.';


--
-- Name: COLUMN standards_regime_status_code.effective_date; Type: COMMENT; Schema: silva; Owner: postgres
--

COMMENT ON COLUMN silva.standards_regime_status_code.effective_date IS 'The date the value is available for use.';


--
-- Name: COLUMN standards_regime_status_code.expiry_date; Type: COMMENT; Schema: silva; Owner: postgres
--

COMMENT ON COLUMN silva.standards_regime_status_code.expiry_date IS 'The date the value is no longer available for use.';


--
-- Name: COLUMN standards_regime_status_code.update_timestamp; Type: COMMENT; Schema: silva; Owner: postgres
--

COMMENT ON COLUMN silva.standards_regime_status_code.update_timestamp IS 'The date and time the value was last modified.';


--
-- Name: stocking_class_code; Type: TABLE; Schema: silva; Owner: postgres
--

CREATE TABLE silva.stocking_class_code (
    stocking_class_code character varying(1) NOT NULL,
    description character varying(120) NOT NULL,
    effective_date timestamp(0) without time zone NOT NULL,
    expiry_date timestamp(0) without time zone NOT NULL,
    update_timestamp timestamp(0) without time zone NOT NULL
);


ALTER TABLE silva.stocking_class_code OWNER TO postgres;

--
-- Name: COLUMN stocking_class_code.stocking_class_code; Type: COMMENT; Schema: silva; Owner: postgres
--

COMMENT ON COLUMN silva.stocking_class_code.stocking_class_code IS 'The stocking class code for the primary tree species in the previous stand (for the area under the prescription).';


--
-- Name: COLUMN stocking_class_code.description; Type: COMMENT; Schema: silva; Owner: postgres
--

COMMENT ON COLUMN silva.stocking_class_code.description IS 'The full description of the code value.';


--
-- Name: COLUMN stocking_class_code.effective_date; Type: COMMENT; Schema: silva; Owner: postgres
--

COMMENT ON COLUMN silva.stocking_class_code.effective_date IS 'The date the value is available for use.';


--
-- Name: COLUMN stocking_class_code.expiry_date; Type: COMMENT; Schema: silva; Owner: postgres
--

COMMENT ON COLUMN silva.stocking_class_code.expiry_date IS 'The date the value is lo longer available for use.';


--
-- Name: COLUMN stocking_class_code.update_timestamp; Type: COMMENT; Schema: silva; Owner: postgres
--

COMMENT ON COLUMN silva.stocking_class_code.update_timestamp IS 'The date and time the value was last modified';


--
-- Name: stocking_comment_link; Type: TABLE; Schema: silva; Owner: postgres
--

CREATE TABLE silva.stocking_comment_link (
    stocking_standard_unit_id bigint NOT NULL,
    silviculture_comment_id bigint NOT NULL
);


ALTER TABLE silva.stocking_comment_link OWNER TO postgres;

--
-- Name: COLUMN stocking_comment_link.stocking_standard_unit_id; Type: COMMENT; Schema: silva; Owner: postgres
--

COMMENT ON COLUMN silva.stocking_comment_link.stocking_standard_unit_id IS 'System generated value uniquely identifing the stocking standards.';


--
-- Name: COLUMN stocking_comment_link.silviculture_comment_id; Type: COMMENT; Schema: silva; Owner: postgres
--

COMMENT ON COLUMN silva.stocking_comment_link.silviculture_comment_id IS 'System generated value uniquely identifying the ISIS comment.';


--
-- Name: stocking_ecology; Type: TABLE; Schema: silva; Owner: postgres
--

CREATE TABLE silva.stocking_ecology (
    stocking_ecology_id bigint NOT NULL,
    opening_id bigint NOT NULL,
    stocking_standard_unit_id bigint NOT NULL,
    bec_region_code character varying(3),
    bgc_zone_code character varying(4),
    bgc_subzone_code character varying(3),
    bgc_variant character varying(1),
    bgc_phase character varying(1),
    bec_site_series character varying(4),
    bec_site_type character varying(3),
    bec_seral character varying(4),
    entry_userid character varying(30) NOT NULL,
    entry_timestamp timestamp(0) without time zone NOT NULL,
    update_userid character varying(30) NOT NULL,
    update_timestamp timestamp(0) without time zone NOT NULL,
    revision_count integer NOT NULL
);


ALTER TABLE silva.stocking_ecology OWNER TO postgres;

--
-- Name: TABLE stocking_ecology; Type: COMMENT; Schema: silva; Owner: postgres
--

COMMENT ON TABLE silva.stocking_ecology IS 'Primarily a classification of the land base in terms of biogeoclimatic and physical factors.';


--
-- Name: COLUMN stocking_ecology.stocking_ecology_id; Type: COMMENT; Schema: silva; Owner: postgres
--

COMMENT ON COLUMN silva.stocking_ecology.stocking_ecology_id IS 'System generated value uniquely identifying the SU Ecology (Eco Strata).';


--
-- Name: COLUMN stocking_ecology.opening_id; Type: COMMENT; Schema: silva; Owner: postgres
--

COMMENT ON COLUMN silva.stocking_ecology.opening_id IS 'System generated value uniquely identifying the opening.';


--
-- Name: COLUMN stocking_ecology.stocking_standard_unit_id; Type: COMMENT; Schema: silva; Owner: postgres
--

COMMENT ON COLUMN silva.stocking_ecology.stocking_standard_unit_id IS 'System generated value uniquely identifing the stocking standards.';


--
-- Name: COLUMN stocking_ecology.bec_region_code; Type: COMMENT; Schema: silva; Owner: postgres
--

COMMENT ON COLUMN silva.stocking_ecology.bec_region_code IS 'A code identifying the biogeoclimatic region.';


--
-- Name: COLUMN stocking_ecology.bgc_zone_code; Type: COMMENT; Schema: silva; Owner: postgres
--

COMMENT ON COLUMN silva.stocking_ecology.bgc_zone_code IS 'A large geographic area with a broadly homogeneous macroclimate which influences the development of vegetation and soil.';


--
-- Name: COLUMN stocking_ecology.bgc_subzone_code; Type: COMMENT; Schema: silva; Owner: postgres
--

COMMENT ON COLUMN silva.stocking_ecology.bgc_subzone_code IS 'A code for the bio-geoclimatic sub-zone for the area.';


--
-- Name: COLUMN stocking_ecology.bgc_variant; Type: COMMENT; Schema: silva; Owner: postgres
--

COMMENT ON COLUMN silva.stocking_ecology.bgc_variant IS 'A code for the biogeoclimatic variant. A division of the BGC Subzone on the basis of differences in floristic composition of the zonal ecosystem, but usually on the basis of differences in the cover and vigour of the plant species.';


--
-- Name: COLUMN stocking_ecology.bgc_phase; Type: COMMENT; Schema: silva; Owner: postgres
--

COMMENT ON COLUMN silva.stocking_ecology.bgc_phase IS 'A code for the biogeoclimatic phase. Accomodates the variation, resulting from local relief, in the regional climate of the subzones and variants.';


--
-- Name: COLUMN stocking_ecology.bec_site_series; Type: COMMENT; Schema: silva; Owner: postgres
--

COMMENT ON COLUMN silva.stocking_ecology.bec_site_series IS 'A code for the biogeoclimatic site series. Site series is the consideration of all ecosystems capable of producing vegetation belonging to the same plant association at climax. A code for a site series which is defined as all land areas capable of producing vegetation belonging to the same plant association (or sometimes, subassociation) within a biogeoclimatic subzone or variant. Two-digit numeric codes are usually forested site series; four-character alphnumeric codes are non-forested site series including wetlands, grasslands, talus, rock outcrops, etc. Any two-digit numeric codes for non-forested site series will be migrated to the alphanumeric codes whenever field guides are updated.';


--
-- Name: COLUMN stocking_ecology.bec_site_type; Type: COMMENT; Schema: silva; Owner: postgres
--

COMMENT ON COLUMN silva.stocking_ecology.bec_site_type IS 'A code for the biogeoclimatic site type. Site type is the partitionment of the site series according to one or more critical site factors thought to affect ecosystem response to management treatments.';


--
-- Name: COLUMN stocking_ecology.bec_seral; Type: COMMENT; Schema: silva; Owner: postgres
--

COMMENT ON COLUMN silva.stocking_ecology.bec_seral IS 'The seral (often termed successional) classification in BEC is an integration of site and vegetation classifications with structural stage development.';


--
-- Name: COLUMN stocking_ecology.entry_userid; Type: COMMENT; Schema: silva; Owner: postgres
--

COMMENT ON COLUMN silva.stocking_ecology.entry_userid IS 'The USERID of the individual who entered the information.';


--
-- Name: COLUMN stocking_ecology.entry_timestamp; Type: COMMENT; Schema: silva; Owner: postgres
--

COMMENT ON COLUMN silva.stocking_ecology.entry_timestamp IS 'The date and time the information was entered.';


--
-- Name: COLUMN stocking_ecology.update_userid; Type: COMMENT; Schema: silva; Owner: postgres
--

COMMENT ON COLUMN silva.stocking_ecology.update_userid IS 'The USERID of the individual who last updated the information.';


--
-- Name: COLUMN stocking_ecology.update_timestamp; Type: COMMENT; Schema: silva; Owner: postgres
--

COMMENT ON COLUMN silva.stocking_ecology.update_timestamp IS 'The date and time of the last update.';


--
-- Name: COLUMN stocking_ecology.revision_count; Type: COMMENT; Schema: silva; Owner: postgres
--

COMMENT ON COLUMN silva.stocking_ecology.revision_count IS 'Internal counter used by the system to avoid conflicting updates to the record.';


--
-- Name: stocking_ecology_archive; Type: TABLE; Schema: silva; Owner: postgres
--

CREATE TABLE silva.stocking_ecology_archive (
    stocking_ecology_id bigint NOT NULL,
    stocking_event_history_id bigint NOT NULL,
    stocking_standard_unit_id bigint NOT NULL,
    opening_id bigint NOT NULL,
    bec_region_code character varying(3),
    bgc_zone_code character varying(4),
    bgc_subzone_code character varying(3),
    bgc_variant character varying(1),
    bgc_phase character varying(1),
    bec_site_series character varying(4),
    bec_site_type character varying(3),
    bec_seral character varying(4),
    revision_count integer NOT NULL,
    entry_userid character varying(30) NOT NULL,
    entry_timestamp timestamp(0) without time zone NOT NULL,
    update_userid character varying(30) NOT NULL,
    update_timestamp timestamp(0) without time zone NOT NULL
);


ALTER TABLE silva.stocking_ecology_archive OWNER TO postgres;

--
-- Name: TABLE stocking_ecology_archive; Type: COMMENT; Schema: silva; Owner: postgres
--

COMMENT ON TABLE silva.stocking_ecology_archive IS 'Contains archived geometry information for a Stocking Standard amendment.';


--
-- Name: COLUMN stocking_ecology_archive.stocking_ecology_id; Type: COMMENT; Schema: silva; Owner: postgres
--

COMMENT ON COLUMN silva.stocking_ecology_archive.stocking_ecology_id IS 'System generated value uniquely identifying the SU Ecology (Eco Strata).';


--
-- Name: COLUMN stocking_ecology_archive.stocking_event_history_id; Type: COMMENT; Schema: silva; Owner: postgres
--

COMMENT ON COLUMN silva.stocking_ecology_archive.stocking_event_history_id IS 'Unique identifier for a stocking standard amendment event';


--
-- Name: COLUMN stocking_ecology_archive.stocking_standard_unit_id; Type: COMMENT; Schema: silva; Owner: postgres
--

COMMENT ON COLUMN silva.stocking_ecology_archive.stocking_standard_unit_id IS 'System generated value uniquely identifing the stocking standards.';


--
-- Name: COLUMN stocking_ecology_archive.opening_id; Type: COMMENT; Schema: silva; Owner: postgres
--

COMMENT ON COLUMN silva.stocking_ecology_archive.opening_id IS 'Opening id of opening this archive record was associated with.';


--
-- Name: COLUMN stocking_ecology_archive.bec_region_code; Type: COMMENT; Schema: silva; Owner: postgres
--

COMMENT ON COLUMN silva.stocking_ecology_archive.bec_region_code IS 'A code identifying the biogeoclimatic region.';


--
-- Name: COLUMN stocking_ecology_archive.bgc_zone_code; Type: COMMENT; Schema: silva; Owner: postgres
--

COMMENT ON COLUMN silva.stocking_ecology_archive.bgc_zone_code IS 'A large geographic area with a broadly homogeneous macroclimate which influences the development of vegetation and soil.';


--
-- Name: COLUMN stocking_ecology_archive.bgc_subzone_code; Type: COMMENT; Schema: silva; Owner: postgres
--

COMMENT ON COLUMN silva.stocking_ecology_archive.bgc_subzone_code IS 'A code for the bio-geoclimatic sub-zone for the area.';


--
-- Name: COLUMN stocking_ecology_archive.bgc_variant; Type: COMMENT; Schema: silva; Owner: postgres
--

COMMENT ON COLUMN silva.stocking_ecology_archive.bgc_variant IS 'A code for the biogeoclimatic variant. A division of the BGC Subzone on the basis of differences in floristic composition of the zonal ecosystem, but usually on the basis of differences in the cover and vigour of the plant species.';


--
-- Name: COLUMN stocking_ecology_archive.bgc_phase; Type: COMMENT; Schema: silva; Owner: postgres
--

COMMENT ON COLUMN silva.stocking_ecology_archive.bgc_phase IS 'A code for the biogeoclimatic phase. Accomodates the variation, resulting from local relief, in the regional climate of the subzones and variants.';


--
-- Name: COLUMN stocking_ecology_archive.bec_site_series; Type: COMMENT; Schema: silva; Owner: postgres
--

COMMENT ON COLUMN silva.stocking_ecology_archive.bec_site_series IS 'A code for the biogeoclimatic site series. Site series is the consideration of all ecosystems capable of producing vegetation belonging to the same plant association at climax. A code for a site series which is defined as all land areas capable of producing vegetation belonging to the same plant association (or sometimes, subassociation) within a biogeoclimatic subzone or variant. Two-digit numeric codes are usually forested site series; four-character alphnumeric codes are non-forested site series including wetlands, grasslands, talus, rock outcrops, etc. Any two-digit numeric codes for non-forested site series will be migrated to the alphanumeric codes whenever field guides are updated.';


--
-- Name: COLUMN stocking_ecology_archive.bec_site_type; Type: COMMENT; Schema: silva; Owner: postgres
--

COMMENT ON COLUMN silva.stocking_ecology_archive.bec_site_type IS 'A code for the biogeoclimatic site type. Site type is the partitionment of the site series according to one or more critical site factors thought to affect ecosystem response to management treatments.';


--
-- Name: COLUMN stocking_ecology_archive.bec_seral; Type: COMMENT; Schema: silva; Owner: postgres
--

COMMENT ON COLUMN silva.stocking_ecology_archive.bec_seral IS 'The seral (often termed successional) classification in BEC is an integration of site and vegetation classifications with structural stage development.';


--
-- Name: COLUMN stocking_ecology_archive.revision_count; Type: COMMENT; Schema: silva; Owner: postgres
--

COMMENT ON COLUMN silva.stocking_ecology_archive.revision_count IS 'Internal counter used by the system to avoid conflicting updates to the record.';


--
-- Name: COLUMN stocking_ecology_archive.entry_userid; Type: COMMENT; Schema: silva; Owner: postgres
--

COMMENT ON COLUMN silva.stocking_ecology_archive.entry_userid IS 'The USERID of the individual who entered the information.';


--
-- Name: COLUMN stocking_ecology_archive.entry_timestamp; Type: COMMENT; Schema: silva; Owner: postgres
--

COMMENT ON COLUMN silva.stocking_ecology_archive.entry_timestamp IS 'The date and time the information was entered.';


--
-- Name: COLUMN stocking_ecology_archive.update_userid; Type: COMMENT; Schema: silva; Owner: postgres
--

COMMENT ON COLUMN silva.stocking_ecology_archive.update_userid IS 'The USERID of the individual who last updated the information.';


--
-- Name: COLUMN stocking_ecology_archive.update_timestamp; Type: COMMENT; Schema: silva; Owner: postgres
--

COMMENT ON COLUMN silva.stocking_ecology_archive.update_timestamp IS 'The date and time of the last update.';


--
-- Name: stocking_event_history; Type: TABLE; Schema: silva; Owner: postgres
--

CREATE TABLE silva.stocking_event_history (
    stocking_event_history_id bigint NOT NULL,
    opening_id bigint NOT NULL,
    opening_amendment_id bigint,
    opening_amendment_number integer,
    results_audit_action_code character varying(3) NOT NULL,
    submitted_userid character varying(30),
    results_submission_id bigint,
    amend_event_timestamp timestamp(0) without time zone NOT NULL,
    entry_userid character varying(30) NOT NULL,
    entry_timestamp timestamp(0) without time zone NOT NULL,
    revision_count integer NOT NULL
);


ALTER TABLE silva.stocking_event_history OWNER TO postgres;

--
-- Name: TABLE stocking_event_history; Type: COMMENT; Schema: silva; Owner: postgres
--

COMMENT ON TABLE silva.stocking_event_history IS 'Records amendments to stocking standards';


--
-- Name: COLUMN stocking_event_history.stocking_event_history_id; Type: COMMENT; Schema: silva; Owner: postgres
--

COMMENT ON COLUMN silva.stocking_event_history.stocking_event_history_id IS 'Unique identifier for a stocking standard amendment event';


--
-- Name: COLUMN stocking_event_history.opening_id; Type: COMMENT; Schema: silva; Owner: postgres
--

COMMENT ON COLUMN silva.stocking_event_history.opening_id IS 'System generated value uniquely identifying the opening.';


--
-- Name: COLUMN stocking_event_history.opening_amendment_id; Type: COMMENT; Schema: silva; Owner: postgres
--

COMMENT ON COLUMN silva.stocking_event_history.opening_amendment_id IS 'System generated value uniquely identifying the opening.';


--
-- Name: COLUMN stocking_event_history.opening_amendment_number; Type: COMMENT; Schema: silva; Owner: postgres
--

COMMENT ON COLUMN silva.stocking_event_history.opening_amendment_number IS 'A system generated value uniquely identifying an amendment.';


--
-- Name: COLUMN stocking_event_history.results_audit_action_code; Type: COMMENT; Schema: silva; Owner: postgres
--

COMMENT ON COLUMN silva.stocking_event_history.results_audit_action_code IS 'The action code is a code associated with the action. I -- Insert';


--
-- Name: COLUMN stocking_event_history.submitted_userid; Type: COMMENT; Schema: silva; Owner: postgres
--

COMMENT ON COLUMN silva.stocking_event_history.submitted_userid IS 'The USERID of the person who submitted the amendment.';


--
-- Name: COLUMN stocking_event_history.results_submission_id; Type: COMMENT; Schema: silva; Owner: postgres
--

COMMENT ON COLUMN silva.stocking_event_history.results_submission_id IS 'ESF submission ID';


--
-- Name: COLUMN stocking_event_history.amend_event_timestamp; Type: COMMENT; Schema: silva; Owner: postgres
--

COMMENT ON COLUMN silva.stocking_event_history.amend_event_timestamp IS 'The date and time the amendment was made';


--
-- Name: COLUMN stocking_event_history.entry_userid; Type: COMMENT; Schema: silva; Owner: postgres
--

COMMENT ON COLUMN silva.stocking_event_history.entry_userid IS 'The USERID of the individual who entered the information.';


--
-- Name: COLUMN stocking_event_history.entry_timestamp; Type: COMMENT; Schema: silva; Owner: postgres
--

COMMENT ON COLUMN silva.stocking_event_history.entry_timestamp IS 'The date and time the information was entered.';


--
-- Name: COLUMN stocking_event_history.revision_count; Type: COMMENT; Schema: silva; Owner: postgres
--

COMMENT ON COLUMN silva.stocking_event_history.revision_count IS 'Internal counter used by the system to avoid conflicting updates to the record.';


--
-- Name: stocking_layer; Type: TABLE; Schema: silva; Owner: postgres
--

CREATE TABLE silva.stocking_layer (
    stocking_layer_id bigint NOT NULL,
    stocking_standard_unit_id bigint NOT NULL,
    opening_id bigint NOT NULL,
    stocking_layer_code character varying(2) NOT NULL,
    target_stocking integer,
    residual_basal_area integer,
    min_horizontal_distance numeric(3,1),
    min_pref_stocking_standard integer,
    min_post_spacing bigint,
    min_stocking_standard integer,
    max_post_spacing bigint,
    max_conifer bigint,
    hght_relative_to_comp integer,
    tree_size_unit_code character varying(3),
    entry_userid character varying(30) NOT NULL,
    entry_timestamp timestamp(0) without time zone NOT NULL,
    update_userid character varying(30) NOT NULL,
    update_timestamp timestamp(0) without time zone NOT NULL,
    revision_count integer NOT NULL
);


ALTER TABLE silva.stocking_layer OWNER TO postgres;

--
-- Name: TABLE stocking_layer; Type: COMMENT; Schema: silva; Owner: postgres
--

COMMENT ON TABLE silva.stocking_layer IS 'Details the standards unit layer information.';


--
-- Name: COLUMN stocking_layer.stocking_layer_id; Type: COMMENT; Schema: silva; Owner: postgres
--

COMMENT ON COLUMN silva.stocking_layer.stocking_layer_id IS 'The unique identifier for the STOCKING LAYER';


--
-- Name: COLUMN stocking_layer.stocking_standard_unit_id; Type: COMMENT; Schema: silva; Owner: postgres
--

COMMENT ON COLUMN silva.stocking_layer.stocking_standard_unit_id IS 'System generated value uniquely identifing the stocking standards.';


--
-- Name: COLUMN stocking_layer.opening_id; Type: COMMENT; Schema: silva; Owner: postgres
--

COMMENT ON COLUMN silva.stocking_layer.opening_id IS 'System generated value uniquely identifying the opening.';


--
-- Name: COLUMN stocking_layer.stocking_layer_code; Type: COMMENT; Schema: silva; Owner: postgres
--

COMMENT ON COLUMN silva.stocking_layer.stocking_layer_code IS 'A code that identifies the forested layer within the Standards Unit to which the preferred/acceptable species information relates.';


--
-- Name: COLUMN stocking_layer.target_stocking; Type: COMMENT; Schema: silva; Owner: postgres
--

COMMENT ON COLUMN silva.stocking_layer.target_stocking IS 'The number of well spaced (preferred or acceptable) trees per hectare that will, in normal circumstances, produce an optimal FG crop. Target stocking standards are the standards which silviculture activities are aimed at achieving.';


--
-- Name: COLUMN stocking_layer.residual_basal_area; Type: COMMENT; Schema: silva; Owner: postgres
--

COMMENT ON COLUMN silva.stocking_layer.residual_basal_area IS 'The residual basal area to be left after harvesting in m2/ha. Understood to refer to the mature layer only.';


--
-- Name: COLUMN stocking_layer.min_horizontal_distance; Type: COMMENT; Schema: silva; Owner: postgres
--

COMMENT ON COLUMN silva.stocking_layer.min_horizontal_distance IS 'Te minimum allowable horizontal distance in metres between trees of the preferred and acceptable species, which is required to be considered to be well-spaced.';


--
-- Name: COLUMN stocking_layer.min_pref_stocking_standard; Type: COMMENT; Schema: silva; Owner: postgres
--

COMMENT ON COLUMN silva.stocking_layer.min_pref_stocking_standard IS 'The minimum number of well spaced trees per hectare, of preferred species only, that must be present for the standards unit to be considered SR or FG.';


--
-- Name: COLUMN stocking_layer.min_post_spacing; Type: COMMENT; Schema: silva; Owner: postgres
--

COMMENT ON COLUMN silva.stocking_layer.min_post_spacing IS 'The minimum number of well spaced coniferous trees per hectare to be retained following maximum density spacing.';


--
-- Name: COLUMN stocking_layer.min_stocking_standard; Type: COMMENT; Schema: silva; Owner: postgres
--

COMMENT ON COLUMN silva.stocking_layer.min_stocking_standard IS 'The minimum number of well spaced trees per hectare (of preferred and acceptable species) that must be present for the standards unit to be considered SR or FG.';


--
-- Name: COLUMN stocking_layer.max_post_spacing; Type: COMMENT; Schema: silva; Owner: postgres
--

COMMENT ON COLUMN silva.stocking_layer.max_post_spacing IS 'The maximum number of well spaced coniferous trees per hectare to be retained following maximum density spacing.';


--
-- Name: COLUMN stocking_layer.max_conifer; Type: COMMENT; Schema: silva; Owner: postgres
--

COMMENT ON COLUMN silva.stocking_layer.max_conifer IS 'The maximum allowable stand density of total countable conifers in order to achieve free growing status.';


--
-- Name: COLUMN stocking_layer.hght_relative_to_comp; Type: COMMENT; Schema: silva; Owner: postgres
--

COMMENT ON COLUMN silva.stocking_layer.hght_relative_to_comp IS 'The height of the tree relative to competing vegetation, within a radius of one metre of the tree trunk, that must be met by a healthy well spaced tree of a preferred or acceptable species at FG.';


--
-- Name: COLUMN stocking_layer.tree_size_unit_code; Type: COMMENT; Schema: silva; Owner: postgres
--

COMMENT ON COLUMN silva.stocking_layer.tree_size_unit_code IS 'The unit of measure used for height relative to competition. Expressed either in number of centimetres above vegetation (cm), or percentage above vegetation (%).';


--
-- Name: COLUMN stocking_layer.entry_userid; Type: COMMENT; Schema: silva; Owner: postgres
--

COMMENT ON COLUMN silva.stocking_layer.entry_userid IS 'The USERID of the individual who entered the information.';


--
-- Name: COLUMN stocking_layer.entry_timestamp; Type: COMMENT; Schema: silva; Owner: postgres
--

COMMENT ON COLUMN silva.stocking_layer.entry_timestamp IS 'The date and time the information was entered.';


--
-- Name: COLUMN stocking_layer.update_userid; Type: COMMENT; Schema: silva; Owner: postgres
--

COMMENT ON COLUMN silva.stocking_layer.update_userid IS 'The USERID of the individual who last updated the information.';


--
-- Name: COLUMN stocking_layer.update_timestamp; Type: COMMENT; Schema: silva; Owner: postgres
--

COMMENT ON COLUMN silva.stocking_layer.update_timestamp IS 'The date and time of the last update.';


--
-- Name: COLUMN stocking_layer.revision_count; Type: COMMENT; Schema: silva; Owner: postgres
--

COMMENT ON COLUMN silva.stocking_layer.revision_count IS 'A counter identifying the number of times this record as been modified. Used in the web page access to determine if the record as been modified since the data was first retrieved.';


--
-- Name: stocking_layer_archive; Type: TABLE; Schema: silva; Owner: postgres
--

CREATE TABLE silva.stocking_layer_archive (
    stocking_layer_id bigint NOT NULL,
    stocking_event_history_id bigint NOT NULL,
    stocking_standard_unit_id bigint NOT NULL,
    opening_id bigint NOT NULL,
    stocking_layer_code character varying(2) NOT NULL,
    min_horizontal_distance numeric(3,1),
    min_pref_stocking_standard integer,
    min_stocking_standard integer,
    min_post_spacing bigint,
    residual_basal_area integer,
    target_stocking integer,
    hght_relative_to_comp integer,
    tree_size_unit_code character varying(3),
    max_conifer bigint,
    max_post_spacing bigint,
    entry_userid character varying(30) NOT NULL,
    entry_timestamp timestamp(0) without time zone NOT NULL,
    update_userid character varying(30) NOT NULL,
    update_timestamp timestamp(0) without time zone NOT NULL,
    revision_count integer NOT NULL
);


ALTER TABLE silva.stocking_layer_archive OWNER TO postgres;

--
-- Name: TABLE stocking_layer_archive; Type: COMMENT; Schema: silva; Owner: postgres
--

COMMENT ON TABLE silva.stocking_layer_archive IS 'Contains archived layer information for a Stocking Standard amendment.';


--
-- Name: COLUMN stocking_layer_archive.stocking_layer_id; Type: COMMENT; Schema: silva; Owner: postgres
--

COMMENT ON COLUMN silva.stocking_layer_archive.stocking_layer_id IS 'The unique identifier for the STOCKING LAYER';


--
-- Name: COLUMN stocking_layer_archive.stocking_event_history_id; Type: COMMENT; Schema: silva; Owner: postgres
--

COMMENT ON COLUMN silva.stocking_layer_archive.stocking_event_history_id IS 'Unique identifier for a stocking standard amendment event';


--
-- Name: COLUMN stocking_layer_archive.stocking_standard_unit_id; Type: COMMENT; Schema: silva; Owner: postgres
--

COMMENT ON COLUMN silva.stocking_layer_archive.stocking_standard_unit_id IS 'System generated value uniquely identifing the stocking standards.';


--
-- Name: COLUMN stocking_layer_archive.opening_id; Type: COMMENT; Schema: silva; Owner: postgres
--

COMMENT ON COLUMN silva.stocking_layer_archive.opening_id IS 'Opening id of opening this archive record was associated with.';


--
-- Name: COLUMN stocking_layer_archive.stocking_layer_code; Type: COMMENT; Schema: silva; Owner: postgres
--

COMMENT ON COLUMN silva.stocking_layer_archive.stocking_layer_code IS 'A code that identifies the forested layer within the Standards Unit to which the preferred/acceptable species information relates.';


--
-- Name: COLUMN stocking_layer_archive.min_horizontal_distance; Type: COMMENT; Schema: silva; Owner: postgres
--

COMMENT ON COLUMN silva.stocking_layer_archive.min_horizontal_distance IS 'Te minimum allowable horizontal distance in metres between trees of the preferred and acceptable species, which is required to be considered to be well-spaced.';


--
-- Name: COLUMN stocking_layer_archive.min_pref_stocking_standard; Type: COMMENT; Schema: silva; Owner: postgres
--

COMMENT ON COLUMN silva.stocking_layer_archive.min_pref_stocking_standard IS 'The minimum number of well spaced trees per hectare, of preferred species only, that must be present for the standards unit to be considered SR or FG.';


--
-- Name: COLUMN stocking_layer_archive.min_stocking_standard; Type: COMMENT; Schema: silva; Owner: postgres
--

COMMENT ON COLUMN silva.stocking_layer_archive.min_stocking_standard IS 'The minimum number of well spaced trees per hectare (of preferred and acceptable species) that must be present for the standards unit to be considered SR or FG.';


--
-- Name: COLUMN stocking_layer_archive.min_post_spacing; Type: COMMENT; Schema: silva; Owner: postgres
--

COMMENT ON COLUMN silva.stocking_layer_archive.min_post_spacing IS 'The minimum number of well spaced coniferous trees per hectare to be retained following maximum density spacing.';


--
-- Name: COLUMN stocking_layer_archive.residual_basal_area; Type: COMMENT; Schema: silva; Owner: postgres
--

COMMENT ON COLUMN silva.stocking_layer_archive.residual_basal_area IS 'The residual basal area to be left after harvesting in m2/ha. Understood to refer to the mature layer only.';


--
-- Name: COLUMN stocking_layer_archive.target_stocking; Type: COMMENT; Schema: silva; Owner: postgres
--

COMMENT ON COLUMN silva.stocking_layer_archive.target_stocking IS 'The number of well spaced (preferred or acceptable) trees per hectare that will, in normal circumstances, produce an optimal FG crop. Target stocking standards are the standards which silviculture activities are aimed at achieving.';


--
-- Name: COLUMN stocking_layer_archive.hght_relative_to_comp; Type: COMMENT; Schema: silva; Owner: postgres
--

COMMENT ON COLUMN silva.stocking_layer_archive.hght_relative_to_comp IS 'The height of the tree relative to competing vegetation, within a radius of one metre of the tree trunk, that must be met by a healthy well spaced tree of a preferred or acceptable species at FG.';


--
-- Name: COLUMN stocking_layer_archive.tree_size_unit_code; Type: COMMENT; Schema: silva; Owner: postgres
--

COMMENT ON COLUMN silva.stocking_layer_archive.tree_size_unit_code IS 'The unit of measure used for height relative to competition. Expressed either in number of centimetres above vegetation (cm), or percentage above vegetation (%).';


--
-- Name: COLUMN stocking_layer_archive.max_conifer; Type: COMMENT; Schema: silva; Owner: postgres
--

COMMENT ON COLUMN silva.stocking_layer_archive.max_conifer IS 'The maximum allowable stand density of total countable conifers in order to achieve free growing status.';


--
-- Name: COLUMN stocking_layer_archive.max_post_spacing; Type: COMMENT; Schema: silva; Owner: postgres
--

COMMENT ON COLUMN silva.stocking_layer_archive.max_post_spacing IS 'The maximum number of well spaced coniferous trees per hectare to be retained following maximum density spacing.';


--
-- Name: COLUMN stocking_layer_archive.entry_userid; Type: COMMENT; Schema: silva; Owner: postgres
--

COMMENT ON COLUMN silva.stocking_layer_archive.entry_userid IS 'The USERID of the individual who entered the information.';


--
-- Name: COLUMN stocking_layer_archive.entry_timestamp; Type: COMMENT; Schema: silva; Owner: postgres
--

COMMENT ON COLUMN silva.stocking_layer_archive.entry_timestamp IS 'The date and time the information was entered.';


--
-- Name: COLUMN stocking_layer_archive.update_userid; Type: COMMENT; Schema: silva; Owner: postgres
--

COMMENT ON COLUMN silva.stocking_layer_archive.update_userid IS 'The USERID of the individual who last updated the information.';


--
-- Name: COLUMN stocking_layer_archive.update_timestamp; Type: COMMENT; Schema: silva; Owner: postgres
--

COMMENT ON COLUMN silva.stocking_layer_archive.update_timestamp IS 'The date and time of the last update.';


--
-- Name: COLUMN stocking_layer_archive.revision_count; Type: COMMENT; Schema: silva; Owner: postgres
--

COMMENT ON COLUMN silva.stocking_layer_archive.revision_count IS 'A counter identifying the number of times this record as been modified. Used in the web page access to determine if the record as been modified since the data was first retrieved.';


--
-- Name: stocking_layer_code; Type: TABLE; Schema: silva; Owner: postgres
--

CREATE TABLE silva.stocking_layer_code (
    stocking_layer_code character varying(2) NOT NULL,
    description character varying(120) NOT NULL,
    effective_date timestamp(0) without time zone NOT NULL,
    expiry_date timestamp(0) without time zone NOT NULL,
    update_timestamp timestamp(0) without time zone NOT NULL
);


ALTER TABLE silva.stocking_layer_code OWNER TO postgres;

--
-- Name: COLUMN stocking_layer_code.stocking_layer_code; Type: COMMENT; Schema: silva; Owner: postgres
--

COMMENT ON COLUMN silva.stocking_layer_code.stocking_layer_code IS 'A code that identifies the forested layer within the Standards Unit to which the preferred/acceptable species information relates.';


--
-- Name: COLUMN stocking_layer_code.description; Type: COMMENT; Schema: silva; Owner: postgres
--

COMMENT ON COLUMN silva.stocking_layer_code.description IS 'The full description of the code value.';


--
-- Name: COLUMN stocking_layer_code.effective_date; Type: COMMENT; Schema: silva; Owner: postgres
--

COMMENT ON COLUMN silva.stocking_layer_code.effective_date IS 'The date the value is available for use.';


--
-- Name: COLUMN stocking_layer_code.expiry_date; Type: COMMENT; Schema: silva; Owner: postgres
--

COMMENT ON COLUMN silva.stocking_layer_code.expiry_date IS 'The date the value is lo longer available for use.';


--
-- Name: COLUMN stocking_layer_code.update_timestamp; Type: COMMENT; Schema: silva; Owner: postgres
--

COMMENT ON COLUMN silva.stocking_layer_code.update_timestamp IS 'The date and time the value was last modified';


--
-- Name: stocking_layer_species; Type: TABLE; Schema: silva; Owner: postgres
--

CREATE TABLE silva.stocking_layer_species (
    stocking_layer_id bigint NOT NULL,
    silv_tree_species_code character varying(8) NOT NULL,
    species_order integer NOT NULL,
    preferred_ind character varying(1) NOT NULL,
    min_height numeric(3,1),
    entry_userid character varying(30) NOT NULL,
    entry_timestamp timestamp(0) without time zone NOT NULL,
    update_userid character varying(30) NOT NULL,
    update_timestamp timestamp(0) without time zone NOT NULL,
    revision_count integer NOT NULL
);


ALTER TABLE silva.stocking_layer_species OWNER TO postgres;

--
-- Name: TABLE stocking_layer_species; Type: COMMENT; Schema: silva; Owner: postgres
--

COMMENT ON TABLE silva.stocking_layer_species IS 'The species of trees and vegetation included in the STOCKING LAYER';


--
-- Name: COLUMN stocking_layer_species.stocking_layer_id; Type: COMMENT; Schema: silva; Owner: postgres
--

COMMENT ON COLUMN silva.stocking_layer_species.stocking_layer_id IS 'The unique identifier for the STOCKING LAYER';


--
-- Name: COLUMN stocking_layer_species.silv_tree_species_code; Type: COMMENT; Schema: silva; Owner: postgres
--

COMMENT ON COLUMN silva.stocking_layer_species.silv_tree_species_code IS 'The secondary tree species of Crown timber that was cut, damaged, destroyed or removed without authority';


--
-- Name: COLUMN stocking_layer_species.species_order; Type: COMMENT; Schema: silva; Owner: postgres
--

COMMENT ON COLUMN silva.stocking_layer_species.species_order IS 'The order in which the species should be stocked within the STOCKING LAYER.';


--
-- Name: COLUMN stocking_layer_species.preferred_ind; Type: COMMENT; Schema: silva; Owner: postgres
--

COMMENT ON COLUMN silva.stocking_layer_species.preferred_ind IS 'A yes/no indication of whether this is the Preferred or Acceptable Tree Species.';


--
-- Name: COLUMN stocking_layer_species.min_height; Type: COMMENT; Schema: silva; Owner: postgres
--

COMMENT ON COLUMN silva.stocking_layer_species.min_height IS 'The minimum height that a healthy well spaced tree must be, to be considered free growing. Minimum heights vary by species and by site series.';


--
-- Name: COLUMN stocking_layer_species.entry_userid; Type: COMMENT; Schema: silva; Owner: postgres
--

COMMENT ON COLUMN silva.stocking_layer_species.entry_userid IS 'The USERID of the individual who entered the information.';


--
-- Name: COLUMN stocking_layer_species.entry_timestamp; Type: COMMENT; Schema: silva; Owner: postgres
--

COMMENT ON COLUMN silva.stocking_layer_species.entry_timestamp IS 'The date and time the information was entered.';


--
-- Name: COLUMN stocking_layer_species.update_userid; Type: COMMENT; Schema: silva; Owner: postgres
--

COMMENT ON COLUMN silva.stocking_layer_species.update_userid IS 'The USERID of the individual who last updated the information.';


--
-- Name: COLUMN stocking_layer_species.update_timestamp; Type: COMMENT; Schema: silva; Owner: postgres
--

COMMENT ON COLUMN silva.stocking_layer_species.update_timestamp IS 'The date and time of the last update.';


--
-- Name: COLUMN stocking_layer_species.revision_count; Type: COMMENT; Schema: silva; Owner: postgres
--

COMMENT ON COLUMN silva.stocking_layer_species.revision_count IS 'A counter identifying the number of times this record as been modified. Used in the web page access to determine if the record as been modified since the data was first retrieved.';


--
-- Name: stocking_layer_species_archive; Type: TABLE; Schema: silva; Owner: postgres
--

CREATE TABLE silva.stocking_layer_species_archive (
    stocking_layer_id bigint NOT NULL,
    stocking_event_history_id bigint NOT NULL,
    stocking_standard_unit_id bigint NOT NULL,
    species_order integer NOT NULL,
    silv_tree_species_code character varying(8) NOT NULL,
    preferred_ind character varying(1) NOT NULL,
    min_height numeric(3,1),
    entry_userid character varying(30) NOT NULL,
    entry_timestamp timestamp(0) without time zone NOT NULL,
    update_userid character varying(30) NOT NULL,
    update_timestamp timestamp(0) without time zone NOT NULL,
    revision_count integer NOT NULL
);


ALTER TABLE silva.stocking_layer_species_archive OWNER TO postgres;

--
-- Name: TABLE stocking_layer_species_archive; Type: COMMENT; Schema: silva; Owner: postgres
--

COMMENT ON TABLE silva.stocking_layer_species_archive IS 'Contains archived layer species information for a Stocking Standard amendment.';


--
-- Name: COLUMN stocking_layer_species_archive.stocking_layer_id; Type: COMMENT; Schema: silva; Owner: postgres
--

COMMENT ON COLUMN silva.stocking_layer_species_archive.stocking_layer_id IS 'The unique identifier for the STOCKING LAYER';


--
-- Name: COLUMN stocking_layer_species_archive.stocking_event_history_id; Type: COMMENT; Schema: silva; Owner: postgres
--

COMMENT ON COLUMN silva.stocking_layer_species_archive.stocking_event_history_id IS 'Unique identifier for a stocking standard amendment event';


--
-- Name: COLUMN stocking_layer_species_archive.stocking_standard_unit_id; Type: COMMENT; Schema: silva; Owner: postgres
--

COMMENT ON COLUMN silva.stocking_layer_species_archive.stocking_standard_unit_id IS 'System generated value uniquely identifing the stocking standards.';


--
-- Name: COLUMN stocking_layer_species_archive.species_order; Type: COMMENT; Schema: silva; Owner: postgres
--

COMMENT ON COLUMN silva.stocking_layer_species_archive.species_order IS 'The order in which the species should be stocked within the STOCKING LAYER.';


--
-- Name: COLUMN stocking_layer_species_archive.silv_tree_species_code; Type: COMMENT; Schema: silva; Owner: postgres
--

COMMENT ON COLUMN silva.stocking_layer_species_archive.silv_tree_species_code IS 'The secondary tree species of Crown timber that was cut, damaged, destroyed or removed without authority';


--
-- Name: COLUMN stocking_layer_species_archive.preferred_ind; Type: COMMENT; Schema: silva; Owner: postgres
--

COMMENT ON COLUMN silva.stocking_layer_species_archive.preferred_ind IS 'A yes/no indication of whether this is the Preferred or Acceptable Tree Species.';


--
-- Name: COLUMN stocking_layer_species_archive.min_height; Type: COMMENT; Schema: silva; Owner: postgres
--

COMMENT ON COLUMN silva.stocking_layer_species_archive.min_height IS 'The minimum height that a healthy well spaced tree must be, to be considered free growing. Minimum heights vary by species and by site series.';


--
-- Name: COLUMN stocking_layer_species_archive.entry_userid; Type: COMMENT; Schema: silva; Owner: postgres
--

COMMENT ON COLUMN silva.stocking_layer_species_archive.entry_userid IS 'The USERID of the individual who entered the information.';


--
-- Name: COLUMN stocking_layer_species_archive.entry_timestamp; Type: COMMENT; Schema: silva; Owner: postgres
--

COMMENT ON COLUMN silva.stocking_layer_species_archive.entry_timestamp IS 'The date and time the information was entered.';


--
-- Name: COLUMN stocking_layer_species_archive.update_userid; Type: COMMENT; Schema: silva; Owner: postgres
--

COMMENT ON COLUMN silva.stocking_layer_species_archive.update_userid IS 'The USERID of the individual who last updated the information.';


--
-- Name: COLUMN stocking_layer_species_archive.update_timestamp; Type: COMMENT; Schema: silva; Owner: postgres
--

COMMENT ON COLUMN silva.stocking_layer_species_archive.update_timestamp IS 'The date and time of the last update.';


--
-- Name: COLUMN stocking_layer_species_archive.revision_count; Type: COMMENT; Schema: silva; Owner: postgres
--

COMMENT ON COLUMN silva.stocking_layer_species_archive.revision_count IS 'A counter identifying the number of times this record as been modified. Used in the web page access to determine if the record as been modified since the data was first retrieved.';


--
-- Name: stocking_milestone; Type: TABLE; Schema: silva; Owner: postgres
--

CREATE TABLE silva.stocking_milestone (
    stocking_standard_unit_id bigint NOT NULL,
    silv_milestone_type_code character varying(3) NOT NULL,
    results_submission_id bigint,
    declared_date timestamp(0) without time zone,
    declared_userid character varying(30),
    declare_ind character varying(1),
    declaration_submitted_date timestamp(0) without time zone,
    early_offset_years smallint,
    late_offset_years smallint,
    due_early_date timestamp(0) without time zone,
    due_late_date timestamp(0) without time zone,
    entry_userid character varying(30) NOT NULL,
    entry_timestamp timestamp(0) without time zone NOT NULL,
    update_userid character varying(30) NOT NULL,
    update_timestamp timestamp(0) without time zone NOT NULL,
    revision_count integer NOT NULL,
    extent_feasible_declared_ind character varying(1) DEFAULT 'N'::character varying NOT NULL
);


ALTER TABLE silva.stocking_milestone OWNER TO postgres;

--
-- Name: TABLE stocking_milestone; Type: COMMENT; Schema: silva; Owner: postgres
--

COMMENT ON TABLE silva.stocking_milestone IS 'Silviculture milestones that have been achieved for a specific area (SU - Standards Unit). The milestones that are currently tracked are post harvest, regeneration and free growing.';


--
-- Name: COLUMN stocking_milestone.stocking_standard_unit_id; Type: COMMENT; Schema: silva; Owner: postgres
--

COMMENT ON COLUMN silva.stocking_milestone.stocking_standard_unit_id IS 'System generated value uniquely identifing the stocking standards.';


--
-- Name: COLUMN stocking_milestone.silv_milestone_type_code; Type: COMMENT; Schema: silva; Owner: postgres
--

COMMENT ON COLUMN silva.stocking_milestone.silv_milestone_type_code IS 'A means of identifying if the associated milestone is for post harvest, regeneration or free growing.';


--
-- Name: COLUMN stocking_milestone.results_submission_id; Type: COMMENT; Schema: silva; Owner: postgres
--

COMMENT ON COLUMN silva.stocking_milestone.results_submission_id IS 'Used to link information about a data submission. A submission may have many rows of Silviculture (Form A), Activities (Form B), and Forest Cover/Milestones (Form C) information. This attribute will be receiving a system generated number from the Electronic Submission Framework.';


--
-- Name: COLUMN stocking_milestone.declared_date; Type: COMMENT; Schema: silva; Owner: postgres
--

COMMENT ON COLUMN silva.stocking_milestone.declared_date IS 'The date that the Stocking Standard achieved the Milestone, not necessarily when it was recorded electronically at the Ministry. Previous descriptions from IDD: - The date the post harvest information was declared. - The date on which the Standards Unit was declared regenerated. - An enterable date at which the Standards Unit was declared free growing. This date cannot be in the future. The last date of declaration for all SU"s will become the opening free growing date.';


--
-- Name: COLUMN stocking_milestone.declared_userid; Type: COMMENT; Schema: silva; Owner: postgres
--

COMMENT ON COLUMN silva.stocking_milestone.declared_userid IS 'The userid of the resource who declared the post harvest information.';


--
-- Name: COLUMN stocking_milestone.declare_ind; Type: COMMENT; Schema: silva; Owner: postgres
--

COMMENT ON COLUMN silva.stocking_milestone.declare_ind IS 'A system generated flag "Y/N" which is determined from the polygons which comprise the Standards Unit. If all polygons within the SU are declared free growing then "Y" is displayed. If all SU"s are declared FG then the opening can be declared FG. A Y/N flag indicating whether or not the given Standards unit within the prescription has been declared regenerated.';


--
-- Name: COLUMN stocking_milestone.declaration_submitted_date; Type: COMMENT; Schema: silva; Owner: postgres
--

COMMENT ON COLUMN silva.stocking_milestone.declaration_submitted_date IS 'The date that the Milestone declaration was recorded electronically at the Ministry.';


--
-- Name: COLUMN stocking_milestone.early_offset_years; Type: COMMENT; Schema: silva; Owner: postgres
--

COMMENT ON COLUMN silva.stocking_milestone.early_offset_years IS 'The number of years, after the start of harvest, when free-growing may first be declared.';


--
-- Name: COLUMN stocking_milestone.late_offset_years; Type: COMMENT; Schema: silva; Owner: postgres
--

COMMENT ON COLUMN silva.stocking_milestone.late_offset_years IS 'The number of years, after the start of harvest, by which free-growing must be achieved.';


--
-- Name: COLUMN stocking_milestone.due_early_date; Type: COMMENT; Schema: silva; Owner: postgres
--

COMMENT ON COLUMN silva.stocking_milestone.due_early_date IS 'The earliest year the milestone is to be declared.';


--
-- Name: COLUMN stocking_milestone.due_late_date; Type: COMMENT; Schema: silva; Owner: postgres
--

COMMENT ON COLUMN silva.stocking_milestone.due_late_date IS 'The latest year the milestone is to be declared.';


--
-- Name: COLUMN stocking_milestone.entry_userid; Type: COMMENT; Schema: silva; Owner: postgres
--

COMMENT ON COLUMN silva.stocking_milestone.entry_userid IS 'The USERID of the individual who entered the information.';


--
-- Name: COLUMN stocking_milestone.entry_timestamp; Type: COMMENT; Schema: silva; Owner: postgres
--

COMMENT ON COLUMN silva.stocking_milestone.entry_timestamp IS 'The date and time the information was entered.';


--
-- Name: COLUMN stocking_milestone.update_userid; Type: COMMENT; Schema: silva; Owner: postgres
--

COMMENT ON COLUMN silva.stocking_milestone.update_userid IS 'The USERID of the individual who last updated the information.';


--
-- Name: COLUMN stocking_milestone.update_timestamp; Type: COMMENT; Schema: silva; Owner: postgres
--

COMMENT ON COLUMN silva.stocking_milestone.update_timestamp IS 'The date and time of the last update.';


--
-- Name: COLUMN stocking_milestone.revision_count; Type: COMMENT; Schema: silva; Owner: postgres
--

COMMENT ON COLUMN silva.stocking_milestone.revision_count IS 'Internal counter used by the system to avoid conflicting updates to the record.';


--
-- Name: COLUMN stocking_milestone.extent_feasible_declared_ind; Type: COMMENT; Schema: silva; Owner: postgres
--

COMMENT ON COLUMN silva.stocking_milestone.extent_feasible_declared_ind IS 'DECLARED TO THE EXTENT PRACTICABLE - Indicator for Milestones that do not meet applicable Stocking Standards.';


--
-- Name: stocking_milestone_cmt_link; Type: TABLE; Schema: silva; Owner: postgres
--

CREATE TABLE silva.stocking_milestone_cmt_link (
    stocking_standard_unit_id bigint NOT NULL,
    silv_milestone_type_code character varying(3) NOT NULL,
    silviculture_comment_id bigint NOT NULL
);


ALTER TABLE silva.stocking_milestone_cmt_link OWNER TO postgres;

--
-- Name: COLUMN stocking_milestone_cmt_link.stocking_standard_unit_id; Type: COMMENT; Schema: silva; Owner: postgres
--

COMMENT ON COLUMN silva.stocking_milestone_cmt_link.stocking_standard_unit_id IS 'System generated value uniquely identifing the stocking standards.';


--
-- Name: COLUMN stocking_milestone_cmt_link.silv_milestone_type_code; Type: COMMENT; Schema: silva; Owner: postgres
--

COMMENT ON COLUMN silva.stocking_milestone_cmt_link.silv_milestone_type_code IS 'A means of identifying if the associated milestone is for post harvest, regeneration or free growing.';


--
-- Name: COLUMN stocking_milestone_cmt_link.silviculture_comment_id; Type: COMMENT; Schema: silva; Owner: postgres
--

COMMENT ON COLUMN silva.stocking_milestone_cmt_link.silviculture_comment_id IS 'System generated value uniquely identifying the ISIS comment.';


--
-- Name: stocking_standard_unit; Type: TABLE; Schema: silva; Owner: postgres
--

CREATE TABLE silva.stocking_standard_unit (
    stocking_standard_unit_id bigint NOT NULL,
    opening_id bigint NOT NULL,
    standards_unit_id character varying(4) NOT NULL,
    standards_regime_id bigint,
    net_area numeric(7,1) NOT NULL,
    max_allow_soil_disturbance_pct numeric(3,1),
    variance_ind character varying(1),
    entry_userid character varying(30) NOT NULL,
    entry_timestamp timestamp(0) without time zone NOT NULL,
    update_userid character varying(30) NOT NULL,
    update_timestamp timestamp(0) without time zone NOT NULL,
    revision_count integer NOT NULL
);


ALTER TABLE silva.stocking_standard_unit OWNER TO postgres;

--
-- Name: TABLE stocking_standard_unit; Type: COMMENT; Schema: silva; Owner: postgres
--

COMMENT ON TABLE silva.stocking_standard_unit IS 'Basic Silviculture objective stated in quantifiable terms for a specific area. These are the acceptable standards for reforestation and soil conversation. Also known as SU - Standards Unit.';


--
-- Name: COLUMN stocking_standard_unit.stocking_standard_unit_id; Type: COMMENT; Schema: silva; Owner: postgres
--

COMMENT ON COLUMN silva.stocking_standard_unit.stocking_standard_unit_id IS 'System generated value uniquely identifing the stocking standards.';


--
-- Name: COLUMN stocking_standard_unit.opening_id; Type: COMMENT; Schema: silva; Owner: postgres
--

COMMENT ON COLUMN silva.stocking_standard_unit.opening_id IS 'System generated value uniquely identifying the opening.';


--
-- Name: COLUMN stocking_standard_unit.standards_unit_id; Type: COMMENT; Schema: silva; Owner: postgres
--

COMMENT ON COLUMN silva.stocking_standard_unit.standards_unit_id IS 'A unique identifier within the opening that identifies the standard unit. At least one standards unit per opening is required.';


--
-- Name: COLUMN stocking_standard_unit.standards_regime_id; Type: COMMENT; Schema: silva; Owner: postgres
--

COMMENT ON COLUMN silva.stocking_standard_unit.standards_regime_id IS 'Unique identifier for the STANDARD REGIME entry.';


--
-- Name: COLUMN stocking_standard_unit.net_area; Type: COMMENT; Schema: silva; Owner: postgres
--

COMMENT ON COLUMN silva.stocking_standard_unit.net_area IS 'A value in hectares for the net area to be reforested (NAR). The NAR is the total area under the prescription (TAUP) minus the area or no planned reforestation (NPR).';


--
-- Name: COLUMN stocking_standard_unit.max_allow_soil_disturbance_pct; Type: COMMENT; Schema: silva; Owner: postgres
--

COMMENT ON COLUMN silva.stocking_standard_unit.max_allow_soil_disturbance_pct IS 'This is the maximum soil disturbance. The maximum proportion of the net area to be reforested which will be occupied by soil disturbance, following harvest; or following rehab where required.';


--
-- Name: COLUMN stocking_standard_unit.variance_ind; Type: COMMENT; Schema: silva; Owner: postgres
--

COMMENT ON COLUMN silva.stocking_standard_unit.variance_ind IS 'A yes/no indicator indicating if this stocking standard is for a variance or not.';


--
-- Name: COLUMN stocking_standard_unit.entry_userid; Type: COMMENT; Schema: silva; Owner: postgres
--

COMMENT ON COLUMN silva.stocking_standard_unit.entry_userid IS 'The USERID of the individual who entered the information.';


--
-- Name: COLUMN stocking_standard_unit.entry_timestamp; Type: COMMENT; Schema: silva; Owner: postgres
--

COMMENT ON COLUMN silva.stocking_standard_unit.entry_timestamp IS 'The date and time the information was entered.';


--
-- Name: COLUMN stocking_standard_unit.update_userid; Type: COMMENT; Schema: silva; Owner: postgres
--

COMMENT ON COLUMN silva.stocking_standard_unit.update_userid IS 'The USERID of the individual who last updated the information.';


--
-- Name: COLUMN stocking_standard_unit.update_timestamp; Type: COMMENT; Schema: silva; Owner: postgres
--

COMMENT ON COLUMN silva.stocking_standard_unit.update_timestamp IS 'The date and time of the last update.';


--
-- Name: COLUMN stocking_standard_unit.revision_count; Type: COMMENT; Schema: silva; Owner: postgres
--

COMMENT ON COLUMN silva.stocking_standard_unit.revision_count IS 'Internal counter used by the system to avoid conflicting updates to the record.';


--
-- Name: stocking_standard_unit_amd; Type: TABLE; Schema: silva; Owner: postgres
--

CREATE TABLE silva.stocking_standard_unit_amd (
    stocking_standard_unit_id bigint NOT NULL,
    opening_id bigint NOT NULL,
    standards_unit_id character varying(4) NOT NULL,
    standards_regime_id bigint,
    net_area numeric(7,1) NOT NULL,
    max_allow_soil_disturbance_pct numeric(3,1),
    variance_ind character varying(1),
    regen_delay_offset_yrs smallint,
    regen_obligation_ind character varying(1) NOT NULL,
    no_regen_early_offset_yrs smallint,
    no_regen_late_offset_yrs smallint,
    free_growing_early_offset_yrs smallint,
    free_growing_late_offset_yrs smallint,
    amendment_rationale_comment character varying(2000),
    entry_userid character varying(30) NOT NULL,
    entry_timestamp timestamp(0) without time zone NOT NULL,
    update_userid character varying(30) NOT NULL,
    update_timestamp timestamp(0) without time zone NOT NULL,
    revision_count integer NOT NULL
);


ALTER TABLE silva.stocking_standard_unit_amd OWNER TO postgres;

--
-- Name: TABLE stocking_standard_unit_amd; Type: COMMENT; Schema: silva; Owner: postgres
--

COMMENT ON TABLE silva.stocking_standard_unit_amd IS 'Contains Stocking Standard information for an Opening in Amended Status.';


--
-- Name: COLUMN stocking_standard_unit_amd.stocking_standard_unit_id; Type: COMMENT; Schema: silva; Owner: postgres
--

COMMENT ON COLUMN silva.stocking_standard_unit_amd.stocking_standard_unit_id IS 'System generated value uniquely identifing the stocking standards.';


--
-- Name: COLUMN stocking_standard_unit_amd.opening_id; Type: COMMENT; Schema: silva; Owner: postgres
--

COMMENT ON COLUMN silva.stocking_standard_unit_amd.opening_id IS 'System generated value uniquely identifying the opening.';


--
-- Name: COLUMN stocking_standard_unit_amd.standards_unit_id; Type: COMMENT; Schema: silva; Owner: postgres
--

COMMENT ON COLUMN silva.stocking_standard_unit_amd.standards_unit_id IS 'A unique identifier within the opening that identifies the standard unit. At least one standards unit per opening is required.';


--
-- Name: COLUMN stocking_standard_unit_amd.standards_regime_id; Type: COMMENT; Schema: silva; Owner: postgres
--

COMMENT ON COLUMN silva.stocking_standard_unit_amd.standards_regime_id IS 'Unique identifier for the STANDARD REGIME entry.';


--
-- Name: COLUMN stocking_standard_unit_amd.net_area; Type: COMMENT; Schema: silva; Owner: postgres
--

COMMENT ON COLUMN silva.stocking_standard_unit_amd.net_area IS 'A value in hectares for the net area to be reforested (NAR). The NAR is the total area under the prescription (TAUP) minus the area or no planned reforestation (NPR).';


--
-- Name: COLUMN stocking_standard_unit_amd.max_allow_soil_disturbance_pct; Type: COMMENT; Schema: silva; Owner: postgres
--

COMMENT ON COLUMN silva.stocking_standard_unit_amd.max_allow_soil_disturbance_pct IS 'This is the maximum soil disturbance. The maximum proportion of the net area to be reforested which will be occupied by soil disturbance, following harvest; or following rehab where required.';


--
-- Name: COLUMN stocking_standard_unit_amd.variance_ind; Type: COMMENT; Schema: silva; Owner: postgres
--

COMMENT ON COLUMN silva.stocking_standard_unit_amd.variance_ind IS 'A yes/no indicator indicating if this stocking standard is for a variance or not.';


--
-- Name: COLUMN stocking_standard_unit_amd.regen_delay_offset_yrs; Type: COMMENT; Schema: silva; Owner: postgres
--

COMMENT ON COLUMN silva.stocking_standard_unit_amd.regen_delay_offset_yrs IS 'The number of years allowed for the regeneration of tree growth.';


--
-- Name: COLUMN stocking_standard_unit_amd.regen_obligation_ind; Type: COMMENT; Schema: silva; Owner: postgres
--

COMMENT ON COLUMN silva.stocking_standard_unit_amd.regen_obligation_ind IS 'A yes/no indicator indicating if this stocking standard is for a regeneration obligation.';


--
-- Name: COLUMN stocking_standard_unit_amd.no_regen_early_offset_yrs; Type: COMMENT; Schema: silva; Owner: postgres
--

COMMENT ON COLUMN silva.stocking_standard_unit_amd.no_regen_early_offset_yrs IS 'The minimum or early regen number of years.';


--
-- Name: COLUMN stocking_standard_unit_amd.no_regen_late_offset_yrs; Type: COMMENT; Schema: silva; Owner: postgres
--

COMMENT ON COLUMN silva.stocking_standard_unit_amd.no_regen_late_offset_yrs IS 'The maximum or late years of regen growth.';


--
-- Name: COLUMN stocking_standard_unit_amd.free_growing_early_offset_yrs; Type: COMMENT; Schema: silva; Owner: postgres
--

COMMENT ON COLUMN silva.stocking_standard_unit_amd.free_growing_early_offset_yrs IS 'The minimum or early growth number of years.';


--
-- Name: COLUMN stocking_standard_unit_amd.free_growing_late_offset_yrs; Type: COMMENT; Schema: silva; Owner: postgres
--

COMMENT ON COLUMN silva.stocking_standard_unit_amd.free_growing_late_offset_yrs IS 'The maximum or late years of tree growth.';


--
-- Name: COLUMN stocking_standard_unit_amd.amendment_rationale_comment; Type: COMMENT; Schema: silva; Owner: postgres
--

COMMENT ON COLUMN silva.stocking_standard_unit_amd.amendment_rationale_comment IS 'A comment describing the rationale for an Amendment to a Stocking Standard.';


--
-- Name: COLUMN stocking_standard_unit_amd.entry_userid; Type: COMMENT; Schema: silva; Owner: postgres
--

COMMENT ON COLUMN silva.stocking_standard_unit_amd.entry_userid IS 'The USERID of the individual who entered the information.';


--
-- Name: COLUMN stocking_standard_unit_amd.entry_timestamp; Type: COMMENT; Schema: silva; Owner: postgres
--

COMMENT ON COLUMN silva.stocking_standard_unit_amd.entry_timestamp IS 'The date and time the information was entered.';


--
-- Name: COLUMN stocking_standard_unit_amd.update_userid; Type: COMMENT; Schema: silva; Owner: postgres
--

COMMENT ON COLUMN silva.stocking_standard_unit_amd.update_userid IS 'The USERID of the individual who last updated the information.';


--
-- Name: COLUMN stocking_standard_unit_amd.update_timestamp; Type: COMMENT; Schema: silva; Owner: postgres
--

COMMENT ON COLUMN silva.stocking_standard_unit_amd.update_timestamp IS 'The date and time of the last update.';


--
-- Name: COLUMN stocking_standard_unit_amd.revision_count; Type: COMMENT; Schema: silva; Owner: postgres
--

COMMENT ON COLUMN silva.stocking_standard_unit_amd.revision_count IS 'Internal counter used by the system to avoid conflicting updates to the record.';


--
-- Name: stocking_standard_unit_archive; Type: TABLE; Schema: silva; Owner: postgres
--

CREATE TABLE silva.stocking_standard_unit_archive (
    stocking_standard_unit_id bigint NOT NULL,
    stocking_event_history_id bigint NOT NULL,
    opening_id bigint NOT NULL,
    standards_unit_id character varying(4) NOT NULL,
    standards_regime_id bigint,
    net_area numeric(7,1) NOT NULL,
    max_allow_soil_disturbance_pct numeric(3,1),
    variance_ind character varying(1),
    regen_delay_offset_yrs smallint,
    regen_obligation_ind character varying(1) NOT NULL,
    no_regen_early_offset_yrs smallint,
    no_regen_late_offset_yrs smallint,
    free_growing_early_offset_yrs smallint,
    free_growing_late_offset_yrs smallint,
    amendment_rationale_comment character varying(2000),
    entry_userid character varying(30) NOT NULL,
    entry_timestamp timestamp(0) without time zone NOT NULL,
    update_userid character varying(30) NOT NULL,
    update_timestamp timestamp(0) without time zone NOT NULL,
    revision_count integer NOT NULL
);


ALTER TABLE silva.stocking_standard_unit_archive OWNER TO postgres;

--
-- Name: TABLE stocking_standard_unit_archive; Type: COMMENT; Schema: silva; Owner: postgres
--

COMMENT ON TABLE silva.stocking_standard_unit_archive IS 'Contains archived information about a Stocking Standard amendment.';


--
-- Name: COLUMN stocking_standard_unit_archive.stocking_standard_unit_id; Type: COMMENT; Schema: silva; Owner: postgres
--

COMMENT ON COLUMN silva.stocking_standard_unit_archive.stocking_standard_unit_id IS 'System generated value uniquely identifing the stocking standards.';


--
-- Name: COLUMN stocking_standard_unit_archive.stocking_event_history_id; Type: COMMENT; Schema: silva; Owner: postgres
--

COMMENT ON COLUMN silva.stocking_standard_unit_archive.stocking_event_history_id IS 'Unique identifier for a stocking standard amendment event';


--
-- Name: COLUMN stocking_standard_unit_archive.opening_id; Type: COMMENT; Schema: silva; Owner: postgres
--

COMMENT ON COLUMN silva.stocking_standard_unit_archive.opening_id IS 'Opening id of opening this archive record was associated with.';


--
-- Name: COLUMN stocking_standard_unit_archive.standards_unit_id; Type: COMMENT; Schema: silva; Owner: postgres
--

COMMENT ON COLUMN silva.stocking_standard_unit_archive.standards_unit_id IS 'A unique identifier within the opening that identifies the standard unit. At least one standards unit per opening is required.';


--
-- Name: COLUMN stocking_standard_unit_archive.standards_regime_id; Type: COMMENT; Schema: silva; Owner: postgres
--

COMMENT ON COLUMN silva.stocking_standard_unit_archive.standards_regime_id IS 'Unique identifier for the STANDARD REGIME entry.';


--
-- Name: COLUMN stocking_standard_unit_archive.net_area; Type: COMMENT; Schema: silva; Owner: postgres
--

COMMENT ON COLUMN silva.stocking_standard_unit_archive.net_area IS 'A value in hectares for the net area to be reforested (NAR). The NAR is the total area under the prescription (TAUP) minus the area or no planned reforestation (NPR).';


--
-- Name: COLUMN stocking_standard_unit_archive.max_allow_soil_disturbance_pct; Type: COMMENT; Schema: silva; Owner: postgres
--

COMMENT ON COLUMN silva.stocking_standard_unit_archive.max_allow_soil_disturbance_pct IS 'This is the maximum soil disturbance. The maximum proportion of the net area to be reforested which will be occupied by soil disturbance, following harvest; or following rehab where required.';


--
-- Name: COLUMN stocking_standard_unit_archive.variance_ind; Type: COMMENT; Schema: silva; Owner: postgres
--

COMMENT ON COLUMN silva.stocking_standard_unit_archive.variance_ind IS 'A yes/no indicator indicating if this stocking standard is for a variance or not.';


--
-- Name: COLUMN stocking_standard_unit_archive.regen_delay_offset_yrs; Type: COMMENT; Schema: silva; Owner: postgres
--

COMMENT ON COLUMN silva.stocking_standard_unit_archive.regen_delay_offset_yrs IS 'The number of years allowed for the regeneration of tree growth.';


--
-- Name: COLUMN stocking_standard_unit_archive.regen_obligation_ind; Type: COMMENT; Schema: silva; Owner: postgres
--

COMMENT ON COLUMN silva.stocking_standard_unit_archive.regen_obligation_ind IS 'A yes/no indicator indicating if this stocking standard is for a regeneration obligation.';


--
-- Name: COLUMN stocking_standard_unit_archive.no_regen_early_offset_yrs; Type: COMMENT; Schema: silva; Owner: postgres
--

COMMENT ON COLUMN silva.stocking_standard_unit_archive.no_regen_early_offset_yrs IS 'The minimum or early regen number of years.';


--
-- Name: COLUMN stocking_standard_unit_archive.no_regen_late_offset_yrs; Type: COMMENT; Schema: silva; Owner: postgres
--

COMMENT ON COLUMN silva.stocking_standard_unit_archive.no_regen_late_offset_yrs IS 'The maximum or late years of regen growth.';


--
-- Name: COLUMN stocking_standard_unit_archive.free_growing_early_offset_yrs; Type: COMMENT; Schema: silva; Owner: postgres
--

COMMENT ON COLUMN silva.stocking_standard_unit_archive.free_growing_early_offset_yrs IS 'The minimum or early growth number of years.';


--
-- Name: COLUMN stocking_standard_unit_archive.free_growing_late_offset_yrs; Type: COMMENT; Schema: silva; Owner: postgres
--

COMMENT ON COLUMN silva.stocking_standard_unit_archive.free_growing_late_offset_yrs IS 'The maximum or late years of tree growth.';


--
-- Name: COLUMN stocking_standard_unit_archive.amendment_rationale_comment; Type: COMMENT; Schema: silva; Owner: postgres
--

COMMENT ON COLUMN silva.stocking_standard_unit_archive.amendment_rationale_comment IS 'A comment describing the rationale for an Amendment to a Stocking Standard.';


--
-- Name: COLUMN stocking_standard_unit_archive.entry_userid; Type: COMMENT; Schema: silva; Owner: postgres
--

COMMENT ON COLUMN silva.stocking_standard_unit_archive.entry_userid IS 'The USERID of the individual who entered the information.';


--
-- Name: COLUMN stocking_standard_unit_archive.entry_timestamp; Type: COMMENT; Schema: silva; Owner: postgres
--

COMMENT ON COLUMN silva.stocking_standard_unit_archive.entry_timestamp IS 'The date and time the information was entered.';


--
-- Name: COLUMN stocking_standard_unit_archive.update_userid; Type: COMMENT; Schema: silva; Owner: postgres
--

COMMENT ON COLUMN silva.stocking_standard_unit_archive.update_userid IS 'The USERID of the individual who last updated the information.';


--
-- Name: COLUMN stocking_standard_unit_archive.update_timestamp; Type: COMMENT; Schema: silva; Owner: postgres
--

COMMENT ON COLUMN silva.stocking_standard_unit_archive.update_timestamp IS 'The date and time of the last update.';


--
-- Name: COLUMN stocking_standard_unit_archive.revision_count; Type: COMMENT; Schema: silva; Owner: postgres
--

COMMENT ON COLUMN silva.stocking_standard_unit_archive.revision_count IS 'Internal counter used by the system to avoid conflicting updates to the record.';


--
-- Name: stocking_status_code; Type: TABLE; Schema: silva; Owner: postgres
--

CREATE TABLE silva.stocking_status_code (
    stocking_status_code character varying(3) NOT NULL,
    description character varying(120) NOT NULL,
    effective_date timestamp(0) without time zone NOT NULL,
    expiry_date timestamp(0) without time zone NOT NULL,
    update_timestamp timestamp(0) without time zone NOT NULL
);


ALTER TABLE silva.stocking_status_code OWNER TO postgres;

--
-- Name: COLUMN stocking_status_code.stocking_status_code; Type: COMMENT; Schema: silva; Owner: postgres
--

COMMENT ON COLUMN silva.stocking_status_code.stocking_status_code IS 'A code to describe the previous stand type for the area under the prescription.';


--
-- Name: COLUMN stocking_status_code.description; Type: COMMENT; Schema: silva; Owner: postgres
--

COMMENT ON COLUMN silva.stocking_status_code.description IS 'The full description of the code value.';


--
-- Name: COLUMN stocking_status_code.effective_date; Type: COMMENT; Schema: silva; Owner: postgres
--

COMMENT ON COLUMN silva.stocking_status_code.effective_date IS 'The date the value is available for use.';


--
-- Name: COLUMN stocking_status_code.expiry_date; Type: COMMENT; Schema: silva; Owner: postgres
--

COMMENT ON COLUMN silva.stocking_status_code.expiry_date IS 'The date the value is lo longer available for use.';


--
-- Name: COLUMN stocking_status_code.update_timestamp; Type: COMMENT; Schema: silva; Owner: postgres
--

COMMENT ON COLUMN silva.stocking_status_code.update_timestamp IS 'The date and time the value was last modified';


--
-- Name: stocking_type_code; Type: TABLE; Schema: silva; Owner: postgres
--

CREATE TABLE silva.stocking_type_code (
    stocking_type_code character varying(3) NOT NULL,
    description character varying(120) NOT NULL,
    effective_date timestamp(0) without time zone NOT NULL,
    expiry_date timestamp(0) without time zone NOT NULL,
    update_timestamp timestamp(0) without time zone NOT NULL
);


ALTER TABLE silva.stocking_type_code OWNER TO postgres;

--
-- Name: COLUMN stocking_type_code.stocking_type_code; Type: COMMENT; Schema: silva; Owner: postgres
--

COMMENT ON COLUMN silva.stocking_type_code.stocking_type_code IS 'A further classification of the stocking status for the polygon.';


--
-- Name: COLUMN stocking_type_code.description; Type: COMMENT; Schema: silva; Owner: postgres
--

COMMENT ON COLUMN silva.stocking_type_code.description IS 'The full description of the code value.';


--
-- Name: COLUMN stocking_type_code.effective_date; Type: COMMENT; Schema: silva; Owner: postgres
--

COMMENT ON COLUMN silva.stocking_type_code.effective_date IS 'The date the value is available for use.';


--
-- Name: COLUMN stocking_type_code.expiry_date; Type: COMMENT; Schema: silva; Owner: postgres
--

COMMENT ON COLUMN silva.stocking_type_code.expiry_date IS 'The date the value is lo longer available for use.';


--
-- Name: COLUMN stocking_type_code.update_timestamp; Type: COMMENT; Schema: silva; Owner: postgres
--

COMMENT ON COLUMN silva.stocking_type_code.update_timestamp IS 'The date and time the value was last modified';


--
-- Name: storage_files; Type: TABLE; Schema: silva; Owner: postgres
--

CREATE TABLE silva.storage_files (
    group_name_cd character varying(10) NOT NULL,
    name character varying(60) NOT NULL,
    local_directory character varying(255) NOT NULL,
    tile_size character varying(11) NOT NULL,
    data_maturity_cd character(1) NOT NULL,
    steward_org_unit_cd character varying(6),
    update_responsibility character varying(255),
    entry_timestamp timestamp(0) without time zone NOT NULL,
    entry_userid character varying(32) NOT NULL,
    update_timestamp timestamp(0) without time zone NOT NULL,
    update_userid character varying(32) NOT NULL,
    description character varying(2000) NOT NULL,
    special_concerns character varying(2000),
    data_availability character varying(2000)
);


ALTER TABLE silva.storage_files OWNER TO postgres;

--
-- Name: tenure_file_status_code; Type: TABLE; Schema: silva; Owner: postgres
--

CREATE TABLE silva.tenure_file_status_code (
    tenure_file_status_code character varying(3) NOT NULL,
    description character varying(120) NOT NULL,
    effective_date timestamp(0) without time zone NOT NULL,
    expiry_date timestamp(0) without time zone NOT NULL,
    update_timestamp timestamp(0) without time zone NOT NULL
);


ALTER TABLE silva.tenure_file_status_code OWNER TO postgres;

--
-- Name: COLUMN tenure_file_status_code.tenure_file_status_code; Type: COMMENT; Schema: silva; Owner: postgres
--

COMMENT ON COLUMN silva.tenure_file_status_code.tenure_file_status_code IS 'Tenure file status code';


--
-- Name: COLUMN tenure_file_status_code.description; Type: COMMENT; Schema: silva; Owner: postgres
--

COMMENT ON COLUMN silva.tenure_file_status_code.description IS 'Description of the code value';


--
-- Name: COLUMN tenure_file_status_code.effective_date; Type: COMMENT; Schema: silva; Owner: postgres
--

COMMENT ON COLUMN silva.tenure_file_status_code.effective_date IS 'Date the code becomes effective';


--
-- Name: COLUMN tenure_file_status_code.expiry_date; Type: COMMENT; Schema: silva; Owner: postgres
--

COMMENT ON COLUMN silva.tenure_file_status_code.expiry_date IS 'Date the code expires';


--
-- Name: COLUMN tenure_file_status_code.update_timestamp; Type: COMMENT; Schema: silva; Owner: postgres
--

COMMENT ON COLUMN silva.tenure_file_status_code.update_timestamp IS 'The date and time the value was last modified.';


--
-- Name: timber_mark; Type: TABLE; Schema: silva; Owner: postgres
--

CREATE TABLE silva.timber_mark (
    timber_mark character varying(6) NOT NULL,
    forest_file_id character varying(10) NOT NULL,
    cutting_permit_id character varying(3) NOT NULL,
    forest_district bigint NOT NULL,
    geographic_distrct bigint NOT NULL,
    cascade_split_code character varying(1),
    quota_type_code character varying(1),
    deciduous_ind character varying(1) DEFAULT 'N'::character varying NOT NULL,
    catastrophic_ind character varying(1) DEFAULT NULL::character varying,
    crown_granted_ind character varying(1) DEFAULT 'N'::character varying NOT NULL,
    cruise_based_ind character varying(1) DEFAULT 'N'::character varying NOT NULL,
    certificate character varying(6),
    hdbs_timber_mark character varying(7),
    vm_timber_mark character varying(6),
    tenure_term integer,
    bcaa_folio_number character varying(23),
    activated_userid character varying(30),
    amended_userid character varying(30),
    district_admn_zone character varying(4),
    granted_acqrd_date timestamp(0) without time zone,
    lands_region character varying(1),
    crown_granted_acq_desc character varying(240),
    mark_status_st character varying(3),
    mark_status_date timestamp(0) without time zone,
    mark_amend_date timestamp(0) without time zone,
    mark_appl_date timestamp(0) without time zone,
    mark_cancel_date timestamp(0) without time zone,
    mark_extend_date timestamp(0) without time zone,
    mark_extend_rsn_cd character varying(1),
    mark_extend_count bigint,
    mark_issue_date timestamp(0) without time zone,
    mark_expiry_date timestamp(0) without time zone,
    markng_instrmnt_cd character varying(1),
    marking_method_cd character varying(1),
    entry_userid character varying(30) NOT NULL,
    entry_timestamp timestamp(0) without time zone NOT NULL,
    update_userid character varying(30) NOT NULL,
    update_timestamp timestamp(0) without time zone NOT NULL,
    revision_count integer NOT NULL,
    small_patch_salvage_ind character varying(1) DEFAULT 'N'::character varying NOT NULL,
    salvage_type_code character varying(3)
);


ALTER TABLE silva.timber_mark OWNER TO postgres;

--
-- Name: TABLE timber_mark; Type: COMMENT; Schema: silva; Owner: postgres
--

COMMENT ON TABLE silva.timber_mark IS 'Information about the timber cutting and moving permission for a timber tenure. For Private Timber Marks, the ministry does not grant cutting permission. For some Road Permits and Licences to Cut, no moving permission is granted. Otherwise, synonymous. This entity is not directly updated, but is rather done via a replication process using its base tables, of harvesting authority and hauling authority.';


--
-- Name: COLUMN timber_mark.timber_mark; Type: COMMENT; Schema: silva; Owner: postgres
--

COMMENT ON COLUMN silva.timber_mark.timber_mark IS 'Unique identifying set of characters to be stamped or marked on the end of each log to associate the log with the specific authority to harvest and move timber.';


--
-- Name: COLUMN timber_mark.forest_file_id; Type: COMMENT; Schema: silva; Owner: postgres
--

COMMENT ON COLUMN silva.timber_mark.forest_file_id IS 'File identification assigned to Provincial Forest Use files. Assigned file number. Usually the Licence, Tenure or Private Mark number.';


--
-- Name: COLUMN timber_mark.cutting_permit_id; Type: COMMENT; Schema: silva; Owner: postgres
--

COMMENT ON COLUMN silva.timber_mark.cutting_permit_id IS 'Identifier for a cutting permit associated with a quota type harvesting tenure.';


--
-- Name: COLUMN timber_mark.forest_district; Type: COMMENT; Schema: silva; Owner: postgres
--

COMMENT ON COLUMN silva.timber_mark.forest_district IS 'Unique physical identifier for the storage of organizational unit codes for the Ministry of Forests offices. Values stored here are for the computers use only, and are not to be used by people as "ministry codes".';


--
-- Name: COLUMN timber_mark.geographic_distrct; Type: COMMENT; Schema: silva; Owner: postgres
--

COMMENT ON COLUMN silva.timber_mark.geographic_distrct IS 'Unique physical identifier for the storage of organizational unit codes for the Ministry of Forests offices. Values stored here are for the computers use only, and are not to be used by people as "ministry codes".';


--
-- Name: COLUMN timber_mark.cascade_split_code; Type: COMMENT; Schema: silva; Owner: postgres
--

COMMENT ON COLUMN silva.timber_mark.cascade_split_code IS 'Code to indicate the administrative split for the timber mark, east or west of the Cascade Mountains, for tracking timber volume information';


--
-- Name: COLUMN timber_mark.quota_type_code; Type: COMMENT; Schema: silva; Owner: postgres
--

COMMENT ON COLUMN silva.timber_mark.quota_type_code IS 'Identifies an allowable harvesting quota type.';


--
-- Name: COLUMN timber_mark.deciduous_ind; Type: COMMENT; Schema: silva; Owner: postgres
--

COMMENT ON COLUMN silva.timber_mark.deciduous_ind IS 'Indicates whether the timber mark is primarily for harvesting deciduous species. Otherwise, coniferous.';


--
-- Name: COLUMN timber_mark.catastrophic_ind; Type: COMMENT; Schema: silva; Owner: postgres
--

COMMENT ON COLUMN silva.timber_mark.catastrophic_ind IS 'Indicates if the damage to the stand of timber is catastrophic. Otherwise, it is endemic';


--
-- Name: COLUMN timber_mark.crown_granted_ind; Type: COMMENT; Schema: silva; Owner: postgres
--

COMMENT ON COLUMN silva.timber_mark.crown_granted_ind IS 'Indicator to signify whether the land that the timber mark pertains to has a verifiable crown grant document.';


--
-- Name: COLUMN timber_mark.cruise_based_ind; Type: COMMENT; Schema: silva; Owner: postgres
--

COMMENT ON COLUMN silva.timber_mark.cruise_based_ind IS 'Indicates whether a cruise was used for billing purposes.';


--
-- Name: COLUMN timber_mark.certificate; Type: COMMENT; Schema: silva; Owner: postgres
--

COMMENT ON COLUMN silva.timber_mark.certificate IS 'Timber mark certificate number for private marks';


--
-- Name: COLUMN timber_mark.hdbs_timber_mark; Type: COMMENT; Schema: silva; Owner: postgres
--

COMMENT ON COLUMN silva.timber_mark.hdbs_timber_mark IS 'This is the HDBS representation of the TIMBER MARK. This column is due to be deleted';


--
-- Name: COLUMN timber_mark.vm_timber_mark; Type: COMMENT; Schema: silva; Owner: postgres
--

COMMENT ON COLUMN silva.timber_mark.vm_timber_mark IS 'This is a reformatted definition of the TIMBER_MARK. It is used primarily in Silviculture Branch"s Major Licence Silviculture Information System. This column is due to be deleted.';


--
-- Name: COLUMN timber_mark.tenure_term; Type: COMMENT; Schema: silva; Owner: postgres
--

COMMENT ON COLUMN silva.timber_mark.tenure_term IS 'Term of the tenure (in months).';


--
-- Name: COLUMN timber_mark.bcaa_folio_number; Type: COMMENT; Schema: silva; Owner: postgres
--

COMMENT ON COLUMN silva.timber_mark.bcaa_folio_number IS 'BC Assessment Authority Folio Number for the land that the cutting permit/Timber Mark pertains to, if applicable, or the LTO number. BCAA Folio Numbers are in the format C15 733 06604.140-1-2; the format for LTO numbers is nnn-nnn-nnn.';


--
-- Name: COLUMN timber_mark.activated_userid; Type: COMMENT; Schema: silva; Owner: postgres
--

COMMENT ON COLUMN silva.timber_mark.activated_userid IS 'Userid of the person who activated the timber mark';


--
-- Name: COLUMN timber_mark.amended_userid; Type: COMMENT; Schema: silva; Owner: postgres
--

COMMENT ON COLUMN silva.timber_mark.amended_userid IS 'Userid of the person who last amended the timber mark.';


--
-- Name: COLUMN timber_mark.district_admn_zone; Type: COMMENT; Schema: silva; Owner: postgres
--

COMMENT ON COLUMN silva.timber_mark.district_admn_zone IS 'Identifies an administration area within a district for operational purposes.';


--
-- Name: COLUMN timber_mark.granted_acqrd_date; Type: COMMENT; Schema: silva; Owner: postgres
--

COMMENT ON COLUMN silva.timber_mark.granted_acqrd_date IS 'Date the property that the timber mark pertains to was crown granted; or, in lieu of a crown grant document, the date the land was thought to be acquired; or, a code for an historical land transfer.';


--
-- Name: COLUMN timber_mark.lands_region; Type: COMMENT; Schema: silva; Owner: postgres
--

COMMENT ON COLUMN silva.timber_mark.lands_region IS 'Region identifier for crown lands';


--
-- Name: COLUMN timber_mark.crown_granted_acq_desc; Type: COMMENT; Schema: silva; Owner: postgres
--

COMMENT ON COLUMN silva.timber_mark.crown_granted_acq_desc IS 'The description of the crown granted acquisition.';


--
-- Name: COLUMN timber_mark.mark_status_st; Type: COMMENT; Schema: silva; Owner: postgres
--

COMMENT ON COLUMN silva.timber_mark.mark_status_st IS 'Current status of Timber Mark, eg., Pending - Planned, Harvesting - Suspended. This references Timber_Status_Code.';


--
-- Name: COLUMN timber_mark.mark_status_date; Type: COMMENT; Schema: silva; Owner: postgres
--

COMMENT ON COLUMN silva.timber_mark.mark_status_date IS 'The date that the timber mark / cutting permit status was last updated';


--
-- Name: COLUMN timber_mark.mark_amend_date; Type: COMMENT; Schema: silva; Owner: postgres
--

COMMENT ON COLUMN silva.timber_mark.mark_amend_date IS 'If the timber mark has been amended, this date will reflect the time the most recent amendment was made';


--
-- Name: COLUMN timber_mark.mark_appl_date; Type: COMMENT; Schema: silva; Owner: postgres
--

COMMENT ON COLUMN silva.timber_mark.mark_appl_date IS 'DATE the application was received in the district.';


--
-- Name: COLUMN timber_mark.mark_cancel_date; Type: COMMENT; Schema: silva; Owner: postgres
--

COMMENT ON COLUMN silva.timber_mark.mark_cancel_date IS 'Date the timber mark was cancelled.';


--
-- Name: COLUMN timber_mark.mark_extend_date; Type: COMMENT; Schema: silva; Owner: postgres
--

COMMENT ON COLUMN silva.timber_mark.mark_extend_date IS 'Date to which the timber mark validity has been extended. Current expiry date';


--
-- Name: COLUMN timber_mark.mark_extend_rsn_cd; Type: COMMENT; Schema: silva; Owner: postgres
--

COMMENT ON COLUMN silva.timber_mark.mark_extend_rsn_cd IS 'Code to indicate the reason to extend the life of the timber mark.';


--
-- Name: COLUMN timber_mark.mark_extend_count; Type: COMMENT; Schema: silva; Owner: postgres
--

COMMENT ON COLUMN silva.timber_mark.mark_extend_count IS 'Count of the number of extensions to the expiry date that the timber mark has had.';


--
-- Name: COLUMN timber_mark.mark_issue_date; Type: COMMENT; Schema: silva; Owner: postgres
--

COMMENT ON COLUMN silva.timber_mark.mark_issue_date IS 'Date the Timber Mark was issued';


--
-- Name: COLUMN timber_mark.mark_expiry_date; Type: COMMENT; Schema: silva; Owner: postgres
--

COMMENT ON COLUMN silva.timber_mark.mark_expiry_date IS 'Initial expiry date set upon activation of the timber mark.';


--
-- Name: COLUMN timber_mark.markng_instrmnt_cd; Type: COMMENT; Schema: silva; Owner: postgres
--

COMMENT ON COLUMN silva.timber_mark.markng_instrmnt_cd IS 'Code indicating the means of marking the timber for identification to the timber mark, eg., hammer, paint.';


--
-- Name: COLUMN timber_mark.marking_method_cd; Type: COMMENT; Schema: silva; Owner: postgres
--

COMMENT ON COLUMN silva.timber_mark.marking_method_cd IS 'Code indicating the method of marking the truckload of harvested timber';


--
-- Name: COLUMN timber_mark.entry_userid; Type: COMMENT; Schema: silva; Owner: postgres
--

COMMENT ON COLUMN silva.timber_mark.entry_userid IS 'The userid of the individual performing the entry.';


--
-- Name: COLUMN timber_mark.entry_timestamp; Type: COMMENT; Schema: silva; Owner: postgres
--

COMMENT ON COLUMN silva.timber_mark.entry_timestamp IS 'The data and time on which the entry was created.';


--
-- Name: COLUMN timber_mark.update_userid; Type: COMMENT; Schema: silva; Owner: postgres
--

COMMENT ON COLUMN silva.timber_mark.update_userid IS 'The userid of the individual who last updated this information';


--
-- Name: COLUMN timber_mark.update_timestamp; Type: COMMENT; Schema: silva; Owner: postgres
--

COMMENT ON COLUMN silva.timber_mark.update_timestamp IS 'The date and time of the last update';


--
-- Name: COLUMN timber_mark.revision_count; Type: COMMENT; Schema: silva; Owner: postgres
--

COMMENT ON COLUMN silva.timber_mark.revision_count IS 'A count of the number of times an entry in the entity has been modified. Used to validate if the current information displayed on a user"s web browser is the most current.';


--
-- Name: COLUMN timber_mark.small_patch_salvage_ind; Type: COMMENT; Schema: silva; Owner: postgres
--

COMMENT ON COLUMN silva.timber_mark.small_patch_salvage_ind IS 'Indicates whether or not Cutting Permit is for small patch salvage. Geometry does not have to be supplied for small patch salvage cut blocks that are under 1 hectare.';


--
-- Name: COLUMN timber_mark.salvage_type_code; Type: COMMENT; Schema: silva; Owner: postgres
--

COMMENT ON COLUMN silva.timber_mark.salvage_type_code IS 'Code describing the salvage type.';


--
-- Name: tree_cover_pattern_code; Type: TABLE; Schema: silva; Owner: postgres
--

CREATE TABLE silva.tree_cover_pattern_code (
    tree_cover_pattern_code character varying(1) NOT NULL,
    description character varying(120) NOT NULL,
    effective_date timestamp(0) without time zone NOT NULL,
    expiry_date timestamp(0) without time zone NOT NULL,
    update_timestamp timestamp(0) without time zone NOT NULL
);


ALTER TABLE silva.tree_cover_pattern_code OWNER TO postgres;

--
-- Name: COLUMN tree_cover_pattern_code.tree_cover_pattern_code; Type: COMMENT; Schema: silva; Owner: postgres
--

COMMENT ON COLUMN silva.tree_cover_pattern_code.tree_cover_pattern_code IS 'The dispursion of trees over the area.';


--
-- Name: COLUMN tree_cover_pattern_code.description; Type: COMMENT; Schema: silva; Owner: postgres
--

COMMENT ON COLUMN silva.tree_cover_pattern_code.description IS 'The full description of the code value.';


--
-- Name: COLUMN tree_cover_pattern_code.effective_date; Type: COMMENT; Schema: silva; Owner: postgres
--

COMMENT ON COLUMN silva.tree_cover_pattern_code.effective_date IS 'The date the value is available for use.';


--
-- Name: COLUMN tree_cover_pattern_code.expiry_date; Type: COMMENT; Schema: silva; Owner: postgres
--

COMMENT ON COLUMN silva.tree_cover_pattern_code.expiry_date IS 'The date the value is lo longer available for use.';


--
-- Name: COLUMN tree_cover_pattern_code.update_timestamp; Type: COMMENT; Schema: silva; Owner: postgres
--

COMMENT ON COLUMN silva.tree_cover_pattern_code.update_timestamp IS 'The date and time the value was last modified';


--
-- Name: tree_size_unit_code; Type: TABLE; Schema: silva; Owner: postgres
--

CREATE TABLE silva.tree_size_unit_code (
    tree_size_unit_code character varying(3) NOT NULL,
    description character varying(120) NOT NULL,
    effective_date timestamp(0) without time zone NOT NULL,
    expiry_date timestamp(0) without time zone NOT NULL,
    update_timestamp timestamp(0) without time zone NOT NULL
);


ALTER TABLE silva.tree_size_unit_code OWNER TO postgres;

--
-- Name: COLUMN tree_size_unit_code.tree_size_unit_code; Type: COMMENT; Schema: silva; Owner: postgres
--

COMMENT ON COLUMN silva.tree_size_unit_code.tree_size_unit_code IS 'The unit of measure used for height relative to competition. Expressed either in number of centimetres above vegetation (cm), or percentage above vegetation (%).';


--
-- Name: COLUMN tree_size_unit_code.description; Type: COMMENT; Schema: silva; Owner: postgres
--

COMMENT ON COLUMN silva.tree_size_unit_code.description IS 'The full description of the code value.';


--
-- Name: COLUMN tree_size_unit_code.effective_date; Type: COMMENT; Schema: silva; Owner: postgres
--

COMMENT ON COLUMN silva.tree_size_unit_code.effective_date IS 'The date the value is available for use.';


--
-- Name: COLUMN tree_size_unit_code.expiry_date; Type: COMMENT; Schema: silva; Owner: postgres
--

COMMENT ON COLUMN silva.tree_size_unit_code.expiry_date IS 'The date the value is no longer available for use.';


--
-- Name: COLUMN tree_size_unit_code.update_timestamp; Type: COMMENT; Schema: silva; Owner: postgres
--

COMMENT ON COLUMN silva.tree_size_unit_code.update_timestamp IS 'The date and time the value was last modified';


--
-- Name: tree_species_code; Type: TABLE; Schema: silva; Owner: postgres
--

CREATE TABLE silva.tree_species_code (
    tree_species_code character varying(3) NOT NULL,
    description character varying(120) NOT NULL,
    effective_date timestamp(0) without time zone NOT NULL,
    expiry_date timestamp(0) without time zone NOT NULL,
    update_timestamp timestamp(0) without time zone NOT NULL
);


ALTER TABLE silva.tree_species_code OWNER TO postgres;

--
-- Name: COLUMN tree_species_code.tree_species_code; Type: COMMENT; Schema: silva; Owner: postgres
--

COMMENT ON COLUMN silva.tree_species_code.tree_species_code IS 'The secondary tree species of Crown timber that was cut, damaged, destroyed or removed without authority';


--
-- Name: COLUMN tree_species_code.description; Type: COMMENT; Schema: silva; Owner: postgres
--

COMMENT ON COLUMN silva.tree_species_code.description IS 'The full description of the code value.';


--
-- Name: COLUMN tree_species_code.effective_date; Type: COMMENT; Schema: silva; Owner: postgres
--

COMMENT ON COLUMN silva.tree_species_code.effective_date IS 'The date the value is available for use.';


--
-- Name: COLUMN tree_species_code.expiry_date; Type: COMMENT; Schema: silva; Owner: postgres
--

COMMENT ON COLUMN silva.tree_species_code.expiry_date IS 'The date the value is lo longer available for use.';


--
-- Name: COLUMN tree_species_code.update_timestamp; Type: COMMENT; Schema: silva; Owner: postgres
--

COMMENT ON COLUMN silva.tree_species_code.update_timestamp IS 'The date and time the value was last modified';


--
-- Name: tsb_number_code; Type: TABLE; Schema: silva; Owner: postgres
--

CREATE TABLE silva.tsb_number_code (
    tsb_number_code character varying(3) NOT NULL,
    description character varying(120) NOT NULL,
    effective_date timestamp(0) without time zone NOT NULL,
    expiry_date timestamp(0) without time zone NOT NULL,
    update_timestamp timestamp(0) without time zone NOT NULL
);


ALTER TABLE silva.tsb_number_code OWNER TO postgres;

--
-- Name: COLUMN tsb_number_code.tsb_number_code; Type: COMMENT; Schema: silva; Owner: postgres
--

COMMENT ON COLUMN silva.tsb_number_code.tsb_number_code IS 'The unique code identifying a Timber Supply Block.';


--
-- Name: COLUMN tsb_number_code.description; Type: COMMENT; Schema: silva; Owner: postgres
--

COMMENT ON COLUMN silva.tsb_number_code.description IS 'The full description of the code value.';


--
-- Name: COLUMN tsb_number_code.effective_date; Type: COMMENT; Schema: silva; Owner: postgres
--

COMMENT ON COLUMN silva.tsb_number_code.effective_date IS 'The date the value is available for use.';


--
-- Name: COLUMN tsb_number_code.expiry_date; Type: COMMENT; Schema: silva; Owner: postgres
--

COMMENT ON COLUMN silva.tsb_number_code.expiry_date IS 'The date after which the value is no longer available for use.';


--
-- Name: COLUMN tsb_number_code.update_timestamp; Type: COMMENT; Schema: silva; Owner: postgres
--

COMMENT ON COLUMN silva.tsb_number_code.update_timestamp IS 'The date and time the value was last modified.';


--
-- Name: unit_bid_code; Type: TABLE; Schema: silva; Owner: postgres
--

CREATE TABLE silva.unit_bid_code (
    unit_bid_code character varying(3) NOT NULL,
    description character varying(120) NOT NULL,
    effective_date timestamp(0) without time zone NOT NULL,
    expiry_date timestamp(0) without time zone NOT NULL,
    update_timestamp timestamp(0) without time zone NOT NULL
);


ALTER TABLE silva.unit_bid_code OWNER TO postgres;

--
-- Name: COLUMN unit_bid_code.unit_bid_code; Type: COMMENT; Schema: silva; Owner: postgres
--

COMMENT ON COLUMN silva.unit_bid_code.unit_bid_code IS 'A code to denote the unit basis on which work was tendered (e.g. days, hectares). Subset of UNIT OF MEASURE CODE.';


--
-- Name: COLUMN unit_bid_code.description; Type: COMMENT; Schema: silva; Owner: postgres
--

COMMENT ON COLUMN silva.unit_bid_code.description IS 'Full description of code value.';


--
-- Name: COLUMN unit_bid_code.effective_date; Type: COMMENT; Schema: silva; Owner: postgres
--

COMMENT ON COLUMN silva.unit_bid_code.effective_date IS 'The date the value is available for use.';


--
-- Name: COLUMN unit_bid_code.expiry_date; Type: COMMENT; Schema: silva; Owner: postgres
--

COMMENT ON COLUMN silva.unit_bid_code.expiry_date IS 'The date the value is no longer available for use.';


--
-- Name: COLUMN unit_bid_code.update_timestamp; Type: COMMENT; Schema: silva; Owner: postgres
--

COMMENT ON COLUMN silva.unit_bid_code.update_timestamp IS 'The date and time the value was last modified.';


--
-- Data for Name: spatial_ref_sys; Type: TABLE DATA; Schema: public; Owner: postgres
--

COPY public.spatial_ref_sys (srid, auth_name, auth_srid, srtext, proj4text) FROM stdin;
\.


--
-- Data for Name: activity_treatment_unit; Type: TABLE DATA; Schema: silva; Owner: postgres
--

COPY silva.activity_treatment_unit (activity_treatment_unit_id, activity_tu_seq_no, org_unit_no, opening_id, silviculture_project_id, project_unit_id, silv_base_code, silv_technique_code, silv_method_code, silv_objective_code_1, silv_objective_code_2, silv_objective_code_3, silv_fund_srce_code, silv_activity_measurement_code, activity_licensee_id, treatment_amount, actual_treatment_cost, act_planted_no, plan_silv_technique_code, plan_silv_method_code, plan_silv_fund_srce_code, planned_date, planned_treatment_amount, planned_treatment_cost, plan_silv_objective_code_1, plan_silv_objective_code_2, plan_silv_objective_code_3, target_prepared_spots, pruning_min_crown_pct, prune_height, stems_to_prune, min_acceptable_density, total_stems_per_ha, inter_tree_target_distance, inter_tree_variation, inter_tree_min_distance, max_trees_per_plot, max_trees_per_ha, survey_planned_num_plots, survey_actual_num_plots, survey_min_plots_per_stratum, silv_tree_species_code, atu_start_date, atu_completion_date, results_ind, unit_bid_price, fia_project_id, results_submission_id, disturbance_code, silv_system_code, silv_system_variant_code, silv_cut_phase_code, cut_block_open_admin_id, disturbance_completed_ind, entry_userid, entry_timestamp, update_userid, update_timestamp, revision_count) FROM stdin;
891373	2	1	101017	\N	\N	PL	PL	CTAIN	CGE	\N	\N	IA	HA	\N	3.4	\N	3460	\N	\N	\N	\N	\N	\N	\N	\N	\N	\N	\N	\N	\N	\N	\N	\N	\N	\N	\N	\N	\N	\N	\N	\N	\N	2002-04-04 00:00:00	Y	\N	\N	\N	\N	\N	\N	\N	\N	\N	ASKYWALKER	2002-07-30 08:21:17	ASKYWALKER	2003-07-11 12:55:29	2
891374	3	1	101017	\N	\N	PL	CG	BAGS	CGE	\N	\N	IA	HA	\N	3.0	\N	0	\N	\N	\N	\N	\N	\N	\N	\N	\N	\N	\N	\N	\N	\N	\N	\N	\N	\N	\N	\N	\N	\N	\N	\N	\N	2002-04-04 00:00:00	Y	\N	\N	\N	\N	\N	\N	\N	\N	\N	ASKYWALKER	2002-07-30 08:21:19	ASKYWALKER	2003-07-11 12:55:29	2
891375	4	1	101017	\N	\N	PL	SE	GROCO	CE	\N	\N	IA	HA	\N	0.5	\N	0	\N	\N	\N	\N	\N	\N	\N	\N	\N	\N	\N	\N	\N	\N	\N	\N	\N	\N	\N	\N	\N	\N	\N	\N	\N	2002-04-04 00:00:00	Y	\N	\N	\N	\N	\N	\N	\N	\N	\N	ASKYWALKER	2002-07-30 08:21:20	ASKYWALKER	2003-07-11 12:55:29	2
951118	5	1	101017	\N	\N	PC	SE	REPEL	A	\N	\N	IA	HA	\N	8.1	\N	0	\N	\N	\N	\N	\N	\N	\N	\N	\N	\N	\N	\N	\N	\N	\N	\N	\N	\N	\N	\N	\N	\N	\N	\N	\N	2003-05-02 00:00:00	Y	\N	\N	\N	\N	\N	\N	\N	\N	\N	ASKYWALKER	2003-05-29 15:11:03	ASKYWALKER	2003-07-11 12:55:29	2
956614	6	1	101017	\N	\N	SP	MA	POWER	CE	\N	\N	IA	HA	\N	0.9	\N	0	\N	\N	\N	\N	\N	\N	\N	\N	\N	\N	\N	\N	\N	\N	\N	\N	\N	\N	\N	\N	\N	\N	\N	\N	\N	2003-03-20 00:00:00	Y	\N	\N	\N	\N	\N	\N	\N	\N	\N	ASKYWALKER	2003-06-20 10:09:19	ASKYWALKER	2003-07-11 12:55:29	2
881032	1	1	101017	\N	\N	DN	HV	\N	\N	\N	\N	IA	HA	\N	16.6	\N	0	\N	\N	\N	\N	\N	\N	\N	\N	\N	\N	\N	\N	\N	\N	\N	\N	\N	\N	\N	\N	\N	\N	\N	\N	2001-09-18 00:00:00	2002-04-30 00:00:00	Y	\N	\N	\N	L	CLEAR	\N	REMOV	\N	\N	ASKYWALKER	2002-05-31 13:41:47	ASKYWALKER	2003-07-11 12:55:29	2
958915	7	1	101017	\N	\N	SU	RG	WALK	RG	\N	\N	IA	HA	\N	0.5	\N	0	\N	\N	\N	\N	\N	\N	\N	\N	\N	\N	\N	\N	\N	\N	\N	\N	\N	\N	\N	\N	\N	\N	\N	\N	\N	2003-06-23 00:00:00	Y	\N	\N	\N	\N	\N	\N	\N	\N	\N	ASKYWALKER	2003-07-07 08:57:59	ASKYWALKER	2003-07-11 12:55:29	2
961024	8	1	101017	\N	\N	FE	CG	GRANU	CGE	\N	\N	FIV	HA	\N	5.7	\N	0	CG	GRANU	FIV	2003-03-01 00:00:00	5.7	\N	CGE	\N	\N	\N	\N	\N	\N	\N	\N	\N	\N	\N	\N	\N	\N	\N	\N	\N	\N	2003-03-16 00:00:00	Y	\N	0006080004	\N	\N	\N	\N	\N	\N	\N	ASKYWALKER	2003-07-11 12:55:29	ASKYWALKER	2003-07-11 12:55:53	2
977091	9	1	101017	\N	\N	SP	BU	PBURN	CE	\N	\N	IA	HA	\N	0.2	\N	0	\N	\N	\N	\N	\N	\N	\N	\N	\N	\N	\N	\N	\N	\N	\N	\N	\N	\N	\N	\N	\N	\N	\N	\N	\N	2002-11-12 00:00:00	Y	\N	\N	\N	\N	\N	\N	\N	\N	\N	ASKYWALKER	2003-10-09 12:55:41	ASKYWALKER	2003-10-09 12:55:41	1
1688846	13	1	101017	\N	\N	PL	SE	CONE	CE	\N	\N	IA	HA	08819 08819	0.1	\N	\N	\N	\N	\N	\N	\N	\N	\N	\N	\N	\N	\N	\N	\N	\N	\N	\N	\N	\N	\N	\N	\N	\N	\N	\N	\N	2005-03-03 00:00:00	Y	\N	\N	73674	\N	\N	\N	\N	\N	\N	BCEID\\ASKYWALKER	2005-05-18 14:17:38	BCEID\\ASKYWALKER	2005-05-18 14:17:38	2
1717514	14	1	101017	\N	\N	BR	MA	STAKE	CGE	\N	\N	IA	HA	09152 09152	0.6	\N	\N	\N	\N	\N	\N	\N	\N	\N	\N	\N	\N	\N	\N	\N	\N	\N	\N	\N	\N	\N	\N	\N	\N	\N	\N	\N	2005-07-08 00:00:00	Y	\N	\N	108276	\N	\N	\N	\N	\N	\N	BCEID\\ASKYWALKER	2005-08-16 14:09:39	BCEID\\ASKYWALKER	2005-08-16 14:09:39	2
2541614	24	1	101017	\N	\N	PC	SE	MAINT	\N	\N	\N	IA	HA	549851	2.0	\N	\N	\N	\N	\N	\N	\N	\N	\N	\N	\N	\N	\N	\N	\N	\N	\N	\N	\N	\N	\N	\N	\N	\N	\N	\N	\N	2010-12-02 00:00:00	Y	\N	\N	876882	\N	\N	\N	\N	\N	\N	BCEID\\ASKYWALKER	2011-01-24 15:49:27	BCEID\\ASKYWALKER	2011-01-24 15:49:27	1
2541615	25	1	101017	\N	\N	BR	MA	MANSB	\N	\N	\N	IA	HA	549850	1.3	\N	\N	\N	\N	\N	\N	\N	\N	\N	\N	\N	\N	\N	\N	\N	\N	\N	\N	\N	\N	\N	\N	\N	\N	\N	\N	\N	2010-06-14 00:00:00	Y	\N	\N	876882	\N	\N	\N	\N	\N	\N	BCEID\\ASKYWALKER	2011-01-24 15:49:27	BCEID\\ASKYWALKER	2011-01-24 15:49:27	1
1614524	10	1	101017	\N	\N	PC	SE	REPEL	A	\N	\N	IA	HA	\N	8.1	\N	\N	\N	\N	\N	\N	\N	\N	\N	\N	\N	\N	\N	\N	\N	\N	\N	\N	\N	\N	\N	\N	\N	\N	\N	\N	\N	2004-04-26 00:00:00	Y	\N	\N	7050	\N	\N	\N	\N	\N	\N	bceid\\ASKYWALKER	2004-06-09 12:49:59	DATAFIX77247	2004-10-22 16:04:28	2
1614525	11	1	101017	\N	\N	PL	FP	CTAIN	CE	\N	\N	IA	HA	\N	7.2	\N	3240	\N	\N	\N	\N	\N	\N	\N	\N	\N	\N	\N	\N	\N	\N	\N	\N	\N	\N	\N	\N	\N	\N	\N	\N	\N	2004-04-07 00:00:00	Y	\N	\N	7050	\N	\N	\N	\N	\N	\N	bceid\\ASKYWALKER	2004-06-09 12:49:59	DATAFIX77247	2004-10-22 16:04:28	2
1614526	12	1	101017	\N	\N	SU	RG	PLOT	RG	SU	BR	IA	HA	\N	8.1	\N	\N	\N	\N	\N	\N	\N	\N	\N	\N	\N	\N	\N	\N	\N	\N	\N	\N	\N	\N	\N	\N	\N	\N	\N	\N	\N	2004-02-20 00:00:00	Y	\N	\N	7050	\N	\N	\N	\N	\N	\N	bceid\\ASKYWALKER	2004-06-09 12:49:59	DATAFIX77247	2004-10-22 16:04:21	2
1806920	16	1	101017	\N	\N	BR	MA	MANCT	CGE	\N	\N	IA	HA	09986 09986	1.0	\N	\N	\N	\N	\N	\N	\N	\N	\N	\N	\N	\N	\N	\N	\N	\N	\N	\N	\N	\N	\N	\N	\N	\N	\N	\N	\N	2006-07-12 00:00:00	Y	\N	\N	245827	\N	\N	\N	\N	\N	\N	BCEID\\ASKYWALKER	2006-08-08 10:47:38	BCEID\\ASKYWALKER	2006-08-08 10:47:38	2
1806987	17	1	101017	\N	\N	PL	FP	CTAIN	CE	\N	\N	IA	HA	10006 02534	0.7	\N	250	\N	\N	\N	\N	\N	\N	\N	\N	\N	\N	\N	\N	\N	\N	\N	\N	\N	\N	\N	\N	\N	\N	\N	\N	\N	2006-03-24 00:00:00	Y	\N	\N	245854	\N	\N	\N	\N	\N	\N	BCEID\\ASKYWALKER	2006-08-08 11:39:40	BCEID\\ASKYWALKER	2006-08-08 11:39:41	2
2394794	22	1	101017	\N	\N	PC	SE	MAINT	\N	\N	\N	IA	HA	547485	1.7	\N	\N	\N	\N	\N	\N	\N	\N	\N	\N	\N	\N	\N	\N	\N	\N	\N	\N	\N	\N	\N	\N	\N	\N	\N	\N	\N	2009-10-27 00:00:00	Y	\N	\N	788660	\N	\N	\N	\N	\N	\N	BCEID\\ASKYWALKER	2010-02-01 15:21:35	BCEID\\ASKYWALKER	2010-02-01 15:21:35	1
2394795	23	1	101017	\N	\N	BR	MA	MANSB	\N	\N	\N	IA	HA	547484	1.4	\N	\N	\N	\N	\N	\N	\N	\N	\N	\N	\N	\N	\N	\N	\N	\N	\N	\N	\N	\N	\N	\N	\N	\N	\N	\N	\N	2009-06-09 00:00:00	Y	\N	\N	788660	\N	\N	\N	\N	\N	\N	BCEID\\ASKYWALKER	2010-02-01 15:21:35	BCEID\\ASKYWALKER	2010-02-01 15:21:35	1
1760811	15	1	101017	\N	\N	SU	RA	PLOT	RA	\N	\N	IA	HA	09703 09703	8.1	\N	\N	\N	\N	\N	\N	\N	\N	\N	\N	\N	\N	\N	\N	\N	\N	\N	\N	\N	\N	\N	\N	\N	\N	\N	\N	\N	2006-01-12 00:00:00	Y	\N	L	181939	\N	\N	\N	\N	\N	\N	BCEID\\ASKYWALKER	2006-03-10 13:14:53	BCEID\\ASKYWALKER	2006-03-10 13:14:53	2
2200184	18	1	101017	\N	\N	PC	SE	MAINT	\N	\N	\N	IA	HA	544440	3.0	\N	\N	\N	\N	\N	\N	\N	\N	\N	\N	\N	\N	\N	\N	\N	\N	\N	\N	\N	\N	\N	\N	\N	\N	\N	\N	\N	2008-10-24 00:00:00	Y	\N	\N	520772	\N	\N	\N	\N	\N	\N	BCEID\\ASKYWALKER	2008-12-04 13:27:23	BCEID\\ASKYWALKER	2008-12-04 13:27:23	1
2200185	19	1	101017	\N	\N	BR	MA	MANSB	\N	\N	\N	IA	HA	544439	2.5	\N	\N	\N	\N	\N	\N	\N	\N	\N	\N	\N	\N	\N	\N	\N	\N	\N	\N	\N	\N	\N	\N	\N	\N	\N	\N	\N	2008-07-06 00:00:00	Y	\N	\N	520772	\N	\N	\N	\N	\N	\N	BCEID\\ASKYWALKER	2008-12-04 13:27:23	BCEID\\ASKYWALKER	2008-12-04 13:27:23	1
2200186	20	1	101017	\N	\N	BR	MA	POWER	CGE	\N	\N	IA	HA	496924	5.5	\N	\N	\N	\N	\N	\N	\N	\N	\N	\N	\N	\N	\N	\N	\N	\N	\N	\N	\N	\N	\N	\N	\N	\N	\N	\N	\N	2008-11-13 00:00:00	Y	\N	\N	520772	\N	\N	\N	\N	\N	\N	BCEID\\ASKYWALKER	2008-12-04 13:27:23	BCEID\\ASKYWALKER	2008-12-04 13:27:23	1
2200187	21	1	101017	\N	\N	BR	MA	MANGI	\N	\N	\N	IA	HA	544438	1.0	\N	\N	\N	\N	\N	\N	\N	\N	\N	\N	\N	\N	\N	\N	\N	\N	\N	\N	\N	\N	\N	\N	\N	\N	\N	\N	\N	2008-11-07 00:00:00	Y	\N	\N	520772	\N	\N	\N	\N	\N	\N	BCEID\\ASKYWALKER	2008-12-04 13:27:23	BCEID\\ASKYWALKER	2008-12-04 13:27:23	1
3094188	30	1	101017	\N	\N	PC	SE	MAINT	\N	\N	\N	IA	HA	560342	1.3	\N	\N	\N	\N	\N	\N	\N	\N	\N	\N	\N	\N	\N	\N	\N	\N	\N	\N	\N	\N	\N	\N	\N	\N	\N	\N	\N	2013-10-24 00:00:00	Y	\N	\N	1307933	\N	\N	\N	\N	\N	\N	BCEID\\ASKYWALKER	2014-04-02 11:37:09	BCEID\\ASKYWALKER	2014-04-02 11:37:09	1
2744529	27	1	101017	\N	\N	BR	MA	POWER	\N	\N	\N	IA	HA	553249	4.8	\N	\N	\N	\N	\N	\N	\N	\N	\N	\N	\N	\N	\N	\N	\N	\N	\N	\N	\N	\N	\N	\N	\N	\N	\N	\N	\N	2011-05-24 00:00:00	Y	\N	\N	1101086	\N	\N	\N	\N	\N	\N	BCEID\\ASKYWALKER	2012-03-27 12:55:03	BCEID\\ASKYWALKER	2012-03-27 12:55:03	1
2787017	28	1	101017	\N	\N	SU	FG	PLOT	\N	\N	\N	IA	HA	545767	8.9	\N	\N	\N	\N	\N	\N	\N	\N	\N	\N	\N	\N	\N	\N	\N	\N	\N	\N	\N	\N	\N	\N	\N	\N	\N	\N	\N	2012-01-06 00:00:00	Y	\N	\N	1127146	\N	\N	\N	\N	\N	\N	BCEID\\ASKYWALKER	2012-07-06 10:24:55	BCEID\\ASKYWALKER	2012-07-06 10:24:55	1
2871301	29	1	101017	\N	\N	BR	MA	MANSB	\N	\N	\N	IA	HA	556415	0.7	\N	\N	\N	\N	\N	\N	\N	\N	\N	\N	\N	\N	\N	\N	\N	\N	\N	\N	\N	\N	\N	\N	\N	\N	\N	\N	\N	2012-06-22 00:00:00	Y	\N	\N	1170543	\N	\N	\N	\N	\N	\N	BCEID\\ASKYWALKER	2012-12-21 10:59:21	BCEID\\ASKYWALKER	2012-12-21 10:59:21	1
2598871	26	1	101017	\N	\N	SU	RA	WALK	\N	\N	\N	IA	HA	550167	8.9	\N	\N	\N	\N	\N	\N	\N	\N	\N	\N	\N	\N	\N	\N	\N	\N	\N	\N	\N	\N	\N	\N	\N	\N	\N	\N	\N	2010-10-01 00:00:00	Y	\N	\N	908604	\N	\N	\N	\N	\N	\N	BCEID\\ASKYWALKER	2011-05-02 08:39:03	BCEID\\ASKYWALKER	2011-05-02 08:39:03	1
1683934	1	1	1009974	\N	\N	SP	ME	PILE	\N	\N	\N	IA	HA	715011423	0.5	\N	\N	\N	\N	\N	\N	\N	\N	\N	\N	\N	\N	\N	\N	\N	\N	\N	\N	\N	\N	\N	\N	\N	\N	\N	\N	\N	2004-06-10 00:00:00	Y	\N	\N	67773	\N	\N	\N	\N	\N	\N	BCEID\\ASKYWALKER	2005-05-02 16:56:12	BCEID\\ASKYWALKER	2005-05-02 16:56:12	2
1684733	2	1	1009974	\N	\N	DN	HV	\N	\N	\N	\N	\N	HA	710000501	25.5	\N	\N	\N	\N	\N	\N	\N	\N	\N	\N	\N	\N	\N	\N	\N	\N	\N	\N	\N	\N	\N	\N	\N	\N	\N	\N	2004-01-19 00:00:00	2004-05-28 00:00:00	Y	\N	\N	68609	L	RETEN	\N	REMOV	242521	N	BCEID\\ASKYWALKER	2005-05-04 15:03:21	BCEID\\ASKYWALKER	2005-05-04 15:03:21	1
3098703	6	1	1009974	\N	\N	SU	RA	WALK	\N	\N	\N	IA	HA	715042147	25.5	\N	\N	\N	\N	\N	\N	\N	\N	\N	\N	\N	\N	\N	\N	\N	\N	\N	\N	\N	\N	\N	\N	\N	\N	\N	\N	\N	2013-06-07 00:00:00	Y	\N	\N	1311633	\N	\N	\N	\N	\N	\N	BCEID\\ASKYWALKER	2014-04-14 10:09:03	BCEID\\ASKYWALKER	2014-04-14 10:09:03	1
1915482	4	1	1009974	\N	\N	PL	PL	CTAIN	\N	\N	\N	IA	HA	715000033	25.5	\N	23410	\N	\N	\N	\N	\N	\N	\N	\N	\N	\N	\N	\N	\N	\N	\N	\N	\N	\N	\N	\N	\N	\N	\N	\N	\N	2006-09-23 00:00:00	Y	\N	\N	343491	\N	\N	\N	\N	\N	\N	BCEID\\ASKYWALKER	2007-05-24 11:33:37	IDIR\\OKENOBI	2018-10-09 11:29:23	6
1785961	3	1	1009974	\N	\N	SP	BU	RPILE	\N	\N	\N	IA	HA	715010357	0.5	\N	\N	\N	\N	\N	\N	\N	\N	\N	\N	\N	\N	\N	\N	\N	\N	\N	\N	\N	\N	\N	\N	\N	\N	\N	\N	\N	2005-11-03 00:00:00	Y	\N	\N	215305	\N	\N	\N	\N	\N	\N	BCEID\\ASKYWALKER	2006-05-16 08:36:41	BCEID\\ASKYWALKER	2006-05-16 08:36:41	2
3499621	7	1	1009974	\N	\N	SU	FG	PLOT	\N	\N	\N	IA	HA	715000035	25.5	\N	\N	\N	\N	\N	\N	\N	\N	\N	\N	\N	\N	\N	\N	\N	\N	\N	\N	\N	\N	\N	\N	\N	\N	\N	\N	\N	2017-05-30 00:00:00	Y	\N	\N	1738902	\N	\N	\N	\N	\N	\N	BCEID\\ASKYWALKER	2018-01-26 09:33:00	BCEID\\ASKYWALKER	2018-01-26 09:33:00	1
3098702	5	1	1009974	\N	\N	SU	SU	PLOT	\N	\N	\N	IA	HA	715000034	24.5	\N	\N	\N	\N	\N	\N	\N	\N	\N	\N	\N	\N	\N	\N	\N	\N	\N	\N	\N	\N	\N	\N	\N	\N	\N	\N	\N	2007-06-14 00:00:00	Y	\N	\N	1311633	\N	\N	\N	\N	\N	\N	BCEID\\ASKYWALKER	2014-04-14 10:09:03	BCEID\\ASKYWALKER	2014-04-14 10:09:03	1
3306979	5	1	1524010	\N	\N	PR	MA	\N	WQI	\N	\N	FTM	HA	\N	5.6	7336	\N	\N	\N	\N	\N	\N	\N	\N	\N	\N	\N	\N	\N	\N	\N	\N	\N	\N	\N	\N	\N	\N	\N	\N	\N	\N	2013-08-28 00:00:00	Y	\N	PR14LMN001	\N	\N	\N	\N	\N	\N	\N	IDIR\\MTTOMATED	2016-01-13 14:00:33	IDIR\\MTTOMATED	2016-01-13 14:00:33	1
3306982	6	1	1524010	\N	\N	PR	\N	\N	\N	\N	\N	\N	HA	\N	\N	\N	\N	MA	FULL	FTM	2016-09-01 00:00:00	5.6	0	WQI	\N	\N	\N	\N	\N	\N	\N	\N	\N	\N	\N	\N	\N	\N	\N	\N	\N	\N	\N	N	\N	\N	\N	\N	\N	\N	\N	\N	\N	IDIR\\MTTOMATED	2016-01-13 14:01:09	IDIR\\MTTOMATED	2016-01-13 14:01:09	1
3309707	7	1	1524010	\N	\N	SU	PR	PLOT	PR	\N	\N	FTM	HA	\N	5.6	120	\N	\N	\N	\N	\N	\N	\N	\N	\N	\N	\N	\N	\N	\N	\N	\N	\N	\N	\N	\N	\N	\N	\N	\N	\N	\N	2014-12-11 00:00:00	Y	\N	Surveys14	\N	\N	\N	\N	\N	\N	\N	IDIR\\PANAMERICAN	2016-01-19 13:42:26	IDIR\\PANAMERICAN	2016-01-19 13:42:26	1
2930510	4	1	1524010	\N	\N	SU	JS	PLOT	JS	\N	\N	FTM	HA	\N	27.5	\N	\N	\N	\N	\N	\N	\N	\N	\N	\N	\N	\N	\N	\N	\N	\N	\N	\N	\N	\N	\N	\N	\N	\N	\N	\N	\N	2011-11-19 00:00:00	Y	\N	SU12LMN013	\N	\N	\N	\N	\N	\N	\N	IDIR\\JDOE	2013-03-27 12:26:16	IDIR\\JDOE	2013-03-27 12:26:16	1
2930439	1	1	1524010	\N	\N	DN	\N	\N	\N	\N	\N	\N	HA	\N	0.1	\N	\N	\N	\N	\N	\N	\N	\N	\N	\N	\N	\N	\N	\N	\N	\N	\N	\N	\N	\N	\N	\N	\N	\N	\N	\N	2011-10-21 00:00:00	\N	Y	\N	\N	\N	E	\N	\N	\N	\N	N	IDIR\\JDOE	2013-03-27 11:33:25	IDIR\\JDOE	2013-03-27 11:33:25	1
2930470	2	1	1524010	\N	\N	JS	MA	POWER	INC	SPE	\N	FTM	HA	\N	5.6	5566	\N	\N	\N	\N	\N	\N	\N	\N	\N	\N	\N	\N	\N	\N	\N	\N	\N	\N	\N	\N	\N	\N	\N	\N	\N	\N	2012-03-29 00:00:00	Y	\N	SU12LMN013	1207120	\N	\N	\N	\N	\N	\N	IDIR\\JDOE	2013-03-27 12:00:33	IDIR\\JDOE	2013-03-27 12:00:33	1
2930474	3	1	1524010	\N	\N	JS	MA	POWER	INC	SPE	\N	FTM	HA	\N	21.9	31089	\N	\N	\N	\N	\N	\N	\N	\N	\N	\N	\N	\N	\N	\N	\N	\N	\N	\N	\N	\N	\N	\N	\N	\N	\N	\N	2012-10-12 00:00:00	Y	\N	JS13LMN006	1207123	\N	\N	\N	\N	\N	\N	IDIR\\JDOE	2013-03-27 12:00:43	IDIR\\JDOE	2013-03-27 12:00:43	1
3679696	3	2	1541296	\N	\N	SU	RG	PLOT	CE	RA	ST	IA	HA	64002901	5.2	\N	\N	\N	\N	\N	\N	\N	\N	\N	\N	\N	\N	\N	\N	\N	\N	\N	\N	\N	\N	\N	\N	\N	\N	\N	\N	\N	2019-06-11 00:00:00	Y	\N	\N	1931429	\N	\N	\N	\N	\N	\N	BCEID\\MBRANDOS	2020-01-08 14:39:11	BCEID\\MBRANDOS	2020-01-08 14:39:11	1
3858309	4	2	1541296	\N	\N	SU	RE	PLOT	CE	RA	ST	IA	HA	64002899	5.2	\N	\N	\N	\N	\N	\N	\N	\N	\N	\N	\N	\N	\N	\N	\N	\N	\N	\N	\N	\N	\N	\N	\N	\N	\N	\N	\N	2021-08-17 00:00:00	Y	\N	\N	2102053	\N	\N	\N	\N	\N	\N	BCEID\\ALOBSTER	2021-12-07 15:30:44	BCEID\\ALOBSTER	2021-12-07 15:30:44	1
3453899	2	2	1541296	\N	\N	PL	PL	CTAIN	CE	\N	\N	IA	HA	35253 04889	5.2	\N	9030	\N	\N	\N	\N	\N	\N	\N	\N	\N	\N	\N	\N	\N	\N	\N	\N	\N	\N	\N	\N	\N	\N	\N	\N	\N	2017-06-24 00:00:00	Y	\N	\N	1684259	\N	\N	\N	\N	\N	\N	BCEID\\OTWIST	2017-07-17 13:38:17	BCEID\\OTWIST	2017-07-17 13:38:17	3
2963894	1	2	1541296	\N	\N	DN	\N	\N	\N	\N	\N	\N	HA	01752_TWIST--REMOV	6.0	\N	\N	\N	\N	\N	\N	\N	\N	\N	\N	\N	\N	\N	\N	\N	\N	\N	\N	\N	\N	\N	\N	\N	\N	\N	\N	2012-12-12 00:00:00	2013-03-27 00:00:00	Y	\N	\N	1228561	L	CCRES	\N	REMOV	380981	Y	BCEID\\OTWIST	2013-05-31 11:37:47	BCEID\\OTWIST	2013-05-31 11:37:47	1
3657491	4	14	1725701	\N	\N	PL	PL	MXPLT	CE	\N	\N	IA	HA	\N	29.1	\N	40640	\N	\N	\N	\N	\N	\N	\N	\N	\N	\N	\N	\N	\N	\N	\N	\N	\N	\N	\N	\N	\N	\N	\N	\N	\N	2019-05-17 00:00:00	Y	\N	\N	\N	\N	\N	\N	\N	\N	\N	BCEID\\BROOKS	2019-11-07 05:04:22	BCEID\\BROOKS	2019-11-07 05:04:22	4
3657405	1	14	1725701	\N	\N	DN	\N	\N	\N	\N	\N	\N	HA	1000039995	9.7	\N	\N	\N	\N	\N	\N	\N	\N	\N	\N	\N	\N	\N	\N	\N	\N	\N	\N	\N	\N	\N	\N	\N	\N	\N	\N	2018-06-01 00:00:00	2018-06-20 00:00:00	Y	\N	\N	1914074	L	CLEAR	\N	REMOV	449605	Y	BCEID\\SANJI	2019-11-06 16:41:24	BCEID\\SANJI	2019-11-06 16:41:24	1
3657406	2	14	1725701	\N	\N	DN	\N	\N	\N	\N	\N	\N	HA	1000039994	6.0	\N	\N	\N	\N	\N	\N	\N	\N	\N	\N	\N	\N	\N	\N	\N	\N	\N	\N	\N	\N	\N	\N	\N	\N	\N	\N	2018-06-01 00:00:00	2018-06-20 00:00:00	Y	\N	\N	1914074	L	CCRES	\N	REMOV	449605	Y	BCEID\\SANJI	2019-11-06 16:41:24	BCEID\\SANJI	2019-11-06 16:41:24	1
3657407	3	14	1725701	\N	\N	DN	\N	\N	\N	\N	\N	\N	HA	1000039996	13.4	\N	\N	\N	\N	\N	\N	\N	\N	\N	\N	\N	\N	\N	\N	\N	\N	\N	\N	\N	\N	\N	\N	\N	\N	\N	\N	2018-06-01 00:00:00	2018-06-20 00:00:00	Y	\N	\N	1914074	L	CCRES	\N	REMOV	449605	Y	BCEID\\SANJI	2019-11-06 16:41:24	BCEID\\SANJI	2019-11-06 16:41:24	1
4043011	5	14	1725701	\N	\N	PL	FP	CTAIN	CE	\N	\N	IA	HA	1004896696	9.7	\N	9675	\N	\N	\N	\N	\N	\N	\N	\N	\N	\N	\N	\N	\N	\N	\N	\N	\N	\N	\N	\N	\N	\N	\N	\N	\N	2023-05-14 00:00:00	Y	\N	\N	2301602	\N	\N	\N	\N	\N	\N	BCEID\\CHOPPER	2023-12-12 12:31:25	BCEID\\CHOPPER	2023-12-12 12:31:25	4
1937230	1	14	1092357	\N	\N	DN	\N	\N	\N	\N	\N	\N	HA	160093453	28.9	\N	\N	\N	\N	\N	\N	\N	\N	\N	\N	\N	\N	\N	\N	\N	\N	\N	\N	\N	\N	\N	\N	\N	\N	\N	\N	2006-06-16 00:00:00	2007-05-01 00:00:00	Y	\N	\N	360843	L	CCRES	\N	REMOV	268177	N	IDIR\\SMSWITZE	2007-07-23 09:36:43	&&datafix_userid	2014-06-28 09:36:12	2
1937231	2	14	1092357	\N	\N	DN	\N	\N	\N	\N	\N	\N	HA	160093454	22.2	\N	\N	\N	\N	\N	\N	\N	\N	\N	\N	\N	\N	\N	\N	\N	\N	\N	\N	\N	\N	\N	\N	\N	\N	\N	\N	2006-06-16 00:00:00	2007-05-01 00:00:00	Y	\N	\N	360843	L	CCRES	\N	REMOV	268177	N	IDIR\\SMSWITZE	2007-07-23 09:36:43	&&datafix_userid	2014-06-28 09:36:12	2
2500695	7	14	1092357	\N	\N	PL	FP	CTAIN	CE	\N	\N	BCT	HA	161770574	42.6	\N	26300	\N	\N	\N	\N	\N	\N	\N	\N	\N	\N	\N	\N	\N	\N	\N	\N	\N	\N	\N	\N	\N	\N	\N	\N	\N	2010-06-18 00:00:00	Y	\N	\N	856621	\N	\N	\N	\N	\N	\N	IDIR\\JOASHDOW	2010-11-04 15:31:17	&&datafix_userid	2014-06-28 09:36:12	18
2500696	8	14	1092357	\N	\N	SU	PL	PLOT	\N	\N	\N	BCT	HA	162079774	42.6	\N	\N	\N	\N	\N	\N	\N	\N	\N	\N	\N	\N	\N	\N	\N	\N	\N	\N	\N	\N	\N	\N	\N	\N	\N	\N	\N	2010-06-18 00:00:00	Y	\N	\N	856621	\N	\N	\N	\N	\N	\N	IDIR\\JOASHDOW	2010-11-04 15:31:17	&&datafix_userid	2014-06-28 09:36:12	2
2350866	6	14	1092357	\N	\N	SU	RE	WALK	\N	\N	\N	BCT	HA	161535260	51.1	\N	\N	\N	\N	\N	\N	\N	\N	\N	\N	\N	\N	\N	\N	\N	\N	\N	\N	\N	\N	\N	\N	\N	\N	\N	\N	\N	2009-09-08 00:00:00	Y	\N	\N	737018	\N	\N	\N	\N	\N	\N	IDIR\\JOASHDOW	2009-11-04 10:30:44	&&datafix_userid	2014-06-28 09:36:12	2
2126635	3	14	1092357	\N	\N	SU	PO	PLOT	CC	PP	RG	BCT	HA	161475391	57.0	\N	\N	\N	\N	\N	\N	\N	\N	\N	\N	\N	\N	\N	\N	\N	\N	\N	\N	\N	\N	\N	\N	\N	\N	\N	\N	\N	2007-05-01 00:00:00	Y	\N	\N	473612	\N	\N	\N	\N	\N	\N	IDIR\\JOASHDOW	2008-05-22 14:57:34	&&datafix_userid	2014-06-28 09:36:12	2
2162373	4	14	1092357	\N	\N	SU	RG	PLOT	\N	\N	\N	BCT	HA	160877858	51.1	\N	\N	\N	\N	\N	\N	\N	\N	\N	\N	\N	\N	\N	\N	\N	\N	\N	\N	\N	\N	\N	\N	\N	\N	\N	\N	\N	2008-06-27 00:00:00	Y	\N	IMTK07TFG	497605	\N	\N	\N	\N	\N	\N	IDIR\\JOASHDOW	2008-08-22 14:17:32	&&datafix_userid	2014-06-28 09:36:12	2
2162374	5	14	1092357	\N	\N	PL	PL	CTAIN	CE	\N	\N	BCT	HA	160877850	51.1	\N	55975	\N	\N	\N	\N	\N	\N	\N	\N	\N	\N	\N	\N	\N	\N	\N	\N	\N	\N	\N	\N	\N	\N	\N	\N	\N	2008-06-24 00:00:00	Y	\N	PL09TFG001	497605	\N	\N	\N	\N	\N	\N	IDIR\\JOASHDOW	2008-08-22 14:17:32	&&datafix_userid	2014-06-28 09:36:12	9
2817108	1	1	1480130	\N	\N	DN	\N	\N	\N	\N	\N	\N	HA	Scott test	280.0	\N	\N	\N	\N	\N	\N	\N	\N	\N	\N	\N	\N	\N	\N	\N	\N	\N	\N	\N	\N	\N	\N	\N	\N	\N	\N	2012-08-26 00:00:00	2012-08-27 00:00:00	Y	\N	\N	\N	B	\N	\N	\N	\N	Y	IDIR\\SKILLAM	2012-09-26 12:01:23	IDIR\\SKILLAM	2012-09-26 12:01:23	1
4179285	2	1	1480130	\N	\N	DN	\N	\N	\N	\N	\N	\N	HA	\N	5.0	\N	\N	\N	\N	\N	\N	\N	\N	\N	\N	\N	\N	\N	\N	\N	\N	\N	\N	\N	\N	\N	\N	\N	\N	\N	\N	2024-03-17 00:00:00	2025-02-25 00:00:00	Y	\N	\N	\N	L	CLEAR	\N	REMOV	\N	Y	IDIR\\CAROWOOD	2025-03-14 10:48:32	IDIR\\CAROWOOD	2025-03-14 10:48:32	1
4099233	4	2	1777756	\N	\N	SU	RG	PLOT	\N	\N	\N	BCT	HA	163582146	6.1	\N	\N	\N	\N	\N	\N	\N	\N	\N	\N	\N	\N	\N	\N	\N	\N	\N	\N	\N	\N	\N	\N	\N	\N	\N	\N	\N	2024-03-13 00:00:00	Y	\N	\N	2350206	\N	\N	\N	\N	\N	\N	IDIR\\CENNIS	2024-05-31 14:30:29	IDIR\\CENNIS	2024-05-31 14:30:29	1
4104938	5	2	1777756	\N	\N	PL	PL	CTAIN	\N	\N	\N	BCT	HA	163582144	6.1	\N	7480	\N	\N	\N	\N	\N	\N	\N	\N	\N	\N	\N	\N	\N	\N	\N	\N	\N	\N	\N	\N	\N	\N	\N	\N	\N	2024-03-12 00:00:00	Y	\N	\N	2356926	\N	\N	\N	\N	\N	\N	IDIR\\CENNIS	2024-07-11 08:24:50	IDIR\\CENNIS	2024-07-11 08:24:50	2
4012357	1	2	1777756	\N	\N	DN	\N	\N	\N	\N	\N	\N	HA	160389388	6.1	\N	\N	\N	\N	\N	\N	\N	\N	\N	\N	\N	\N	\N	\N	\N	\N	\N	\N	\N	\N	\N	\N	\N	\N	\N	\N	2023-04-07 00:00:00	2023-05-18 00:00:00	Y	\N	\N	2267940	L	CCRES	\N	REMOV	511287	Y	IDIR\\HFRASER	2023-06-20 16:33:26	IDIR\\HFRASER	2023-06-20 16:33:26	1
4012358	2	2	1777756	\N	\N	DN	\N	\N	\N	\N	\N	\N	HA	160389389	0.4	\N	\N	\N	\N	\N	\N	\N	\N	\N	\N	\N	\N	\N	\N	\N	\N	\N	\N	\N	\N	\N	\N	\N	\N	\N	\N	2023-04-07 00:00:00	2023-05-18 00:00:00	Y	\N	\N	2267940	L	CCRES	\N	REMOV	511287	Y	IDIR\\HFRASER	2023-06-20 16:33:26	IDIR\\HFRASER	2023-06-20 16:33:26	1
4012359	3	2	1777756	\N	\N	SU	PO	WALK	\N	\N	\N	BCT	HA	163582142	8.2	\N	\N	\N	\N	\N	\N	\N	\N	\N	\N	\N	\N	\N	\N	\N	\N	\N	\N	\N	\N	\N	\N	\N	\N	\N	\N	\N	2023-06-07 00:00:00	Y	\N	\N	2267940	\N	\N	\N	\N	\N	\N	IDIR\\HFRASER	2023-06-20 16:33:26	IDIR\\HFRASER	2023-06-20 16:33:26	1
4009860	4	2	1761935	\N	\N	PL	RO	CTAIN	\N	\N	\N	IA	HA	674971	0.1	\N	250	\N	\N	\N	\N	\N	\N	\N	\N	\N	\N	\N	\N	\N	\N	\N	\N	\N	\N	\N	\N	\N	\N	\N	\N	\N	2023-03-18 00:00:00	Y	\N	\N	2264749	\N	\N	\N	\N	\N	\N	BCEID\\ALEXANDRA.VALLEE	2023-06-01 10:39:27	BCEID\\ALEXANDRA.VALLEE	2023-06-01 10:39:27	2
3910947	1	2	1761935	\N	\N	DN	\N	\N	\N	\N	\N	\N	HA	97351	28.4	\N	\N	\N	\N	\N	\N	\N	\N	\N	\N	\N	\N	\N	\N	\N	\N	\N	\N	\N	\N	\N	\N	\N	\N	\N	\N	2021-01-07 00:00:00	2021-04-14 00:00:00	Y	\N	\N	2153193	L	CLEAR	\N	REMOV	482445	Y	BCEID\\ANYA.DENNILL	2022-05-07 10:08:55	BCEID\\ANYA.DENNILL	2022-05-07 10:08:55	1
3910948	2	2	1761935	\N	\N	PL	PL	CTAIN	\N	\N	\N	IA	HA	593058	26.6	\N	27150	\N	\N	\N	\N	\N	\N	\N	\N	\N	\N	\N	\N	\N	\N	\N	\N	\N	\N	\N	\N	\N	\N	\N	\N	\N	2022-03-19 00:00:00	Y	\N	\N	2153193	\N	\N	\N	\N	\N	\N	BCEID\\ANYA.DENNILL	2022-05-07 10:08:55	BCEID\\ANYA.DENNILL	2022-05-07 10:08:55	8
3910949	3	2	1761935	\N	\N	PC	SE	CONE	\N	\N	\N	IA	HA	660893	1.2	\N	\N	\N	\N	\N	\N	\N	\N	\N	\N	\N	\N	\N	\N	\N	\N	\N	\N	\N	\N	\N	\N	\N	\N	\N	\N	\N	2022-03-19 00:00:00	Y	\N	\N	2153193	\N	\N	\N	\N	\N	\N	BCEID\\ANYA.DENNILL	2022-05-07 10:08:55	BCEID\\ANYA.DENNILL	2022-05-07 10:08:55	1
4187958	5	2	1761935	\N	\N	PL	FP	CTAIN	\N	\N	\N	IA	HA	725637	0.4	\N	120	\N	\N	\N	\N	\N	\N	\N	\N	\N	\N	\N	\N	\N	\N	\N	\N	\N	\N	\N	\N	\N	\N	\N	\N	\N	2025-03-07 00:00:00	Y	\N	\N	2428627	\N	\N	\N	\N	\N	\N	BCEID\\ALEXANDRA.VALLEE	2025-04-16 10:31:20	BCEID\\ALEXANDRA.VALLEE	2025-04-16 10:31:20	2
1799854	1	1	1589595	\N	\N	DN	HV	\N	\N	\N	\N	\N	HA	\N	5.3	\N	\N	\N	\N	\N	\N	\N	\N	\N	\N	\N	\N	\N	\N	\N	\N	\N	\N	\N	\N	\N	\N	\N	\N	\N	\N	2002-12-01 00:00:00	2003-03-01 00:00:00	Y	\N	\N	\N	S	CLEAR	\N	REMOV	258066	N	IDIR\\GKJENNIN	2006-06-15 09:02:22	IDIR\\CSTEVENS	2014-02-25 11:17:05	3
1799856	1	1	1589595	\N	\N	DN	HV	\N	\N	\N	\N	\N	HA	\N	2.2	\N	\N	\N	\N	\N	\N	\N	\N	\N	\N	\N	\N	\N	\N	\N	\N	\N	\N	\N	\N	\N	\N	\N	\N	\N	\N	2002-12-01 00:00:00	2003-03-01 00:00:00	Y	\N	\N	\N	S	CLEAR	\N	REMOV	258067	N	IDIR\\GKJENNIN	2006-06-15 09:12:47	IDIR\\CSTEVENS	2014-02-25 11:17:05	2
1799859	1	1	1589595	\N	\N	DN	HV	\N	\N	\N	\N	\N	HA	\N	4.5	\N	\N	\N	\N	\N	\N	\N	\N	\N	\N	\N	\N	\N	\N	\N	\N	\N	\N	\N	\N	\N	\N	\N	\N	\N	\N	2002-12-01 00:00:00	2003-03-01 00:00:00	Y	\N	\N	\N	S	CLEAR	\N	REMOV	258064	N	IDIR\\GKJENNIN	2006-06-15 09:18:16	IDIR\\CSTEVENS	2014-02-25 11:17:06	2
1799860	1	1	1589595	\N	\N	DN	HV	\N	\N	\N	\N	\N	HA	\N	4.3	\N	\N	\N	\N	\N	\N	\N	\N	\N	\N	\N	\N	\N	\N	\N	\N	\N	\N	\N	\N	\N	\N	\N	\N	\N	\N	2002-12-01 00:00:00	2003-03-01 00:00:00	Y	\N	\N	\N	S	CLEAR	\N	REMOV	258063	N	IDIR\\GKJENNIN	2006-06-15 09:24:19	IDIR\\CSTEVENS	2014-02-25 11:17:06	2
1799916	1	1	1589595	\N	\N	DN	HV	\N	\N	\N	\N	\N	HA	\N	7.7	\N	\N	\N	\N	\N	\N	\N	\N	\N	\N	\N	\N	\N	\N	\N	\N	\N	\N	\N	\N	\N	\N	\N	\N	\N	\N	2002-12-01 00:00:00	2003-03-01 00:00:00	Y	\N	\N	\N	S	CLEAR	\N	REMOV	258073	N	IDIR\\GKJENNIN	2006-06-15 11:26:25	IDIR\\CSTEVENS	2014-02-25 11:17:05	2
1799917	1	1	1589595	\N	\N	DN	HV	\N	\N	\N	\N	\N	HA	\N	2.0	\N	\N	\N	\N	\N	\N	\N	\N	\N	\N	\N	\N	\N	\N	\N	\N	\N	\N	\N	\N	\N	\N	\N	\N	\N	\N	2002-12-01 00:00:00	2003-03-01 00:00:00	Y	\N	\N	\N	S	CLEAR	\N	REMOV	258074	N	IDIR\\GKJENNIN	2006-06-15 11:28:37	IDIR\\CSTEVENS	2014-02-25 11:17:06	2
1799918	1	1	1589595	\N	\N	DN	HV	\N	\N	\N	\N	\N	HA	\N	7.2	\N	\N	\N	\N	\N	\N	\N	\N	\N	\N	\N	\N	\N	\N	\N	\N	\N	\N	\N	\N	\N	\N	\N	\N	\N	\N	2002-12-01 00:00:00	2003-03-01 00:00:00	Y	\N	\N	\N	S	CLEAR	\N	REMOV	258075	N	IDIR\\GKJENNIN	2006-06-15 11:31:38	IDIR\\CSTEVENS	2014-02-25 11:17:07	2
1799920	1	1	1589595	\N	\N	DN	HV	\N	\N	\N	\N	\N	HA	\N	1.0	\N	\N	\N	\N	\N	\N	\N	\N	\N	\N	\N	\N	\N	\N	\N	\N	\N	\N	\N	\N	\N	\N	\N	\N	\N	\N	2002-12-01 00:00:00	2003-03-01 00:00:00	Y	\N	\N	\N	S	CLEAR	\N	REMOV	258076	N	IDIR\\GKJENNIN	2006-06-15 11:35:16	IDIR\\CSTEVENS	2014-02-25 11:17:07	2
1799922	1	1	1589595	\N	\N	DN	HV	\N	\N	\N	\N	\N	HA	\N	0.4	\N	\N	\N	\N	\N	\N	\N	\N	\N	\N	\N	\N	\N	\N	\N	\N	\N	\N	\N	\N	\N	\N	\N	\N	\N	\N	2002-12-01 00:00:00	2003-03-01 00:00:00	Y	\N	\N	\N	S	CLEAR	\N	REMOV	258078	N	IDIR\\GKJENNIN	2006-06-15 11:38:04	IDIR\\CSTEVENS	2014-02-25 11:17:08	2
1799923	1	1	1589595	\N	\N	DN	HV	\N	\N	\N	\N	\N	HA	\N	5.2	\N	\N	\N	\N	\N	\N	\N	\N	\N	\N	\N	\N	\N	\N	\N	\N	\N	\N	\N	\N	\N	\N	\N	\N	\N	\N	2002-12-01 00:00:00	2003-03-01 00:00:00	Y	\N	\N	\N	S	CLEAR	\N	REMOV	258069	N	IDIR\\GKJENNIN	2006-06-15 11:41:50	IDIR\\CSTEVENS	2014-02-25 11:17:08	2
1799924	1	1	1589595	\N	\N	DN	HV	\N	\N	\N	\N	\N	HA	\N	1.5	\N	\N	\N	\N	\N	\N	\N	\N	\N	\N	\N	\N	\N	\N	\N	\N	\N	\N	\N	\N	\N	\N	\N	\N	\N	\N	2002-12-01 00:00:00	2003-03-01 00:00:00	Y	\N	\N	\N	S	CLEAR	\N	REMOV	258068	N	IDIR\\GKJENNIN	2006-06-15 11:47:03	IDIR\\CSTEVENS	2014-02-25 11:17:09	2
1799945	1	1	1589595	\N	\N	DN	HV	\N	\N	\N	\N	\N	HA	\N	7.6	\N	\N	\N	\N	\N	\N	\N	\N	\N	\N	\N	\N	\N	\N	\N	\N	\N	\N	\N	\N	\N	\N	\N	\N	\N	\N	2002-12-01 00:00:00	2003-03-01 00:00:00	Y	\N	\N	\N	S	CLEAR	\N	REMOV	258107	N	IDIR\\GKJENNIN	2006-06-15 13:50:49	IDIR\\CSTEVENS	2014-02-25 11:17:09	2
1799946	1	1	1589595	\N	\N	DN	HV	\N	\N	\N	\N	\N	HA	\N	1.7	\N	\N	\N	\N	\N	\N	\N	\N	\N	\N	\N	\N	\N	\N	\N	\N	\N	\N	\N	\N	\N	\N	\N	\N	\N	\N	2002-12-01 00:00:00	2003-03-01 00:00:00	Y	\N	\N	\N	S	CLEAR	\N	REMOV	258106	N	IDIR\\GKJENNIN	2006-06-15 13:52:57	IDIR\\CSTEVENS	2014-02-25 11:17:09	2
1799960	1	1	1589595	\N	\N	DN	HV	\N	\N	\N	\N	\N	HA	\N	1.7	\N	\N	\N	\N	\N	\N	\N	\N	\N	\N	\N	\N	\N	\N	\N	\N	\N	\N	\N	\N	\N	\N	\N	\N	\N	\N	2002-12-01 00:00:00	2003-03-01 00:00:00	Y	\N	\N	\N	S	CLEAR	\N	REMOV	258115	N	IDIR\\GKJENNIN	2006-06-15 14:28:18	IDIR\\CSTEVENS	2014-02-25 11:17:10	2
1799961	1	1	1589595	\N	\N	DN	HV	\N	\N	\N	\N	\N	HA	\N	1.1	\N	\N	\N	\N	\N	\N	\N	\N	\N	\N	\N	\N	\N	\N	\N	\N	\N	\N	\N	\N	\N	\N	\N	\N	\N	\N	2002-12-01 00:00:00	2003-03-01 00:00:00	Y	\N	\N	\N	S	CLEAR	\N	REMOV	258114	N	IDIR\\GKJENNIN	2006-06-15 14:31:19	IDIR\\CSTEVENS	2014-02-25 11:17:10	2
1799964	1	1	1589595	\N	\N	DN	HV	\N	\N	\N	\N	\N	HA	\N	2.1	\N	\N	\N	\N	\N	\N	\N	\N	\N	\N	\N	\N	\N	\N	\N	\N	\N	\N	\N	\N	\N	\N	\N	\N	\N	\N	2002-12-01 00:00:00	2003-03-01 00:00:00	Y	\N	\N	\N	S	CLEAR	\N	REMOV	258113	N	IDIR\\GKJENNIN	2006-06-15 14:34:45	IDIR\\CSTEVENS	2014-02-25 11:17:10	2
1799965	1	1	1589595	\N	\N	DN	HV	\N	\N	\N	\N	\N	HA	\N	1.3	\N	\N	\N	\N	\N	\N	\N	\N	\N	\N	\N	\N	\N	\N	\N	\N	\N	\N	\N	\N	\N	\N	\N	\N	\N	\N	2002-12-01 00:00:00	2003-03-01 00:00:00	Y	\N	\N	\N	S	CLEAR	\N	REMOV	258112	N	IDIR\\GKJENNIN	2006-06-15 14:39:49	IDIR\\CSTEVENS	2014-02-25 11:17:11	2
1799966	1	1	1589595	\N	\N	DN	HV	\N	\N	\N	\N	\N	HA	\N	0.6	\N	\N	\N	\N	\N	\N	\N	\N	\N	\N	\N	\N	\N	\N	\N	\N	\N	\N	\N	\N	\N	\N	\N	\N	\N	\N	2002-12-01 00:00:00	2003-03-01 00:00:00	Y	\N	\N	\N	S	CLEAR	\N	REMOV	258111	N	IDIR\\GKJENNIN	2006-06-15 14:42:17	IDIR\\CSTEVENS	2014-02-25 11:17:11	2
1799967	1	1	1589595	\N	\N	DN	HV	\N	\N	\N	\N	\N	HA	\N	2.3	\N	\N	\N	\N	\N	\N	\N	\N	\N	\N	\N	\N	\N	\N	\N	\N	\N	\N	\N	\N	\N	\N	\N	\N	\N	\N	2002-12-01 00:00:00	2003-03-01 00:00:00	Y	\N	\N	\N	S	CLEAR	\N	REMOV	258109	N	IDIR\\GKJENNIN	2006-06-15 14:45:02	IDIR\\CSTEVENS	2014-02-25 11:17:11	2
1800464	1	1	1589595	\N	\N	DN	HV	\N	\N	\N	\N	\N	HA	\N	2.6	\N	\N	\N	\N	\N	\N	\N	\N	\N	\N	\N	\N	\N	\N	\N	\N	\N	\N	\N	\N	\N	\N	\N	\N	\N	\N	2002-12-01 00:00:00	2003-03-01 00:00:00	Y	\N	\N	\N	S	CLEAR	\N	REMOV	258110	N	IDIR\\GKJENNIN	2006-06-20 15:17:29	IDIR\\CSTEVENS	2014-02-25 11:17:11	2
1800470	1	1	1589595	\N	\N	DN	HV	\N	\N	\N	\N	\N	HA	\N	4.4	\N	\N	\N	\N	\N	\N	\N	\N	\N	\N	\N	\N	\N	\N	\N	\N	\N	\N	\N	\N	\N	\N	\N	\N	\N	\N	2002-12-01 00:00:00	2003-03-01 00:00:00	Y	\N	\N	\N	S	CLEAR	\N	REMOV	258108	N	IDIR\\GKJENNIN	2006-06-20 15:21:20	IDIR\\CSTEVENS	2014-02-25 11:17:12	2
2297294	2	1	1589595	7	42	SU	RE	PLOT	CE	\N	\N	XXX	HA	\N	0.4	1	\N	RE	PLOT	GFS	2009-06-15 00:00:00	0.4	50	CE	\N	\N	\N	\N	\N	\N	\N	\N	\N	\N	\N	\N	\N	5	5	5	\N	\N	2009-06-26 00:00:00	Y	\N	\N	\N	\N	\N	\N	\N	\N	\N	IDIR\\CSTEVENS	2009-05-19 14:13:46	IDIR\\CSTEVENS	2014-02-25 11:17:08	5
2297504	2	1	1589595	7	72	SU	RE	PLOT	CE	\N	\N	XXX	HA	\N	7.1	1	\N	RE	PLOT	GFS	2009-06-15 00:00:00	7.6	225	CE	\N	\N	\N	\N	\N	\N	\N	\N	\N	\N	\N	\N	\N	5	5	5	\N	\N	2009-06-29 00:00:00	Y	\N	\N	\N	\N	\N	\N	\N	\N	\N	IDIR\\CSTEVENS	2009-05-19 22:23:18	IDIR\\CSTEVENS	2014-02-25 11:17:09	4
2297505	2	1	1589595	7	73	SU	RE	PLOT	CE	\N	\N	XXX	HA	\N	1.6	1	\N	RE	PLOT	GFS	2009-06-15 00:00:00	1.7	125	CE	\N	\N	\N	\N	\N	\N	\N	\N	\N	\N	\N	\N	\N	5	5	5	\N	\N	2009-06-29 00:00:00	Y	\N	\N	\N	\N	\N	\N	\N	\N	\N	IDIR\\CSTEVENS	2009-05-19 22:26:10	IDIR\\CSTEVENS	2014-02-25 11:17:09	4
2297511	2	1	1589595	7	79	SU	RE	PLOT	CE	\N	\N	XXX	HA	\N	1.0	1	\N	RE	PLOT	GFS	2009-06-15 00:00:00	1.0	125	CE	\N	\N	\N	\N	\N	\N	\N	\N	\N	\N	\N	\N	\N	5	5	5	\N	\N	2009-06-26 00:00:00	Y	\N	\N	\N	\N	\N	\N	\N	\N	\N	IDIR\\CSTEVENS	2009-05-19 22:42:23	IDIR\\CSTEVENS	2014-02-25 11:17:10	4
2297512	2	1	1589595	7	80	SU	RE	PLOT	CE	\N	\N	XXX	HA	\N	2.0	1	\N	RE	PLOT	GFS	2009-06-15 00:00:00	2.0	125	CE	\N	\N	\N	\N	\N	\N	\N	\N	\N	\N	\N	\N	\N	5	5	5	\N	\N	2009-06-26 00:00:00	Y	\N	\N	\N	\N	\N	\N	\N	\N	\N	IDIR\\CSTEVENS	2009-05-19 22:44:47	IDIR\\CSTEVENS	2014-02-25 11:17:10	4
2297513	2	1	1589595	7	81	SU	RE	PLOT	CE	\N	\N	XXX	HA	\N	1.2	1	\N	RE	PLOT	GFS	2009-06-15 00:00:00	1.3	125	CE	\N	\N	\N	\N	\N	\N	\N	\N	\N	\N	\N	\N	\N	5	5	5	\N	\N	2009-06-26 00:00:00	Y	\N	\N	\N	\N	\N	\N	\N	\N	\N	IDIR\\CSTEVENS	2009-05-19 22:47:15	IDIR\\CSTEVENS	2014-02-25 11:17:11	4
2297514	2	1	1589595	7	82	SU	RE	PLOT	CE	\N	\N	XXX	HA	\N	2.1	1	\N	RE	PLOT	GFS	2009-06-15 00:00:00	2.3	125	CE	\N	\N	\N	\N	\N	\N	\N	\N	\N	\N	\N	\N	\N	5	5	5	\N	\N	2009-06-29 00:00:00	Y	\N	\N	\N	\N	\N	\N	\N	\N	\N	IDIR\\CSTEVENS	2009-05-19 22:49:18	IDIR\\CSTEVENS	2014-02-25 11:17:11	4
2297517	2	1	1589595	7	85	SU	RE	PLOT	CE	\N	\N	GFS	HA	\N	2.4	1	\N	RE	PLOT	GFS	2009-06-15 00:00:00	2.6	125	CE	\N	\N	\N	\N	\N	\N	\N	\N	\N	\N	\N	\N	\N	5	5	5	\N	\N	2009-06-29 00:00:00	Y	\N	\N	\N	\N	\N	\N	\N	\N	\N	IDIR\\CSTEVENS	2009-05-19 23:04:40	IDIR\\CSTEVENS	2014-02-25 11:17:11	4
2297518	2	1	1589595	7	86	SU	RE	PLOT	CE	\N	\N	GFS	HA	\N	4.1	1	\N	RE	PLOT	GFS	2009-06-15 00:00:00	4.4	125	CE	\N	\N	\N	\N	\N	\N	\N	\N	\N	\N	\N	\N	\N	5	5	5	\N	\N	2009-06-29 00:00:00	Y	\N	\N	\N	\N	\N	\N	\N	\N	\N	IDIR\\CSTEVENS	2009-05-19 23:07:32	IDIR\\CSTEVENS	2014-02-25 11:17:12	5
2297537	2	1	1589595	7	105	SU	RE	PLOT	CE	\N	\N	XXX	HA	\N	0.6	1	\N	RE	PLOT	GFS	2009-06-15 00:00:00	0.6	125	CE	\N	\N	\N	\N	\N	\N	\N	\N	\N	\N	\N	\N	\N	\N	\N	\N	\N	\N	2009-06-26 00:00:00	Y	\N	\N	\N	\N	\N	\N	\N	\N	\N	IDIR\\CSTEVENS	2009-05-19 23:51:03	IDIR\\CSTEVENS	2014-02-25 11:17:11	4
2311407	6	1	1589595	25	2	PL	RP	MXPLT	CE	\N	\N	FTM	HA	\N	4.8	2314	5420	RP	MXPLT	GFS	2011-05-15 00:00:00	4.8	2050	CE	\N	\N	\N	\N	\N	\N	1000	\N	2.0	\N	1.5	\N	\N	\N	\N	\N	\N	\N	2011-06-15 00:00:00	Y	\N	4011271845	\N	\N	\N	\N	\N	\N	\N	IDIR\\CSTEVENS	2009-06-27 20:46:11	IDIR\\CSTEVENS	2014-02-25 11:17:09	16
2312118	4	1	1589595	16	6	BR	MA	BRUSH	CGE	\N	\N	GFS	HA	\N	0.4	199	\N	MA	BRUSH	GFS	2011-07-11 00:00:00	0.4	400	CGE	\N	\N	\N	\N	\N	\N	\N	\N	\N	\N	\N	\N	\N	\N	\N	\N	\N	\N	2010-09-17 00:00:00	Y	\N	\N	\N	\N	\N	\N	\N	\N	\N	IDIR\\CSTEVENS	2009-06-30 16:11:44	IDIR\\CSTEVENS	2014-02-25 11:17:08	5
2315336	3	1	1589595	26	15	PL	FP	CTAIN	CE	\N	\N	GFS	HA	\N	4.1	1443	3380	FP	CTAIN	GFS	2011-05-10 00:00:00	4.1	2000	CE	\N	\N	\N	\N	\N	\N	800	\N	2.5	\N	1.5	\N	\N	\N	\N	\N	\N	\N	2011-06-15 00:00:00	Y	\N	\N	\N	\N	\N	\N	\N	\N	\N	IDIR\\CSTEVENS	2009-07-09 17:41:08	IDIR\\CSTEVENS	2014-02-25 11:17:12	9
2320914	3	1	1589595	16	8	BR	MA	BRUSH	CE	\N	\N	GFS	HA	\N	2.0	994	\N	MA	BRUSH	GFS	2010-07-20 00:00:00	2.0	700	CE	\N	\N	\N	\N	\N	\N	\N	\N	\N	\N	\N	\N	\N	\N	\N	\N	\N	\N	2010-09-17 00:00:00	Y	\N	\N	\N	\N	\N	\N	\N	\N	\N	IDIR\\CSTEVENS	2009-07-28 13:08:29	IDIR\\CSTEVENS	2014-02-25 11:17:10	5
2320924	3	1	1589595	26	13	PL	PL	CTAIN	CE	\N	\N	GFS	HA	\N	1.0	307	720	PL	CTAIN	GFS	2011-05-10 00:00:00	1.0	550	CE	\N	\N	\N	\N	\N	\N	1000	\N	2.5	\N	1.2	\N	\N	\N	\N	\N	\N	\N	2011-06-15 00:00:00	Y	\N	\N	\N	\N	\N	\N	\N	\N	\N	IDIR\\CSTEVENS	2009-07-28 13:17:08	IDIR\\CSTEVENS	2014-02-25 11:17:10	8
2297510	2	1	1589595	7	78	SU	RE	PLOT	CE	\N	\N	XXX	HA	\N	1.6	1	\N	RE	PLOT	GFS	2009-06-15 00:00:00	1.7	125	CE	\N	\N	\N	\N	\N	\N	\N	\N	\N	\N	\N	\N	\N	5	5	5	\N	\N	2009-06-26 00:00:00	Y	\N	\N	\N	\N	\N	\N	\N	\N	\N	IDIR\\CSTEVENS	2009-05-19 22:38:43	IDIR\\CSTEVENS	2014-02-25 11:17:10	4
2262789	4	1	1589595	7	5	SU	RG	PLOT	RG	\N	\N	XXX	HA	\N	7.2	1	\N	RG	PLOT	XXX	2009-05-15 00:00:00	7.2	180	RG	\N	\N	\N	\N	\N	\N	\N	\N	\N	\N	\N	\N	\N	7	7	5	\N	\N	2009-06-29 00:00:00	Y	\N	\N	\N	\N	\N	\N	\N	\N	\N	IDIR\\CSTEVENS	2009-03-23 18:56:22	IDIR\\CSTEVENS	2014-02-25 11:17:05	6
2262809	4	1	1589595	7	4	SU	RG	PLOT	RG	\N	\N	XXX	HA	\N	1.8	1	\N	RG	PLOT	XXX	2009-05-15 00:00:00	1.8	45	RG	\N	\N	\N	\N	\N	\N	\N	\N	\N	\N	\N	\N	\N	5	5	5	\N	\N	2009-06-29 00:00:00	Y	\N	\N	\N	\N	\N	\N	\N	\N	\N	IDIR\\CSTEVENS	2009-03-23 19:16:25	IDIR\\CSTEVENS	2014-02-25 11:17:07	6
2262813	4	1	1589595	7	3	SU	RG	PLOT	RG	\N	\N	XXX	HA	\N	6.7	1	\N	RG	PLOT	XXX	2009-05-15 00:00:00	6.7	168	RG	\N	\N	\N	\N	\N	\N	\N	\N	\N	\N	\N	\N	\N	7	7	5	\N	\N	2009-06-26 00:00:00	Y	\N	\N	\N	\N	\N	\N	\N	\N	\N	IDIR\\CSTEVENS	2009-03-23 19:31:09	IDIR\\CSTEVENS	2014-02-25 11:17:07	6
2262817	4	1	1589595	7	2	SU	RG	PLOT	RG	\N	\N	XXX	HA	\N	1.0	1	\N	RG	PLOT	XXX	2009-05-15 00:00:00	1.0	25	RG	\N	\N	\N	\N	\N	\N	\N	\N	\N	\N	\N	\N	\N	5	5	5	\N	\N	2009-06-26 00:00:00	Y	\N	\N	\N	\N	\N	\N	\N	\N	\N	IDIR\\CSTEVENS	2009-03-23 19:45:55	IDIR\\CSTEVENS	2014-02-25 11:17:07	6
2262821	4	1	1589595	7	1	SU	RG	PLOT	RG	\N	\N	XXX	HA	\N	4.8	1	\N	RG	PLOT	XXX	2009-05-15 00:00:00	4.8	120	RG	\N	\N	\N	\N	\N	\N	\N	\N	\N	\N	\N	\N	\N	5	5	5	\N	\N	2009-06-10 00:00:00	Y	\N	\N	\N	\N	\N	\N	\N	\N	\N	IDIR\\CSTEVENS	2009-03-23 19:55:10	IDIR\\CSTEVENS	2014-02-25 11:17:08	6
2262829	4	1	1589595	7	9	SU	RG	PLOT	RG	\N	\N	XXX	HA	\N	1.4	1	\N	RG	PLOT	XXX	2009-05-15 00:00:00	1.4	35	RG	\N	\N	\N	\N	\N	\N	\N	\N	\N	\N	\N	\N	\N	5	5	5	\N	\N	2009-06-26 00:00:00	Y	\N	\N	\N	\N	\N	\N	\N	\N	\N	IDIR\\CSTEVENS	2009-03-23 20:31:13	IDIR\\CSTEVENS	2014-02-25 11:17:09	5
2262839	4	1	1589595	7	11	SU	RG	PLOT	RG	\N	\N	XXX	HA	\N	4.5	1	\N	RG	PLOT	XXX	2009-05-15 00:00:00	4.9	123	RG	\N	\N	\N	\N	\N	\N	\N	\N	\N	\N	\N	\N	\N	5	5	5	\N	\N	2009-06-29 00:00:00	Y	\N	\N	\N	\N	\N	\N	\N	\N	\N	IDIR\\CSTEVENS	2009-03-23 20:59:16	IDIR\\CSTEVENS	2014-02-25 11:17:05	6
2262844	4	1	1589595	7	12	SU	RG	PLOT	RG	\N	\N	XXX	HA	\N	2.0	1	\N	RG	PLOT	XXX	2009-05-15 00:00:00	2.0	50	RG	\N	\N	\N	\N	\N	\N	\N	\N	\N	\N	\N	\N	\N	5	5	5	\N	\N	2009-06-29 00:00:00	Y	\N	\N	\N	\N	\N	\N	\N	\N	\N	IDIR\\CSTEVENS	2009-03-23 21:10:03	IDIR\\CSTEVENS	2014-02-25 11:17:06	5
2262849	4	1	1589595	7	13	SU	RG	PLOT	RG	\N	\N	XXX	HA	\N	4.2	1	\N	RG	PLOT	XXX	2009-05-15 00:00:00	4.2	105	RG	\N	\N	\N	\N	\N	\N	\N	\N	\N	\N	\N	\N	\N	5	5	5	\N	\N	2009-06-29 00:00:00	Y	\N	\N	\N	\N	\N	\N	\N	\N	\N	IDIR\\CSTEVENS	2009-03-23 21:18:15	IDIR\\CSTEVENS	2014-02-25 11:17:06	5
2262855	4	1	1589595	7	14	SU	RG	PLOT	RG	\N	\N	XXX	HA	\N	4.0	1	\N	RG	PLOT	XXX	2009-05-15 00:00:00	4.0	100	RG	\N	\N	\N	\N	\N	\N	\N	\N	\N	\N	\N	\N	\N	5	5	5	\N	\N	2009-06-29 00:00:00	Y	\N	\N	\N	\N	\N	\N	\N	\N	\N	IDIR\\CSTEVENS	2009-03-23 21:33:29	IDIR\\CSTEVENS	2014-02-25 11:17:06	5
3480140	9	1	1589595	\N	\N	SU	\N	\N	\N	\N	\N	\N	HA	\N	\N	\N	\N	FH	PLOT	FTM	2022-06-01 00:00:00	61.7	1481	DS	\N	\N	\N	\N	\N	\N	\N	\N	\N	\N	\N	\N	\N	\N	\N	\N	\N	\N	\N	N	\N	\N	\N	\N	\N	\N	\N	\N	\N	IDIR\\CSTEVENS	2017-11-30 12:15:34	IDIR\\CSTEVENS	2017-11-30 12:15:34	1
3070065	7	1	1589595	14	123	SU	RG	PLOT	ST	\N	\N	GFS	HA	\N	61.7	4000	\N	\N	\N	\N	\N	\N	\N	\N	\N	\N	\N	\N	\N	\N	\N	\N	\N	\N	\N	\N	\N	\N	\N	\N	\N	\N	2013-08-19 00:00:00	Y	\N	2014DND001	1293475	\N	\N	\N	\N	\N	\N	BCEID\\JPRESTMODA	2014-02-26 11:01:31	IDIR\\CSTEVENS	2014-03-18 14:47:50	4
3070066	8	1	1589595	15	127	SU	FG	PLOT	FG	\N	\N	FTM	HA	\N	61.7	2170	\N	FG	PLOT	GFS	2017-07-01 00:00:00	61.7	1481	FG	\N	\N	\N	\N	\N	\N	\N	\N	\N	\N	\N	\N	\N	\N	\N	\N	\N	\N	2017-07-26 00:00:00	Y	\N	SU18DND001	1707770	\N	\N	\N	\N	\N	\N	BCEID\\JPRESTMODA	2014-02-26 11:01:31	BCEID\\SJONES12	2017-10-06 12:50:00	5
533908	1	2	60000	\N	\N	DN	HV	\N	\N	\N	\N	IA	HA	\N	49.3	\N	0	\N	\N	\N	\N	\N	\N	\N	\N	\N	\N	\N	\N	\N	\N	\N	\N	\N	\N	\N	\N	\N	\N	\N	\N	1998-06-01 00:00:00	1998-08-01 00:00:00	Y	\N	\N	\N	L	CLEAR	\N	REMOV	\N	\N	MLSIS	1999-10-15 12:31:18	BMCLENNA	1999-10-15 12:31:18	1
777297	2	2	60000	\N	\N	PL	PL	CTAIN	CE	\N	\N	IA	HA	\N	39.0	\N	65385	\N	\N	\N	\N	\N	\N	\N	\N	\N	\N	\N	\N	\N	\N	\N	\N	\N	\N	\N	\N	\N	\N	\N	\N	\N	2000-07-01 00:00:00	Y	\N	\N	\N	\N	\N	\N	\N	\N	\N	MLSEDT	2001-02-01 09:43:36	MLSEDT	2001-02-01 09:43:36	1
935381	5	2	60000	\N	\N	BR	CA	HELI	CGE	\N	\N	IA	HA	\N	38.5	\N	0	\N	\N	\N	\N	\N	\N	\N	\N	\N	\N	\N	\N	\N	\N	\N	\N	\N	\N	\N	\N	\N	\N	\N	\N	\N	2002-08-01 00:00:00	Y	\N	\N	\N	\N	\N	\N	\N	\N	\N	MLSEDT	2003-02-20 07:28:16	MLSEDT	2003-02-20 07:28:16	1
868501	3	2	60000	\N	\N	SU	RG	PLOT	RG	\N	\N	IA	HA	\N	39.0	\N	0	\N	\N	\N	\N	\N	\N	\N	\N	\N	\N	\N	\N	\N	\N	\N	\N	\N	\N	\N	\N	\N	\N	\N	\N	\N	2001-10-01 00:00:00	Y	\N	\N	\N	\N	\N	\N	\N	\N	\N	MLSEDT	2002-03-20 13:38:40	MLSEDT	2002-03-20 13:38:40	1
868502	4	2	60000	\N	\N	SU	RG	WALK	RG	BR	CE	IA	HA	\N	39.0	\N	0	\N	\N	\N	\N	\N	\N	\N	\N	\N	\N	\N	\N	\N	\N	\N	\N	\N	\N	\N	\N	\N	\N	\N	\N	\N	2001-10-01 00:00:00	Y	\N	\N	\N	\N	\N	\N	\N	\N	\N	MLSEDT	2002-03-20 13:38:41	MLSEDT	2002-03-20 13:38:41	1
1661074	1	2	60000	\N	\N	SU	RA	WALK	RA	\N	\N	IA	HA	\N	39.0	\N	\N	\N	\N	\N	\N	\N	\N	\N	\N	\N	\N	\N	\N	\N	\N	\N	\N	\N	\N	\N	\N	\N	\N	\N	\N	\N	2003-09-01 00:00:00	Y	\N	\N	\N	\N	\N	\N	\N	\N	\N	IDIR\\RNEAGELE	2005-02-11 16:36:00	IDIR\\RNEAGELE	2005-02-11 16:36:00	1
1729448	6	2	60000	\N	\N	SU	RA	PLOT	RA	\N	\N	IA	HA	\N	39.0	\N	\N	\N	\N	\N	\N	\N	\N	\N	\N	\N	\N	\N	\N	\N	\N	\N	\N	\N	\N	\N	\N	\N	\N	\N	\N	\N	2005-05-30 00:00:00	Y	\N	\N	129231	\N	\N	\N	\N	\N	\N	BCEID\\DSCOTT	2005-11-16 07:28:17	BCEID\\DSCOTT	2005-11-16 07:28:17	2
4184301	1	1	1796497	\N	\N	DN	\N	\N	\N	\N	\N	\N	HA	561	6.3	\N	\N	\N	\N	\N	\N	\N	\N	\N	\N	\N	\N	\N	\N	\N	\N	\N	\N	\N	\N	\N	\N	\N	\N	\N	\N	2021-07-07 00:00:00	2021-08-31 00:00:00	Y	\N	\N	2423188	B	\N	\N	\N	\N	N	IDIR\\JZAHND	2025-03-26 14:06:56	IDIR\\JZAHND	2025-03-26 14:06:56	1
4184319	2	1	1796497	\N	\N	PL	\N	\N	\N	\N	\N	\N	HA	2141	\N	\N	\N	PL	CTAIN	FIP	2026-04-28 00:00:00	6.3	3308	CE	\N	\N	\N	\N	\N	\N	\N	\N	\N	\N	\N	\N	\N	\N	\N	\N	\N	\N	\N	N	\N	\N	2423238	\N	\N	\N	\N	\N	\N	IDIR\\JZAHND	2025-03-26 14:46:44	IDIR\\JZAHND	2025-03-26 14:46:44	1
4184320	3	1	1796497	\N	\N	SU	RE	PLOT	\N	\N	\N	XXX	HA	4527	6.3	\N	\N	\N	\N	\N	\N	\N	\N	\N	\N	\N	\N	\N	\N	\N	\N	\N	\N	\N	\N	\N	\N	\N	\N	\N	\N	\N	2024-10-31 00:00:00	Y	\N	\N	2423238	\N	\N	\N	\N	\N	\N	IDIR\\JZAHND	2025-03-26 14:46:44	IDIR\\JZAHND	2025-03-26 14:46:44	1
1029334	1	1	1020124	\N	\N	DN	\N	\N	\N	\N	\N	\N	HA	234R	12.0	\N	\N	\N	\N	\N	\N	\N	\N	\N	\N	\N	\N	\N	\N	\N	\N	\N	\N	\N	\N	\N	\N	\N	\N	\N	\N	2016-03-01 00:00:00	2016-03-02 00:00:00	Y	\N	\N	57129	L	CLEAR	\N	REMOV	505961	Y	IDIR\\MTSOI	2016-03-29 10:22:41	IDIR\\MTSOI	2016-03-29 10:22:41	1
1033533	2	1	1020124	\N	\N	DN	\N	\N	\N	\N	\N	\N	HA	\N	10.0	\N	\N	\N	\N	\N	\N	\N	\N	\N	\N	\N	\N	\N	\N	\N	\N	\N	\N	\N	\N	\N	\N	\N	\N	\N	\N	2024-09-01 00:00:00	2024-09-03 00:00:00	Y	\N	\N	\N	B	\N	\N	\N	505964	N	IDIR\\SCUSACK	2025-04-10 14:27:45	IDIR\\SCUSACK	2025-04-10 14:30:31	2
1672200	1	1	1004185	\N	\N	SP	ME	RESTU	RT	\N	\N	IA	HA	08611 08611	1.3	\N	\N	\N	\N	\N	\N	\N	\N	\N	\N	\N	\N	\N	\N	\N	\N	\N	\N	\N	\N	\N	\N	\N	\N	\N	\N	\N	2004-12-08 00:00:00	Y	\N	\N	54274	\N	\N	\N	\N	\N	\N	BCEID\\TCOUILLARD	2005-03-30 13:20:44	BCEID\\TCOUILLARD	2005-03-30 13:20:44	2
1688848	2	1	1004185	\N	\N	PL	SE	CONE	CE	\N	\N	IA	HA	08835 08835	2.1	\N	\N	\N	\N	\N	\N	\N	\N	\N	\N	\N	\N	\N	\N	\N	\N	\N	\N	\N	\N	\N	\N	\N	\N	\N	\N	\N	2005-03-04 00:00:00	Y	\N	\N	73674	\N	\N	\N	\N	\N	\N	BCEID\\TCOUILLARD	2005-05-18 14:17:39	BCEID\\TCOUILLARD	2005-05-18 14:17:39	2
1714007	3	1	1004185	\N	\N	DN	HV	\N	\N	\N	\N	\N	HA	1000123	22.8	\N	\N	\N	\N	\N	\N	\N	\N	\N	\N	\N	\N	\N	\N	\N	\N	\N	\N	\N	\N	\N	\N	\N	\N	\N	\N	2004-09-08 00:00:00	2004-10-01 00:00:00	Y	\N	\N	105148	L	CLEAR	\N	REMOV	239370	N	BCEID\\TCOUILLARD	2005-08-03 11:37:35	BCEID\\TCOUILLARD	2005-08-03 12:32:44	2
1715078	4	1	1004185	\N	\N	PC	SE	REPEL	A	\N	\N	IA	HA	09189 09189	15.5	\N	\N	\N	\N	\N	\N	\N	\N	\N	\N	\N	\N	\N	\N	\N	\N	\N	\N	\N	\N	\N	\N	\N	\N	\N	\N	\N	2005-03-25 00:00:00	Y	\N	\N	106302	\N	\N	\N	\N	\N	\N	BCEID\\TCOUILLARD	2005-08-08 10:24:33	BCEID\\TCOUILLARD	2005-08-08 10:24:33	2
2016610	10	1	1004185	\N	\N	SU	RG	PLOT	RG	\N	\N	IA	HA	11448 11448	30.7	\N	\N	\N	\N	\N	\N	\N	\N	\N	\N	\N	\N	\N	\N	\N	\N	\N	\N	\N	\N	\N	\N	\N	\N	\N	\N	\N	2007-10-15 00:00:00	Y	\N	\N	398409	\N	\N	\N	\N	\N	\N	BCEID\\TCOUILLARD	2007-11-20 13:41:26	BCEID\\TCOUILLARD	2007-11-20 13:41:26	1
2541570	23	1	1004185	\N	\N	BR	MA	MANSB	\N	\N	\N	IA	HA	549869	4.0	\N	\N	\N	\N	\N	\N	\N	\N	\N	\N	\N	\N	\N	\N	\N	\N	\N	\N	\N	\N	\N	\N	\N	\N	\N	\N	\N	2010-06-24 00:00:00	Y	\N	\N	876882	\N	\N	\N	\N	\N	\N	BCEID\\TCOUILLARD	2011-01-24 15:48:49	BCEID\\TCOUILLARD	2011-01-24 15:48:49	1
2541571	24	1	1004185	\N	\N	BR	MA	POWER	\N	\N	\N	IA	HA	549870	5.5	\N	\N	\N	\N	\N	\N	\N	\N	\N	\N	\N	\N	\N	\N	\N	\N	\N	\N	\N	\N	\N	\N	\N	\N	\N	\N	\N	2010-06-24 00:00:00	Y	\N	\N	876882	\N	\N	\N	\N	\N	\N	BCEID\\TCOUILLARD	2011-01-24 15:48:49	BCEID\\TCOUILLARD	2011-01-24 15:48:49	1
1806927	6	1	1004185	\N	\N	BR	MA	MANSB	CGE	\N	\N	IA	HA	09989 09989	0.8	\N	\N	\N	\N	\N	\N	\N	\N	\N	\N	\N	\N	\N	\N	\N	\N	\N	\N	\N	\N	\N	\N	\N	\N	\N	\N	\N	2006-07-08 00:00:00	Y	\N	\N	245827	\N	\N	\N	\N	\N	\N	BCEID\\TCOUILLARD	2006-08-08 10:47:39	BCEID\\TCOUILLARD	2006-08-08 10:47:39	2
1806928	7	1	1004185	\N	\N	PL	SE	CONE	CE	\N	\N	IA	HA	10019 10019	0.8	\N	\N	\N	\N	\N	\N	\N	\N	\N	\N	\N	\N	\N	\N	\N	\N	\N	\N	\N	\N	\N	\N	\N	\N	\N	\N	\N	2006-03-01 00:00:00	Y	\N	\N	245827	\N	\N	\N	\N	\N	\N	BCEID\\TCOUILLARD	2006-08-08 10:47:39	BCEID\\TCOUILLARD	2006-08-08 10:47:39	2
1806985	8	1	1004185	\N	\N	PL	PL	CTAIN	CE	\N	\N	IA	HA	10016 02541	11.6	\N	12740	\N	\N	\N	\N	\N	\N	\N	\N	\N	\N	\N	\N	\N	\N	\N	\N	\N	\N	\N	\N	\N	\N	\N	\N	\N	2006-03-01 00:00:00	Y	\N	\N	245849	\N	\N	\N	\N	\N	\N	BCEID\\TCOUILLARD	2006-08-08 11:32:38	BCEID\\TCOUILLARD	2006-08-08 11:32:38	2
1806986	9	1	1004185	\N	\N	PL	RO	CTAIN	CE	\N	\N	IA	HA	10018 02543	1.0	\N	180	\N	\N	\N	\N	\N	\N	\N	\N	\N	\N	\N	\N	\N	\N	\N	\N	\N	\N	\N	\N	\N	\N	\N	\N	\N	2006-03-01 00:00:00	Y	\N	\N	245849	\N	\N	\N	\N	\N	\N	BCEID\\TCOUILLARD	2006-08-08 11:32:38	BCEID\\TCOUILLARD	2006-08-08 11:32:38	2
2394550	19	1	1004185	\N	\N	BR	MA	MANSB	\N	\N	\N	IA	HA	547492	8.3	\N	\N	\N	\N	\N	\N	\N	\N	\N	\N	\N	\N	\N	\N	\N	\N	\N	\N	\N	\N	\N	\N	\N	\N	\N	\N	\N	2009-05-04 00:00:00	Y	\N	\N	788550	\N	\N	\N	\N	\N	\N	BCEID\\TCOUILLARD	2010-02-01 13:40:45	BCEID\\TCOUILLARD	2010-02-01 13:40:45	1
2394551	20	1	1004185	\N	\N	BR	MA	POWER	\N	\N	\N	IA	HA	547493	7.7	\N	\N	\N	\N	\N	\N	\N	\N	\N	\N	\N	\N	\N	\N	\N	\N	\N	\N	\N	\N	\N	\N	\N	\N	\N	\N	\N	2009-05-13 00:00:00	Y	\N	\N	788550	\N	\N	\N	\N	\N	\N	BCEID\\TCOUILLARD	2010-02-01 13:40:45	BCEID\\TCOUILLARD	2010-02-01 13:40:45	1
2394552	21	1	1004185	\N	\N	SU	RA	PLOT	\N	\N	\N	IA	HA	534424	30.7	\N	\N	\N	\N	\N	\N	\N	\N	\N	\N	\N	\N	\N	\N	\N	\N	\N	\N	\N	\N	\N	\N	\N	\N	\N	\N	\N	2009-11-19 00:00:00	Y	\N	\N	788550	\N	\N	\N	\N	\N	\N	BCEID\\TCOUILLARD	2010-02-01 13:40:45	BCEID\\TCOUILLARD	2010-02-01 13:40:45	1
2394553	22	1	1004185	\N	\N	PC	SE	MAINT	\N	\N	\N	IA	HA	547494	7.1	\N	\N	\N	\N	\N	\N	\N	\N	\N	\N	\N	\N	\N	\N	\N	\N	\N	\N	\N	\N	\N	\N	\N	\N	\N	\N	\N	2009-10-15 00:00:00	Y	\N	\N	788550	\N	\N	\N	\N	\N	\N	BCEID\\TCOUILLARD	2010-02-01 13:40:45	BCEID\\TCOUILLARD	2010-02-01 13:40:45	1
1764467	5	1	1004185	\N	\N	FE	CG	GRANU	\N	\N	\N	FIL	HA	09761 09761	10.7	\N	\N	\N	\N	\N	\N	\N	\N	\N	\N	\N	\N	\N	\N	\N	\N	\N	\N	\N	\N	\N	\N	\N	\N	\N	\N	\N	2006-02-14 00:00:00	Y	\N	\N	186247	\N	\N	\N	\N	\N	\N	BCEID\\TCOUILLARD	2006-03-20 15:57:24	BCEID\\TCOUILLARD	2006-03-20 15:57:24	2
2200143	15	1	1004185	\N	\N	PC	SE	MAINT	\N	\N	\N	IA	HA	544443	5.0	\N	\N	\N	\N	\N	\N	\N	\N	\N	\N	\N	\N	\N	\N	\N	\N	\N	\N	\N	\N	\N	\N	\N	\N	\N	\N	\N	2008-10-31 00:00:00	Y	\N	\N	520772	\N	\N	\N	\N	\N	\N	BCEID\\TCOUILLARD	2008-12-04 13:27:21	BCEID\\TCOUILLARD	2008-12-04 13:27:21	1
2200144	16	1	1004185	\N	\N	BR	MA	POWER	\N	\N	\N	IA	HA	544442	2.7	\N	\N	\N	\N	\N	\N	\N	\N	\N	\N	\N	\N	\N	\N	\N	\N	\N	\N	\N	\N	\N	\N	\N	\N	\N	\N	\N	2008-11-07 00:00:00	Y	\N	\N	520772	\N	\N	\N	\N	\N	\N	BCEID\\TCOUILLARD	2008-12-04 13:27:21	BCEID\\TCOUILLARD	2008-12-04 13:27:21	1
2200145	17	1	1004185	\N	\N	BR	MA	MANSB	\N	\N	\N	IA	HA	544441	2.0	\N	\N	\N	\N	\N	\N	\N	\N	\N	\N	\N	\N	\N	\N	\N	\N	\N	\N	\N	\N	\N	\N	\N	\N	\N	\N	\N	2008-07-17 00:00:00	Y	\N	\N	520772	\N	\N	\N	\N	\N	\N	BCEID\\TCOUILLARD	2008-12-04 13:27:21	BCEID\\TCOUILLARD	2008-12-04 13:27:21	1
2218729	18	1	1004185	\N	\N	BR	MA	BRUSH	\N	\N	\N	IA	HA	544949	1.5	\N	\N	\N	\N	\N	\N	\N	\N	\N	\N	\N	\N	\N	\N	\N	\N	\N	\N	\N	\N	\N	\N	\N	\N	\N	\N	\N	2008-12-16 00:00:00	Y	\N	\N	533442	\N	\N	\N	\N	\N	\N	BCEID\\TCOUILLARD	2009-01-19 13:47:25	BCEID\\TCOUILLARD	2009-01-19 13:47:25	1
2070207	11	1	1004185	\N	\N	BR	MA	MANSB	\N	\N	\N	IA	HA	520343	1.0	\N	\N	\N	\N	\N	\N	\N	\N	\N	\N	\N	\N	\N	\N	\N	\N	\N	\N	\N	\N	\N	\N	\N	\N	\N	\N	\N	2007-06-28 00:00:00	Y	\N	\N	437308	\N	\N	\N	\N	\N	\N	BCEID\\TCOUILLARD	2008-02-21 11:49:40	BCEID\\TCOUILLARD	2008-02-21 11:49:40	1
2070208	12	1	1004185	\N	\N	PC	SE	MAINT	\N	\N	\N	IA	HA	520344	4.0	\N	\N	\N	\N	\N	\N	\N	\N	\N	\N	\N	\N	\N	\N	\N	\N	\N	\N	\N	\N	\N	\N	\N	\N	\N	\N	\N	2007-06-28 00:00:00	Y	\N	\N	437308	\N	\N	\N	\N	\N	\N	BCEID\\TCOUILLARD	2008-02-21 11:49:40	BCEID\\TCOUILLARD	2008-02-21 11:49:40	1
2117869	13	1	1004185	\N	\N	SU	RG	PLOT	RG	\N	\N	IA	HA	495010	33.7	\N	\N	\N	\N	\N	\N	\N	\N	\N	\N	\N	\N	\N	\N	\N	\N	\N	\N	\N	\N	\N	\N	\N	\N	\N	\N	\N	2007-10-15 00:00:00	Y	\N	\N	467587	\N	\N	\N	\N	\N	\N	BCEID\\TCOUILLARD	2008-05-05 14:05:34	BCEID\\TCOUILLARD	2008-05-05 14:05:34	1
2133320	14	1	1004185	\N	\N	PL	RO	CTAIN	\N	\N	\N	IA	HA	539153	0.1	\N	30	\N	\N	\N	\N	\N	\N	\N	\N	\N	\N	\N	\N	\N	\N	\N	\N	\N	\N	\N	\N	\N	\N	\N	\N	\N	2008-05-02 00:00:00	Y	\N	\N	478185	\N	\N	\N	\N	\N	\N	BCEID\\TCOUILLARD	2008-06-02 14:43:31	BCEID\\TCOUILLARD	2008-06-02 14:43:31	2
3487257	29	1	1004185	\N	\N	BR	MA	HANDR	\N	\N	\N	IA	HA	575191	0.1	\N	\N	\N	\N	\N	\N	\N	\N	\N	\N	\N	\N	\N	\N	\N	\N	\N	\N	\N	\N	\N	\N	\N	\N	\N	\N	\N	2017-06-01 00:00:00	Y	\N	\N	1727954	\N	\N	\N	\N	\N	\N	BCEID\\DUGASA	2017-12-19 10:03:56	BCEID\\DUGASA	2017-12-19 10:03:56	1
3322195	26	1	1004185	\N	\N	SU	FG	PLOT	\N	\N	\N	IA	HA	547141	32.6	\N	\N	\N	\N	\N	\N	\N	\N	\N	\N	\N	\N	\N	\N	\N	\N	\N	\N	\N	\N	\N	\N	\N	\N	\N	\N	\N	2015-02-20 00:00:00	Y	\N	\N	1494777	\N	\N	\N	\N	\N	\N	BCEID\\TROGODIN	2016-02-22 20:49:06	BCEID\\TROGODIN	2016-02-22 20:49:06	1
3322196	27	1	1004185	\N	\N	PC	SE	MAINT	\N	\N	\N	IA	HA	565976	0.5	\N	\N	\N	\N	\N	\N	\N	\N	\N	\N	\N	\N	\N	\N	\N	\N	\N	\N	\N	\N	\N	\N	\N	\N	\N	\N	\N	2015-11-23 00:00:00	Y	\N	\N	1494777	\N	\N	\N	\N	\N	\N	BCEID\\TROGODIN	2016-02-22 20:49:06	BCEID\\TROGODIN	2016-02-22 20:49:06	1
3322197	28	1	1004185	\N	\N	BR	MA	POWER	\N	\N	\N	IA	HA	565975	3.0	\N	\N	\N	\N	\N	\N	\N	\N	\N	\N	\N	\N	\N	\N	\N	\N	\N	\N	\N	\N	\N	\N	\N	\N	\N	\N	\N	2015-11-23 00:00:00	Y	\N	\N	1494777	\N	\N	\N	\N	\N	\N	BCEID\\TROGODIN	2016-02-22 20:49:06	BCEID\\TROGODIN	2016-02-22 20:49:06	1
2787042	25	1	1004185	\N	\N	SU	RA	WALK	\N	\N	\N	IA	HA	554449	30.7	\N	\N	\N	\N	\N	\N	\N	\N	\N	\N	\N	\N	\N	\N	\N	\N	\N	\N	\N	\N	\N	\N	\N	\N	\N	\N	\N	2012-01-01 00:00:00	Y	\N	\N	1127146	\N	\N	\N	\N	\N	\N	BCEID\\TCOUILLARD	2012-07-06 10:24:56	BCEID\\TCOUILLARD	2012-07-06 10:24:56	1
545694	2	1	17247	\N	\N	SP	ME	\N	\N	\N	\N	IA	HA	\N	45.6	\N	0	\N	\N	\N	\N	\N	\N	\N	\N	\N	\N	\N	\N	\N	\N	\N	\N	\N	\N	\N	\N	\N	\N	\N	\N	\N	1993-07-01 00:00:00	Y	\N	\N	\N	\N	\N	\N	\N	\N	\N	OLDMLSIS	1999-10-15 13:10:47	AGRASMUS	2001-06-21 13:46:33	7
545695	3	1	17247	\N	\N	SU	SP	\N	SP	\N	\N	IA	HA	\N	44.5	\N	0	\N	\N	\N	\N	\N	\N	\N	\N	\N	\N	\N	\N	\N	\N	\N	\N	\N	\N	\N	\N	\N	\N	\N	\N	\N	1993-09-01 00:00:00	Y	\N	\N	\N	\N	\N	\N	\N	\N	\N	OLDMLSIS	1999-10-15 13:10:47	AGRASMUS	2001-06-21 13:46:33	7
545696	4	1	17247	\N	\N	PL	PL	CTAIN	CE	\N	\N	IA	HA	\N	30.9	\N	28420	\N	\N	\N	\N	\N	\N	\N	\N	\N	\N	\N	\N	\N	\N	\N	\N	\N	\N	\N	\N	\N	\N	\N	\N	\N	1994-06-01 00:00:00	Y	\N	\N	\N	\N	\N	\N	\N	\N	\N	MLSIS	1999-10-15 13:10:47	AGRASMUS	2001-06-21 13:46:33	7
545697	5	1	17247	\N	\N	PL	PL	CTAIN	CE	\N	\N	IA	HA	\N	12.7	\N	11600	\N	\N	\N	\N	\N	\N	\N	\N	\N	\N	\N	\N	\N	\N	\N	\N	\N	\N	\N	\N	\N	\N	\N	\N	\N	1995-06-01 00:00:00	Y	\N	\N	\N	\N	\N	\N	\N	\N	\N	MLSIS	1999-10-15 13:10:47	AGRASMUS	2001-06-21 13:46:33	7
545698	1	1	17247	\N	\N	DN	HV	\N	\N	\N	\N	IA	HA	\N	47.1	\N	0	\N	\N	\N	\N	\N	\N	\N	\N	\N	\N	\N	\N	\N	\N	\N	\N	\N	\N	\N	\N	\N	\N	\N	\N	1993-02-01 00:00:00	1993-03-01 00:00:00	Y	\N	\N	\N	L	CLEAR	\N	REMOV	\N	\N	MLSIS	1999-10-15 13:10:47	AGRASMUS	2001-06-21 13:46:33	7
689989	6	1	17247	\N	\N	SU	RG	PLOT	CE	\N	\N	IA	HA	\N	43.6	\N	0	\N	\N	\N	\N	\N	\N	\N	\N	\N	\N	\N	\N	\N	\N	\N	\N	\N	\N	\N	\N	\N	\N	\N	\N	\N	1999-05-01 00:00:00	Y	\N	\N	\N	\N	\N	\N	\N	\N	\N	JSCHIMKE	2000-02-02 11:09:35	AGRASMUS	2001-06-21 13:46:33	7
751387	7	1	17247	\N	\N	PL	RP	CTAIN	CE	\N	\N	IA	HA	\N	3.4	\N	2360	\N	\N	\N	\N	\N	\N	\N	\N	\N	\N	\N	\N	\N	\N	\N	\N	\N	\N	\N	\N	\N	\N	\N	\N	\N	2000-06-01 00:00:00	Y	\N	\N	\N	\N	\N	\N	\N	\N	\N	BLEWIS	2000-10-20 13:14:04	AGRASMUS	2001-06-21 13:46:33	6
798796	8	1	17247	\N	\N	SU	FG	PLOT	FG	\N	\N	IA	HA	\N	43.2	\N	0	\N	\N	\N	\N	\N	\N	\N	\N	\N	\N	\N	\N	\N	\N	\N	\N	\N	\N	\N	\N	\N	\N	\N	\N	\N	2000-12-01 00:00:00	Y	\N	\N	\N	\N	\N	\N	\N	\N	\N	JSCHIMKE	2001-05-03 08:08:44	AGRASMUS	2001-06-21 13:46:33	4
809173	9	1	17247	\N	\N	SU	\N	\N	\N	\N	\N	\N	HA	\N	\N	\N	0	\N	\N	\N	2010-08-01 00:00:00	0.0	\N	\N	\N	\N	\N	\N	\N	\N	\N	\N	\N	\N	\N	\N	\N	\N	\N	\N	\N	\N	\N	N	\N	\N	\N	\N	\N	\N	\N	\N	\N	AGRASMUS	2001-06-21 13:46:33	AGRASMUS	2001-06-21 13:46:33	1
\.


--
-- Data for Name: activity_tu_comment_link; Type: TABLE DATA; Schema: silva; Owner: postgres
--

COPY silva.activity_tu_comment_link (silviculture_comment_id, activity_treatment_unit_id) FROM stdin;
\.


--
-- Data for Name: age_class_code; Type: TABLE DATA; Schema: silva; Owner: postgres
--

COPY silva.age_class_code (age_class_code, description, effective_date, expiry_date, update_timestamp) FROM stdin;
1	1 - 20 Years	1905-01-01 00:00:00	9999-12-31 00:00:00	2003-06-17 14:16:35
2	21 - 40 Years	1905-01-01 00:00:00	9999-12-31 00:00:00	2003-06-17 14:16:35
3	41 - 60 Years	1905-01-01 00:00:00	9999-12-31 00:00:00	2003-06-17 14:16:35
4	61 - 80 Years	1905-01-01 00:00:00	9999-12-31 00:00:00	2003-06-17 14:16:35
5	81 - 100 Years	1905-01-01 00:00:00	9999-12-31 00:00:00	2003-06-17 14:16:35
6	101 - 120 Years	1905-01-01 00:00:00	9999-12-31 00:00:00	2003-06-17 14:16:35
7	121 - 140 Years	1905-01-01 00:00:00	9999-12-31 00:00:00	2003-06-17 14:16:35
8	141 - 250 Years	1905-01-01 00:00:00	9999-12-31 00:00:00	2003-06-17 14:16:35
9	251 + Years	1905-01-01 00:00:00	9999-12-31 00:00:00	2003-06-17 14:16:35
\.


--
-- Data for Name: block_status_code; Type: TABLE DATA; Schema: silva; Owner: postgres
--

COPY silva.block_status_code (block_status_code, description, effective_date, expiry_date, update_timestamp) FROM stdin;
HRS	Harvesting Rights Surrendered	2013-01-30 00:00:00	9999-12-31 00:00:00	2014-03-12 12:25:23
AP	Appeal Pending	2003-04-15 00:00:00	9999-12-31 00:00:00	2014-03-12 12:25:23
DD	Disallowed by District	2003-04-15 00:00:00	9999-12-31 00:00:00	2014-03-12 12:25:23
EE	Entered In Error	2003-04-15 00:00:00	9999-12-31 00:00:00	2014-03-12 12:25:23
HB	Approved for Harvesting	2003-04-15 00:00:00	9999-12-31 00:00:00	2014-03-12 12:25:23
HD	Harvesting Deferred	2003-04-15 00:00:00	9999-12-31 00:00:00	2014-03-12 12:25:23
HS	Suspended	2003-04-15 00:00:00	9999-12-31 00:00:00	2014-03-12 12:25:23
HX	Cancelled	2003-04-15 00:00:00	9999-12-31 00:00:00	2014-03-12 12:25:23
ID	Inactive - Closed (Deactivated)	2003-04-15 00:00:00	9999-12-31 00:00:00	2014-03-12 12:25:23
LC	Logging Complete	2003-04-15 00:00:00	9999-12-31 00:00:00	2014-03-12 12:25:23
PD	Pending Deferred	2003-04-15 00:00:00	9999-12-31 00:00:00	2014-03-12 12:25:23
PE	Pending Electronic	2003-04-15 00:00:00	9999-12-31 00:00:00	2014-03-12 12:25:23
PL	Planned TSL	2003-04-15 00:00:00	9999-12-31 00:00:00	2014-03-12 12:25:23
PP	Proposed	2003-04-15 00:00:00	9999-12-31 00:00:00	2014-03-12 12:25:23
S	Silviculture	2003-04-15 00:00:00	9999-12-31 00:00:00	2014-03-12 12:25:23
SP	SP only, no application received	2003-04-15 00:00:00	9999-12-31 00:00:00	2014-03-12 12:25:23
\.


--
-- Data for Name: cascade_split_code; Type: TABLE DATA; Schema: silva; Owner: postgres
--

COPY silva.cascade_split_code (cascade_split_code, description, effective_date, expiry_date, update_timestamp) FROM stdin;
E	East	1905-01-01 00:00:00	9999-12-31 00:00:00	2003-11-15 19:04:56
W	West	1905-01-01 00:00:00	9999-12-31 00:00:00	2003-11-15 19:04:56
\.


--
-- Data for Name: client_location; Type: TABLE DATA; Schema: silva; Owner: postgres
--

COPY silva.client_location (client_number, client_locn_code, client_locn_name, hdbs_company_code, address_1, address_2, address_3, city, province, postal_code, country, business_phone, home_phone, cell_phone, fax_number, email_address, locn_expired_ind, returned_mail_date, trust_location_ind, cli_locn_comment, update_timestamp, update_userid, update_org_unit, add_timestamp, add_userid, add_org_unit, revision_count) FROM stdin;
00010002	03	OAKWOOD PARK ADDRESS	\N	510 FULTON PLAZA	\N	\N	FORT MCMURRAY	AB	T9J9R1	CANADA	8823899685	2911911672	5229472760	\N	RGRIMSTON9@DMOZ.ORG	Y	\N	Y	\N	2025-08-25 11:40:18	IDIR\\\\IBEWICKE9	70	2025-08-25 11:40:18	IDIR\\\\CSIDDEN9	70	617
00010003	13	THE OTHER ONE	1	BOX 86131	\N	\N	NORTH VANCOUVER	BC	V7L4J5	CANADA	6049999999	\N	\N	6049999998	\N	N	\N	N	\N	2025-08-25 11:40:18	ITSWATTLES	70	2025-08-25 11:40:18	CONV	70	1
00010004	00	THAT ADDRESS	40000	ATTN: JOHNATHAN WICK	BOX 42999	\N	SQUAMISH	BC	V0N3G0	CANADA	\N	\N	\N	\N	\N	N	\N	N	\N	2025-08-25 11:40:18	MILESM	70	2025-08-25 11:40:18	MILESM	70	1
00010005	00	04 FARM	 	SEE "02" LOCATION	\N	\N	SQUAMISH	BC	A1A2B2	CANADA	\N	\N	\N	\N	\N	Y	\N	Y	\N	2025-08-25 11:40:18	IDIR\\\\TOOMUCH	70	2025-08-25 11:40:18	IDIR\\\\ALFRED	70	1
00010006	00	STOMP FORTRESS	40000	ATTN: JOHNATHAN WICK	BOX 42999	\N	SQUAMISH	BC	V0N3G0	CANADA	\N	\N	\N	\N	\N	N	\N	N	\N	2025-08-25 11:40:18	MILESM	70	2025-08-25 11:40:18	MILESM	70	1
00010008	00	ALABASTA	1	BOX 86131	\N	\N	NORTH VANCOUVER	BC	V7L4J5	CANADA	6049999999	\N	\N	6049999998	\N	N	\N	N	\N	2025-08-25 11:40:18	ITSWATTLES	70	2025-08-25 11:40:18	CONV	70	1
\.


--
-- Data for Name: corp_capture_method; Type: TABLE DATA; Schema: silva; Owner: postgres
--

COPY silva.corp_capture_method (capture_method_code, description, effective_date, expiry_date, update_timestamp) FROM stdin;
\.


--
-- Data for Name: crew_contract_hire_code; Type: TABLE DATA; Schema: silva; Owner: postgres
--

COPY silva.crew_contract_hire_code (crew_contract_hire_code, description, effective_date, expiry_date, update_timestamp) FROM stdin;
D	Direct Contract	2006-08-31 00:00:00	9999-12-31 00:00:00	2007-03-11 17:50:43
F	RPF - Ministry Staff	2006-08-31 00:00:00	9999-12-31 00:00:00	2007-03-11 17:50:43
L	Local Tender	2006-08-31 00:00:00	9999-12-31 00:00:00	2007-03-11 17:50:43
O	Own Crew	2006-08-31 00:00:00	9999-12-31 00:00:00	2007-03-11 17:50:43
P	Provincial Tender	2006-08-31 00:00:00	9999-12-31 00:00:00	2007-03-11 17:50:43
Q	Request for Proposal	2006-08-31 00:00:00	9999-12-31 00:00:00	2007-03-11 17:50:43
R	Region Tender	2006-08-31 00:00:00	9999-12-31 00:00:00	2007-03-11 17:50:43
S	Select Invitation	2006-08-31 00:00:00	9999-12-31 00:00:00	2007-03-11 17:50:43
T	Tech - Ministry Staff	2006-08-31 00:00:00	9999-12-31 00:00:00	2007-03-11 17:50:43
\.


--
-- Data for Name: crown_lands_region_code; Type: TABLE DATA; Schema: silva; Owner: postgres
--

COPY silva.crown_lands_region_code (crown_lands_region_code, description, effective_date, expiry_date, update_timestamp) FROM stdin;
1	VAN ISLAND	1905-01-01 00:00:00	9999-12-31 00:00:00	2003-11-15 19:04:56
2	LOWER MAINLAND	1905-01-01 00:00:00	9999-12-31 00:00:00	2003-11-15 19:04:56
3	THOMP-OKANAGAN	1905-01-01 00:00:00	9999-12-31 00:00:00	2003-11-15 19:04:56
4	KOOTENAY	1905-01-01 00:00:00	9999-12-31 00:00:00	2003-11-15 19:04:56
5	CARIBOO	1905-01-01 00:00:00	9999-12-31 00:00:00	2003-11-15 19:04:56
6	SKEENA	1905-01-01 00:00:00	9999-12-31 00:00:00	2003-11-15 19:04:56
7	OMINECA	1905-01-01 00:00:00	9999-12-31 00:00:00	2003-11-15 19:04:56
8	PEACE	1905-01-01 00:00:00	9999-12-31 00:00:00	2003-11-15 19:04:56
\.


--
-- Data for Name: cut_block; Type: TABLE DATA; Schema: silva; Owner: postgres
--

COPY silva.cut_block (cb_skey, hva_skey, forest_file_id, cutting_permit_id, timber_mark, cut_block_id, sp_exempt_ind, block_status_date, cut_block_description, cut_regulation_code, block_status_st, reforest_declare_type_code, revision_count, entry_userid, entry_timestamp, update_userid, update_timestamp, is_waste_assessment_required, cut_block_guid, fire_harvesting_reason_code, is_under_partition_order, reported_fire_date) FROM stdin;
189922	116838	TFL47	12K	47/12K	12-11	N	2003-04-15 00:00:00	\N	\N	S	\N	1	FTA_CONV	2003-11-15 10:48:41	FTA 4.0 DATA CONVERSION	2007-06-02 11:15:37	U	b9b090a0-b2e1-645a-e053-32b3228ea5a5	\N	\N	\N
214031	123731	TFL44	270	44/270	864409	N	2005-05-04 15:03:21	\N	\N	S	\N	1	DATAFIX	2004-06-02 08:13:17	FTA 4.0 DATA CONVERSION	2007-06-02 11:15:37	U	b9b090a1-1022-645a-e053-32b3228ea5a5	\N	\N	\N
553088	562321	K1A	EEE	K1AEEE	883	N	2013-05-31 14:41:09	CP EEE Rollover from CCC	\N	S	\N	3	BCEID\\OTWIST	2012-10-25 10:55:26	BCEID\\JWALKER	2013-05-31 14:41:09	U	b9b090a2-2064-645a-e053-32b3228ea5a5	\N	\N	\N
736814	744308	A20212	210	EZ7210	LMR0026	N	2019-11-06 16:47:16	K02	\N	S	\N	3	BCEID\\FARFALE	2017-10-19 06:49:49	BCEID\\FARFALE	2019-11-06 16:47:16	U	b9b090a2-c949-645a-e053-32b3228ea5a5	\N	\N	\N
5321	79707	A77623	 	77623	2	N	2007-07-23 09:36:43	Ymir	\N	S	\N	6	IDIR\\DMcMulli	2005-11-03 13:18:10	IDIR\\KCSMITH	2012-01-26 15:18:01	U	b9b0909d-f776-645a-e053-32b3228ea5a5	\N	\N	\N
817821	800140	TA1687	 	A1687	SASO4SL	N	2023-06-20 16:33:26	SA	\N	LC	\N	4	IDIR\\JPINDROC	2022-08-03 13:31:21	IDIR\\DDOUBINI	2024-03-01 11:41:25	Y	e55d1d9f-a588-2a67-e053-32b3228e33c1	\N	\N	\N
784108	779356	TFL47	6AK	47/6AK	6-117	N	2022-05-07 10:10:56	\N	\N	S	\N	3	BCEID\\TRACYNG	2020-03-10 14:22:26	BCEID\\ANYA.DENNILL	2022-05-07 10:10:56	Y	b9b090a3-2d81-645a-e053-32b3228ea5a5	\N	\N	\N
43589	114530	A72929	001	AY5001	028	N	2005-07-26 00:00:00	\N	\N	S	\N	5	idir\\jcballar	2005-05-04 12:57:01	IDIR\\CSTEVENS	2009-05-19 14:11:37	U	b9b0909e-82c4-645a-e053-32b3228ea5a5	\N	\N	\N
43591	114530	A72929	001	AY5001	027	N	2005-07-26 00:00:00	\N	\N	S	\N	5	idir\\jcballar	2005-05-04 12:57:01	IDIR\\CSTEVENS	2009-05-19 15:34:04	U	b9b0909e-82c6-645a-e053-32b3228ea5a5	\N	\N	\N
43592	114530	A72929	001	AY5001	025	N	2005-07-26 00:00:00	\N	\N	S	\N	5	idir\\jcballar	2005-05-04 12:57:01	IDIR\\CSTEVENS	2009-05-19 15:33:03	U	b9b0909e-82c7-645a-e053-32b3228ea5a5	\N	\N	\N
43593	114530	A72929	001	AY5001	024	N	2005-07-26 00:00:00	\N	\N	S	\N	5	idir\\jcballar	2005-05-04 12:57:01	IDIR\\CSTEVENS	2009-05-19 15:32:16	U	b9b0909e-82c8-645a-e053-32b3228ea5a5	\N	\N	\N
43594	114530	A72929	001	AY5001	023	N	2005-07-26 00:00:00	\N	\N	S	\N	6	idir\\jcballar	2005-05-04 12:57:01	IDIR\\CSTEVENS	2017-11-20 14:41:54	U	b9b0909e-82c9-645a-e053-32b3228ea5a5	\N	\N	\N
43598	114530	A72929	001	AY5001	031	N	2005-07-26 00:00:00	\N	\N	S	\N	5	idir\\jcballar	2005-05-04 12:57:01	IDIR\\CSTEVENS	2009-05-19 15:34:47	U	b9b0909e-82cd-645a-e053-32b3228ea5a5	\N	\N	\N
43599	114530	A72929	001	AY5001	034	N	2005-07-26 00:00:00	\N	\N	S	\N	5	idir\\jcballar	2005-05-04 12:57:01	IDIR\\CSTEVENS	2009-05-19 15:35:16	U	b9b0909e-82ce-645a-e053-32b3228ea5a5	\N	\N	\N
43600	114530	A72929	001	AY5001	037	N	2005-07-26 00:00:00	\N	\N	S	\N	5	idir\\jcballar	2005-05-04 12:57:01	IDIR\\CSTEVENS	2009-05-19 15:36:44	U	b9b0909e-82cf-645a-e053-32b3228ea5a5	\N	\N	\N
43601	114530	A72929	001	AY5001	036	N	2005-07-26 00:00:00	\N	\N	S	\N	5	idir\\jcballar	2005-05-04 12:57:01	IDIR\\CSTEVENS	2009-05-19 15:36:18	U	b9b0909e-82d0-645a-e053-32b3228ea5a5	\N	\N	\N
43603	114530	A72929	001	AY5001	038	N	2005-07-26 00:00:00	\N	\N	S	\N	5	idir\\jcballar	2005-05-04 12:57:01	IDIR\\CSTEVENS	2009-05-19 15:37:20	U	b9b0909e-82d2-645a-e053-32b3228ea5a5	\N	\N	\N
43604	114530	A72929	001	AY5001	039	N	2005-07-26 00:00:00	\N	\N	S	\N	6	idir\\jcballar	2005-05-04 12:57:01	IDIR\\CSTEVENS	2009-05-19 15:37:46	U	b9b0909e-82d3-645a-e053-32b3228ea5a5	\N	\N	\N
65703	111525	A70881	001	AU6001	072	N	2005-07-26 00:00:00	\N	\N	S	\N	5	idir\\jcballar	2005-05-04 14:01:04	IDIR\\CSTEVENS	2009-05-19 22:37:07	U	b9b0909e-d181-645a-e053-32b3228ea5a5	\N	\N	\N
65704	111525	A70881	001	AU6001	073	N	2005-07-26 00:00:00	\N	\N	S	\N	5	idir\\jcballar	2005-05-04 14:01:04	IDIR\\CSTEVENS	2009-05-19 22:40:06	U	b9b0909e-d182-645a-e053-32b3228ea5a5	\N	\N	\N
65705	111525	A70881	001	AU6001	074	N	2005-07-26 00:00:00	\N	\N	S	\N	5	idir\\jcballar	2005-05-04 14:01:04	IDIR\\CSTEVENS	2009-05-19 22:43:18	U	b9b0909e-d183-645a-e053-32b3228ea5a5	\N	\N	\N
65706	111525	A70881	001	AU6001	075	N	2005-07-26 00:00:00	\N	\N	S	\N	5	idir\\jcballar	2005-05-04 14:01:04	IDIR\\CSTEVENS	2009-05-19 22:45:39	U	b9b0909e-d184-645a-e053-32b3228ea5a5	\N	\N	\N
65707	111525	A70881	001	AU6001	076	Y	2005-07-26 00:00:00	\N	\N	S	\N	7	idir\\jcballar	2005-05-04 14:01:04	IDIR\\CSTEVENS	2009-05-19 23:49:49	U	b9b0909e-d185-645a-e053-32b3228ea5a5	\N	\N	\N
65708	111525	A70881	001	AU6001	082	N	2005-07-26 00:00:00	\N	\N	S	\N	6	idir\\jcballar	2005-05-04 14:01:04	IDIR\\CSTEVENS	2009-05-19 22:55:59	U	b9b0909e-d186-645a-e053-32b3228ea5a5	\N	\N	\N
65709	111525	A70881	001	AU6001	077	N	2005-07-26 00:00:00	\N	\N	S	\N	5	idir\\jcballar	2005-05-04 14:01:04	IDIR\\CSTEVENS	2009-05-19 22:47:55	U	b9b0909e-d187-645a-e053-32b3228ea5a5	\N	\N	\N
65710	111525	A70881	001	AU6001	083	N	2005-07-26 00:00:00	\N	\N	S	\N	5	idir\\jcballar	2005-05-04 14:01:04	IDIR\\CSTEVENS	2009-05-19 23:05:33	U	b9b0909e-d188-645a-e053-32b3228ea5a5	\N	\N	\N
65711	111525	A70881	001	AU6001	032	N	2005-07-25 00:00:00	\N	\N	S	\N	5	idir\\jcballar	2005-05-04 14:01:04	IDIR\\CSTEVENS	2009-05-19 22:21:46	U	b9b0909e-d189-645a-e053-32b3228ea5a5	\N	\N	\N
65712	111525	A70881	001	AU6001	033	N	2005-07-25 00:00:00	\N	\N	S	\N	5	idir\\jcballar	2005-05-04 14:01:04	IDIR\\CSTEVENS	2009-05-19 22:24:08	U	b9b0909e-d18a-645a-e053-32b3228ea5a5	\N	\N	\N
88061	99592	A13840	145	FA9145	1	Y	1999-06-08 00:00:00	\N	\N	S	\N	1	FTA_CONV	2003-11-15 10:48:04	FTA 4.0 DATA CONVERSION	2007-06-02 11:15:37	U	b9b0909f-2719-645a-e053-32b3228ea5a5	\N	\N	\N
338662	172563	TFL39	27Y	39/27Y	Y40764	N	2016-03-29 10:22:42	CROWN	\N	LC	\N	2	IDIR\\RYEE	2008-08-19 14:12:56	IDIR\\MTSOI	2016-03-29 10:22:42	U	b4e212fa-e603-4578-e053-3a54228e0360	\N	\N	\N
338665	172563	TFL39	27Y	39/27Y	Y20267	N	2008-08-19 15:51:10	CROWN	\N	HB	\N	1	IDIR\\RYEE	2008-08-19 14:12:58	IDIR\\RYEE	2008-08-19 15:51:10	U	b4e212fa-e606-4578-e053-3a54228e0360	\N	\N	\N
189945	125896	TFL47	12U	47/12U	12-44	N	2006-04-05 00:00:00	\N	\N	LC	\N	3	IDIR\\cloggie	2004-02-23 14:23:09	FTA 4.0 DATA CONVERSION	2007-06-02 11:15:37	U	b9b090a0-b2f8-645a-e053-32b3228ea5a5	\N	\N	\N
138784	106665	A18667	55	ER4055	3B	N	1997-04-07 00:00:00	\N	\N	S	\N	1	FTA_CONV	2003-11-15 10:48:10	FTA 4.0 DATA CONVERSION	2007-06-02 11:15:37	U	b9b0909f-ec57-645a-e053-32b3228ea5a5	\N	\N	\N
\.


--
-- Data for Name: cut_block_client; Type: TABLE DATA; Schema: silva; Owner: postgres
--

COPY silva.cut_block_client (cblk_client_skey, cb_skey, cut_block_client_type_code, licensee_start_date, licensee_end_date, client_locn_code, client_number, revision_count, entry_userid, entry_timestamp, update_userid, update_timestamp) FROM stdin;
391376	5321	O	2009-09-22 00:00:00	\N	00	00010008	1	Datafix111603	2009-09-22 14:11:26	Datafix111603	2009-09-22 14:11:26
366755	43589	O	2007-09-19 00:00:00	\N	00	00010006	0	IDIR\\CSTEVENS	2009-06-18 09:51:03	IDIR\\CSTEVENS	2009-06-18 09:51:03
366754	43591	O	2007-09-19 00:00:00	\N	00	00010006	0	IDIR\\CSTEVENS	2009-06-18 09:50:27	IDIR\\CSTEVENS	2009-06-18 09:50:27
366752	43592	O	2007-09-19 00:00:00	\N	00	00010006	0	IDIR\\CSTEVENS	2009-06-18 09:49:09	IDIR\\CSTEVENS	2009-06-18 09:49:09
366751	43593	O	2007-09-19 00:00:00	\N	00	00010006	0	IDIR\\CSTEVENS	2009-06-18 09:48:39	IDIR\\CSTEVENS	2009-06-18 09:48:39
366750	43594	O	2007-09-19 00:00:00	\N	00	00010006	0	IDIR\\CSTEVENS	2009-06-18 09:47:53	IDIR\\CSTEVENS	2009-06-18 09:47:53
366756	43598	O	2007-09-19 00:00:00	\N	00	00010006	0	IDIR\\CSTEVENS	2009-06-18 09:51:32	IDIR\\CSTEVENS	2009-06-18 09:51:32
366757	43599	O	2007-09-19 00:00:00	\N	00	00010006	0	IDIR\\CSTEVENS	2009-06-18 09:52:04	IDIR\\CSTEVENS	2009-06-18 09:52:04
366760	43600	O	2007-09-19 00:00:00	\N	00	00010006	0	IDIR\\CSTEVENS	2009-06-18 09:53:45	IDIR\\CSTEVENS	2009-06-18 09:53:45
366759	43601	O	2007-09-19 00:00:00	\N	00	00010006	0	IDIR\\CSTEVENS	2009-06-18 09:53:15	IDIR\\CSTEVENS	2009-06-18 09:53:15
366761	43603	O	2007-09-19 00:00:00	\N	00	00010006	0	IDIR\\CSTEVENS	2009-06-18 09:54:15	IDIR\\CSTEVENS	2009-06-18 09:54:15
366762	43604	O	2007-09-19 00:00:00	\N	00	00010006	0	IDIR\\CSTEVENS	2009-06-18 09:54:43	IDIR\\CSTEVENS	2009-06-18 09:54:43
366643	65703	O	2008-11-07 00:00:00	\N	00	00010006	0	IDIR\\CSTEVENS	2009-06-17 11:31:40	IDIR\\CSTEVENS	2009-06-17 11:31:40
366644	65704	O	2008-11-07 00:00:00	\N	00	00010006	0	IDIR\\CSTEVENS	2009-06-17 11:32:11	IDIR\\CSTEVENS	2009-06-17 11:32:11
366645	65705	O	2008-11-07 00:00:00	\N	00	00010006	0	IDIR\\CSTEVENS	2009-06-17 11:32:38	IDIR\\CSTEVENS	2009-06-17 11:32:38
366646	65706	O	2008-11-07 00:00:00	\N	00	00010006	0	IDIR\\CSTEVENS	2009-06-17 11:33:06	IDIR\\CSTEVENS	2009-06-17 11:33:06
366622	65707	O	2008-11-07 00:00:00	\N	00	00010006	0	IDIR\\CSTEVENS	2009-06-17 11:17:15	IDIR\\CSTEVENS	2009-06-17 11:17:15
366650	65708	O	2008-11-07 00:00:00	\N	00	00010006	0	IDIR\\CSTEVENS	2009-06-17 11:34:59	IDIR\\CSTEVENS	2009-06-17 11:34:59
366647	65709	O	2008-11-07 00:00:00	\N	00	00010006	0	IDIR\\CSTEVENS	2009-06-17 11:33:32	IDIR\\CSTEVENS	2009-06-17 11:33:32
366651	65710	O	2008-11-07 00:00:00	\N	00	00010006	0	IDIR\\CSTEVENS	2009-06-17 11:35:29	IDIR\\CSTEVENS	2009-06-17 11:35:29
366637	65711	O	2008-11-07 00:00:00	\N	00	00010006	0	IDIR\\CSTEVENS	2009-06-17 11:26:20	IDIR\\CSTEVENS	2009-06-17 11:26:20
366638	65712	O	2008-11-07 00:00:00	\N	00	00010006	0	IDIR\\CSTEVENS	2009-06-17 11:26:52	IDIR\\CSTEVENS	2009-06-17 11:26:52
\.


--
-- Data for Name: cut_block_client_type_code; Type: TABLE DATA; Schema: silva; Owner: postgres
--

COPY silva.cut_block_client_type_code (cut_block_client_type_code, description, effective_date, expiry_date, update_timestamp) FROM stdin;
D	Applicant	1905-01-01 00:00:00	9999-12-31 00:00:00	2014-08-22 08:14:43
E	Contractor	2006-08-09 00:00:00	9999-12-31 00:00:00	2014-08-22 08:14:43
L	Licensee Operating Division	2006-08-09 00:00:00	9999-12-31 00:00:00	2014-08-22 08:14:43
M	Previous Licensee Operating Division	2006-08-09 00:00:00	9999-12-31 00:00:00	2014-08-22 08:14:43
O	Silviculture Obligation	2006-08-09 00:00:00	9999-12-31 00:00:00	2014-08-22 08:14:43
S	Appraisals & Billing Mailing	2006-08-09 00:00:00	9999-12-31 00:00:00	2014-08-22 08:14:43
R	RESULTS Silviculture Obligation	2014-02-11 00:00:00	9999-12-31 00:00:00	2014-08-22 08:14:43
\.


--
-- Data for Name: cut_block_open_admin; Type: TABLE DATA; Schema: silva; Owner: postgres
--

COPY silva.cut_block_open_admin (cut_block_open_admin_id, forest_file_id, timber_mark, cut_block_id, cutting_permit_id, disturbance_gross_area, disturbance_start_date, disturbance_end_date, opening_id, opening_gross_area, planned_harvest_date, planned_gross_block_area, planned_net_block_area, opening_prime_licence_ind, cb_skey, revision_count, entry_userid, entry_timestamp, update_userid, update_timestamp) FROM stdin;
131854	TFL47	47/12K	12-11	12K	16.6000	2001-09-18 00:00:00	2002-04-30 00:00:00	101017	16.6000	2001-07-03 00:00:00	16.6000	9.0000	Y	189922	2	RESULTS_CONV	9999-12-31 00:00:00	FTA 4.0 DATA CONVERSION	2007-06-02 11:17:23
242521	TFL44	44/270	904226	270	25.5000	2004-01-19 00:00:00	2004-05-28 00:00:00	1009974	38.7000	2003-11-19 00:00:00	38.7655	24.3000	Y	214031	10	DATAFIX	2004-06-02 08:13:36	FTA 4.0 DATA CONVERSION	2007-06-02 11:17:23
387431	\N	\N	\N	\N	0.1000	2011-10-21 00:00:00	\N	1524010	27.5000	\N	\N	\N	Y	\N	11	IDIR\\OTTOMATED	2013-03-27 11:30:13	IDIR\\OTTOMATED	2020-10-08 14:01:47
380981	K1A	K1AEEE	883	EEE	6.0000	2012-12-12 00:00:00	2013-03-27 00:00:00	1541296	6.0000	2012-11-15 00:00:00	6.0450	4.9000	Y	553088	5	BCEID\\OTWIST	2012-10-25 10:55:26	BCEID\\OTWIST	2013-08-27 08:40:18
449605	A20212	EZ7210	LMR0026	210	29.1000	2018-06-01 00:00:00	2018-06-20 00:00:00	1725701	42.6000	2018-01-01 00:00:00	42.5921	27.9000	Y	736814	3	BCEID\\FARFALE	2017-10-19 06:49:49	BCEID\\BROOKS	2019-11-06 16:41:24
268177	A77623	77623	2	 	51.1000	2006-06-16 00:00:00	2007-05-01 00:00:00	1092357	56.8000	2006-01-30 00:00:00	56.9797	54.2000	Y	5321	5	IDIR\\DMcMulli	2005-11-03 13:18:10	IDIR\\SMSWITZE	2007-07-23 09:36:43
379437	\N	\N	\N	\N	285.0000	2012-08-26 00:00:00	2025-02-25 00:00:00	1480130	300.0000	\N	\N	\N	Y	\N	6	IDIR\\SKILLAM	2012-09-26 12:00:25	IDIR\\CAROWOOD	2025-03-14 10:48:32
511287	TA1687	A1687	SASO4SL	 	6.5000	2023-04-07 00:00:00	2023-05-18 00:00:00	1777756	8.2000	2022-09-03 00:00:00	8.1515	6.6000	Y	817821	5	IDIR\\JPINDROC	2022-08-03 13:31:21	IDIR\\DDOUBINI	2025-02-27 16:35:55
482445	TFL47	47/6AK	6-117	6AK	28.4000	2021-01-07 00:00:00	2021-04-14 00:00:00	1761935	33.6000	2021-02-01 00:00:00	28.3780	25.0000	Y	784108	3	BCEID\\TRACYNG	2020-03-10 14:22:26	BCEID\\ANYA.DENNILL	2022-05-07 10:08:55
258074	A72929	AY5001	024	001	2.0000	2002-12-01 00:00:00	2003-03-01 00:00:00	1589595	61.7000	2003-12-03 00:00:00	1.9685	1.9570	N	43593	70	idir\\jcballar	2005-05-04 12:57:01	BCEID\\JPRESTMODA	2014-02-26 10:56:26
258110	A70881	AU6001	082	001	2.6000	2002-12-01 00:00:00	2003-03-01 00:00:00	1589595	61.7000	2003-12-03 00:00:00	2.5715	2.5714	N	65708	70	idir\\jcballar	2005-05-04 14:01:04	BCEID\\JPRESTMODA	2014-02-26 10:56:26
258109	A70881	AU6001	077	001	2.3000	2002-12-01 00:00:00	2003-03-01 00:00:00	1589595	61.7000	2003-12-03 00:00:00	2.2945	2.2944	N	65709	70	idir\\jcballar	2005-05-04 14:01:04	BCEID\\JPRESTMODA	2014-02-26 10:56:26
258063	A72929	AY5001	039	001	4.3000	2002-12-01 00:00:00	2003-03-01 00:00:00	1589595	61.7000	2003-12-03 00:00:00	4.2901	4.2654	N	43604	70	idir\\jcballar	2005-05-04 12:57:01	BCEID\\JPRESTMODA	2014-02-26 10:56:26
258064	A72929	AY5001	038	001	4.5000	2002-12-01 00:00:00	2003-03-01 00:00:00	1589595	61.7000	2003-12-03 00:00:00	4.4794	4.4536	N	43603	70	idir\\jcballar	2005-05-04 12:57:01	BCEID\\JPRESTMODA	2014-02-26 10:56:26
258066	A72929	AY5001	036	001	5.3000	2002-12-01 00:00:00	2003-03-01 00:00:00	1589595	61.7000	2003-12-03 00:00:00	5.2569	5.2266	N	43601	71	idir\\jcballar	2005-05-04 12:57:01	BCEID\\JPRESTMODA	2014-02-26 10:56:26
258067	A72929	AY5001	037	001	2.2000	2002-12-01 00:00:00	2003-03-01 00:00:00	1589595	61.7000	2003-12-03 00:00:00	2.1878	2.1751	N	43600	70	idir\\jcballar	2005-05-04 12:57:01	BCEID\\JPRESTMODA	2014-02-26 10:56:26
258068	A72929	AY5001	034	001	1.5000	2002-12-01 00:00:00	2003-03-01 00:00:00	1589595	61.7000	2003-12-03 00:00:00	1.4515	1.4431	N	43599	70	idir\\jcballar	2005-05-04 12:57:01	BCEID\\JPRESTMODA	2014-02-26 10:56:26
258069	A72929	AY5001	031	001	5.2000	2002-12-01 00:00:00	2003-03-01 00:00:00	1589595	61.7000	2003-12-03 00:00:00	5.1560	5.1262	N	43598	70	idir\\jcballar	2005-05-04 12:57:01	BCEID\\JPRESTMODA	2014-02-26 10:56:26
258073	A72929	AY5001	023	001	7.7000	2002-12-01 00:00:00	2003-03-01 00:00:00	1589595	61.7000	2003-12-03 00:00:00	7.6866	7.6420	Y	43594	70	idir\\jcballar	2005-05-04 12:57:01	BCEID\\JPRESTMODA	2014-02-26 10:56:26
258075	A72929	AY5001	025	001	7.2000	2002-12-01 00:00:00	2003-03-01 00:00:00	1589595	61.7000	2003-12-03 00:00:00	7.1579	7.1163	N	43592	70	idir\\jcballar	2005-05-04 12:57:01	BCEID\\JPRESTMODA	2014-02-26 10:56:26
258076	A72929	AY5001	027	001	1.0000	2002-12-01 00:00:00	2003-03-01 00:00:00	1589595	61.7000	2003-12-03 00:00:00	1.0353	1.0293	N	43591	70	idir\\jcballar	2005-05-04 12:57:01	BCEID\\JPRESTMODA	2014-02-26 10:56:26
258078	A72929	AY5001	028	001	0.4000	2002-12-01 00:00:00	2003-03-01 00:00:00	1589595	61.7000	2003-12-03 00:00:00	0.4326	0.4300	N	43589	70	idir\\jcballar	2005-05-04 12:57:01	BCEID\\JPRESTMODA	2014-02-26 10:56:26
258106	A70881	AU6001	033	001	1.7000	2002-12-01 00:00:00	2003-03-01 00:00:00	1589595	61.7000	2003-12-03 00:00:00	1.7305	1.7305	N	65712	66	idir\\jcballar	2005-05-04 14:01:04	BCEID\\JPRESTMODA	2014-02-26 10:56:26
258107	A70881	AU6001	032	001	7.6000	2002-12-01 00:00:00	2003-03-01 00:00:00	1589595	61.7000	2003-12-03 00:00:00	7.6018	7.6017	N	65711	66	idir\\jcballar	2005-05-04 14:01:04	BCEID\\JPRESTMODA	2014-02-26 10:56:26
258108	A70881	AU6001	083	001	4.4000	2002-12-01 00:00:00	2003-03-01 00:00:00	1589595	61.7000	2003-12-03 00:00:00	4.3987	4.3986	N	65710	67	idir\\jcballar	2005-05-04 14:01:04	BCEID\\JPRESTMODA	2014-02-26 10:56:26
258111	A70881	AU6001	076	001	0.6000	2002-12-01 00:00:00	2003-03-01 00:00:00	1589595	61.7000	2003-12-03 00:00:00	0.6062	0.6061	N	65707	70	idir\\jcballar	2005-05-04 14:01:04	BCEID\\JPRESTMODA	2014-02-26 10:56:26
258112	A70881	AU6001	075	001	1.3000	2002-12-01 00:00:00	2003-03-01 00:00:00	1589595	61.7000	2003-12-03 00:00:00	1.2810	1.2810	N	65706	70	idir\\jcballar	2005-05-04 14:01:04	BCEID\\JPRESTMODA	2014-02-26 10:56:26
258113	A70881	AU6001	074	001	2.1000	2002-12-01 00:00:00	2003-03-01 00:00:00	1589595	61.7000	2003-12-03 00:00:00	2.1169	2.1169	N	65705	68	idir\\jcballar	2005-05-04 14:01:04	BCEID\\JPRESTMODA	2014-02-26 10:56:26
258114	A70881	AU6001	073	001	1.1000	2002-12-01 00:00:00	2003-03-01 00:00:00	1589595	61.7000	2003-12-03 00:00:00	1.1086	1.1086	N	65704	68	idir\\jcballar	2005-05-04 14:01:04	BCEID\\JPRESTMODA	2014-02-26 10:56:26
258115	A70881	AU6001	072	001	1.7000	2002-12-01 00:00:00	2003-03-01 00:00:00	1589595	61.7000	2003-12-03 00:00:00	1.6792	1.6791	N	65703	68	idir\\jcballar	2005-05-04 14:01:04	BCEID\\JPRESTMODA	2014-02-26 10:56:26
8021	A13840	FA9145	1	145	49.3000	1998-06-01 00:00:00	1998-08-01 00:00:00	60000	47.6000	1998-06-24 00:00:00	49.3000	39.0000	Y	88061	4	RESULTS_CONV	9999-12-31 00:00:00	FTA 4.0 DATA CONVERSION	2007-06-02 11:17:23
542160	\N	\N	\N	\N	6.3000	2021-07-07 00:00:00	2021-08-31 00:00:00	1796497	6.3000	\N	\N	\N	Y	\N	7	IDIR\\JZAHND	2025-03-26 13:23:14	IDIR\\JZAHND	2025-03-26 14:06:56
505961	TFL39	39/27Y	Y40764	27Y	12.0000	2016-03-01 00:00:00	2016-03-02 00:00:00	1020124	100.0000	2008-01-01 00:00:00	35.5925	26.0000	N	338662	4	IDIR\\RYEE	2008-08-19 14:12:56	IDIR\\SCUSACK	2025-04-10 14:30:31
505964	TFL39	39/27Y	Y20267	27Y	10.0000	2024-09-01 00:00:00	2024-09-03 00:00:00	1020124	100.0000	2007-06-01 00:00:00	36.3539	30.2000	Y	338665	5	IDIR\\RYEE	2008-08-19 14:12:59	IDIR\\SCUSACK	2025-04-10 14:30:31
239370	TFL47	47/12U	12-44	12U	22.8000	2004-09-08 00:00:00	2004-10-01 00:00:00	1004185	79.4000	2004-04-17 00:00:00	22.9077	22.8000	Y	189945	11	IDIR\\cloggie	2004-02-23 14:23:09	FTA 4.0 DATA CONVERSION	2007-06-02 11:17:23
34390	A18667	ER4055	3B	55	47.1000	1993-02-01 00:00:00	1993-03-01 00:00:00	17247	47.1000	1993-02-01 00:00:00	47.1000	44.5000	Y	138784	1	RESULTS_CONV	9999-12-31 00:00:00	FTA 4.0 DATA CONVERSION	2007-06-02 11:17:23
\.


--
-- Data for Name: cut_regulation_code; Type: TABLE DATA; Schema: silva; Owner: postgres
--

COPY silva.cut_regulation_code (cut_regulation_code, description, effective_date, expiry_date, update_timestamp) FROM stdin;
BBR	Bark Beetle Regulation	2006-08-09 00:00:00	9999-12-31 00:00:00	2007-06-02 09:58:28
\.


--
-- Data for Name: data_source_code; Type: TABLE DATA; Schema: silva; Owner: postgres
--

COPY silva.data_source_code (data_source_code, description, effective_date, expiry_date, update_timestamp) FROM stdin;
AP	Air Photo	1998-12-10 00:00:00	9999-12-31 00:00:00	2007-08-09 09:06:47
CDMS	CDMS	1999-10-27 00:00:00	9999-12-31 00:00:00	2007-08-09 09:06:47
FC1	Forest Cover Maps	1998-12-10 00:00:00	9999-12-31 00:00:00	2007-08-09 09:06:47
SAT	Satelite	1998-12-10 00:00:00	9999-12-31 00:00:00	2007-08-09 09:06:47
SUR	Survey	1998-12-10 00:00:00	9999-12-31 00:00:00	2007-08-09 09:06:47
TRIM	TRIM	1998-12-10 00:00:00	9999-12-31 00:00:00	2007-08-09 09:06:47
UNK	Unknown	1998-12-10 00:00:00	9999-12-31 00:00:00	2007-08-09 09:06:47
\.


--
-- Data for Name: disturbance_code; Type: TABLE DATA; Schema: silva; Owner: postgres
--

COPY silva.disturbance_code (disturbance_code, description, effective_date, expiry_date, update_timestamp) FROM stdin;
B	Burnt Wildfire	1905-01-01 00:00:00	9999-12-31 00:00:00	2012-03-12 12:02:27
C	Drought	2006-01-01 00:00:00	9999-12-31 00:00:00	2012-03-12 12:02:27
D	Disease	2006-01-01 00:00:00	9999-12-31 00:00:00	2012-03-12 12:02:27
E	Stand Enhancement	2012-03-12 00:00:00	9999-12-31 00:00:00	2012-03-12 12:02:27
F	Flood	1905-01-01 00:00:00	9999-12-31 00:00:00	2012-03-12 12:02:27
I	Slide	1905-01-01 00:00:00	9999-12-31 00:00:00	2012-03-12 12:02:27
L	Logged	1905-01-01 00:00:00	9999-12-31 00:00:00	2012-03-12 12:02:27
P	Pest (beetle)	1905-01-01 00:00:00	9999-12-31 00:00:00	2012-03-12 12:02:27
R	Rehabilitation	1905-01-01 00:00:00	9999-12-31 00:00:00	2012-03-12 12:02:27
S	Salvage	1905-01-01 00:00:00	9999-12-31 00:00:00	2012-03-12 12:02:27
W	Windblow	1905-01-01 00:00:00	9999-12-31 00:00:00	2012-03-12 12:02:27
\.


--
-- Data for Name: feature_classes; Type: TABLE DATA; Schema: silva; Owner: postgres
--

COPY silva.feature_classes (feature_class_skey, group_name_cd, name, feature_type_cd, data_maturity_cd, overlapping_feature_ind, span_tile_ind, derived_data_ind, mandatory_metadata_ind, custodian_org_unit_cd, data_standards_manager, steward_org_unit_cd, extended_org_unit_cd, extended_data_contact, discipline_standard_cd, collection_process, entry_timestamp, entry_userid, update_timestamp, update_userid, description, comments) FROM stdin;
\.


--
-- Data for Name: file_client_type_code; Type: TABLE DATA; Schema: silva; Owner: postgres
--

COPY silva.file_client_type_code (file_client_type_code, description, effective_date, expiry_date, update_timestamp) FROM stdin;
A	Licensee	1905-01-01 00:00:00	9999-12-31 00:00:00	2014-08-22 08:12:54
B	Joint Venture/Partner	1905-01-01 00:00:00	9999-12-31 00:00:00	2014-08-22 08:12:54
C	Previous Main Licensee	1905-01-01 00:00:00	9999-12-31 00:00:00	2014-08-22 08:12:54
D	Applicant	1905-01-01 00:00:00	9999-12-31 00:00:00	2014-08-22 08:12:54
E	Contractor	1905-01-01 00:00:00	9999-12-31 00:00:00	2014-08-22 08:12:54
F	Non-Licensed Commercial Operator	1905-01-01 00:00:00	9999-12-31 00:00:00	2014-08-22 08:12:54
G	Non-Commercial Licensed Operator	1905-01-01 00:00:00	9999-12-31 00:00:00	2014-08-22 08:12:54
H	Licensed Commercial Rec. Operator	1905-01-01 00:00:00	9999-12-31 00:00:00	2014-08-22 08:12:54
I	Club/Association/Society	1905-01-01 00:00:00	9999-12-31 00:00:00	2014-08-22 08:12:54
J	General Public	1905-01-01 00:00:00	9999-12-31 00:00:00	2014-08-22 08:12:54
K	Volunteer	1905-01-01 00:00:00	9999-12-31 00:00:00	2014-08-22 08:12:54
L	Licensee Operating Division	1905-01-01 00:00:00	9999-12-31 00:00:00	2014-08-22 08:12:54
M	Previous Licensee Operating Division	2002-12-05 00:00:00	9999-12-31 00:00:00	2014-08-22 08:12:54
O	Silviculture Obligation	2003-06-02 00:00:00	9999-12-31 00:00:00	2014-08-22 08:12:54
P	Previous Joint Venture/Partner	2002-10-22 00:00:00	9999-12-31 00:00:00	2014-08-22 08:12:54
R	RESULTS Silviculture Obligation	2014-02-11 00:00:00	9999-12-31 00:00:00	2014-08-22 08:12:54
S	Appraisals & Billing Mailing	1905-01-01 00:00:00	9999-12-31 00:00:00	2014-08-22 08:12:54
\.


--
-- Data for Name: file_type_code; Type: TABLE DATA; Schema: silva; Owner: postgres
--

COPY silva.file_type_code (file_type_code, description, effective_date, expiry_date, update_timestamp) FROM stdin;
A01	Forest Licence	1905-01-01 00:00:00	9999-12-31 00:00:00	2014-12-02 08:24:18
A02	Tree Farm Licence	1905-01-01 00:00:00	9999-12-31 00:00:00	2014-12-02 08:24:18
A03	TSL Major, with AAC	1905-01-01 00:00:00	9999-12-31 00:00:00	2014-12-02 08:24:18
A04	Woodlot Licence	1905-01-01 00:00:00	9999-12-31 00:00:00	2014-12-02 08:24:18
A05	Timber Sale Harvesting Licence	1905-01-01 00:00:00	9999-12-31 00:00:00	2014-12-02 08:24:18
A06	Timber Licence	1905-01-01 00:00:00	9999-12-31 00:00:00	2014-12-02 08:24:18
A07	Pulp Licence	1905-01-01 00:00:00	9999-12-31 00:00:00	2014-12-02 08:24:18
A08	Wood Pulp Lease	1905-01-01 00:00:00	9999-12-31 00:00:00	2014-12-02 08:24:18
A09	Timber Berth	1905-01-01 00:00:00	9999-12-31 00:00:00	2014-12-02 08:24:18
A10	Watershed Agreement	1905-01-01 00:00:00	9999-12-31 00:00:00	2014-12-02 08:24:18
A11	Master Licence to Cut Sec 47.4	1997-10-16 00:00:00	9999-12-31 00:00:00	2014-12-02 08:24:18
A18	Forestry Licence to Cut with Cutting Permits	2003-09-24 00:00:00	9999-12-31 00:00:00	2014-12-02 08:24:18
A20	SB TSL S20 multi-mark	1905-01-01 00:00:00	9999-12-31 00:00:00	2014-12-02 08:24:18
A21	SB Direct TSL S23 multi-mark	1905-01-01 00:00:00	9999-12-31 00:00:00	2014-12-02 08:24:18
A22	SB TSL S72/73 multi-mark	1905-01-01 00:00:00	9999-12-31 00:00:00	2014-12-02 08:24:18
A23	SB TSL S21 Bid Proposal multi-mark	1905-01-01 00:00:00	9999-12-31 00:00:00	2014-12-02 08:24:18
A24	SB TSL S21 Special Bid Proposal multi-mark	1905-01-01 00:00:00	9999-12-31 00:00:00	2014-12-02 08:24:18
A25	SB Non-Replaceable Forest Licence S13 (1.1) CPs	1998-05-14 00:00:00	9999-12-31 00:00:00	2014-12-02 08:24:18
A26	SB TSL S21 Bid Proposal CPs	1998-05-14 00:00:00	9999-12-31 00:00:00	2014-12-02 08:24:18
A27	SB TSL S20 CPs	2001-06-28 00:00:00	9999-12-31 00:00:00	2014-12-02 08:24:18
A28	Community Forest Agreement	1905-01-01 00:00:00	9999-12-31 00:00:00	2014-12-02 08:24:18
A29	First Nations Woodlands Tenure	2003-07-02 00:00:00	9999-12-31 00:00:00	2014-12-02 08:24:18
A30	Consolidated Timber Licence	1905-01-01 00:00:00	9999-12-31 00:00:00	2014-12-02 08:24:18
A31	Community Salvage Licence	2003-09-24 00:00:00	9999-12-31 00:00:00	2014-12-02 08:24:18
A41	Forest Licence, Sec 47.3 F.A.	2003-07-02 00:00:00	9999-12-31 00:00:00	2014-12-02 08:24:18
A44	Woodlot Licence, Sec 47.3 F.A.	2003-07-02 00:00:00	9999-12-31 00:00:00	2014-12-02 08:24:18
B01	Road Permit	1905-01-01 00:00:00	2018-06-01 00:00:00	2014-12-02 08:24:18
B02	Christmas Tree Permit	1905-01-01 00:00:00	9999-12-31 00:00:00	2014-12-02 08:24:18
B03	Oil & Gas Licence to Cut	1905-01-01 00:00:00	9999-12-31 00:00:00	2014-12-02 08:24:18
B04	Forestry Licence To Cut, Sec 47.3 F.A.	2003-07-02 00:00:00	9999-12-31 00:00:00	2014-12-02 08:24:18
B05	Occupant Licence To Cut	1905-01-01 00:00:00	9999-12-31 00:00:00	2014-12-02 08:24:18
B06	Occupant Licence To Cut, Short Form	1905-01-01 00:00:00	9999-12-31 00:00:00	2014-12-02 08:24:18
B07	Forestry Licence to Cut	2003-09-24 00:00:00	9999-12-31 00:00:00	2014-12-02 08:24:18
B08	Exportable Crown Grant	1905-01-01 00:00:00	9999-12-31 00:00:00	2014-12-02 08:24:18
B09	Non-Exportable Crown Grant	1905-01-01 00:00:00	9999-12-31 00:00:00	2014-12-02 08:24:18
B10	Free Use Permit	1905-01-01 00:00:00	9999-12-31 00:00:00	2014-12-02 08:24:18
B11	Special Mark	1905-01-01 00:00:00	9999-12-31 00:00:00	2014-12-02 08:24:18
B12	Right of Way	1905-01-01 00:00:00	9999-12-31 00:00:00	2014-12-02 08:24:18
B13	Dominion Patented Lands Timber Reserve	1905-01-01 00:00:00	9999-12-31 00:00:00	2014-12-02 08:24:18
B14	Indian Reserve	1905-01-01 00:00:00	9999-12-31 00:00:00	2014-12-02 08:24:18
B15	Letter of Marking Authority - Exporta	1905-01-01 00:00:00	9999-12-31 00:00:00	2014-12-02 08:24:18
B16	Letter of Marking Authority - Non-Exp	1905-01-01 00:00:00	9999-12-31 00:00:00	2014-12-02 08:24:18
B17	Log Salvage - Beachcomb	1905-01-01 00:00:00	9999-12-31 00:00:00	2014-12-02 08:24:18
B20	SB TSL S20 single mark	1905-01-01 00:00:00	9999-12-31 00:00:00	2014-12-02 08:24:18
B21	SB Direct TSL S23 single mark	1905-01-01 00:00:00	9999-12-31 00:00:00	2014-12-02 08:24:18
B22	SB TSL S72/73 single mark	1905-01-01 00:00:00	9999-12-31 00:00:00	2014-12-02 08:24:18
B23	SB TSL S21 Bid Proposal single mark	1905-01-01 00:00:00	9999-12-31 00:00:00	2014-12-02 08:24:18
B40	Forest Service Road	2000-05-12 00:00:00	2018-06-01 00:00:00	2014-12-02 08:24:18
B41	Road Use Permit	2000-05-12 00:00:00	2018-06-01 00:00:00	2014-12-02 08:24:18
B50	Botanical Forest Products Licence	1905-01-01 00:00:00	9999-12-31 00:00:00	2014-12-02 08:24:18
C01	Administrative Area	1905-01-01 00:00:00	9999-12-31 00:00:00	2014-12-02 08:24:18
E01	Grazing Licence	1905-01-01 00:00:00	9999-12-31 00:00:00	2014-12-02 08:24:18
E02	Grazing Permit	1905-01-01 00:00:00	9999-12-31 00:00:00	2014-12-02 08:24:18
E03	Non-Replaceable Grazing Permit	1905-01-01 00:00:00	2004-12-31 00:00:00	2014-12-02 08:24:18
F01	Wilderness Area	1905-01-01 00:00:00	2003-08-14 00:00:00	2014-12-02 08:24:18
F02	Untenured Area	1905-01-01 00:00:00	9999-12-31 00:00:00	2014-12-02 08:24:18
F03	UREP OIC Reserve	1905-01-01 00:00:00	9999-12-31 00:00:00	2014-12-02 08:24:18
F04	UREP Map Reserve	1905-01-01 00:00:00	9999-12-31 00:00:00	2014-12-02 08:24:18
F05	Recreation	1905-01-01 00:00:00	9999-12-31 00:00:00	2014-12-02 08:24:18
H01	Haycutting Licence	1905-01-01 00:00:00	9999-12-31 00:00:00	2014-12-02 08:24:18
H02	Haycutting Permit	1905-01-01 00:00:00	9999-12-31 00:00:00	2014-12-02 08:24:18
H03	Non-Replaceable Haycutting Permit	1905-01-01 00:00:00	2004-12-31 00:00:00	2014-12-02 08:24:18
I01	Stock Range	1905-01-01 00:00:00	9999-12-31 00:00:00	2014-12-02 08:24:18
I02	Range Unit	1905-01-01 00:00:00	9999-12-31 00:00:00	2014-12-02 08:24:18
I03	Ranch Base	1905-01-01 00:00:00	9999-12-31 00:00:00	2014-12-02 08:24:18
J01	Boom-Chain Brand	1905-01-01 00:00:00	9999-12-31 00:00:00	2014-12-02 08:24:18
J02	Marine Log Brand	1905-01-01 00:00:00	9999-12-31 00:00:00	2014-12-02 08:24:18
M01	Map Notation	2005-03-08 00:00:00	9999-12-31 00:00:00	2014-12-02 08:24:18
P01	Pulpwood Agreement	1905-01-01 00:00:00	9999-12-31 00:00:00	2014-12-02 08:24:18
Q01	Communication Site	2005-03-08 00:00:00	9999-12-31 00:00:00	2014-12-02 08:24:18
Q02	Non Status Road	2005-03-08 00:00:00	2018-06-01 00:00:00	2014-12-02 08:24:18
Q03	Real Property Project	2005-03-08 00:00:00	9999-12-31 00:00:00	2014-12-02 08:24:18
S01	Special Use Permit, Forest	1905-01-01 00:00:00	9999-12-31 00:00:00	2014-12-02 08:24:18
S02	Special Use Permit, Non-Forest	1905-01-01 00:00:00	9999-12-31 00:00:00	2014-12-02 08:24:18
T01	Timber Trespass	1905-01-01 00:00:00	9999-12-31 00:00:00	2014-12-02 08:24:18
U1	BCTS Licence # only	2003-07-02 00:00:00	9999-12-31 00:00:00	2014-12-02 08:24:18
U2	BCTS Licence # & Mark Designate	2003-07-02 00:00:00	9999-12-31 00:00:00	2014-12-02 08:24:18
\.


--
-- Data for Name: fire_harvesting_reason_code; Type: TABLE DATA; Schema: silva; Owner: postgres
--

COPY silva.fire_harvesting_reason_code (fire_harvesting_reason_code, description, effective_date, expiry_date, update_timestamp) FROM stdin;
PREVENTION	Harvesting of materials for fire prevention	2024-04-01 00:00:00	9999-12-31 00:00:00	2024-04-18 11:54:20
RESTORE	Harvesting of materials for restoration	2024-04-01 00:00:00	9999-12-31 00:00:00	2024-04-18 11:54:20
SALVAGE	Salvage of burned timber	2024-04-01 00:00:00	9999-12-31 00:00:00	2024-04-18 11:54:20
\.


--
-- Data for Name: for_client_link; Type: TABLE DATA; Schema: silva; Owner: postgres
--

COPY silva.for_client_link (for_client_link_skey, forest_file_id, cutting_permit_id, cut_block_id, file_client_type, client_number, client_locn_code, licensee_start_dt, licensee_end_date, entry_userid, entry_timestamp, update_userid, update_timestamp, revision_count) FROM stdin;
\.


--
-- Data for Name: forest_client; Type: TABLE DATA; Schema: silva; Owner: postgres
--

COPY silva.forest_client (client_number, client_name, legal_first_name, legal_middle_name, client_status_code, client_type_code, birthdate, client_id_type_code, client_identification, registry_company_type_code, corp_regn_nmbr, client_acronym, wcb_firm_number, ocg_supplier_nmbr, client_comment, add_timestamp, add_userid, add_org_unit, update_timestamp, update_userid, update_org_unit, revision_count) FROM stdin;
00010002	SKYWALKERS RANCH	\N	\N	ACT	C	\N	\N	\N	BC	0010002	\N	\N	\N	\N	2025-08-25 11:40:18	BCEID\\ASKYWALKER	1	2025-08-25 11:40:18	BCEID\\ASKYWALKER	1	1
00010003	THE CONTINENTAL	\N	\N	ACT	C	\N	\N	\N	BC	0010003	\N	\N	\N	\N	2025-08-25 11:40:18	IDIR\\BOWERY	1	2025-08-25 11:40:18	IDIR\\BOWERY	1	3
00010004	PARABELLUM	\N	\N	ACT	C	\N	\N	\N	BC	0010004	\N	\N	\N	\N	2025-08-25 11:40:18	IDIR\\BOWERY	1	2025-08-25 11:40:18	IDIR\\BOWERY	1	3
00010005	BALLERINA	\N	\N	ACT	C	\N	\N	\N	BC	0010005	\N	\N	\N	\N	2025-08-25 11:40:18	IDIR\\BOWERY	1	2025-08-25 11:40:18	IDIR\\BOWERY	1	3
00010006	THOUSAND SUNNY	\N	\N	ACT	C	\N	\N	\N	BC	0010006	\N	\N	\N	\N	2025-08-25 11:40:18	IDIR\\BOWERY	1	2025-08-25 11:40:18	IDIR\\BOWERY	1	3
00010008	GOING MERRY	\N	\N	ACT	C	\N	\N	\N	BC	0010008	\N	\N	\N	\N	2025-08-25 11:40:18	IDIR\\BOWERY	1	2025-08-25 11:40:18	IDIR\\BOWERY	1	3
\.


--
-- Data for Name: forest_cover; Type: TABLE DATA; Schema: silva; Owner: postgres
--

COPY silva.forest_cover (forest_cover_id, opening_id, stocking_standard_unit_id, silv_polygon_no, silv_polygon_area, silv_polygon_net_area, stocking_class_code, stocking_status_code, stocking_type_code, reference_year, reentry_year, site_class_code, site_index, site_index_source_code, silv_reserve_code, silv_reserve_objective_code, tree_species_code, tree_cover_pattern_code, results_submission_id, entry_userid, entry_timestamp, update_userid, update_timestamp, revision_count) FROM stdin;
2648982	101017	194833	A1	9.1	8.1	\N	IMM	ART	2012	\N	\N	33	H	\N	\N	HW	\N	1110983	BCEID\\ASKYWALKER	2004-11-29 10:08:00	BCEID\\ASKYWALKER	2012-05-02 10:41:30	6
2648983	101017	194837	B2	1.0	1.0	\N	IMM	ART	2012	\N	\N	33	H	\N	\N	HW	\N	1110983	BCEID\\ASKYWALKER	2004-11-29 10:08:00	BCEID\\ASKYWALKER	2012-05-02 10:41:30	5
2648984	101017	\N	1	1.3	1.3	\N	IMM	NAT	2000	\N	\N	27	H	G	RMA	\N	\N	1110983	BCEID\\ASKYWALKER	2004-11-29 10:08:00	BCEID\\ASKYWALKER	2012-05-02 10:41:30	1
2648985	101017	\N	2	1.4	1.4	\N	IMM	NAT	2000	\N	\N	33	H	G	TIM	\N	\N	1110983	BCEID\\ASKYWALKER	2004-11-29 10:08:00	BCEID\\ASKYWALKER	2012-05-02 10:41:30	1
2648986	101017	\N	3	3.9	3.9	\N	IMM	NAT	2000	\N	\N	39	H	G	WTR	\N	\N	1110983	BCEID\\ASKYWALKER	2004-11-29 10:08:00	BCEID\\ASKYWALKER	2012-05-02 10:41:30	1
3679043	1009974	\N	X	2.6	2.6	\N	NP	UNN	2004	\N	\N	\N	\N	\N	\N	CW	\N	1738903	BCEID\\DBRYANTWFP	2008-09-12 14:02:42	BCEID\\DBRYANTWFP	2018-01-26 09:33:01	1
3679044	1009974	\N	T	8.1	8.1	\N	MAT	NAT	2004	\N	\N	\N	\N	G	OTH	CW	\N	1738903	BCEID\\DBRYANTWFP	2008-09-12 14:02:42	BCEID\\DBRYANTWFP	2018-01-26 09:33:01	1
3679045	1009974	\N	W	2.6	2.6	\N	MAT	NAT	2004	\N	\N	\N	\N	G	WTR	CW	\N	1738903	BCEID\\DBRYANTWFP	2008-09-12 14:02:42	BCEID\\DBRYANTWFP	2018-01-26 09:33:01	1
3679046	1009974	1013720	A	25.5	25.5	\N	IMM	ART	2017	\N	\N	23	E	N	\N	CW	\N	1738903	BCEID\\DBRYANTWFP	2008-09-12 14:02:42	BCEID\\DBRYANTWFP	2018-01-26 09:33:01	2
2867527	1524010	\N	A	5.6	5.6	\N	IMM	ART	2012	\N	\N	35	C	\N	\N	FDC	\N	1207178	IDIR\\PANAMERICAN	2013-03-27 00:00:00	IDIR\\PANAMERICAN	2013-03-27 12:36:29	2
2867528	1524010	\N	B	21.9	21.9	\N	IMM	ART	2012	\N	\N	40	C	\N	\N	HW	\N	1207178	IDIR\\PANAMERICAN	2013-03-27 00:00:00	IDIR\\PANAMERICAN	2013-03-27 12:36:29	2
3634219	1541296	\N	RS1	0.5	0.5	\N	MAT	NAT	2010	\N	\N	19	H	G	WTR	PLI	\N	1717504	BCEID\\OTWIST	2017-11-15 00:00:00	BCEID\\OTWIST	2017-11-15 15:57:45	2
3634220	1541296	1894782	1	5.2	5.2	\N	IMM	ART	2017	\N	\N	19	E	\N	\N	PLI	\N	1717504	BCEID\\OTWIST	2017-11-15 00:00:00	BCEID\\OTWIST	2017-11-15 15:57:45	2
3634221	1541296	\N	R	0.3	0.3	\N	NP	UNN	2013	\N	\N	\N	\N	\N	\N	PLI	\N	1717504	BCEID\\OTWIST	2017-11-15 00:00:00	BCEID\\OTWIST	2017-11-15 15:57:45	1
3916898	1725701	\N	W2	4.0	4.0	\N	MAT	NAT	2018	\N	\N	18	E	G	WTR	LW	\N	1914074	BCEID\\JTHOMPSON16	2019-11-06 00:00:00	BCEID\\JTHOMPSON16	2019-11-06 16:41:25	1
3916899	1725701	\N	W3	2.5	2.5	\N	MAT	NAT	2018	\N	\N	18	E	G	WTR	LW	\N	1914074	BCEID\\JTHOMPSON16	2019-11-06 00:00:00	BCEID\\JTHOMPSON16	2019-11-06 16:41:25	1
3916900	1725701	\N	W4	0.5	0.5	\N	MAT	NAT	2018	\N	\N	18	E	G	WTR	LW	\N	1914074	BCEID\\JTHOMPSON16	2019-11-06 00:00:00	BCEID\\JTHOMPSON16	2019-11-06 16:41:25	1
3916901	1725701	\N	W5	0.7	0.7	\N	MAT	NAT	2018	\N	\N	18	E	G	WTR	LW	\N	1914074	BCEID\\JTHOMPSON16	2019-11-06 00:00:00	BCEID\\JTHOMPSON16	2019-11-06 16:41:25	1
3916902	1725701	\N	W6	0.9	0.9	\N	MAT	NAT	2018	\N	\N	18	E	G	WTR	LW	\N	1914074	BCEID\\JTHOMPSON16	2019-11-06 00:00:00	BCEID\\JTHOMPSON16	2019-11-06 16:41:25	1
3916903	1725701	\N	W7	0.1	0.1	\N	MAT	NAT	2018	\N	\N	18	E	G	WTR	LW	\N	1914074	BCEID\\JTHOMPSON16	2019-11-06 00:00:00	BCEID\\JTHOMPSON16	2019-11-06 16:41:25	1
3916904	1725701	\N	W8	1.7	1.7	\N	MAT	NAT	2018	\N	\N	18	E	G	WTR	LW	\N	1914074	BCEID\\JTHOMPSON16	2019-11-06 00:00:00	BCEID\\JTHOMPSON16	2019-11-06 16:41:25	1
3916905	1725701	\N	W9	0.5	0.5	\N	MAT	NAT	2018	\N	\N	18	E	G	WTR	LW	\N	1914074	BCEID\\JTHOMPSON16	2019-11-06 00:00:00	BCEID\\JTHOMPSON16	2019-11-06 16:41:25	1
3916906	1725701	\N	Z	2.6	2.6	\N	NP	RD	2018	\N	\N	\N	\N	\N	\N	LW	\N	1914074	BCEID\\JTHOMPSON16	2019-11-06 00:00:00	BCEID\\JTHOMPSON16	2019-11-06 16:41:25	1
3916894	1725701	2246575	A	13.4	13.4	\N	IMM	ART	2019	\N	\N	24	E	\N	\N	PW	\N	1914074	BCEID\\JTHOMPSON16	2019-11-06 00:00:00	BCEID\\JTHOMPSON16	2019-11-06 16:41:25	2
3916895	1725701	2246574	B	9.7	9.7	\N	IMM	ART	2019	\N	\N	24	E	\N	\N	PW	\N	1914074	BCEID\\JTHOMPSON16	2019-11-06 00:00:00	BCEID\\JTHOMPSON16	2019-11-06 16:41:25	2
3916896	1725701	2246576	C	6.0	6.0	\N	IMM	ART	2019	\N	\N	24	E	\N	\N	PW	\N	1914074	BCEID\\JTHOMPSON16	2019-11-06 00:00:00	BCEID\\JTHOMPSON16	2019-11-06 16:41:25	2
3916897	1725701	\N	W1	0.1	0.1	\N	MAT	NAT	2018	\N	\N	18	E	G	WTR	LW	\N	1914074	BCEID\\JTHOMPSON16	2019-11-06 00:00:00	BCEID\\JTHOMPSON16	2019-11-06 16:41:25	1
2289820	1092357	1153275	1a	28.9	28.9	\N	IMM	ART	2010	\N	\N	15	E	\N	\N	PLI	\N	853898	IDIR\\JOASHDOW	2009-11-04 10:30:48	IDIR\\JOASHDOW	2010-10-25 12:53:15	7
2289821	1092357	1153274	2a	13.7	13.7	\N	IMM	ART	2010	\N	\N	21	E	\N	\N	BL	\N	853898	IDIR\\JOASHDOW	2009-11-04 10:30:48	IDIR\\JOASHDOW	2010-10-25 12:53:15	7
2289822	1092357	1153274	2b	8.5	8.5	\N	IMM	ART	2009	\N	\N	15	E	\N	\N	SE	\N	853898	IDIR\\JOASHDOW	2009-11-04 10:30:48	IDIR\\JOASHDOW	2010-10-25 12:53:15	7
2289823	1092357	\N	WTP	3.4	3.4	\N	RES	NAT	2006	\N	\N	16	H	G	WTR	\N	\N	853898	IDIR\\JOASHDOW	2009-11-04 10:30:48	IDIR\\JOASHDOW	2010-10-25 12:53:15	1
2289824	1092357	\N	PAS	2.5	2.5	\N	NP	UNN	2006	\N	\N	\N	\N	\N	\N	\N	\N	853898	IDIR\\JOASHDOW	2009-11-04 10:30:48	IDIR\\JOASHDOW	2010-10-25 12:53:15	1
4656974	1480130	1795272	A1	3.0	2.5	\N	IMM	ART	2020	\N	\N	22	E	\N	\N	AT	\N	\N	IDIR\\CAROWOOD	2012-09-26 00:00:00	IDIR\\CAROWOOD	2025-04-25 09:31:55	2
4563462	1777756	2367701	1	6.1	6.1	\N	IMM	ART	2024	\N	\N	35	E	\N	\N	FDC	\N	2366349	IDIR\\CENNIS	2024-09-04 00:00:00	IDIR\\CENNIS	2024-09-04 14:09:59	2
4563463	1777756	\N	PAS	0.4	0.4	\N	NP	RD	2023	\N	\N	\N	\N	\N	\N	FDC	\N	2366349	IDIR\\CENNIS	2024-09-04 00:00:00	IDIR\\CENNIS	2024-09-04 14:09:59	1
4563464	1777756	\N	WTRA	1.6	1.6	\N	MAT	NAT	2023	\N	\N	30	E	G	WTR	FDC	\N	2366349	IDIR\\CENNIS	2024-09-04 00:00:00	IDIR\\CENNIS	2024-09-04 14:09:59	2
4401631	1761935	\N	3	2.2	2.2	\N	MAT	NAT	2019	\N	\N	34	H	G	WTR	FDC	\N	2247022	BCEID\\ALEXANDRA.VALLEE	2022-05-07 00:00:00	BCEID\\ALEXANDRA.VALLEE	2023-03-23 13:58:32	1
4401624	1761935	2333293	A1	22.0	20.4	\N	IMM	ART	2022	\N	\N	34	E	\N	\N	FDC	\N	2247022	BCEID\\ALEXANDRA.VALLEE	2022-05-07 00:00:00	BCEID\\ALEXANDRA.VALLEE	2023-03-23 13:58:32	2
4401625	1761935	2333294	B2	3.4	3.3	\N	IMM	ART	2022	\N	\N	24	E	\N	\N	FDC	\N	2247022	BCEID\\ALEXANDRA.VALLEE	2022-05-07 00:00:00	BCEID\\ALEXANDRA.VALLEE	2023-03-23 13:58:32	2
4401626	1761935	2333295	C3	1.2	1.1	\N	IMM	ART	2022	\N	\N	32	E	\N	\N	CW	\N	2247022	BCEID\\ALEXANDRA.VALLEE	2022-05-07 00:00:00	BCEID\\ALEXANDRA.VALLEE	2023-03-23 13:58:32	2
4401627	1761935	2333293	A	1.6	0.0	\N	NSR	PL	2021	\N	\N	33	H	\N	\N	FDC	\N	2247022	BCEID\\ALEXANDRA.VALLEE	2022-05-07 00:00:00	BCEID\\ALEXANDRA.VALLEE	2023-03-23 13:58:32	1
4401628	1761935	2333294	B	0.1	0.0	\N	NSR	PL	2021	\N	\N	33	H	\N	\N	FDC	\N	2247022	BCEID\\ALEXANDRA.VALLEE	2022-05-07 00:00:00	BCEID\\ALEXANDRA.VALLEE	2023-03-23 13:58:32	1
4401629	1761935	2333295	C	0.1	0.0	\N	NSR	PL	2021	\N	\N	33	H	\N	\N	FDC	\N	2247022	BCEID\\ALEXANDRA.VALLEE	2022-05-07 00:00:00	BCEID\\ALEXANDRA.VALLEE	2023-03-23 13:58:32	1
4401630	1761935	\N	2	2.9	2.9	\N	MAT	NAT	2019	\N	\N	36	H	G	RMA	FDC	\N	2247022	BCEID\\ALEXANDRA.VALLEE	2022-05-07 00:00:00	BCEID\\ALEXANDRA.VALLEE	2023-03-23 13:58:32	1
3621310	1589595	1120544	1	61.7	61.7	\N	IMM	NAT	2017	\N	\N	18	E	\N	\N	PLI	\N	1707770	BCEID\\SJONES12	2014-02-26 00:00:00	BCEID\\SJONES12	2017-10-06 12:50:00	2
2638619	60000	101419	A1	13.3	13.3	\N	IMM	ART	2011	\N	\N	12	E	\N	\N	PLI	\N	1106043	BCEID\\DSCOTT	2002-04-26 00:00:00	BCEID\\DSCOTT	2012-04-16 08:37:31	5
2638620	60000	101420	B2	10.1	10.1	\N	IMM	NAT	2011	\N	\N	15	E	\N	\N	PLI	\N	1106043	BCEID\\DSCOTT	2002-04-26 00:00:00	BCEID\\DSCOTT	2012-04-16 08:37:31	5
2638621	60000	101421	C3	10.5	10.5	\N	IMM	ART	2011	\N	\N	15	E	\N	\N	SX	\N	1106043	BCEID\\DSCOTT	2002-04-26 00:00:00	BCEID\\DSCOTT	2012-04-16 08:37:31	6
2638622	60000	101422	D4	1.9	1.9	\N	IMM	ART	2011	\N	\N	6	E	\N	\N	SX	\N	1106043	BCEID\\DSCOTT	2002-04-26 00:00:00	BCEID\\DSCOTT	2012-04-16 08:37:31	7
2638623	60000	\N	E	9.3	9.3	\N	MAT	NAT	2001	\N	\N	15	H	G	WTR	PLI	\N	1106043	BCEID\\DSCOTT	2002-04-26 00:00:00	BCEID\\DSCOTT	2012-04-16 08:37:31	3
2638624	60000	\N	L	2.6	2.6	\N	NP	UNN	2006	\N	\N	\N	\N	\N	\N	\N	\N	1106043	BCEID\\DSCOTT	2002-04-26 00:00:00	BCEID\\DSCOTT	2012-04-16 08:37:31	1
4646154	1796497	2413381	A	6.3	6.3	\N	NSR	PL	2024	\N	\N	14	H	\N	\N	AT	\N	2423241	IDIR\\JZAHND	2025-03-26 00:00:00	IDIR\\JZAHND	2025-03-26 14:48:22	2
1039802	1020124	1036408	A	20.0	19.0	\N	IMM	ART	2015	\N	\N	10	E	\N	\N	ACB	\N	\N	IDIR\\MTSOI	2016-03-29 00:00:00	IDIR\\MTSOI	2016-03-29 10:49:37	1
1039803	1020124	1036409	B	2.0	2.0	\N	MAT	NAT	2015	\N	\N	11	I	D	BIO	CW	\N	\N	IDIR\\MTSOI	2016-03-29 00:00:00	IDIR\\MTSOI	2016-03-29 10:49:37	1
3416434	1004185	1006417	A	31.1	27.7	\N	IMM	ART	2015	\N	\N	36	H	\N	\N	FDC	\N	1513319	BCEID\\TROGODIN	2008-04-24 15:30:37	BCEID\\TROGODIN	2016-04-11 21:52:11	2
3416435	1004185	1006416	B	1.6	1.6	\N	IMM	ART	2015	\N	\N	36	H	\N	\N	HW	\N	1513319	BCEID\\TROGODIN	2008-04-24 15:30:37	BCEID\\TROGODIN	2016-04-11 21:52:11	2
3416436	1004185	\N	1	1.5	1.5	\N	IMM	NAT	2003	\N	\N	30	H	G	OTH	FDC	\N	1513319	BCEID\\TROGODIN	2008-04-24 15:30:37	BCEID\\TROGODIN	2016-04-11 21:52:11	1
3416437	1004185	\N	2	17.8	17.8	\N	IMM	NAT	2003	\N	\N	33	H	G	RMA	FDC	\N	1513319	BCEID\\TROGODIN	2008-04-24 15:30:37	BCEID\\TROGODIN	2016-04-11 21:52:11	1
3416438	1004185	\N	3	11.9	11.9	\N	IMM	NAT	2003	\N	\N	36	H	G	OTH	FDC	\N	1513319	BCEID\\TROGODIN	2008-04-24 15:30:37	BCEID\\TROGODIN	2016-04-11 21:52:11	1
3416439	1004185	\N	4	2.5	2.5	\N	IMM	NAT	2003	\N	\N	24	H	G	WTR	FDC	\N	1513319	BCEID\\TROGODIN	2008-04-24 15:30:37	BCEID\\TROGODIN	2016-04-11 21:52:11	1
367798	17247	105766	   1	47.1	43.2	0	IMM	ART	2000	\N	\N	18	M	N	\N	PLI	\N	\N	RESULTS_CONV	2003-11-16 13:52:37	BCOLBOUR	2001-06-18 15:26:28	1
\.


--
-- Data for Name: forest_cover_archive; Type: TABLE DATA; Schema: silva; Owner: postgres
--

COPY silva.forest_cover_archive (forest_cover_id, archive_date, opening_id, stocking_standard_unit_id, silv_polygon_no, silv_polygon_area, silv_polygon_net_area, stocking_class_code, stocking_type_code, stocking_status_code, reference_year, reentry_year, site_class_code, site_index, site_index_source_code, silv_reserve_code, silv_reserve_objective_code, tree_species_code, tree_cover_pattern_code, results_submission_id, entry_userid, entry_timestamp, update_userid, update_timestamp, revision_count) FROM stdin;
1021182	2012-05-02 00:00:00	101017	194833	A	8.1	8.1	\N	ART	IMM	2004	\N	\N	32	H	N	\N	FDC	\N	23925	IDIR\\JDOE	2004-11-29 10:08:00	IDIR\\JDOE	2004-11-29 10:08:00	8
1021183	2012-05-02 00:00:00	101017	194837	B	1.1	1.1	\N	NAT	IMM	2000	\N	\N	36	H	U	\N	FDC	\N	23925	IDIR\\JDOE	2004-11-29 10:08:00	IDIR\\JDOE	2004-11-29 10:08:00	4
1021184	2012-05-02 00:00:00	101017	\N	C	1.4	1.4	\N	NAT	IMM	2000	\N	\N	36	H	G	\N	FDC	\N	23925	IDIR\\JDOE	2004-11-29 10:08:00	IDIR\\JDOE	2004-11-29 10:08:00	4
1021185	2012-05-02 00:00:00	101017	\N	D	1.3	1.3	\N	NAT	IMM	2000	\N	\N	32	H	G	\N	FDC	\N	23925	IDIR\\JDOE	2004-11-29 10:08:00	IDIR\\JDOE	2004-11-29 10:08:00	3
1021186	2012-05-02 00:00:00	101017	\N	E	3.7	3.7	\N	NAT	IMM	2000	\N	\N	30	H	G	\N	FDC	\N	23925	IDIR\\JDOE	2004-11-29 10:08:00	IDIR\\JDOE	2004-11-29 10:08:00	3
1021187	2012-05-02 00:00:00	101017	\N	F	1.0	1.0	\N	UNN	NP	2001	\N	\N	\N	\N	N	\N	\N	\N	23925	IDIR\\JDOE	2004-11-29 10:08:00	IDIR\\JDOE	2004-11-29 10:08:00	1
681567	2004-11-29 00:00:00	101017	\N	B	1.0	1.0	\N	NAT	IMM	2000	\N	\N	36	H	U	\N	FDC	\N	\N	RESULTS_CONV	2003-11-16 16:18:30	MLSEDT	2002-06-11 11:22:51	1
681568	2004-11-29 00:00:00	101017	\N	C	1.4	1.4	\N	NAT	IMM	2000	\N	\N	36	H	G	\N	FDC	\N	\N	RESULTS_CONV	2003-11-16 16:18:30	MLSEDT	2002-06-11 11:22:52	1
681569	2004-11-29 00:00:00	101017	\N	D	1.3	1.3	\N	NAT	IMM	2000	\N	\N	32	H	G	\N	FDC	\N	\N	RESULTS_CONV	2003-11-16 16:18:30	MLSEDT	2002-06-11 11:22:53	1
681570	2004-11-29 00:00:00	101017	\N	A	7.9	7.9	\N	PL	NSR	2001	\N	\N	\N	\N	N	\N	\N	\N	\N	RESULTS_CONV	2003-11-16 16:18:30	MLSEDT	2002-06-11 11:22:54	1
681571	2004-11-29 00:00:00	101017	\N	E	3.7	3.7	\N	NAT	IMM	2000	\N	\N	30	H	G	\N	FDC	\N	\N	RESULTS_CONV	2003-11-16 16:18:30	MLSEDT	2002-06-11 11:22:54	1
681572	2004-11-29 00:00:00	101017	\N	F	1.3	1.3	\N	UNN	NP	2001	\N	\N	\N	\N	N	\N	\N	\N	\N	RESULTS_CONV	2003-11-16 16:18:30	MLSEDT	2002-06-11 11:22:55	1
1106508	2008-09-12 00:00:00	1009974	\N	X	2.6	2.6	\N	UNN	NP	2004	\N	\N	\N	\N	N	\N	\N	\N	68609	BCEID\\ASKYWALKER	2005-05-04 15:03:21	BCEID\\ASKYWALKER	2005-05-04 15:03:21	1
1106509	2008-09-12 00:00:00	1009974	1013720	A	25.5	25.5	\N	PL	NSR	2004	\N	\N	\N	\N	N	\N	\N	\N	68609	BCEID\\ASKYWALKER	2005-05-04 15:03:21	BCEID\\ASKYWALKER	2005-05-04 15:03:21	1
1106510	2008-09-12 00:00:00	1009974	\N	T	8.0	8.0	\N	NAT	MAT	2004	\N	\N	\N	\N	O	\N	\N	\N	68609	BCEID\\ASKYWALKER	2005-05-04 15:03:21	BCEID\\ASKYWALKER	2005-05-04 15:03:21	1
1106511	2008-09-12 00:00:00	1009974	\N	W	2.6	2.6	\N	NAT	MAT	2004	\N	\N	\N	\N	W	\N	\N	\N	68609	BCEID\\ASKYWALKER	2005-05-04 15:03:21	BCEID\\ASKYWALKER	2005-05-04 15:03:21	1
1860799	2018-01-26 00:00:00	1009974	\N	X	2.6	2.6	\N	UNN	NP	2004	\N	\N	\N	\N	N	\N	\N	\N	501684	BCEID\\ASKYWALKER	2008-09-12 14:02:42	BCEID\\ASKYWALKER	2008-09-12 14:02:42	1
1860800	2018-01-26 00:00:00	1009974	1013720	A	25.5	25.5	\N	ART	IMM	2007	\N	\N	24	E	N	\N	CW	\N	501684	BCEID\\ASKYWALKER	2008-09-12 14:02:42	BCEID\\ASKYWALKER	2008-09-12 14:02:42	8
1860801	2018-01-26 00:00:00	1009974	\N	T	8.1	8.1	\N	NAT	MAT	2004	\N	\N	\N	\N	O	\N	\N	\N	501684	BCEID\\ASKYWALKER	2008-09-12 14:02:42	BCEID\\ASKYWALKER	2008-09-12 14:02:42	1
1860802	2018-01-26 00:00:00	1009974	\N	W	2.6	2.6	\N	NAT	MAT	2004	\N	\N	\N	\N	W	\N	\N	\N	501684	BCEID\\ASKYWALKER	2008-09-12 14:02:42	BCEID\\ASKYWALKER	2008-09-12 14:02:42	1
\.


--
-- Data for Name: forest_cover_archive_geometry; Type: TABLE DATA; Schema: silva; Owner: postgres
--

COPY silva.forest_cover_archive_geometry (forest_cover_id, archive_date, geometry, feature_area, feature_perimeter, feature_class_skey, data_source_code, capture_method_code, observation_date, data_quality_comment, entry_userid, entry_timestamp, update_userid, update_timestamp, revision_count) FROM stdin;
\.


--
-- Data for Name: forest_cover_geometry; Type: TABLE DATA; Schema: silva; Owner: postgres
--

COPY silva.forest_cover_geometry (forest_cover_id, geometry, feature_area, feature_perimeter, capture_method_code, data_source_code, feature_class_skey, observation_date, data_quality_comment, entry_userid, entry_timestamp, update_userid, update_timestamp, revision_count) FROM stdin;
\.


--
-- Data for Name: forest_cover_layer; Type: TABLE DATA; Schema: silva; Owner: postgres
--

COPY silva.forest_cover_layer (forest_cover_id, forest_cover_layer_id, forest_cover_layer_code, stocking_type_code, stocking_status_code, total_stems_per_ha, total_well_spaced_stems_per_ha, well_spaced_stems_per_ha, free_growing_stems_per_ha, crown_closure_pct, basal_area, entry_userid, entry_timestamp, update_userid, update_timestamp, revision_count) FROM stdin;
2648982	3106815	I	\N	\N	2889	\N	\N	\N	1	\N	BCEID\\TCOUILLARD	2012-05-02 10:41:30	BCEID\\TCOUILLARD	2012-05-02 10:41:30	1
2648982	3106816	S	\N	\N	\N	1044	800	533	\N	\N	BCEID\\TCOUILLARD	2012-05-02 10:41:30	BCEID\\TCOUILLARD	2012-05-02 10:41:30	1
2648983	3106817	S	\N	\N	\N	933	800	800	\N	\N	BCEID\\TCOUILLARD	2012-05-02 10:41:30	BCEID\\TCOUILLARD	2012-05-02 10:41:30	1
2648983	3106818	I	\N	\N	2400	\N	\N	\N	65	\N	BCEID\\TCOUILLARD	2012-05-02 10:41:30	BCEID\\TCOUILLARD	2012-05-02 10:41:30	1
3679046	4159969	I	\N	\N	3462	\N	\N	\N	28	\N	BCEID\\DBRYANTWFP	2018-01-26 09:33:01	BCEID\\DBRYANTWFP	2018-01-26 09:33:01	1
3679046	4159970	S	\N	\N	\N	1169	881	835	\N	\N	BCEID\\DBRYANTWFP	2018-01-26 09:33:01	BCEID\\DBRYANTWFP	2018-01-26 09:33:01	1
2867527	3353537	I	\N	\N	940	\N	\N	\N	18	\N	IDIR\\JMCLARKE	2013-03-27 12:36:26	IDIR\\JMCLARKE	2013-03-27 12:36:26	1
2867527	3353538	S	\N	\N	\N	\N	720	720	\N	\N	IDIR\\JMCLARKE	2013-03-27 12:36:26	IDIR\\JMCLARKE	2013-03-27 12:36:26	1
2867528	3353539	I	\N	\N	881	\N	\N	\N	12	\N	IDIR\\JMCLARKE	2013-03-27 12:36:26	IDIR\\JMCLARKE	2013-03-27 12:36:26	1
2867528	3353540	S	\N	\N	\N	\N	723	\N	\N	\N	IDIR\\JMCLARKE	2013-03-27 12:36:26	IDIR\\JMCLARKE	2013-03-27 12:36:26	1
3634219	4113830	I	\N	\N	\N	\N	\N	\N	\N	\N	BCEID\\MWERRELL	2017-11-15 15:57:45	BCEID\\MWERRELL	2017-11-15 15:57:45	1
3634220	4113831	S	\N	\N	\N	1300	1300	\N	\N	\N	BCEID\\MWERRELL	2017-11-15 15:57:45	BCEID\\MWERRELL	2017-11-15 15:57:45	1
3634220	4113832	I	\N	\N	1737	\N	\N	\N	\N	\N	BCEID\\MWERRELL	2017-11-15 15:57:45	BCEID\\MWERRELL	2017-11-15 15:57:45	1
3916894	4374789	I	\N	\N	1396	\N	\N	\N	1	\N	BCEID\\JTHOMPSON16	2019-11-06 16:41:25	BCEID\\JTHOMPSON16	2019-11-06 16:41:25	1
3916894	4374790	S	\N	\N	\N	1396	1200	\N	\N	\N	BCEID\\JTHOMPSON16	2019-11-06 16:41:25	BCEID\\JTHOMPSON16	2019-11-06 16:41:25	1
3916895	4374791	I	\N	\N	1396	\N	\N	\N	1	\N	BCEID\\JTHOMPSON16	2019-11-06 16:41:25	BCEID\\JTHOMPSON16	2019-11-06 16:41:25	1
3916895	4374792	S	\N	\N	\N	1396	1200	\N	\N	\N	BCEID\\JTHOMPSON16	2019-11-06 16:41:25	BCEID\\JTHOMPSON16	2019-11-06 16:41:25	1
3916896	4374793	I	\N	\N	1396	\N	\N	\N	1	\N	BCEID\\JTHOMPSON16	2019-11-06 16:41:25	BCEID\\JTHOMPSON16	2019-11-06 16:41:25	1
3916896	4374794	S	\N	\N	\N	1396	1200	\N	\N	\N	BCEID\\JTHOMPSON16	2019-11-06 16:41:25	BCEID\\JTHOMPSON16	2019-11-06 16:41:25	1
2289820	2671346	I	\N	\N	5470	\N	\N	\N	3	\N	IDIR\\JOASHDOW	2010-10-25 12:53:15	IDIR\\JOASHDOW	2010-10-25 12:53:15	1
2289820	2671347	S	\N	\N	\N	1170	1170	0	\N	\N	IDIR\\JOASHDOW	2010-10-25 12:53:15	IDIR\\JOASHDOW	2010-10-25 12:53:15	1
2289821	2671348	S	\N	\N	\N	1160	1160	0	\N	\N	IDIR\\JOASHDOW	2010-10-25 12:53:15	IDIR\\JOASHDOW	2010-10-25 12:53:15	1
2289821	2671349	I	\N	\N	6580	\N	\N	\N	3	\N	IDIR\\JOASHDOW	2010-10-25 12:53:15	IDIR\\JOASHDOW	2010-10-25 12:53:15	1
2289822	2671350	I	\N	\N	4077	\N	\N	\N	4	\N	IDIR\\JOASHDOW	2010-10-25 12:53:15	IDIR\\JOASHDOW	2010-10-25 12:53:15	1
2289822	2671351	S	\N	\N	\N	1215	1154	92	\N	\N	IDIR\\JOASHDOW	2010-10-25 12:53:15	IDIR\\JOASHDOW	2010-10-25 12:53:15	1
2289823	2671352	I	\N	\N	\N	\N	\N	\N	\N	\N	IDIR\\JOASHDOW	2010-10-25 12:53:15	IDIR\\JOASHDOW	2010-10-25 12:53:15	1
4656974	5057982	I	\N	\N	500	450	\N	\N	\N	\N	IDIR\\CAROWOOD	2025-04-25 09:31:55	IDIR\\CAROWOOD	2025-04-25 09:31:55	1
4656974	5057983	S	\N	\N	\N	450	400	\N	\N	\N	IDIR\\CAROWOOD	2025-04-25 09:31:55	IDIR\\CAROWOOD	2025-04-25 09:31:55	1
4563462	4964767	I	\N	\N	1167	\N	\N	\N	1	\N	IDIR\\CENNIS	2024-09-04 14:09:59	IDIR\\CENNIS	2024-09-04 14:09:59	1
4563462	4964768	S	\N	\N	\N	1133	900	0	\N	\N	IDIR\\CENNIS	2024-09-04 14:09:59	IDIR\\CENNIS	2024-09-04 14:09:59	1
4563464	4964769	I	\N	\N	\N	\N	\N	\N	\N	\N	IDIR\\CENNIS	2024-09-04 14:09:59	IDIR\\CENNIS	2024-09-04 14:09:59	1
4401624	4815511	S	\N	\N	\N	927	850	\N	\N	\N	BCEID\\ALEXANDRA.VALLEE	2023-03-23 13:58:32	BCEID\\ALEXANDRA.VALLEE	2023-03-23 13:58:32	1
4401624	4815512	I	\N	\N	1782	\N	\N	\N	2	\N	BCEID\\ALEXANDRA.VALLEE	2023-03-23 13:58:32	BCEID\\ALEXANDRA.VALLEE	2023-03-23 13:58:32	1
4401625	4815513	S	\N	\N	\N	920	680	\N	\N	\N	BCEID\\ALEXANDRA.VALLEE	2023-03-23 13:58:32	BCEID\\ALEXANDRA.VALLEE	2023-03-23 13:58:32	1
4401625	4815514	I	\N	\N	1480	\N	\N	\N	2	\N	BCEID\\ALEXANDRA.VALLEE	2023-03-23 13:58:32	BCEID\\ALEXANDRA.VALLEE	2023-03-23 13:58:32	1
4401626	4815515	I	\N	\N	1080	\N	\N	\N	1	\N	BCEID\\ALEXANDRA.VALLEE	2023-03-23 13:58:32	BCEID\\ALEXANDRA.VALLEE	2023-03-23 13:58:32	1
4401626	4815516	S	\N	\N	\N	760	700	\N	\N	\N	BCEID\\ALEXANDRA.VALLEE	2023-03-23 13:58:32	BCEID\\ALEXANDRA.VALLEE	2023-03-23 13:58:32	1
3621310	4100029	I	\N	\N	2913	1187	\N	\N	16	\N	BCEID\\SJONES12	2017-10-06 12:50:00	BCEID\\SJONES12	2017-10-06 12:50:00	1
3621310	4100030	S	\N	\N	\N	1187	1110	990	16	\N	BCEID\\SJONES12	2017-10-06 12:50:00	BCEID\\SJONES12	2017-10-06 12:50:00	1
2638619	3095550	S	\N	\N	\N	1757	1171	986	\N	\N	BCEID\\DSCOTT	2012-04-16 08:37:31	BCEID\\DSCOTT	2012-04-16 08:37:31	1
2638619	3095551	I	\N	\N	4914	\N	\N	\N	4	\N	BCEID\\DSCOTT	2012-04-16 08:37:31	BCEID\\DSCOTT	2012-04-16 08:37:31	1
2638620	3095552	S	\N	\N	\N	1164	1127	1127	\N	\N	BCEID\\DSCOTT	2012-04-16 08:37:31	BCEID\\DSCOTT	2012-04-16 08:37:31	1
2638620	3095553	I	\N	\N	3327	\N	\N	\N	7	\N	BCEID\\DSCOTT	2012-04-16 08:37:31	BCEID\\DSCOTT	2012-04-16 08:37:31	1
2638621	3095554	S	\N	\N	\N	1164	1164	1073	\N	\N	BCEID\\DSCOTT	2012-04-16 08:37:31	BCEID\\DSCOTT	2012-04-16 08:37:31	1
2638621	3095555	I	\N	\N	3164	\N	\N	\N	4	\N	BCEID\\DSCOTT	2012-04-16 08:37:31	BCEID\\DSCOTT	2012-04-16 08:37:31	1
2638622	3095556	S	\N	\N	\N	400	400	320	\N	\N	BCEID\\DSCOTT	2012-04-16 08:37:31	BCEID\\DSCOTT	2012-04-16 08:37:31	1
2638622	3095557	I	\N	\N	4120	\N	\N	\N	6	\N	BCEID\\DSCOTT	2012-04-16 08:37:31	BCEID\\DSCOTT	2012-04-16 08:37:31	1
2638623	3095558	I	\N	\N	1000	\N	\N	\N	75	\N	BCEID\\DSCOTT	2012-04-16 08:37:31	BCEID\\DSCOTT	2012-04-16 08:37:31	1
4646154	5047910	I	\N	\N	200	0	0	\N	3	\N	IDIR\\JZAHND	2025-03-26 14:48:22	IDIR\\JZAHND	2025-03-26 14:48:22	1
1039802	1047193	I	\N	\N	700	\N	\N	\N	\N	50	IDIR\\MTSOI	2016-03-29 10:49:37	IDIR\\MTSOI	2016-03-29 10:49:37	1
1039802	1047194	S	\N	\N	\N	\N	500	50	\N	\N	IDIR\\MTSOI	2016-03-29 10:49:37	IDIR\\MTSOI	2016-03-29 10:49:37	1
1039803	1047195	1	\N	\N	700	\N	500	50	\N	\N	IDIR\\MTSOI	2016-03-29 10:49:37	IDIR\\MTSOI	2016-03-29 10:49:37	1
3416434	3903493	S	\N	\N	\N	800	748	665	\N	\N	BCEID\\TROGODIN	2016-04-11 21:52:11	BCEID\\TROGODIN	2016-04-11 21:52:11	1
3416434	3903494	I	\N	\N	1383	\N	\N	\N	10	\N	BCEID\\TROGODIN	2016-04-11 21:52:11	BCEID\\TROGODIN	2016-04-11 21:52:11	1
3416435	3903495	S	\N	\N	\N	920	800	720	\N	\N	BCEID\\TROGODIN	2016-04-11 21:52:11	BCEID\\TROGODIN	2016-04-11 21:52:11	1
3416435	3903496	I	\N	\N	2880	\N	\N	\N	7	\N	BCEID\\TROGODIN	2016-04-11 21:52:11	BCEID\\TROGODIN	2016-04-11 21:52:11	1
367798	491414	I	ART	IMM	4704	\N	\N	\N	16	\N	RESULTS_CONV	2003-11-16 13:52:37	BCOLBOUR	2001-06-18 15:26:28	1
367798	491415	S	ART	IMM	\N	\N	1240	1144	15	\N	RESULTS_CONV	2003-11-16 13:52:37	BCOLBOUR	2001-06-18 15:26:29	1
\.


--
-- Data for Name: forest_cover_layer_archive; Type: TABLE DATA; Schema: silva; Owner: postgres
--

COPY silva.forest_cover_layer_archive (forest_cover_id, forest_cover_layer_id, archive_date, forest_cover_layer_code, stocking_status_code, stocking_type_code, total_stems_per_ha, total_well_spaced_stems_per_ha, well_spaced_stems_per_ha, free_growing_stems_per_ha, crown_closure_pct, basal_area, entry_userid, entry_timestamp, update_userid, update_timestamp, revision_count) FROM stdin;
1021187	1032932	2012-05-02 00:00:00	I	\N	\N	\N	\N	\N	\N	\N	\N	IDIR\\JDOE	2004-11-29 10:08:00	IDIR\\JDOE	2004-11-29 10:08:00	1
1021186	1032931	2012-05-02 00:00:00	I	\N	\N	500	\N	\N	\N	100	\N	IDIR\\JDOE	2004-11-29 10:08:00	IDIR\\JDOE	2004-11-29 10:08:00	1
1021185	1032930	2012-05-02 00:00:00	I	\N	\N	\N	\N	\N	\N	\N	\N	IDIR\\JDOE	2004-11-29 10:08:00	IDIR\\JDOE	2004-11-29 10:08:00	1
1021184	1032929	2012-05-02 00:00:00	I	\N	\N	500	\N	\N	\N	100	\N	IDIR\\JDOE	2004-11-29 10:08:00	IDIR\\JDOE	2004-11-29 10:08:00	1
1021183	1032928	2012-05-02 00:00:00	I	\N	\N	500	\N	\N	\N	90	\N	IDIR\\JDOE	2004-11-29 10:08:00	IDIR\\JDOE	2004-11-29 10:08:00	1
1021182	1032926	2012-05-02 00:00:00	I	\N	\N	1136	\N	\N	\N	\N	\N	IDIR\\JDOE	2004-11-29 10:08:00	IDIR\\JDOE	2004-11-29 10:08:00	1
1021182	1032927	2012-05-02 00:00:00	S	\N	\N	\N	\N	582	\N	\N	\N	IDIR\\JDOE	2004-11-29 10:08:00	IDIR\\JDOE	2004-11-29 10:08:00	1
681572	822993	2004-11-29 00:00:00	I	NP	UNN	\N	\N	\N	\N	\N	\N	RESULTS_CONV	2003-11-16 16:18:30	MLSEDT	2002-06-11 11:22:55	1
681571	822992	2004-11-29 00:00:00	I	IMM	NAT	500	\N	\N	\N	100	\N	RESULTS_CONV	2003-11-16 16:18:30	MLSEDT	2002-06-11 11:22:54	1
681570	822988	2004-11-29 00:00:00	I	NSR	PL	\N	\N	\N	\N	\N	\N	RESULTS_CONV	2003-11-16 16:18:30	MLSEDT	2002-06-11 11:22:54	1
681569	822991	2004-11-29 00:00:00	I	IMM	NAT	\N	\N	\N	\N	\N	\N	RESULTS_CONV	2003-11-16 16:18:30	MLSEDT	2002-06-11 11:22:53	1
681568	822990	2004-11-29 00:00:00	I	IMM	NAT	500	\N	\N	\N	100	\N	RESULTS_CONV	2003-11-16 16:18:30	MLSEDT	2002-06-11 11:22:52	1
681567	822989	2004-11-29 00:00:00	I	IMM	NAT	500	\N	\N	\N	90	\N	RESULTS_CONV	2003-11-16 16:18:30	MLSEDT	2002-06-11 11:22:51	1
1106509	1140182	2008-09-12 00:00:00	I	\N	\N	\N	\N	\N	\N	\N	\N	BCEID\\ASKYWALKER	2005-05-04 15:03:21	BCEID\\ASKYWALKER	2005-05-04 15:03:21	1
1106510	1140183	2008-09-12 00:00:00	I	\N	\N	\N	\N	\N	\N	\N	\N	BCEID\\ASKYWALKER	2005-05-04 15:03:21	BCEID\\ASKYWALKER	2005-05-04 15:03:21	1
1106511	1140184	2008-09-12 00:00:00	I	\N	\N	\N	\N	\N	\N	\N	\N	BCEID\\ASKYWALKER	2005-05-04 15:03:21	BCEID\\ASKYWALKER	2005-05-04 15:03:21	1
1860800	2105480	2018-01-26 00:00:00	S	\N	\N	\N	960	850	0	\N	\N	BCEID\\ASKYWALKER	2008-09-12 14:02:42	BCEID\\ASKYWALKER	2008-09-12 14:02:42	1
1860800	2105481	2018-01-26 00:00:00	I	\N	\N	1273	\N	\N	\N	4	\N	BCEID\\ASKYWALKER	2008-09-12 14:02:42	BCEID\\ASKYWALKER	2008-09-12 14:02:42	1
1860801	2105482	2018-01-26 00:00:00	I	\N	\N	\N	\N	\N	\N	\N	\N	BCEID\\ASKYWALKER	2008-09-12 14:02:42	BCEID\\ASKYWALKER	2008-09-12 14:02:42	1
1860802	2105483	2018-01-26 00:00:00	I	\N	\N	\N	\N	\N	\N	\N	\N	BCEID\\ASKYWALKER	2008-09-12 14:02:42	BCEID\\ASKYWALKER	2008-09-12 14:02:42	1
\.


--
-- Data for Name: forest_cover_layer_code; Type: TABLE DATA; Schema: silva; Owner: postgres
--

COPY silva.forest_cover_layer_code (forest_cover_layer_code, description, effective_date, expiry_date, update_timestamp) FROM stdin;
 	Inventory Layer	1905-01-01 00:00:00	2003-05-30 00:00:00	2003-11-15 19:23:56
1	Mature	1905-01-01 00:00:00	9999-12-31 00:00:00	2003-11-15 19:23:56
1S	Silviculture Layer 1 - uneven aged	1905-01-01 00:00:00	9999-12-31 00:00:00	2003-11-15 19:23:56
2	Pole	1905-01-01 00:00:00	9999-12-31 00:00:00	2003-11-15 19:23:56
2S	Silviculture Layer 2 - uneven aged	1905-01-01 00:00:00	9999-12-31 00:00:00	2003-11-15 19:23:56
3	Sapling	1905-01-01 00:00:00	9999-12-31 00:00:00	2003-11-15 19:23:56
3S	Silviculture Layer 3 - uneven aged	1905-01-01 00:00:00	9999-12-31 00:00:00	2003-11-15 19:23:56
4	Regen	1905-01-01 00:00:00	9999-12-31 00:00:00	2003-11-15 19:23:56
4S	Silviculture Layer 4 - uneven aged	1905-01-01 00:00:00	9999-12-31 00:00:00	2003-11-15 19:23:56
I	Inventory Layer	2003-05-30 00:00:00	9999-12-31 00:00:00	2003-11-15 19:23:56
S	Silviculture Layer - even aged	1905-01-01 00:00:00	9999-12-31 00:00:00	2003-11-15 19:23:56
V	Veteran	1905-01-01 00:00:00	9999-12-31 00:00:00	2003-11-15 19:23:56
\.


--
-- Data for Name: forest_cover_layer_species; Type: TABLE DATA; Schema: silva; Owner: postgres
--

COPY silva.forest_cover_layer_species (forest_cover_id, forest_cover_layer_id, species_order, tree_species_code, tree_species_pct, avg_age, avg_height, entry_userid, entry_timestamp, update_userid, update_timestamp, revision_count) FROM stdin;
2648982	3106815	1	HW	60	8	2.2	BCEID\\TCOUILLARD	2012-05-02 10:41:30	BCEID\\TCOUILLARD	2012-05-02 10:41:30	1
2648982	3106815	2	FDC	40	10	2.5	BCEID\\TCOUILLARD	2012-05-02 10:41:30	BCEID\\TCOUILLARD	2012-05-02 10:41:30	1
2648982	3106816	1	HW	54	8	3.0	BCEID\\TCOUILLARD	2012-05-02 10:41:30	BCEID\\TCOUILLARD	2012-05-02 10:41:30	1
2648982	3106816	2	FDC	27	10	4.0	BCEID\\TCOUILLARD	2012-05-02 10:41:30	BCEID\\TCOUILLARD	2012-05-02 10:41:30	1
2648982	3106816	3	CW	19	10	3.6	BCEID\\TCOUILLARD	2012-05-02 10:41:30	BCEID\\TCOUILLARD	2012-05-02 10:41:30	1
2648983	3106817	1	HW	57	13	5.8	BCEID\\TCOUILLARD	2012-05-02 10:41:30	BCEID\\TCOUILLARD	2012-05-02 10:41:30	1
2648983	3106817	2	FDC	43	75	35.3	BCEID\\TCOUILLARD	2012-05-02 10:41:30	BCEID\\TCOUILLARD	2012-05-02 10:41:30	1
2648983	3106818	1	HW	80	23	9.2	BCEID\\TCOUILLARD	2012-05-02 10:41:30	BCEID\\TCOUILLARD	2012-05-02 10:41:30	1
2648983	3106818	2	FDC	20	75	35.3	BCEID\\TCOUILLARD	2012-05-02 10:41:30	BCEID\\TCOUILLARD	2012-05-02 10:41:30	1
3679046	4159969	1	CW	70	10	2.7	BCEID\\DBRYANTWFP	2018-01-26 09:33:01	BCEID\\DBRYANTWFP	2018-01-26 09:33:01	1
3679046	4159969	2	HW	20	11	2.0	BCEID\\DBRYANTWFP	2018-01-26 09:33:01	BCEID\\DBRYANTWFP	2018-01-26 09:33:01	1
3679046	4159969	3	BA	10	12	4.0	BCEID\\DBRYANTWFP	2018-01-26 09:33:01	BCEID\\DBRYANTWFP	2018-01-26 09:33:01	1
3679046	4159970	1	CW	76	10	2.8	BCEID\\DBRYANTWFP	2018-01-26 09:33:01	BCEID\\DBRYANTWFP	2018-01-26 09:33:01	1
3679046	4159970	2	HW	18	11	5.0	BCEID\\DBRYANTWFP	2018-01-26 09:33:01	BCEID\\DBRYANTWFP	2018-01-26 09:33:01	1
3679046	4159970	3	BA	5	\N	\N	BCEID\\DBRYANTWFP	2018-01-26 09:33:01	BCEID\\DBRYANTWFP	2018-01-26 09:33:01	1
3679046	4159970	4	FDC	1	8	1.8	BCEID\\DBRYANTWFP	2018-01-26 09:33:01	BCEID\\DBRYANTWFP	2018-01-26 09:33:01	1
2867527	3353537	1	FDC	35	12	8.1	IDIR\\JMCLARKE	2013-03-27 12:36:26	IDIR\\JMCLARKE	2013-03-27 12:36:26	1
2867527	3353537	2	CW	35	12	6.2	IDIR\\JMCLARKE	2013-03-27 12:36:26	IDIR\\JMCLARKE	2013-03-27 12:36:26	1
2867527	3353537	3	HW	30	\N	\N	IDIR\\JMCLARKE	2013-03-27 12:36:26	IDIR\\JMCLARKE	2013-03-27 12:36:26	1
2867527	3353538	1	FDC	47	12	8.1	IDIR\\JMCLARKE	2013-03-27 12:36:26	IDIR\\JMCLARKE	2013-03-27 12:36:26	1
2867527	3353538	2	HW	33	\N	\N	IDIR\\JMCLARKE	2013-03-27 12:36:27	IDIR\\JMCLARKE	2013-03-27 12:36:27	1
2867527	3353538	3	CW	20	\N	\N	IDIR\\JMCLARKE	2013-03-27 12:36:27	IDIR\\JMCLARKE	2013-03-27 12:36:27	1
2867528	3353539	1	HW	50	11	8.1	IDIR\\JMCLARKE	2013-03-27 12:36:27	IDIR\\JMCLARKE	2013-03-27 12:36:27	1
2867528	3353539	2	CW	30	11	6.8	IDIR\\JMCLARKE	2013-03-27 12:36:27	IDIR\\JMCLARKE	2013-03-27 12:36:27	1
2867528	3353539	3	FDC	20	\N	\N	IDIR\\JMCLARKE	2013-03-27 12:36:28	IDIR\\JMCLARKE	2013-03-27 12:36:28	1
2867528	3353540	1	HW	46	11	8.1	IDIR\\JMCLARKE	2013-03-27 12:36:28	IDIR\\JMCLARKE	2013-03-27 12:36:28	1
2867528	3353540	2	CW	32	11	6.8	IDIR\\JMCLARKE	2013-03-27 12:36:28	IDIR\\JMCLARKE	2013-03-27 12:36:28	1
2867528	3353540	3	FDC	22	\N	\N	IDIR\\JMCLARKE	2013-03-27 12:36:29	IDIR\\JMCLARKE	2013-03-27 12:36:29	1
3634219	4113830	1	PLI	60	106	26.0	BCEID\\MWERRELL	2017-11-15 15:57:45	BCEID\\MWERRELL	2017-11-15 15:57:45	1
3634219	4113830	2	SX	40	\N	\N	BCEID\\MWERRELL	2017-11-15 15:57:45	BCEID\\MWERRELL	2017-11-15 15:57:45	1
3634220	4113831	1	PLI	56	1	0.2	BCEID\\MWERRELL	2017-11-15 15:57:45	BCEID\\MWERRELL	2017-11-15 15:57:45	1
3634220	4113831	2	SX	44	1	0.1	BCEID\\MWERRELL	2017-11-15 15:57:45	BCEID\\MWERRELL	2017-11-15 15:57:45	1
3634220	4113832	1	PLI	56	1	0.2	BCEID\\MWERRELL	2017-11-15 15:57:45	BCEID\\MWERRELL	2017-11-15 15:57:45	1
3634220	4113832	2	SX	44	1	0.1	BCEID\\MWERRELL	2017-11-15 15:57:45	BCEID\\MWERRELL	2017-11-15 15:57:45	1
3916894	4374789	1	PW	50	1	0.1	BCEID\\JTHOMPSON16	2019-11-06 16:41:25	BCEID\\JTHOMPSON16	2019-11-06 16:41:25	1
3916894	4374789	2	LW	30	1	0.1	BCEID\\JTHOMPSON16	2019-11-06 16:41:25	BCEID\\JTHOMPSON16	2019-11-06 16:41:25	1
3916894	4374789	3	FDI	20	1	0.1	BCEID\\JTHOMPSON16	2019-11-06 16:41:25	BCEID\\JTHOMPSON16	2019-11-06 16:41:25	1
3916894	4374790	1	PW	50	1	0.1	BCEID\\JTHOMPSON16	2019-11-06 16:41:25	BCEID\\JTHOMPSON16	2019-11-06 16:41:25	1
3916894	4374790	2	LW	30	1	0.1	BCEID\\JTHOMPSON16	2019-11-06 16:41:25	BCEID\\JTHOMPSON16	2019-11-06 16:41:25	1
3916894	4374790	3	FDI	20	1	0.1	BCEID\\JTHOMPSON16	2019-11-06 16:41:25	BCEID\\JTHOMPSON16	2019-11-06 16:41:25	1
3916895	4374791	1	PW	50	1	0.1	BCEID\\JTHOMPSON16	2019-11-06 16:41:25	BCEID\\JTHOMPSON16	2019-11-06 16:41:25	1
3916895	4374791	2	LW	30	1	0.1	BCEID\\JTHOMPSON16	2019-11-06 16:41:25	BCEID\\JTHOMPSON16	2019-11-06 16:41:25	1
3916895	4374791	3	FDI	20	1	0.1	BCEID\\JTHOMPSON16	2019-11-06 16:41:25	BCEID\\JTHOMPSON16	2019-11-06 16:41:25	1
3916895	4374792	1	PW	50	1	0.1	BCEID\\JTHOMPSON16	2019-11-06 16:41:25	BCEID\\JTHOMPSON16	2019-11-06 16:41:25	1
3916895	4374792	2	LW	30	1	0.1	BCEID\\JTHOMPSON16	2019-11-06 16:41:25	BCEID\\JTHOMPSON16	2019-11-06 16:41:25	1
3916895	4374792	3	FDI	20	1	0.1	BCEID\\JTHOMPSON16	2019-11-06 16:41:25	BCEID\\JTHOMPSON16	2019-11-06 16:41:25	1
3916896	4374793	1	PW	50	1	0.1	BCEID\\JTHOMPSON16	2019-11-06 16:41:25	BCEID\\JTHOMPSON16	2019-11-06 16:41:25	1
3916896	4374793	2	LW	30	1	0.1	BCEID\\JTHOMPSON16	2019-11-06 16:41:25	BCEID\\JTHOMPSON16	2019-11-06 16:41:25	1
3916896	4374793	3	FDI	20	1	0.1	BCEID\\JTHOMPSON16	2019-11-06 16:41:25	BCEID\\JTHOMPSON16	2019-11-06 16:41:25	1
3916896	4374794	1	PW	50	1	0.1	BCEID\\JTHOMPSON16	2019-11-06 16:41:25	BCEID\\JTHOMPSON16	2019-11-06 16:41:25	1
3916896	4374794	2	LW	30	1	0.1	BCEID\\JTHOMPSON16	2019-11-06 16:41:25	BCEID\\JTHOMPSON16	2019-11-06 16:41:25	1
3916896	4374794	3	FDI	20	1	0.1	BCEID\\JTHOMPSON16	2019-11-06 16:41:25	BCEID\\JTHOMPSON16	2019-11-06 16:41:25	1
2289820	2671346	1	BL	50	3	0.3	IDIR\\JOASHDOW	2010-10-25 12:53:15	IDIR\\JOASHDOW	2010-10-25 12:53:15	1
2289820	2671346	2	PLI	30	3	0.3	IDIR\\JOASHDOW	2010-10-25 12:53:15	IDIR\\JOASHDOW	2010-10-25 12:53:15	1
2289820	2671346	3	SX	20	\N	\N	IDIR\\JOASHDOW	2010-10-25 12:53:15	IDIR\\JOASHDOW	2010-10-25 12:53:15	1
2289820	2671347	1	PLI	50	3	0.3	IDIR\\JOASHDOW	2010-10-25 12:53:15	IDIR\\JOASHDOW	2010-10-25 12:53:15	1
2289820	2671347	2	SX	35	3	0.3	IDIR\\JOASHDOW	2010-10-25 12:53:15	IDIR\\JOASHDOW	2010-10-25 12:53:15	1
2289820	2671347	3	BL	15	\N	\N	IDIR\\JOASHDOW	2010-10-25 12:53:15	IDIR\\JOASHDOW	2010-10-25 12:53:15	1
2289821	2671348	1	PLI	69	2	0.3	IDIR\\JOASHDOW	2010-10-25 12:53:15	IDIR\\JOASHDOW	2010-10-25 12:53:15	1
2289821	2671348	2	SX	22	2	0.3	IDIR\\JOASHDOW	2010-10-25 12:53:15	IDIR\\JOASHDOW	2010-10-25 12:53:15	1
2289821	2671348	3	BL	9	\N	\N	IDIR\\JOASHDOW	2010-10-25 12:53:15	IDIR\\JOASHDOW	2010-10-25 12:53:15	1
2289821	2671349	1	BL	50	3	0.3	IDIR\\JOASHDOW	2010-10-25 12:53:15	IDIR\\JOASHDOW	2010-10-25 12:53:15	1
2289821	2671349	2	PLI	30	2	0.3	IDIR\\JOASHDOW	2010-10-25 12:53:15	IDIR\\JOASHDOW	2010-10-25 12:53:15	1
2289821	2671349	3	SX	20	\N	\N	IDIR\\JOASHDOW	2010-10-25 12:53:15	IDIR\\JOASHDOW	2010-10-25 12:53:15	1
2289822	2671350	1	BL	60	18	0.6	IDIR\\JOASHDOW	2010-10-25 12:53:15	IDIR\\JOASHDOW	2010-10-25 12:53:15	1
2289822	2671350	2	SE	30	1	0.2	IDIR\\JOASHDOW	2010-10-25 12:53:15	IDIR\\JOASHDOW	2010-10-25 12:53:15	1
2289822	2671350	3	PLI	10	0	0.0	IDIR\\JOASHDOW	2010-10-25 12:53:15	IDIR\\JOASHDOW	2010-10-25 12:53:15	1
2289822	2671351	1	SE	62	2	0.1	IDIR\\JOASHDOW	2010-10-25 12:53:15	IDIR\\JOASHDOW	2010-10-25 12:53:15	1
2289822	2671351	2	BL	28	3	0.1	IDIR\\JOASHDOW	2010-10-25 12:53:15	IDIR\\JOASHDOW	2010-10-25 12:53:15	1
2289822	2671351	3	PLI	10	1	0.1	IDIR\\JOASHDOW	2010-10-25 12:53:15	IDIR\\JOASHDOW	2010-10-25 12:53:15	1
4656974	5057982	1	AT	70	2	0.5	IDIR\\CAROWOOD	2025-04-25 09:31:55	IDIR\\CAROWOOD	2025-04-25 09:31:55	1
4656974	5057982	2	BG	30	3	0.6	IDIR\\CAROWOOD	2025-04-25 09:31:55	IDIR\\CAROWOOD	2025-04-25 09:31:55	1
4656974	5057983	1	BA	50	3	0.7	IDIR\\CAROWOOD	2025-04-25 09:31:55	IDIR\\CAROWOOD	2025-04-25 09:31:55	1
4656974	5057983	2	BG	50	3	0.6	IDIR\\CAROWOOD	2025-04-25 09:31:55	IDIR\\CAROWOOD	2025-04-25 09:31:55	1
4563462	4964767	1	FDC	100	1	0.3	IDIR\\CENNIS	2024-09-04 14:09:59	IDIR\\CENNIS	2024-09-04 14:09:59	1
4563462	4964768	1	FDC	100	1	0.3	IDIR\\CENNIS	2024-09-04 14:09:59	IDIR\\CENNIS	2024-09-04 14:09:59	1
4563464	4964769	1	FDC	60	75	40.0	IDIR\\CENNIS	2024-09-04 14:09:59	IDIR\\CENNIS	2024-09-04 14:09:59	1
4563464	4964769	2	HW	40	75	40.0	IDIR\\CENNIS	2024-09-04 14:09:59	IDIR\\CENNIS	2024-09-04 14:09:59	1
4401624	4815511	1	FDC	93	2	0.4	BCEID\\ALEXANDRA.VALLEE	2023-03-23 13:58:32	BCEID\\ALEXANDRA.VALLEE	2023-03-23 13:58:32	1
4401624	4815511	2	HW	5	2	0.2	BCEID\\ALEXANDRA.VALLEE	2023-03-23 13:58:32	BCEID\\ALEXANDRA.VALLEE	2023-03-23 13:58:32	1
4401624	4815511	3	CW	2	2	0.2	BCEID\\ALEXANDRA.VALLEE	2023-03-23 13:58:32	BCEID\\ALEXANDRA.VALLEE	2023-03-23 13:58:32	1
4401624	4815512	1	FDC	50	2	0.4	BCEID\\ALEXANDRA.VALLEE	2023-03-23 13:58:32	BCEID\\ALEXANDRA.VALLEE	2023-03-23 13:58:32	1
4401624	4815512	2	HW	46	2	0.2	BCEID\\ALEXANDRA.VALLEE	2023-03-23 13:58:32	BCEID\\ALEXANDRA.VALLEE	2023-03-23 13:58:32	1
4401624	4815512	3	CW	2	2	0.2	BCEID\\ALEXANDRA.VALLEE	2023-03-23 13:58:32	BCEID\\ALEXANDRA.VALLEE	2023-03-23 13:58:32	1
4401624	4815512	4	PW	2	1	0.1	BCEID\\ALEXANDRA.VALLEE	2023-03-23 13:58:32	BCEID\\ALEXANDRA.VALLEE	2023-03-23 13:58:32	1
4401625	4815513	1	FDC	87	2	0.3	BCEID\\ALEXANDRA.VALLEE	2023-03-23 13:58:32	BCEID\\ALEXANDRA.VALLEE	2023-03-23 13:58:32	1
4401625	4815513	2	PW	13	2	0.2	BCEID\\ALEXANDRA.VALLEE	2023-03-23 13:58:32	BCEID\\ALEXANDRA.VALLEE	2023-03-23 13:58:32	1
4401625	4815514	1	FDC	59	2	0.4	BCEID\\ALEXANDRA.VALLEE	2023-03-23 13:58:32	BCEID\\ALEXANDRA.VALLEE	2023-03-23 13:58:32	1
4401625	4815514	2	HW	30	1	0.2	BCEID\\ALEXANDRA.VALLEE	2023-03-23 13:58:32	BCEID\\ALEXANDRA.VALLEE	2023-03-23 13:58:32	1
4401625	4815514	3	PW	11	2	0.3	BCEID\\ALEXANDRA.VALLEE	2023-03-23 13:58:32	BCEID\\ALEXANDRA.VALLEE	2023-03-23 13:58:32	1
4401626	4815515	1	CW	59	2	0.2	BCEID\\ALEXANDRA.VALLEE	2023-03-23 13:58:32	BCEID\\ALEXANDRA.VALLEE	2023-03-23 13:58:32	1
4401626	4815515	2	HW	37	2	0.2	BCEID\\ALEXANDRA.VALLEE	2023-03-23 13:58:32	BCEID\\ALEXANDRA.VALLEE	2023-03-23 13:58:32	1
4401626	4815515	3	FDC	4	2	0.4	BCEID\\ALEXANDRA.VALLEE	2023-03-23 13:58:32	BCEID\\ALEXANDRA.VALLEE	2023-03-23 13:58:32	1
4401626	4815516	1	CW	79	2	0.3	BCEID\\ALEXANDRA.VALLEE	2023-03-23 13:58:32	BCEID\\ALEXANDRA.VALLEE	2023-03-23 13:58:32	1
4401626	4815516	2	HW	16	2	0.2	BCEID\\ALEXANDRA.VALLEE	2023-03-23 13:58:32	BCEID\\ALEXANDRA.VALLEE	2023-03-23 13:58:32	1
4401626	4815516	3	FDC	5	2	0.4	BCEID\\ALEXANDRA.VALLEE	2023-03-23 13:58:32	BCEID\\ALEXANDRA.VALLEE	2023-03-23 13:58:32	1
3621310	4100029	1	PLI	70	10	2.2	BCEID\\SJONES12	2017-10-06 12:50:00	BCEID\\SJONES12	2017-10-06 12:50:00	1
3621310	4100029	2	SX	20	9	1.1	BCEID\\SJONES12	2017-10-06 12:50:00	BCEID\\SJONES12	2017-10-06 12:50:00	1
3621310	4100029	3	AT	10	6	1.2	BCEID\\SJONES12	2017-10-06 12:50:00	BCEID\\SJONES12	2017-10-06 12:50:00	1
3621310	4100030	1	PLI	81	11	2.5	BCEID\\SJONES12	2017-10-06 12:50:00	BCEID\\SJONES12	2017-10-06 12:50:00	1
3621310	4100030	2	SX	19	\N	1.6	BCEID\\SJONES12	2017-10-06 12:50:00	BCEID\\SJONES12	2017-10-06 12:50:00	1
2638619	3095550	1	PLI	85	11	3.0	BCEID\\DSCOTT	2012-04-16 08:37:31	BCEID\\DSCOTT	2012-04-16 08:37:31	1
2638619	3095550	2	SX	15	9	1.2	BCEID\\DSCOTT	2012-04-16 08:37:31	BCEID\\DSCOTT	2012-04-16 08:37:31	1
2638619	3095551	1	PLI	60	11	3.1	BCEID\\DSCOTT	2012-04-16 08:37:31	BCEID\\DSCOTT	2012-04-16 08:37:31	1
2638619	3095551	2	SX	40	9	1.3	BCEID\\DSCOTT	2012-04-16 08:37:31	BCEID\\DSCOTT	2012-04-16 08:37:31	1
2638620	3095552	1	PLI	59	11	3.1	BCEID\\DSCOTT	2012-04-16 08:37:31	BCEID\\DSCOTT	2012-04-16 08:37:31	1
2638620	3095552	2	SX	41	10	2.4	BCEID\\DSCOTT	2012-04-16 08:37:31	BCEID\\DSCOTT	2012-04-16 08:37:31	1
2638620	3095553	1	PLI	60	11	3.6	BCEID\\DSCOTT	2012-04-16 08:37:31	BCEID\\DSCOTT	2012-04-16 08:37:31	1
2638620	3095553	2	SX	40	10	2.4	BCEID\\DSCOTT	2012-04-16 08:37:31	BCEID\\DSCOTT	2012-04-16 08:37:31	1
2638621	3095554	1	SX	73	12	1.9	BCEID\\DSCOTT	2012-04-16 08:37:31	BCEID\\DSCOTT	2012-04-16 08:37:31	1
2638621	3095554	2	PLI	27	11	2.2	BCEID\\DSCOTT	2012-04-16 08:37:31	BCEID\\DSCOTT	2012-04-16 08:37:31	1
2638621	3095555	1	SX	50	12	2.3	BCEID\\DSCOTT	2012-04-16 08:37:31	BCEID\\DSCOTT	2012-04-16 08:37:31	1
2638621	3095555	2	PLI	40	11	2.6	BCEID\\DSCOTT	2012-04-16 08:37:31	BCEID\\DSCOTT	2012-04-16 08:37:31	1
2638621	3095555	3	ACB	10	\N	\N	BCEID\\DSCOTT	2012-04-16 08:37:31	BCEID\\DSCOTT	2012-04-16 08:37:31	1
2638622	3095556	1	SX	50	12	2.5	BCEID\\DSCOTT	2012-04-16 08:37:31	BCEID\\DSCOTT	2012-04-16 08:37:31	1
2638622	3095556	2	PLI	50	11	1.9	BCEID\\DSCOTT	2012-04-16 08:37:31	BCEID\\DSCOTT	2012-04-16 08:37:31	1
2638622	3095557	1	SX	40	12	2.0	BCEID\\DSCOTT	2012-04-16 08:37:31	BCEID\\DSCOTT	2012-04-16 08:37:31	1
2638622	3095557	2	PLI	40	11	2.3	BCEID\\DSCOTT	2012-04-16 08:37:31	BCEID\\DSCOTT	2012-04-16 08:37:31	1
2638622	3095557	3	AT	10	7	6.0	BCEID\\DSCOTT	2012-04-16 08:37:31	BCEID\\DSCOTT	2012-04-16 08:37:31	1
2638622	3095557	4	ACB	10	7	4.6	BCEID\\DSCOTT	2012-04-16 08:37:31	BCEID\\DSCOTT	2012-04-16 08:37:31	1
2638623	3095558	1	PLI	80	90	28.0	BCEID\\DSCOTT	2012-04-16 08:37:31	BCEID\\DSCOTT	2012-04-16 08:37:31	1
2638623	3095558	2	SW	20	90	28.0	BCEID\\DSCOTT	2012-04-16 08:37:31	BCEID\\DSCOTT	2012-04-16 08:37:31	1
4646154	5047910	1	AT	100	5	1.4	IDIR\\JZAHND	2025-03-26 14:48:22	IDIR\\JZAHND	2025-03-26 14:48:22	1
3416434	3903493	1	FDC	92	10	5.6	BCEID\\TROGODIN	2016-04-11 21:52:11	BCEID\\TROGODIN	2016-04-11 21:52:11	1
3416434	3903493	2	HW	8	9	3.4	BCEID\\TROGODIN	2016-04-11 21:52:11	BCEID\\TROGODIN	2016-04-11 21:52:11	1
3416434	3903494	1	FDC	70	10	5.4	BCEID\\TROGODIN	2016-04-11 21:52:11	BCEID\\TROGODIN	2016-04-11 21:52:11	1
3416434	3903494	2	HW	20	8	2.9	BCEID\\TROGODIN	2016-04-11 21:52:11	BCEID\\TROGODIN	2016-04-11 21:52:11	1
3416434	3903494	3	DR	10	8	6.0	BCEID\\TROGODIN	2016-04-11 21:52:11	BCEID\\TROGODIN	2016-04-11 21:52:11	1
3416435	3903495	1	CW	71	10	2.8	BCEID\\TROGODIN	2016-04-11 21:52:11	BCEID\\TROGODIN	2016-04-11 21:52:11	1
3416435	3903495	2	HW	29	9	3.4	BCEID\\TROGODIN	2016-04-11 21:52:11	BCEID\\TROGODIN	2016-04-11 21:52:11	1
3416435	3903496	1	HW	50	7	2.2	BCEID\\TROGODIN	2016-04-11 21:52:11	BCEID\\TROGODIN	2016-04-11 21:52:11	1
3416435	3903496	2	CW	30	10	2.8	BCEID\\TROGODIN	2016-04-11 21:52:11	BCEID\\TROGODIN	2016-04-11 21:52:11	1
3416435	3903496	3	FDC	10	8	3.2	BCEID\\TROGODIN	2016-04-11 21:52:11	BCEID\\TROGODIN	2016-04-11 21:52:11	1
3416435	3903496	4	SS	10	7	1.4	BCEID\\TROGODIN	2016-04-11 21:52:11	BCEID\\TROGODIN	2016-04-11 21:52:11	1
367798	491414	1	PLI	75	7	2.0	RESULTS_CONV	2003-11-16 13:52:37	BCOLBOUR	2001-06-18 15:26:28	1
367798	491414	2	BL	13	\N	\N	RESULTS_CONV	2003-11-16 13:52:37	BCOLBOUR	2001-06-18 15:26:28	1
367798	491414	3	AT	7	\N	\N	RESULTS_CONV	2003-11-16 13:52:37	BCOLBOUR	2001-06-18 15:26:28	1
367798	491414	4	SX	4	\N	\N	RESULTS_CONV	2003-11-16 13:52:37	BCOLBOUR	2001-06-18 15:26:28	1
367798	491414	5	FDI	1	\N	\N	RESULTS_CONV	2003-11-16 13:52:37	BCOLBOUR	2001-06-18 15:26:28	1
367798	491415	1	PLI	96	6	1.5	RESULTS_CONV	2003-11-16 13:52:37	BCOLBOUR	2001-06-18 15:26:29	1
367798	491415	2	SX	4	\N	\N	RESULTS_CONV	2003-11-16 13:52:37	BCOLBOUR	2001-06-18 15:26:29	1
\.


--
-- Data for Name: forest_cover_layer_species_arc; Type: TABLE DATA; Schema: silva; Owner: postgres
--

COPY silva.forest_cover_layer_species_arc (forest_cover_id, forest_cover_layer_id, archive_date, species_order, tree_species_code, tree_species_pct, avg_age, avg_height, entry_userid, entry_timestamp, update_userid, update_timestamp, revision_count) FROM stdin;
681567	822989	2004-11-29 00:00:00	1	FDC	85	70	38.8	RESULTS_CONV	2003-11-16 16:18:30	MLSEDT	2002-06-11 11:22:51	1
681567	822989	2004-11-29 00:00:00	2	HW	11	\N	\N	RESULTS_CONV	2003-11-16 16:18:30	MLSEDT	2002-06-11 11:22:51	1
681567	822989	2004-11-29 00:00:00	3	DR	4	\N	\N	RESULTS_CONV	2003-11-16 16:18:30	MLSEDT	2002-06-11 11:22:51	1
681568	822990	2004-11-29 00:00:00	1	FDC	60	70	35.0	RESULTS_CONV	2003-11-16 16:18:30	MLSEDT	2002-06-11 11:22:52	1
681568	822990	2004-11-29 00:00:00	2	DR	30	\N	\N	RESULTS_CONV	2003-11-16 16:18:30	MLSEDT	2002-06-11 11:22:52	1
681568	822990	2004-11-29 00:00:00	3	HW	10	\N	\N	RESULTS_CONV	2003-11-16 16:18:30	MLSEDT	2002-06-11 11:22:52	1
681569	822991	2004-11-29 00:00:00	1	FDC	85	70	38.0	RESULTS_CONV	2003-11-16 16:18:30	MLSEDT	2002-06-11 11:22:53	1
681569	822991	2004-11-29 00:00:00	2	HW	15	\N	\N	RESULTS_CONV	2003-11-16 16:18:30	MLSEDT	2002-06-11 11:22:53	1
681571	822992	2004-11-29 00:00:00	1	FDC	85	70	38.0	RESULTS_CONV	2003-11-16 16:18:30	MLSEDT	2002-06-11 11:22:54	1
681571	822992	2004-11-29 00:00:00	2	HW	15	\N	\N	RESULTS_CONV	2003-11-16 16:18:30	MLSEDT	2002-06-11 11:22:54	1
1021182	1032926	2012-05-02 00:00:00	1	FDC	49	3	0.2	IDIR\\JDOE	2004-11-29 10:08:00	IDIR\\JDOE	2004-11-29 10:08:00	1
1021182	1032926	2012-05-02 00:00:00	2	DR	29	\N	\N	IDIR\\JDOE	2004-11-29 10:08:00	IDIR\\JDOE	2004-11-29 10:08:00	1
1021182	1032926	2012-05-02 00:00:00	3	HW	14	\N	\N	IDIR\\JDOE	2004-11-29 10:08:00	IDIR\\JDOE	2004-11-29 10:08:00	1
1021182	1032926	2012-05-02 00:00:00	4	CW	8	\N	\N	IDIR\\JDOE	2004-11-29 10:08:00	IDIR\\JDOE	2004-11-29 10:08:00	1
1021182	1032927	2012-05-02 00:00:00	1	FDC	76	3	0.3	IDIR\\JDOE	2004-11-29 10:08:00	IDIR\\JDOE	2004-11-29 10:08:00	1
1021182	1032927	2012-05-02 00:00:00	2	CW	13	\N	\N	IDIR\\JDOE	2004-11-29 10:08:00	IDIR\\JDOE	2004-11-29 10:08:00	1
1021182	1032927	2012-05-02 00:00:00	3	HW	11	\N	\N	IDIR\\JDOE	2004-11-29 10:08:00	IDIR\\JDOE	2004-11-29 10:08:00	1
1021183	1032928	2012-05-02 00:00:00	1	FDC	85	70	38.8	IDIR\\JDOE	2004-11-29 10:08:00	IDIR\\JDOE	2004-11-29 10:08:00	1
1021183	1032928	2012-05-02 00:00:00	2	HW	11	\N	\N	IDIR\\JDOE	2004-11-29 10:08:00	IDIR\\JDOE	2004-11-29 10:08:00	1
1021183	1032928	2012-05-02 00:00:00	3	DR	4	\N	\N	IDIR\\JDOE	2004-11-29 10:08:00	IDIR\\JDOE	2004-11-29 10:08:00	1
1021184	1032929	2012-05-02 00:00:00	1	FDC	60	70	35.0	IDIR\\JDOE	2004-11-29 10:08:00	IDIR\\JDOE	2004-11-29 10:08:00	1
1021184	1032929	2012-05-02 00:00:00	2	DR	30	\N	\N	IDIR\\JDOE	2004-11-29 10:08:00	IDIR\\JDOE	2004-11-29 10:08:00	1
1021184	1032929	2012-05-02 00:00:00	3	HW	10	\N	\N	IDIR\\JDOE	2004-11-29 10:08:00	IDIR\\JDOE	2004-11-29 10:08:00	1
1021185	1032930	2012-05-02 00:00:00	1	FDC	85	70	38.0	IDIR\\JDOE	2004-11-29 10:08:00	IDIR\\JDOE	2004-11-29 10:08:00	1
1021185	1032930	2012-05-02 00:00:00	2	HW	15	\N	\N	IDIR\\JDOE	2004-11-29 10:08:00	IDIR\\JDOE	2004-11-29 10:08:00	1
1021186	1032931	2012-05-02 00:00:00	1	FDC	85	70	38.0	IDIR\\JDOE	2004-11-29 10:08:00	IDIR\\JDOE	2004-11-29 10:08:00	1
1021186	1032931	2012-05-02 00:00:00	2	HW	15	\N	\N	IDIR\\JDOE	2004-11-29 10:08:00	IDIR\\JDOE	2004-11-29 10:08:00	1
1860800	2105480	2018-01-26 00:00:00	1	CW	83	1	0.3	BCEID\\ASKYWALKER	2008-09-12 14:02:42	BCEID\\ASKYWALKER	2008-09-12 14:02:42	1
1860800	2105480	2018-01-26 00:00:00	2	HW	13	2	0.3	BCEID\\ASKYWALKER	2008-09-12 14:02:42	BCEID\\ASKYWALKER	2008-09-12 14:02:42	1
1860800	2105480	2018-01-26 00:00:00	3	BA	2	3	0.4	BCEID\\ASKYWALKER	2008-09-12 14:02:42	BCEID\\ASKYWALKER	2008-09-12 14:02:42	1
1860800	2105480	2018-01-26 00:00:00	4	FDC	2	2	0.4	BCEID\\ASKYWALKER	2008-09-12 14:02:42	BCEID\\ASKYWALKER	2008-09-12 14:02:42	1
1860800	2105481	2018-01-26 00:00:00	1	CW	70	1	0.4	BCEID\\ASKYWALKER	2008-09-12 14:02:42	BCEID\\ASKYWALKER	2008-09-12 14:02:42	1
1860800	2105481	2018-01-26 00:00:00	2	HW	20	2	0.3	BCEID\\ASKYWALKER	2008-09-12 14:02:42	BCEID\\ASKYWALKER	2008-09-12 14:02:42	1
1860800	2105481	2018-01-26 00:00:00	3	BA	10	4	0.3	BCEID\\ASKYWALKER	2008-09-12 14:02:42	BCEID\\ASKYWALKER	2008-09-12 14:02:42	1
\.


--
-- Data for Name: forest_cover_non_mapped_arc; Type: TABLE DATA; Schema: silva; Owner: postgres
--

COPY silva.forest_cover_non_mapped_arc (forest_cover_id, non_mapped_area_id, archive_date, non_mapped_area, stocking_status_code, stocking_type_code, revision_count) FROM stdin;
\.


--
-- Data for Name: forest_cover_non_mapped_area; Type: TABLE DATA; Schema: silva; Owner: postgres
--

COPY silva.forest_cover_non_mapped_area (forest_cover_id, non_mapped_area_id, non_mapped_area, stocking_status_code, stocking_type_code, revision_count) FROM stdin;
2648982	A1	1.0	NP	UNN	1
4656974	R	0.5	NP	RD	1
4401624	A1	1.6	NP	UNN	1
4401625	B5	0.1	NP	UNN	1
4401626	C4	0.1	NP	UNN	1
4401627	A1	1.6	NP	UNN	1
4401628	B5	0.1	NP	UNN	1
4401629	C4	0.1	NP	UNN	1
1039802	1	1.0	C	UNN	1
3416434	A1	3.4	NP	UNN	1
367798	A	3.9	NP	UNN	1
\.


--
-- Data for Name: forest_file_client; Type: TABLE DATA; Schema: silva; Owner: postgres
--

COPY silva.forest_file_client (forest_file_client_skey, forest_file_id, client_number, client_locn_code, forest_file_client_type_code, licensee_start_date, licensee_end_date, revision_count, entry_userid, entry_timestamp, update_userid, update_timestamp) FROM stdin;
440645	TFL47	00010003	13	A	2012-02-21 13:04:06	\N	1	CLIENT_REORG	2012-02-21 13:04:06	CLIENT_REORG	2012-02-21 13:04:06
501472	TFL44	00010002	03	A	2019-03-29 00:00:00	\N	0	IDIR\\ASKYWALKER	2019-04-16 13:31:46	IDIR\\ASKYWALKER	2019-04-16 13:31:46
122540	K1A	00010005	00	A	\N	\N	1	FTA_CONV	2003-11-15 10:52:04	FTA_CONV	2003-11-15 10:52:04
444326	A20212	00010006	00	A	2012-07-17 00:00:00	\N	0	IDIR\\LUFFY	2012-07-17 11:20:59	IDIR\\LUFFY	2012-07-17 11:20:59
24965	A20212	00010003	13	C	\N	2012-07-17 00:00:00	2	FTA_CONV	2003-11-15 10:50:47	IDIR\\LUFFY	2012-07-17 11:20:59
311062	A77623	00010008	00	A	2005-12-15 00:00:00	\N	0	IDIR\\LMASTROB	2005-12-15 11:28:53	IDIR\\LMASTROB	2005-12-15 11:28:53
290377	A77623	00010008	00	C	2005-02-18 00:00:00	2005-12-15 00:00:00	1	IDIR\\DHAIGH	2005-02-18 08:45:11	IDIR\\LMASTROB	2005-12-15 11:28:53
529434	TA1687	00010004	00	A	2022-12-05 00:00:00	\N	0	IDIR\\LOSTASHE	2022-12-05 17:15:20	IDIR\\LOSTASHE	2022-12-05 17:15:20
513632	TA1687	00010003	13	C	2020-11-02 00:00:00	2022-12-05 00:00:00	1	IDIR\\DMSUMNER	2020-11-02 14:22:17	IDIR\\LOSTASHE	2022-12-05 17:15:19
67667	A70881	00010006	00	A	2003-11-01 00:00:00	\N	1	FTA_CONV	2003-11-15 10:51:21	FTA_CONV	2003-11-15 10:51:21
67668	A70881	00010005	00	C	2003-04-01 00:00:00	2003-10-31 00:00:00	1	FTA_CONV	2003-11-15 10:51:21	FTA_CONV	2003-11-15 10:51:21
69689	A72929	00010004	00	A	2003-11-01 00:00:00	\N	1	FTA_CONV	2003-11-15 10:51:23	FTA_CONV	2003-11-15 10:51:23
69690	A72929	00010008	00	C	2003-09-08 00:00:00	2003-10-31 00:00:00	1	FTA_CONV	2003-11-15 10:51:23	FTA_CONV	2003-11-15 10:51:23
289860	A13840	00010006	00	A	2005-01-01 00:00:00	\N	0	IDIR\\JFITZSIM	2005-02-10 11:28:34	IDIR\\JFITZSIM	2005-02-10 11:28:34
7344	A13840	00010008	00	C	\N	2005-01-01 00:00:00	2	FTA_CONV	2003-11-15 10:50:33	IDIR\\JFITZSIM	2005-02-10 11:28:34
551866	TFL39	00010004	00	A	2014-09-22 09:50:28	\N	1	CLIENT_REORG	2014-09-22 09:50:28	CLIENT_REORG	2014-09-22 09:50:28
548992	TFL39	00010005	00	C	2009-11-04 00:00:00	2014-09-22 09:50:28	1	IDIR\\LEKEATIN	2009-11-04 09:08:44	CLIENT_REORG	2014-09-22 09:50:28
511226	TFL39	00010006	00	C	1999-11-01 00:00:00	2009-11-04 00:00:00	2	FTA_CONV	2003-06-10 08:43:17	IDIR\\LEKEATIN	2009-11-04 09:08:44
511227	TFL39	00010008	00	C	1961-10-27 00:00:00	1999-11-01 00:00:00	1	FTA_CONV	2003-06-10 08:43:17	FTA_CONV	2003-06-10 08:43:17
511228	TFL39	00010002	03	L	2002-11-07 00:00:00	\N	1	FTA_CONV	2003-06-10 08:43:17	FTA_CONV	2003-06-10 08:43:17
316882	A18667	00010008	00	A	2006-03-09 16:06:19	\N	1	DATAFIX AL#90359	2006-03-09 16:06:19	DATAFIX AL#90359	2006-03-09 16:06:19
16361	A18667	00010005	00	C	\N	\N	1	FTA_CONV	2003-11-15 10:50:40	FTA_CONV	2003-11-15 10:50:40
16360	A18667	00010006	00	C	\N	2006-03-09 16:06:27	2	FTA_CONV	2003-11-15 10:50:40	DATAFIX AL#90359	2006-03-09 16:06:27
\.


--
-- Data for Name: forest_mgmt_unit; Type: TABLE DATA; Schema: silva; Owner: postgres
--

COPY silva.forest_mgmt_unit (mgmt_skey, mgmt_unit_type_code, mgmt_unit_id, description, entry_userid, entry_timestamp, update_userid, update_timestamp, revision_count, effective_date, expiry_date) FROM stdin;
45	T	47	TFL 47  Duncan Bay	FTA_CONV	2003-11-15 18:37:18	FTA_CONV	2003-11-15 18:37:18	0	1905-01-01 00:00:00	9999-12-31 00:00:00
424	U	47	GBR South TSA	IDIR\\CABANILL	2017-01-03 14:47:46	IDIR\\CABANILL	2017-01-03 14:47:46	0	2016-07-01 00:00:00	9999-12-31 00:00:00
42	T	44	TFL 44  Alberni	FTA_CONV	2003-11-15 18:37:18	FTA_CONV	2003-11-15 18:37:18	0	1905-01-01 00:00:00	9999-12-31 00:00:00
369	Q	13	Selkirk	FTA_04_09	2014-12-02 08:34:56	FTA_04_09	2014-12-02 08:34:56	0	2014-12-02 08:34:56	9999-12-31 00:00:00
24	T	13	TFL 13  Blue River	FTA_CONV	2003-11-15 18:37:18	FTA_CONV	2003-11-15 18:37:18	0	1905-01-01 00:00:00	9999-12-31 00:00:00
67	U	13	Kootenay Lake TSA	FTA_CONV	2003-11-15 18:37:18	FTA_CONV	2003-11-15 18:37:18	0	1905-01-01 00:00:00	9999-12-31 00:00:00
12	N	01	NISGA TREATY SETTLEMENT LANDS	FTA_CONV	2003-11-15 18:37:18	FTA_CONV	2003-11-15 18:37:18	0	1999-12-07 00:00:00	9999-12-31 00:00:00
357	Q	01	100 Mile	FTA_04_09	2014-12-02 08:34:55	FTA_04_09	2014-12-02 08:34:55	0	2014-12-02 08:34:55	9999-12-31 00:00:00
18	T	01	TFL 01  Port Edward	FTA_CONV	2003-11-15 18:37:18	FTA_CONV	2003-11-15 18:37:18	0	1905-01-01 00:00:00	9999-12-31 00:00:00
55	U	01	Arrow TSA	FTA_CONV	2003-11-15 18:37:18	FTA_CONV	2003-11-15 18:37:18	0	1905-01-01 00:00:00	9999-12-31 00:00:00
339	W	01	Greater Vancouver Watershed Lease	FTA_CONV	2003-11-15 18:37:18	FTA_CONV	2003-11-15 18:37:18	0	1905-01-01 00:00:00	9999-12-31 00:00:00
46	T	48	TFL 48  Chetwynd	FTA_CONV	2003-11-15 18:37:18	FTA_CONV	2003-11-15 18:37:18	0	1905-01-01 00:00:00	9999-12-31 00:00:00
425	U	48	North Island TSA	IDIR\\CABANILL	2017-01-03 14:47:46	IDIR\\CABANILL	2017-01-03 14:47:46	0	2016-07-01 00:00:00	9999-12-31 00:00:00
370	Q	14	Skeena Stikine	FTA_04_09	2014-12-02 08:34:56	FTA_04_09	2014-12-02 08:34:56	0	2014-12-02 08:34:56	9999-12-31 00:00:00
25	T	14	TFL 14  Spillimacheen	FTA_CONV	2003-11-15 18:37:18	FTA_CONV	2003-11-15 18:37:18	0	1905-01-01 00:00:00	9999-12-31 00:00:00
68	U	14	Lakes TSA	FTA_CONV	2003-11-15 18:37:18	FTA_CONV	2003-11-15 18:37:18	0	1905-01-01 00:00:00	9999-12-31 00:00:00
39	T	41	TFL 41  Kitimat	FTA_CONV	2003-11-15 18:37:18	FTA_CONV	2003-11-15 18:37:18	0	1905-01-01 00:00:00	9999-12-31 00:00:00
94	U	41	Dawson Creek TSA	FTA_CONV	2003-11-15 18:37:18	FTA_CONV	2003-11-15 18:37:18	0	1905-01-01 00:00:00	9999-12-31 00:00:00
38	T	39	TFL 39  Haida	FTA_CONV	2003-11-15 18:37:18	FTA_CONV	2003-11-15 18:37:18	0	1905-01-01 00:00:00	9999-12-31 00:00:00
92	U	39	Sunshine Coast TSA	FTA_CONV	2003-11-15 18:37:18	FTA_CONV	2003-11-15 18:37:18	0	1905-01-01 00:00:00	9999-12-31 00:00:00
76	U	22	Okanagan TSA	FTA_CONV	2003-11-15 18:37:18	FTA_CONV	2003-11-15 18:37:18	0	1905-01-01 00:00:00	9999-12-31 00:00:00
\.


--
-- Data for Name: forest_stewardship_plan; Type: TABLE DATA; Schema: silva; Owner: postgres
--

COPY silva.forest_stewardship_plan (fsp_id, fsp_amendment_number, fsp_status_code, fsp_amendment_code, licensee_amendment_name, plan_name, plan_term_years, plan_term_months, plan_start_date, plan_end_date, plan_submission_date, plan_decision_date, plan_decision_userid, transition_ind, identified_areas_update_ind, fdu_update_ind, stocking_standard_update_ind, frpa197_election_ind, contact_name, telephone_number, email_address, amendment_approval_date, amendment_authority, amendment_approval_requird_ind, amendment_submission_date, revision_count, entry_userid, entry_timestamp, update_userid, update_timestamp) FROM stdin;
688	1	APP	AMD	\N	Campbell River FSP	5	0	2018-07-05 00:00:00	2023-02-20 00:00:00	2018-02-20 00:00:00	2018-07-09 00:00:00	IDIR\\MICBAKER	N	N	Y	N	Y	Laura Chessor	2502869431	laura.chessor@gov.bc.ca	2018-07-10 00:00:00	IDIR\\MICBAKER	Y	2018-07-05 00:00:00	12	IDIR\\LCHESSOR	2018-05-29 13:16:10	IDIR\\DANTURNE	2018-11-02 10:26:21
688	2	APP	AMD	2	Campbell River FSP	5	0	2019-10-31 00:00:00	2023-02-20 00:00:00	2018-02-20 00:00:00	2019-10-31 00:00:00	IDIR\\TMHARTZ	N	N	N	Y	Y	Jeff Hamilton, RPF	2502869371	jeffery.hamilton@gov.bc.ca	2019-10-31 00:00:00	IDIR\\TMHARTZ	Y	2019-10-29 00:00:00	12	IDIR\\LCHESSOR	2019-06-12 14:18:36	IDIR\\TMHARTZ	2019-10-31 13:12:29
688	3	INE	AMD	3	Campbell River FSP	\N	\N	2021-02-23 00:00:00	2023-07-20 00:00:00	2018-02-20 00:00:00	\N	IDIR\\JEFHAMIL	N	N	Y	Y	Y	Jeffery Hamilton	2508501771	jeffery.hamilton@gov.bc.ca	2021-02-23 00:00:00	\N	N	2021-02-23 00:00:00	12	IDIR\\JEFHAMIL	2021-02-10 09:49:20	AMND_PLAN_UPDATE	2023-06-29 11:13:03
688	4	REJ	AMD	14(4) Declaration June 8 2023	Campbell River FSP	\N	\N	2023-06-26 00:00:00	2023-07-20 00:00:00	2018-02-20 00:00:00	2023-06-28 00:00:00	IDIR\\MPITRE	N	Y	N	N	Y	Mike Pitre, RPF	2364720065	mike.pitre@gov.bc.ca	2023-06-26 00:00:00	\N	N	2023-06-26 00:00:00	12	IDIR\\MPITRE	2023-06-08 10:43:01	IDIR\\JACARROL	2023-06-26 13:37:26
688	5	INE	AMD	14(4) Declaration Feb 2024	Campbell River FSP	\N	\N	2023-06-29 00:00:00	2023-07-20 00:00:00	2018-02-20 00:00:00	\N	IDIR\\MPITRE	N	Y	N	N	Y	Mike Pitre, RPF	2364720065	mike.pitre@gov.bc.ca	2023-06-29 00:00:00	\N	N	2023-06-29 00:00:00	11	IDIR\\MPITRE	2023-06-29 11:06:50	IDIR\\SCAKERLE	2024-02-28 15:58:44
93	0	RET	ORG	\N	Johnstone Strait Forest Stewardship Plan	5	0	2006-12-13 00:00:00	2011-12-13 00:00:00	2006-12-11 00:00:00	2006-12-13 00:00:00	IDIR\\JDPICKFO	N	N	N	N	N	Rick Monchak, RPF	2502867364	monchak.r@timberwest.com	2006-12-13 00:00:00	IDIR\\LKSMITH	Y	2006-12-11 00:00:00	15	IDIR\\DORMACDO	2007-04-02 15:36:38	IDIR\\PPICARD	2011-03-16 15:33:46
93	1	RET	AMD	\N	Johnstone Strait Forest Stewardship Plan	5	0	2008-01-30 00:00:00	2011-12-13 00:00:00	2008-01-03 00:00:00	2008-01-30 00:00:00	IDIR\\JDPICKFO	N	N	N	N	N	Rick Monchak, RPF	2502867364	monchak.r@timberwest.com	2008-01-30 00:00:00	\N	N	2008-01-30 00:00:00	9	BCEID\\RMMONCHAK	2008-01-31 10:14:49	IDIR\\PPICARD	2011-03-16 15:34:22
93	2	RET	AMD	\N	Johnstone Strait Forest Stewardship Plan	5	0	2008-05-02 00:00:00	2011-12-13 00:00:00	2008-01-03 00:00:00	2008-05-02 00:00:00	IDIR\\JDPICKFO	N	N	N	N	N	Rick Monchak, RPF	2502867364	monchak.r@timberwest.com	2008-05-02 00:00:00	IDIR\\KAWILLIS	Y	2008-01-30 00:00:00	14	BCEID\\RMMONCHAK	2008-01-31 15:07:13	IDIR\\PPICARD	2011-03-16 15:34:38
93	3	RET	AMD	Declared Area Amend. Mar 28 08	Johnstone Strait Forest Stewardship Plan	5	0	2008-03-12 00:00:00	2011-12-13 00:00:00	2008-01-03 00:00:00	2008-03-12 00:00:00	IDIR\\JDPICKFO	N	Y	N	N	N	Rick Monchak, RPF	2502867364	monchak.r@timberwest.com	2008-03-12 00:00:00	\N	N	2008-03-12 00:00:00	13	BCEID\\RMMONCHAK	2008-05-28 15:38:11	IDIR\\PPICARD	2011-03-16 15:34:58
93	4	RET	AMD	\N	Johnstone Strait Forest Stewardship Plan	5	0	2007-01-29 00:00:00	2011-12-13 00:00:00	2008-01-03 00:00:00	2009-04-08 00:00:00	IDIR\\DELWILLI	N	N	N	N	N	Rick Monchak, RPF	2502867364	monchak.r@timberwest.com	2009-04-08 00:00:00	\N	N	2007-01-29 00:00:00	10	IDIR\\DELWILLI	2009-04-08 08:38:44	IDIR\\PPICARD	2011-03-16 15:35:14
93	5	RET	AMD	Amendment # 5	Johnstone Strait Forest Stewardship Plan	5	0	2009-12-17 00:00:00	2011-12-13 00:00:00	2008-01-03 00:00:00	2009-12-17 00:00:00	IDIR\\DELWILLI	N	N	N	N	N	Rick Monchak, RPF	2502867364	monchakr@timberwest.com	2009-12-17 00:00:00	IDIR\\PSILVER	Y	2010-05-12 00:00:00	9	BCEID\\RMMONCHAK	2010-05-12 12:55:10	IDIR\\PPICARD	2011-03-16 15:35:30
93	6	RET	AMD	Addition to FDU T	Johnstone Strait Forest Stewardship Plan	5	0	2010-06-07 00:00:00	2011-12-13 00:00:00	2008-01-03 00:00:00	\N	BCEID\\RMMONCHAK	N	N	Y	N	N	Rick Monchak, RPF	2502867364	monchakr@timberwest.com	2010-06-07 00:00:00	\N	N	2010-06-07 00:00:00	7	BCEID\\RMMONCHAK	2010-06-07 12:17:40	IDIR\\PPICARD	2011-03-16 15:36:09
93	7	RET	AMD	\N	Johnstone Strait Forest Stewardship Plan	5	0	2010-07-05 00:00:00	2011-12-13 00:00:00	2008-01-03 00:00:00	\N	BCEID\\RMMONCHAK	N	N	Y	N	N	Rick Monchak, RPF	2502867364	monchakr@timberwest.com	2010-07-05 00:00:00	\N	N	2010-07-05 00:00:00	6	BCEID\\RMMONCHAK	2010-07-05 09:57:01	IDIR\\PPICARD	2011-03-16 15:36:22
93	8	RET	AMD	Amendment # 8	Johnstone Strait Forest Stewardship Plan	5	0	2010-10-08 00:00:00	2011-12-13 00:00:00	2008-01-03 00:00:00	\N	BCEID\\RMMONCHAK	N	N	Y	N	N	Rick Monchak, RPF	2502867364	monchakr@timberwest.com	2010-10-08 00:00:00	\N	N	2010-10-08 00:00:00	9	BCEID\\RMMONCHAK	2010-10-08 15:26:47	IDIR\\PPICARD	2011-03-16 15:36:40
93	9	RET	AMD	\N	Johnstone Strait Forest Stewardship Plan	5	0	2011-06-16 00:00:00	2011-12-13 00:00:00	2008-01-03 00:00:00	2011-06-16 00:00:00	IDIR\\PSILVER	N	N	N	Y	N	Rick Monchak, RPF	2502867364	monchakr@timberwest.com	2011-06-21 00:00:00	IDIR\\PSILVER	Y	2011-06-15 00:00:00	11	BCEID\\RMMONCHAK	2010-11-26 14:38:27	IDIR\\PPICARD	2011-11-29 10:47:24
93	10	RET	AMD	No 10, Declared Areas	Johnstone Strait Forest Stewardship Plan	\N	\N	2011-10-17 00:00:00	2016-12-11 00:00:00	2008-01-03 00:00:00	\N	BCEID\\RMMONCHAK	N	Y	N	N	N	Rick Monchak, RPF	2502867364	monchakr@timberwest.com	2011-10-17 00:00:00	\N	N	2011-10-17 00:00:00	28	BCEID\\RMMONCHAK	2011-10-17 13:36:41	AMND_PLAN_UPDATE	2017-10-10 14:47:06
93	11	RET	AMD	\N	Johnstone Strait Forest Stewardship Plan	\N	\N	2013-03-25 00:00:00	2016-12-11 00:00:00	2008-01-03 00:00:00	\N	BCEID\\RMMONCHAK	N	N	N	N	Y	Rick Monchak, RPF	2502867364	monchakr@timberwest.com	2013-03-25 00:00:00	\N	N	2013-03-25 00:00:00	22	BCEID\\RMMONCHAK	2013-03-25 16:00:54	AMND_TERM_UPDATE	2017-10-10 14:47:06
93	12	RET	AMD	\N	Johnstone Strait Forest Stewardship Plan	\N	\N	2013-05-30 00:00:00	2016-12-11 00:00:00	2008-01-03 00:00:00	2013-05-30 00:00:00	IDIR\\PSILVER	N	N	N	N	Y	Rick Monchak, RPF	2502867364	monchakr@timberwest.com	2013-05-30 00:00:00	IDIR\\PSILVER	Y	2013-05-14 00:00:00	22	BCEID\\RMMONCHAK	2013-05-14 10:34:10	AMND_TERM_UPDATE	2017-10-10 14:47:06
93	13	RET	AMD	\N	Johnstone Strait Forest Stewardship Plan	\N	\N	2013-07-30 00:00:00	2016-12-11 00:00:00	2008-01-03 00:00:00	\N	IDIR\\SCAKERLE	N	N	N	N	Y	Rick Monchak, RPF	2502867364	monchakr@timberwest.com	2013-07-30 00:00:00	\N	N	2013-07-30 00:00:00	20	IDIR\\SCAKERLE	2013-07-30 13:46:26	AMND_TERM_UPDATE	2017-10-10 14:47:06
93	14	RET	AMD	\N	Johnstone Strait Forest Stewardship Plan	\N	\N	2014-04-15 00:00:00	2016-12-11 00:00:00	2008-01-03 00:00:00	2014-04-15 00:00:00	IDIR\\MLEROY	N	N	Y	N	Y	Rick Monchak, RPF	2502867364	monchakr@timberwest.com	2014-08-14 00:00:00	IDIR\\MLEROY	Y	2014-08-13 00:00:00	24	BCEID\\RMMONCHAK	2014-04-02 17:14:12	AMND_TERM_UPDATE	2017-10-10 14:47:06
93	15	RET	AMD	\N	Johnstone Strait Forest Stewardship Plan	\N	\N	2014-09-23 00:00:00	2016-12-11 00:00:00	2008-01-03 00:00:00	\N	BCEID\\RMMONCHAK	N	Y	N	N	Y	Rick Monchak, RPF	2502867364	monchakr@timberwest.com	2014-09-23 00:00:00	\N	N	2014-09-23 00:00:00	16	BCEID\\RMMONCHAK	2014-09-23 15:34:27	AMND_TERM_UPDATE	2017-10-10 14:47:06
93	16	RET	AMD	\N	Johnstone Strait Forest Stewardship Plan	\N	\N	2015-01-02 00:00:00	2016-12-11 00:00:00	2008-01-03 00:00:00	\N	BCEID\\RMMONCHAK	N	Y	N	N	Y	Rick Monchak, RPF	2502867364	monchakr@timberwest.com	2015-01-02 00:00:00	\N	N	2015-01-02 00:00:00	15	BCEID\\RMMONCHAK	2015-01-02 11:49:39	AMND_TERM_UPDATE	2017-10-10 14:47:06
93	17	RET	AMD	\N	Johnstone Strait Forest Stewardship Plan	\N	\N	2015-01-07 00:00:00	2016-12-11 00:00:00	2008-01-03 00:00:00	2015-01-07 00:00:00	IDIR\\PSILVER	N	N	N	N	Y	Rick Monchak, RPF	2502867364	monchakr@timberwest.com	2015-01-07 00:00:00	IDIR\\PSILVER	Y	2015-01-07 00:00:00	17	BCEID\\RMMONCHAK	2015-01-05 15:42:07	AMND_TERM_UPDATE	2017-10-10 14:47:06
93	18	RET	AMD	\N	Johnstone Strait Forest Stewardship Plan	\N	\N	2015-01-16 00:00:00	2016-12-11 00:00:00	2008-01-03 00:00:00	\N	BCEID\\RMMONCHAK	N	Y	N	N	Y	Rick Monchak, RPF	2502867364	monchakr@timberwest.com	2015-01-16 00:00:00	\N	N	2015-01-16 00:00:00	15	BCEID\\RMMONCHAK	2015-01-16 14:27:40	AMND_TERM_UPDATE	2017-10-10 14:47:06
93	19	RET	AMD	\N	Johnstone Strait Forest Stewardship Plan	\N	\N	2015-04-30 00:00:00	2016-12-11 00:00:00	2008-01-03 00:00:00	\N	BCEID\\RMMONCHAK	N	N	Y	N	Y	Rick Monchak, RPF	2502867364	monchakr@timberwest.com	2015-04-30 00:00:00	\N	N	2015-04-30 00:00:00	14	BCEID\\RMMONCHAK	2015-04-30 11:18:41	AMND_TERM_UPDATE	2017-10-10 14:47:06
93	20	RET	AMD	Homalco NRFL	Johnstone Strait Forest Stewardship Plan	\N	\N	2015-08-06 00:00:00	2016-12-11 00:00:00	2008-01-03 00:00:00	2015-08-06 00:00:00	IDIR\\PSILVER	N	N	N	N	Y	Rick Monchak, RPF	2502867364	monchakr@timberwest.com	2015-08-06 00:00:00	IDIR\\PSILVER	Y	2015-05-12 00:00:00	16	BCEID\\RMMONCHAK	2015-04-30 15:31:35	AMND_TERM_UPDATE	2017-10-10 14:47:06
93	21	RET	AMD	FDU_F Amendment	Johnstone Straits Forest Stewardship Plan	\N	\N	2016-06-02 00:00:00	2016-12-11 00:00:00	2008-01-03 00:00:00	2016-06-02 00:00:00	IDIR\\TMHARTZ	N	N	Y	N	N	Rick Monchak	2502867334	monchakr@timberwest.com	2016-07-22 00:00:00	IDIR\\TMHARTZ	Y	2016-07-22 00:00:00	19	BCEID\\RMMONCHAK	2016-06-01 15:00:01	AMND_TERM_UPDATE	2017-10-10 14:47:06
93	22	RET	AMD	GBRO Amendment	Johnstone Straits Forest Stewardship Plan	\N	\N	2016-09-02 00:00:00	2017-09-11 00:00:00	2008-01-03 00:00:00	2016-09-02 00:00:00	IDIR\\LCHESSOR	N	N	N	N	Y	Rick Monchak	2502867334	monchakr@timberwest.com	2016-10-14 00:00:00	IDIR\\LCHESSOR	Y	2016-07-26 00:00:00	15	BCEID\\RMMONCHAK	2016-07-26 15:42:01	AMND_PLAN_UPDATE	2017-10-10 14:47:06
93	23	RET	RPL	Replacement	Johnstone Straits Forest Stewardship Plan	\N	\N	2017-09-11 00:00:00	2022-09-11 00:00:00	2008-01-03 00:00:00	2017-09-05 00:00:00	IDIR\\DANTURNE	N	N	Y	N	Y	Rick Monchak	2502032058	monchakr@timberwest.com	2019-06-24 00:00:00	IDIR\\DANTURNE	Y	2019-06-24 00:00:00	28	BCEID\\RMMONCHAK	2017-08-09 08:39:12	IDIR\\DANTURNE	2019-06-24 09:29:32
105	0	APP	ORG	\N	BL Comfor 2007	\N	\N	2007-07-13 00:00:00	2012-07-12 00:00:00	2007-03-14 00:00:00	2007-07-13 00:00:00	IDIR\\JDPICKFO	N	N	N	N	N	Allister Schroff	2506927724	Not Available	2007-07-13 00:00:00	IDIR\\DOFLAMINGO	Y	2007-03-14 00:00:00	11	IDIR\\DOFLAMINGO	2007-07-17 09:02:49	IDIR\\JDPICKFO	2009-02-06 10:27:06
105	1	REJ	AMD	Bl Comfor amendment #1	BL Comfor 2007	\N	\N	\N	2012-07-12 00:00:00	2007-03-14 00:00:00	2009-08-04 00:00:00	\N	N	N	N	N	N	Dawn Stronstad	2506927724	Not Available	\N	\N	Y	2009-08-24 00:00:00	13	IDIR\\DOFLAMINGO	2009-04-20 10:46:45	IDIR\\DOFLAMINGO	2009-08-24 10:50:08
105	2	APP	AMD	\N	BL Comfor 2007	\N	\N	2010-01-21 00:00:00	2014-07-12 00:00:00	2007-03-14 00:00:00	2010-01-21 00:00:00	IDIR\\DOFLAMINGO	N	N	Y	N	N	Dawn Stronstad	2506927724	Not Available	2010-01-27 00:00:00	IDIR\\DOFLAMINGO	Y	2010-01-27 00:00:00	14	IDIR\\DOFLAMINGO	2009-09-29 16:14:05	AMND_PLAN_UPDATE	2013-06-06 08:22:43
105	3	DFT	AMD	\N	BL Comfor 2007	\N	\N	\N	2014-07-12 00:00:00	2007-03-14 00:00:00	\N	\N	N	N	Y	Y	N	Melissa Steidle	2505625541	msteidle@dwbconsulting.ca	\N	\N	Y	\N	3	BCEID\\JWALKER	2013-11-07 16:22:30	BCEID\\JWALKER	2013-11-07 16:23:20
8	0	APP	ORG	\N	2007 Forest Stewardship Plan For J.HH.Huscroft Ltd.	5	\N	2007-03-05 00:00:00	2012-03-05 00:00:00	2007-01-24 00:00:00	2007-03-05 00:00:00	IDIR\\JDPICKFO	N	N	N	N	N	Matthew Maddess	2504283723	maddess.m@shawcable.com	2007-03-05 00:00:00	IDIR\\CJNIXON	\N	2007-01-24 00:00:00	12	BCEID\\MMADDESS	2007-05-15 15:15:19	IDIR\\JDPICKFO	2009-03-16 08:48:47
77	0	APP	ORG	\N	Forest Stewardship Plan 2007 - 2012 Creston Valley Forest Corporation Licence A54214	5	\N	2007-06-28 00:00:00	2012-06-28 00:00:00	2007-06-01 00:00:00	2007-06-28 00:00:00	IDIR\\CJNIXON	N	N	N	N	N	Dan Murphy	2504020070	dmurphy.cvfc@kootenay.com	2009-02-25 00:00:00	IDIR\\CJNIXON	Y	2007-06-01 00:00:00	5	IDIR\\DORMACDO	2007-06-28 13:35:59	IDIR\\CJNIXON	2009-02-25 13:53:59
53	1	INE	AMD	\N	FSP 53 Tembec	5	0	2006-12-07 00:00:00	2011-11-15 00:00:00	2007-04-25 00:00:00	2006-12-07 00:00:00	IDIR\\JDPICKFO	N	N	N	N	N	Joe Gnucci	2504269287	joe.gnucci@tembec.com	2006-12-07 00:00:00	\N	N	2006-12-07 00:00:00	7	IDIR\\MBLACK	2007-07-04 07:02:11	Rls1.4 Upd Status INE	2009-07-31 08:50:59
53	2	INE	AMD	\N	FSP 53 Tembec	5	0	2007-01-18 00:00:00	2011-11-15 00:00:00	2007-04-25 00:00:00	2007-01-18 00:00:00	IDIR\\JDPICKFO	N	N	N	N	N	Joe Gnucci	2504269287	joe.gnucci@tembec.com	2007-01-18 00:00:00	\N	N	2007-01-18 00:00:00	7	IDIR\\MBLACK	2007-07-04 08:14:46	Rls1.4 Upd Status INE	2009-07-31 08:50:59
53	3	INE	AMD	\N	FSP 53 Tembec	5	0	2007-03-16 00:00:00	2011-11-15 00:00:00	2007-04-25 00:00:00	2007-03-16 00:00:00	IDIR\\JDPICKFO	N	N	N	N	N	Joe Gnucci	2504269287	joe.gnucci@tembec.com	2007-03-16 00:00:00	\N	N	2007-03-16 00:00:00	8	IDIR\\MBLACK	2007-07-05 07:29:08	Rls1.4 Upd Status INE	2009-07-31 08:50:59
45	0	APP	ORG	\N	FSP 45 Celcrest Wynndel Box	5	0	2006-10-03 00:00:00	2011-10-03 00:00:00	2006-08-09 00:00:00	2006-10-03 00:00:00	IDIR\\JDPICKFO	N	N	N	N	N	Ron J. Piva	2508665412	wynbox@uniserve.com	2006-10-03 00:00:00	IDIR\\CJNIXON	Y	2006-08-09 00:00:00	8	IDIR\\DORMACDO	2007-03-02 16:02:56	IDIR\\JDPICKFO	2012-01-16 09:11:59
27	0	APP	ORG	\N	2006-2011 Forest Stewardship Plan	\N	\N	2006-12-20 00:00:00	2011-12-20 00:00:00	2006-11-15 00:00:00	2006-12-06 00:00:00	IDIR\\JDPICKFO	N	N	N	N	N	Craig Stemmler, RFP	2503677771	craig.stemmler@atcolumber.com	2006-12-06 00:00:00	IDIR\\TDDECOUR	Y	2006-11-15 00:00:00	11	IDIR\\DORMACDO	2007-03-13 11:08:44	IDIR\\JDPICKFO	2009-02-17 10:18:57
53	0	APP	ORG	\N	FSP 53 Tembec	5	0	2006-11-15 00:00:00	2011-11-15 00:00:00	2006-11-03 00:00:00	2006-11-15 00:00:00	IDIR\\JDPICKFO	N	N	N	N	N	Joe Gnucci	2504269287	joe.gnucci@tembec.com	2006-11-15 00:00:00	IDIR\\MBLACK	Y	2006-11-03 00:00:00	13	IDIR\\DHEMSWOR	2007-03-19 11:51:02	IDIR\\JDPICKFO	2008-11-18 15:03:10
26	0	APP	ORG	\N	Kalesnikoff Lumber  A20194 and A30172	5	0	2005-04-27 00:00:00	2010-04-27 00:00:00	2009-05-20 00:00:00	2007-04-27 00:00:00	IDIR\\CJNIXON	N	N	N	N	N	Stan Hadikin	2503994211	stanhd1@kalesnikoff.com	2009-05-20 00:00:00	IDIR\\CJNIXON	Y	2009-05-20 00:00:00	14	IDIR\\DORMACDO	2007-03-29 09:15:37	IDIR\\CJNIXON	2009-05-20 09:59:39
53	4	APP	AMD	\N	FSP 53 Tembec	5	0	2007-06-13 00:00:00	2011-11-15 00:00:00	2007-04-25 00:00:00	2007-06-13 00:00:00	IDIR\\JDPICKFO	N	N	N	N	N	Joe Gnucci	2504269287	joe.gnucci@tembec.com	2007-06-13 00:00:00	IDIR\\MBLACK	Y	2007-05-31 00:00:00	7	IDIR\\DORMACDO	2007-10-26 13:05:10	IDIR\\JDPICKFO	2008-11-04 15:47:39
53	6	INE	AMD	\N	FSP 53 Tembec	5	0	2007-05-10 00:00:00	2011-11-15 00:00:00	2007-04-25 00:00:00	2007-05-10 00:00:00	IDIR\\JDPICKFO	N	N	N	N	N	Joe Gnucci	2504269287	joe.gnucci@tembec.com	2007-05-10 00:00:00	\N	N	2007-05-10 00:00:00	8	IDIR\\ACUTHERT	2009-02-09 13:35:35	Rls1.4 Upd Status INE	2009-07-31 08:50:59
53	7	INE	AMD	\N	FSP 53 Tembec	5	0	2007-08-16 00:00:00	2011-11-15 00:00:00	2007-04-25 00:00:00	2007-08-16 00:00:00	IDIR\\JDPICKFO	N	N	N	N	N	Joe Gnucci	2504269287	joe.gnucci@tembec.com	2007-08-16 00:00:00	\N	N	2007-08-16 00:00:00	7	IDIR\\JDPICKFO	2009-02-09 15:17:39	Rls1.4 Upd Status INE	2009-07-31 08:50:59
277	0	APP	ORG	\N	Kaslo and District Community Forest	\N	\N	2008-08-12 00:00:00	2013-08-12 00:00:00	2008-07-22 00:00:00	2009-09-15 00:00:00	IDIR\\JDPICKFO	N	N	N	N	N	Richard Marchand RPF	2503539677	osprey44@shaw.ca	2009-09-15 00:00:00	IDIR\\JDPICKFO	Y	2008-07-22 00:00:00	14	BCEID\\RMARCHAND	2008-08-20 16:42:26	IDIR\\JDPICKFO	2009-09-15 09:01:59
279	0	APP	ORG	\N	Forest Stewardship Plan for BC Timber Sales in the Kootenay Lake Forest District	\N	\N	2006-12-13 00:00:00	2011-12-13 00:00:00	2006-11-07 00:00:00	2006-12-13 00:00:00	IDIR\\CJNIXON	N	N	N	N	N	Ingrid Russell	2508251141	Ingrid.Russell@gov.bc.ca	2008-10-01 00:00:00	IDIR\\CJNIXON	Y	2006-11-07 00:00:00	12	IDIR\\SSLIMMON	2008-08-21 13:48:04	IDIR\\PPICARD	2011-12-02 10:16:32
26	1	APP	AMD	Amendment #1	Kalesnikoff Lumber  A20194 and A30172	5	0	2006-12-19 00:00:00	2010-04-27 00:00:00	2007-04-16 00:00:00	2006-12-19 00:00:00	IDIR\\CJNIXON	N	N	N	N	N	Stan Hadikin	2503994211	stanhd1@kalesnikoff.com	2009-05-20 00:00:00	IDIR\\CJNIXON	Y	2009-05-20 00:00:00	10	BCEID\\STANHADIKIN	2008-09-15 15:54:55	IDIR\\CJNIXON	2009-05-20 11:48:30
279	1	DEL	AMD	Sproule Ck FDU boundary	Forest Stewardship Plan for BC Timber Sales in the Kootenay Lake Forest District	\N	\N	\N	2011-06-12 00:00:00	2006-11-07 00:00:00	\N	\N	N	N	Y	N	N	Ingrid Russell	2508251141	Ingrid.Russell@gov.bc.ca	\N	\N	N	\N	4	IDIR\\IRUSSELL	2008-10-01 11:37:34	IDIR\\IRUSSELL	2008-10-01 11:49:57
279	2	INE	AMD	Sproule Ck FDU boundary	Forest Stewardship Plan for BC Timber Sales in the Kootenay Lake Forest District	\N	\N	2008-10-01 00:00:00	2011-12-13 00:00:00	2006-11-07 00:00:00	\N	IDIR\\IRUSSELL	N	N	Y	N	N	Ingrid Russell	2508251141	Ingrid.Russell@gov.bc.ca	2008-10-01 00:00:00	\N	N	2008-10-01 00:00:00	10	IDIR\\IRUSSELL	2008-10-01 11:55:38	IDIR\\PPICARD	2011-12-02 11:12:41
279	4	INE	AMD	BCTS KL FSP Amd declared areas	Forest Stewardship Plan for BC Timber Sales in the Kootenay Lake Forest District	\N	\N	2009-02-25 00:00:00	2011-12-13 00:00:00	2006-11-07 00:00:00	\N	IDIR\\IRUSSELL	N	N	N	N	N	Ingrid Russell	2508251141	Ingrid.Russell@gov.bc.ca	2009-02-25 00:00:00	\N	N	2008-12-19 00:00:00	16	IDIR\\IRUSSELL	2008-10-01 14:21:24	IDIR\\PPICARD	2011-12-02 11:13:37
279	5	APP	AMD	\N	Forest Stewardship Plan for BC Timber Sales in the Kootenay Lake Forest District	\N	\N	2008-02-12 00:00:00	2011-12-13 00:00:00	2006-11-07 00:00:00	2008-02-12 00:00:00	IDIR\\JDPICKFO	N	N	N	Y	N	Ingrid Russell	2508251141	Ingrid.Russell@gov.bc.ca	2008-02-12 00:00:00	IDIR\\CJNIXON	Y	2008-01-30 00:00:00	9	IDIR\\IRUSSELL	2008-10-01 14:31:58	IDIR\\PPICARD	2011-12-02 11:13:48
279	6	INE	AMD	BCTS FSP KL Amd declared areas	Forest Stewardship Plan for BC Timber Sales in the Kootenay Lake Forest District	\N	\N	2009-02-25 00:00:00	2011-12-13 00:00:00	2006-11-07 00:00:00	\N	IDIR\\IRUSSELL	N	N	N	N	N	Ingrid Russell	2508251141	Ingrid.Russell@gov.bc.ca	2009-02-25 00:00:00	\N	N	2008-12-19 00:00:00	14	IDIR\\IRUSSELL	2008-10-01 15:31:00	IDIR\\PPICARD	2011-12-02 11:14:00
279	7	APP	AMD	A81888 Block 2 and 3 stocking	Forest Stewardship Plan for BC Timber Sales in the Kootenay Lake Forest District	\N	\N	2008-04-23 00:00:00	2011-12-13 00:00:00	2006-11-07 00:00:00	2008-04-23 00:00:00	IDIR\\CJNIXON	N	N	N	Y	N	Ingrid Russell	2508251141	Ingrid.Russell@gov.bc.ca	2010-02-26 00:00:00	IDIR\\CJNIXON	Y	2010-01-28 00:00:00	15	IDIR\\IRUSSELL	2008-10-01 15:36:42	IDIR\\PPICARD	2011-12-02 11:14:11
279	8	INE	AMD	Kaslo FDU boundary	Forest Stewardship Plan for BC Timber Sales in the Kootenay Lake Forest District	\N	\N	2008-10-01 00:00:00	2011-12-13 00:00:00	2006-11-07 00:00:00	\N	IDIR\\IRUSSELL	N	N	N	N	N	Ingrid Russell	2508251141	Ingrid.Russell@gov.bc.ca	2008-10-01 00:00:00	\N	N	2008-10-01 00:00:00	7	IDIR\\IRUSSELL	2008-10-01 16:00:43	IDIR\\PPICARD	2011-12-02 11:14:21
279	9	APP	AMD	Amd #9 A83336-2,3,4 stocking	Forest Stewardship Plan for BC Timber Sales in the Kootenay Lake Forest District	\N	\N	2008-09-04 00:00:00	2011-12-13 00:00:00	2006-11-07 00:00:00	2008-09-04 00:00:00	IDIR\\CJNIXON	N	N	N	Y	N	Ingrid Russell	2508251141	Ingrid.Russell@gov.bc.ca	2009-01-27 00:00:00	IDIR\\CJNIXON	Y	2008-09-03 00:00:00	9	IDIR\\IRUSSELL	2008-10-01 16:09:35	IDIR\\PPICARD	2011-12-02 11:14:35
26	2	INE	AMD	\N	Kalesnikoff Lumber  A20194 and A30172	5	0	2008-10-07 00:00:00	2010-04-27 00:00:00	2007-04-16 00:00:00	2008-11-03 00:00:00	IDIR\\JDPICKFO	N	N	N	N	N	Stan Hadikin	2503994211	stanhd1@kalesnikoff.com	2008-11-03 00:00:00	\N	N	2008-10-07 00:00:00	7	IDIR\\JDPICKFO	2008-11-03 14:33:54	Rls1.4 Upd Status INE	2009-07-31 08:50:59
53	5	INE	AMD	\N	FSP 53 Tembec	5	0	2009-02-09 00:00:00	2011-11-15 00:00:00	2007-04-25 00:00:00	\N	IDIR\\JDPICKFO	N	N	Y	N	N	Joe Gnucci	2504269287	joe.gnucci@tembec.com	2009-02-09 00:00:00	\N	N	2009-02-09 00:00:00	7	IDIR\\JDPICKFO	2009-01-20 13:13:48	Rls1.4 Upd Status INE	2009-07-31 08:50:59
277	1	INE	AMD	\N	Kaslo and District Community Forest	\N	\N	2009-08-25 00:00:00	2013-08-12 00:00:00	2008-07-22 00:00:00	\N	BCEID\\O_AHRENS	N	Y	N	N	N	Richard Marchand RPF	2503539677	osprey44@shaw.ca	2009-08-25 00:00:00	\N	N	2009-08-25 00:00:00	10	BCEID\\O_AHRENS	2009-08-25 12:08:28	Datafix1114000	2009-09-15 10:59:14
77	3	INE	AMD	\N	Creston Valley Forest Corporation Licence A54214	\N	\N	2009-10-02 00:00:00	2017-06-28 00:00:00	2007-06-01 00:00:00	\N	BCEID\\DGRATTON1	N	N	Y	N	N	Daniel Gratton, RPF General Manager	2504020070	dgratton.cvfc@uniserve.com	2009-10-02 00:00:00	\N	N	2009-10-02 00:00:00	6	BCEID\\DGRATTON1	2009-10-02 09:41:32	AMND_PLAN_UPDATE	2012-08-13 11:44:25
26	5	APP	AMD	Amendment #4	Kalesnikoff Lumber  A20194 and A30172	\N	\N	2010-02-15 00:00:00	2015-04-27 00:00:00	2007-04-16 00:00:00	2010-02-15 00:00:00	IDIR\\CJNIXON	N	N	N	Y	N	Stan Hadikin	2503994211	stanh@kalesnikoff.com	2010-02-15 00:00:00	IDIR\\CJNIXON	Y	2010-01-27 00:00:00	17	BCEID\\STANHADIKIN	2009-11-04 15:45:13	AMND_PLAN_UPDATE	2015-04-22 09:46:39
277	2	INE	AMD	Declare block 1, 2, 3	Kaslo and District Community Forest	\N	\N	2009-11-20 00:00:00	2013-08-12 00:00:00	2008-07-22 00:00:00	\N	BCEID\\RMARCHAND	N	Y	N	N	N	Richard Marchand RPF	2503539677	osprey44@shaw.ca	2009-11-20 00:00:00	\N	N	2009-11-20 00:00:00	5	BCEID\\RMARCHAND	2009-11-18 11:16:53	BCEID\\RMARCHAND	2009-11-20 11:10:13
277	3	INE	AMD	\N	Kaslo and District Community Forest	\N	\N	2009-12-21 00:00:00	2013-08-12 00:00:00	2008-07-22 00:00:00	\N	BCEID\\RMARCHAND	N	Y	N	N	N	Richard Marchand RPF	2503539677	osprey44@shaw.ca	2009-12-21 00:00:00	\N	N	2009-12-21 00:00:00	5	BCEID\\RMARCHAND	2009-12-21 09:52:24	BCEID\\RMARCHAND	2009-12-21 10:00:33
53	8	INE	AMD	Amendment # 8	FSP 53 Tembec	5	0	2008-07-14 00:00:00	2011-11-15 00:00:00	2007-04-25 00:00:00	2008-07-14 00:00:00	IDIR\\JDPICKFO	N	Y	N	N	N	Eirik Pighin	2504269288	eirik.pighin@tembec.com	2008-07-14 00:00:00	\N	N	2008-07-14 00:00:00	8	BCEID\\SPTEMPLE	2010-01-18 08:03:11	IDIR\\JDPICKFO	2010-01-20 16:00:06
53	9	INE	AMD	Amendment # 9	FSP 53 Tembec	5	0	2010-01-27 00:00:00	2011-11-15 00:00:00	2007-04-25 00:00:00	\N	BCEID\\SPTEMPLE	N	N	N	N	N	Stephen Temple	2505297211	steve.temple@tembec.com	2010-01-27 00:00:00	\N	N	2010-01-27 00:00:00	6	BCEID\\SPTEMPLE	2010-01-19 09:51:23	BCEID\\SPTEMPLE	2010-01-27 12:00:42
8	2	INE	AMD	\N	2007 Forest Stewardship Plan For J.HH.Huscroft Ltd.	5	0	2010-01-27 00:00:00	2012-03-05 00:00:00	2007-01-24 00:00:00	\N	IDIR\\CJNIXON	N	N	Y	N	N	Matthew Maddess	2504283723	maddess.m@shawcable.com	2010-01-27 00:00:00	\N	N	2010-01-27 00:00:00	5	IDIR\\CJNIXON	2010-01-27 09:38:54	IDIR\\CJNIXON	2010-01-27 10:00:26
8	3	APP	AMD	Amendment #3	2007 Forest Stewardship Plan For J.HH.Huscroft Ltd.	5	0	2008-09-03 00:00:00	2012-03-05 00:00:00	2007-01-24 00:00:00	2008-09-03 00:00:00	IDIR\\CJNIXON	N	N	Y	N	N	Matthew Maddess	2504283723	maddess.m@shawcable.com	2010-04-27 00:00:00	IDIR\\CJNIXON	Y	2008-09-03 00:00:00	9	IDIR\\CJNIXON	2010-01-27 10:22:11	IDIR\\CJNIXON	2010-04-27 13:42:05
77	1	INE	AMD	Amendment #1 Not Req Approval	Forest Stewardship Plan 2007 - 2012 Creston Valley Forest Corporation Licence A54214	5	0	2009-02-25 00:00:00	2012-06-28 00:00:00	2007-06-01 00:00:00	\N	IDIR\\CJNIXON	N	N	N	N	N	Daniel Gratton, RPF General Manager	2504020070	dgratton.cvfc@uniserve.com	2009-02-25 00:00:00	\N	N	2009-02-25 00:00:00	7	IDIR\\CJNIXON	2009-02-25 14:01:09	Rls1.4 Upd Status INE	2009-07-31 08:50:59
77	2	APP	AMD	Amendment No. 2	Creston Valley Forest Corporation Licence A54214	5	0	2009-02-11 00:00:00	2012-06-28 00:00:00	2007-06-01 00:00:00	2009-02-11 00:00:00	IDIR\\CJNIXON	N	N	Y	N	N	Daniel Gratton, RPF General Manager	2504020070	dgratton.cvfc@uniserve.com	2009-06-04 00:00:00	IDIR\\CJNIXON	Y	2009-02-02 00:00:00	11	IDIR\\CJNIXON	2009-05-12 15:19:33	IDIR\\CJNIXON	2009-06-04 07:41:53
26	4	INE	AMD	Amendment #3	Kalesnikoff Lumber  A20194 and A30172	5	0	2009-05-29 00:00:00	2010-04-27 00:00:00	2007-04-16 00:00:00	\N	BCEID\\STANHADIKIN	N	N	N	N	N	Stan Hadikin	2503994211	stanh@kalesnikoff.com	2009-05-29 00:00:00	\N	N	2009-05-29 00:00:00	7	BCEID\\STANHADIKIN	2009-05-29 07:33:10	Rls1.4 Upd Status INE	2009-07-31 08:50:59
341	0	APP	ORG	\N	MCC FSP	\N	\N	2007-11-15 00:00:00	2012-11-15 00:00:00	2007-11-15 00:00:00	2007-11-15 00:00:00	IDIR\\KGSACENI	N	N	Y	N	N	Rodney Arnold, RPF	2503664434	development@meadowcreekcedar.com	2011-03-30 00:00:00	IDIR\\KGSACENI	Y	2007-11-15 00:00:00	10	IDIR\\CJNIXON	2009-06-16 07:54:14	IDIR\\KGSACENI	2011-03-30 10:00:02
8	1	INE	AMD	Amendment #1	2007 Forest Stewardship Plan For J.HH.Huscroft Ltd.	5	0	2010-01-14 00:00:00	2012-03-05 00:00:00	2007-01-24 00:00:00	\N	IDIR\\CJNIXON	N	Y	N	N	N	Matthew Maddess	2504283723	maddess.m@shawcable.com	2010-01-14 00:00:00	\N	N	2010-01-14 00:00:00	7	BCEID\\MMADDESS	2009-07-06 16:06:20	IDIR\\CJNIXON	2010-01-14 14:52:13
420	0	APP	ORG	\N	Harrop Procter Community Co-operative FSP	\N	\N	2010-06-21 00:00:00	2015-06-21 00:00:00	2010-06-21 00:00:00	2010-06-21 00:00:00	IDIR\\KGSACENI	N	N	N	N	N	Erik Leslie	2502292221	erikl@netidea.com	2012-08-27 00:00:00	IDIR\\KGSACENI	Y	2010-06-21 00:00:00	8	IDIR\\CJNIXON	2010-10-26 09:45:15	IDIR\\KGSACENI	2012-08-27 14:46:32
45	2	INE	AMD	Change to Duck FDU	FSP 45 Celcrest Wynndel Box	\N	\N	2010-11-01 00:00:00	2016-10-03 00:00:00	2006-08-09 00:00:00	\N	BCEID\\CELCREST02	N	N	Y	N	N	Ron J. Piva	2508665412	wynbox@uniserve.com	2010-11-01 00:00:00	\N	N	2010-11-01 00:00:00	15	BCEID\\CELCREST02	2010-11-01 14:44:35	AMND_PLAN_UPDATE	2018-06-04 15:57:07
26	6	INE	AMD	Amendment #5	Kalesnikoff Lumber  A20194 and A30172	\N	\N	2010-11-08 00:00:00	2015-04-27 00:00:00	2007-04-16 00:00:00	\N	BCEID\\STANHADIKIN	N	N	N	N	N	Stan Hadikin	2503994211	stanh@kalesnikoff.com	2010-11-08 00:00:00	\N	N	2010-11-08 00:00:00	15	BCEID\\STANHADIKIN	2010-11-08 11:45:25	AMND_TERM_UPDATE	2015-04-22 09:46:39
277	5	INE	AMD	\N	Kaslo and District Community Forest	\N	\N	2010-11-19 00:00:00	2018-08-12 00:00:00	2008-07-22 00:00:00	\N	BCEID\\RMARCHAND	N	Y	N	N	N	Richard Marchand RPF	2503539677	osprey44@shaw.ca	2010-11-19 00:00:00	\N	N	2010-11-19 00:00:00	11	BCEID\\RMARCHAND	2010-11-19 14:48:34	AMND_PLAN_UPDATE	2019-07-08 08:56:39
53	13	INE	AMD	#13	FSP 53 Tembec	5	0	2010-11-25 00:00:00	2011-11-15 00:00:00	2007-04-25 00:00:00	\N	BCEID\\PCFRASCA	N	N	N	N	N	Paul Frasca	2503482211	paul.frasca@tembec.com	2010-11-25 00:00:00	\N	N	2010-11-25 00:00:00	10	BCEID\\PCFRASCA	2010-11-25 15:36:17	IDIR\\JDPICKFO	2012-01-06 12:17:15
53	14	INE	AMD	Amendment # 14	FSP 53 Tembec	5	0	2010-12-01 00:00:00	2011-11-15 00:00:00	2007-04-25 00:00:00	2010-12-01 00:00:00	IDIR\\PPICARD	N	N	N	Y	Y	Nick McRae	2504269289	nick.mcrae@tembec.com	2010-12-01 00:00:00	\N	N	2010-11-26 00:00:00	10	BCEID\\NMCRAE	2010-11-26 07:22:38	IDIR\\JDPICKFO	2012-01-06 12:17:27
277	6	INE	AMD	\N	Kaslo and District Community Forest	\N	\N	2018-08-03 00:00:00	2020-01-12 00:00:00	2008-07-22 00:00:00	\N	BCEID\\JREYDEN1	N	Y	N	N	N	Jeff Reyden RPF	2503549803	manager@kaslocommunityforest.org	2018-08-03 00:00:00	\N	N	2010-12-07 00:00:00	17	BCEID\\O_AHRENS	2010-11-30 13:54:30	AMND_PLAN_UPDATE	2019-07-08 08:56:39
8	4	APP	AMD	Amendment #4	2007 Forest Stewardship Plan For J.HH.Huscroft Ltd.	5	0	2009-11-12 00:00:00	2012-03-05 00:00:00	2007-01-24 00:00:00	2009-11-12 00:00:00	IDIR\\CJNIXON	N	N	N	N	N	Matthew Maddess	2504283723	maddess.m@shawcable.com	2010-06-03 00:00:00	IDIR\\CJNIXON	Y	2010-05-20 00:00:00	9	IDIR\\CJNIXON	2010-02-09 13:27:00	IDIR\\CJNIXON	2010-06-03 08:19:28
8	5	APP	AMD	\N	2007 Forest Stewardship Plan For J.HH.Huscroft Ltd.	\N	\N	2010-02-09 00:00:00	2012-03-03 00:00:00	2007-01-24 00:00:00	2010-02-09 00:00:00	IDIR\\CJNIXON	N	N	Y	N	N	Matthew Maddess	2504283723	maddess.m@shawcable.com	2010-06-03 00:00:00	IDIR\\CJNIXON	Y	2010-05-20 00:00:00	7	IDIR\\CJNIXON	2010-02-09 13:39:16	IDIR\\CJNIXON	2010-06-03 08:26:49
279	10	INE	AMD	MinorAmd #10-Hawkins FDU bdry	Forest Stewardship Plan for BC Timber Sales in the Kootenay Lake Forest District	\N	\N	2010-02-26 00:00:00	2011-12-13 00:00:00	2006-11-07 00:00:00	\N	IDIR\\IRUSSELL	N	N	Y	N	N	Ingrid Russell	2508251141	Ingrid.Russell@gov.bc.ca	2010-02-26 00:00:00	\N	N	2010-02-26 00:00:00	12	IDIR\\IRUSSELL	2010-02-24 15:46:35	IDIR\\PPICARD	2011-12-02 11:14:45
53	10	APP	AMD	\N	FSP 53 Tembec	5	0	2010-03-09 00:00:00	2011-11-15 00:00:00	2007-04-25 00:00:00	2010-03-09 00:00:00	IDIR\\MBLACK	N	N	Y	N	N	Stephen Temple	2505297211	steve.temple@tembec.com	2010-03-29 00:00:00	IDIR\\MBLACK	Y	2010-03-08 00:00:00	14	BCEID\\SPTEMPLE	2010-03-04 10:53:16	IDIR\\MBLACK	2010-03-29 09:55:24
279	11	INE	AMD	multilayer SSID#18200-ICHdw01a	Forest Stewardship Plan for BC Timber Sales in the Kootenay Lake Forest District	\N	\N	2010-04-16 00:00:00	2011-12-13 00:00:00	2006-11-07 00:00:00	\N	IDIR\\IRUSSELL	N	N	N	N	N	Ingrid Russell	2508251141	Ingrid.Russell@gov.bc.ca	2010-04-16 00:00:00	\N	N	2010-04-16 00:00:00	11	IDIR\\IRUSSELL	2010-04-14 11:05:19	IDIR\\PPICARD	2011-12-02 11:14:55
279	12	APP	AMD	BCTS KL FSP Amd 12 Caribou GAR	Forest Stewardship Plan for BC Timber Sales in the Kootenay Lake Forest District	\N	\N	2010-04-26 00:00:00	2011-12-13 00:00:00	2006-11-07 00:00:00	2010-04-26 00:00:00	IDIR\\CJNIXON	N	N	N	N	N	Ingrid Russell	2508251141	Ingrid.Russell@gov.bc.ca	2010-04-26 00:00:00	IDIR\\CJNIXON	Y	2010-04-20 00:00:00	10	IDIR\\IRUSSELL	2010-04-20 13:01:52	IDIR\\PPICARD	2011-12-02 11:15:03
27	1	INE	AMD	\N	2006-2011 Forest Stewardship Plan	\N	\N	2010-05-25 00:00:00	2011-12-20 00:00:00	2006-11-15 00:00:00	\N	BCEID\\CSTEMMLERAWP	N	N	N	N	Y	Craig Stemmler, RFP	2503677771	craig.stemmler@atcolumber.com	2010-05-25 00:00:00	\N	N	2010-05-25 00:00:00	7	BCEID\\CSTEMMLERAWP	2010-05-25 15:59:39	BCEID\\CSTEMMLERAWP	2010-05-25 16:13:32
279	13	INE	AMD	Amd #13- FDU bdry changes	Forest Stewardship Plan for BC Timber Sales in the Kootenay Lake Forest District	\N	\N	2010-10-15 00:00:00	2011-12-13 00:00:00	2006-11-07 00:00:00	\N	IDIR\\IRUSSELL	N	N	Y	N	N	Ingrid Russell	2508251141	Ingrid.Russell@gov.bc.ca	2010-10-15 00:00:00	\N	N	2010-10-15 00:00:00	11	IDIR\\IRUSSELL	2010-06-08 08:47:11	IDIR\\PPICARD	2011-12-02 11:15:12
279	14	APP	AMD	Amd14-replace Sect2.9.4 Visual	Forest Stewardship Plan for BC Timber Sales in the Kootenay Lake Forest District	\N	\N	2010-06-21 00:00:00	2011-12-13 00:00:00	2006-11-07 00:00:00	2010-06-21 00:00:00	IDIR\\CJNIXON	N	N	N	N	N	Ingrid Russell	2508251141	Ingrid.Russell@gov.bc.ca	2010-06-23 00:00:00	IDIR\\CJNIXON	Y	2010-06-08 00:00:00	8	IDIR\\IRUSSELL	2010-06-08 09:40:24	IDIR\\PPICARD	2011-12-02 11:15:20
53	11	INE	AMD	Amendment #11	FSP 53 Tembec	5	0	2010-09-14 00:00:00	2011-11-15 00:00:00	2007-04-25 00:00:00	\N	BCEID\\BRPOPE	N	N	N	N	N	Joe Gnucci	2504269287	joe.gnucci@tembec.com	2010-09-14 00:00:00	\N	N	2010-09-14 00:00:00	12	BCEID\\PCFRASCA	2010-07-27 12:54:32	IDIR\\JDPICKFO	2012-01-06 12:16:40
279	15	INE	AMD	BCTS KL FSP Amd Declared Areas	Forest Stewardship Plan for BC Timber Sales in the Kootenay Lake Forest District	\N	\N	2010-07-29 00:00:00	2011-12-13 00:00:00	2006-11-07 00:00:00	\N	IDIR\\IRUSSELL	N	Y	N	N	N	Ingrid Russell	2508251141	Ingrid.Russell@gov.bc.ca	2010-07-29 00:00:00	\N	N	2010-07-29 00:00:00	8	IDIR\\IRUSSELL	2010-07-29 10:19:03	IDIR\\PPICARD	2011-12-02 11:15:28
53	12	APP	AMD	Amend #12	FSP 53 Tembec	5	0	2010-10-05 00:00:00	2011-11-15 00:00:00	2007-04-25 00:00:00	2010-10-05 00:00:00	IDIR\\MBLACK	N	N	Y	N	N	Joe Gnucci	2504269287	joe.gnucci@tembec.com	2010-10-06 00:00:00	IDIR\\MBLACK	Y	2010-10-04 00:00:00	15	BCEID\\JAGNUCCI	2010-09-14 12:51:01	IDIR\\JDPICKFO	2012-01-06 12:17:01
277	4	INE	AMD	\N	Kaslo and District Community Forest	\N	\N	2010-09-15 00:00:00	2013-08-12 00:00:00	2008-07-22 00:00:00	\N	BCEID\\O_AHRENS	N	Y	N	N	N	Richard Marchand RPF	2503539677	osprey44@shaw.ca	2010-09-15 00:00:00	\N	N	2010-09-15 00:00:00	6	BCEID\\O_AHRENS	2010-09-15 21:17:12	BCEID\\O_AHRENS	2010-09-15 21:25:11
27	2	INE	AMD	\N	2006-2011 Forest Stewardship Plan	\N	\N	2010-10-05 00:00:00	2011-12-20 00:00:00	2006-11-15 00:00:00	2010-10-05 00:00:00	IDIR\\BRZIEGLE	N	N	N	N	N	Craig Stemmler, RPF	2503672526	craig.stemmler@atcowoodproducts.com	2010-10-05 00:00:00	\N	N	2010-10-05 00:00:00	9	BCEID\\CSTEMMLERAWP	2010-10-05 08:45:24	IDIR\\BRZIEGLE	2018-07-26 16:01:14
27	3	INE	AMD	\N	2006-2011 Forest Stewardship Plan	\N	\N	2010-10-05 00:00:00	2011-12-20 00:00:00	2006-11-15 00:00:00	\N	BCEID\\CSTEMMLERAWP	N	N	Y	N	N	Craig Stemmler, RPF	2503672526	craig.stemmler@atcowoodproducts.com	2010-10-05 00:00:00	\N	N	2010-10-05 00:00:00	6	BCEID\\CSTEMMLERAWP	2010-10-05 09:08:39	BCEID\\CSTEMMLERAWP	2010-10-05 10:22:23
27	4	INE	AMD	\N	2006-2011 Forest Stewardship Plan	\N	\N	2010-10-05 00:00:00	2011-12-20 00:00:00	2006-11-15 00:00:00	\N	BCEID\\CSTEMMLERAWP	N	N	Y	N	N	Craig Stemmler, RPF	2503672526	craig.stemmler@atcowoodproducts.com	2010-10-05 00:00:00	\N	N	2010-10-05 00:00:00	6	BCEID\\CSTEMMLERAWP	2010-10-05 10:50:07	AMND_PLAN_ROLLBACK	2012-01-03 11:02:03
8	6	INE	AMD	6	2007 Forest Stewardship Plan For J.HH.Huscroft Ltd.	\N	\N	2010-10-07 00:00:00	2017-01-06 00:00:00	2007-01-24 00:00:00	\N	BCEID\\MMADDESS	N	N	Y	N	N	Matthew Maddess	2504283723	maddess.m@shawcable.com	2010-10-07 00:00:00	\N	N	2010-10-07 00:00:00	14	BCEID\\MMADDESS	2010-10-07 10:53:10	AMND_PLAN_UPDATE	2018-03-20 16:34:14
27	5	INE	AMD	\N	2006-2011 Forest Stewardship Plan	\N	\N	2011-08-17 00:00:00	2011-12-20 00:00:00	2006-11-15 00:00:00	\N	BCEID\\CSTEMMLERAWP	N	N	Y	N	N	Craig Stemmler, RPF	2503672526	craig.stemmler@atcowoodproducts.com	2011-08-17 00:00:00	\N	N	2011-08-17 00:00:00	6	BCEID\\CSTEMMLERAWP	2011-08-17 15:04:52	BCEID\\CSTEMMLERAWP	2011-08-17 15:10:43
27	7	INE	AMD	\N	2006-2011 Forest Stewardship Plan	\N	\N	2011-12-06 00:00:00	2016-12-20 00:00:00	2006-11-15 00:00:00	\N	BCEID\\CSTEMMLERAWP	N	N	N	N	N	Craig Stemmler, RPF	2503672526	craig.stemmler@atcowoodproducts.com	2011-12-06 00:00:00	\N	N	2011-12-06 00:00:00	17	BCEID\\CSTEMMLERAWP	2011-12-06 13:13:01	AMND_PLAN_UPDATE	2018-07-26 16:21:00
53	17	INE	AMD	\N	FSP 53 Tembec	5	0	2011-08-22 00:00:00	2011-11-15 00:00:00	2007-04-25 00:00:00	\N	BCEID\\JAGNUCCI	N	N	Y	N	N	Joe Gnucci	2504269287	joe.gnucci@tembec.com	2011-08-22 00:00:00	\N	N	2011-08-22 00:00:00	9	BCEID\\JAGNUCCI	2011-08-22 09:57:30	IDIR\\JDPICKFO	2012-01-06 12:18:11
53	18	INE	AMD	Amendment 18	FSP 53 Tembec	\N	\N	2011-10-20 00:00:00	2016-11-15 00:00:00	2007-04-25 00:00:00	\N	BCEID\\PFREEZE	N	N	N	N	N	Paul Freeze	2505297211	paul.freeze@tembec.com	2011-10-20 00:00:00	\N	N	2011-10-20 00:00:00	21	BCEID\\PFREEZE	2011-10-20 13:49:36	AMND_PLAN_UPDATE	2018-05-31 12:15:44
27	6	INE	AMD	Amendment #4 (Paper)	2006-2011 Forest Stewardship Plan	\N	\N	2011-11-21 00:00:00	2011-12-20 00:00:00	2006-11-15 00:00:00	\N	BCEID\\CSTEMMLERAWP	N	N	N	N	N	Craig Stemmler, RPF	2503672526	craig.stemmler@atcowoodproducts.com	2011-11-21 00:00:00	\N	N	2011-11-21 00:00:00	8	BCEID\\CSTEMMLERAWP	2011-11-21 13:48:02	BCEID\\CSTEMMLERAWP	2011-11-21 13:53:25
424	0	APP	ORG	\N	Cooper Creek Cedar FSP	\N	\N	2007-06-04 00:00:00	2017-06-04 00:00:00	2007-06-04 00:00:00	2007-06-04 00:00:00	IDIR\\KGSACENI	N	N	N	N	N	Bill Kestell, RPF	2502294536	bkestell@shaw.ca	2011-03-30 00:00:00	IDIR\\KGSACENI	Y	2007-06-04 00:00:00	9	IDIR\\CJNIXON	2010-12-21 10:49:26	AMND_PLAN_UPDATE	2012-05-31 09:45:42
53	15	INE	AMD	\N	FSP 53 Tembec	5	0	2011-01-03 00:00:00	2011-11-15 00:00:00	2007-04-25 00:00:00	\N	BCEID\\JAGNUCCI	N	N	Y	N	N	Eirik Pighin	2504269288	eirik.pighin@tembec.com	2011-01-03 00:00:00	\N	N	2011-01-03 00:00:00	9	BCEID\\JAGNUCCI	2011-01-03 14:45:42	IDIR\\JDPICKFO	2012-01-06 12:17:42
279	16	APP	AMD	KL Amd 16 niteout ck-caribou	Forest Stewardship Plan for BC Timber Sales in the Kootenay Lake Forest District	\N	\N	2011-04-20 00:00:00	2011-12-13 00:00:00	2006-11-07 00:00:00	2011-06-03 00:00:00	IDIR\\KGSACENI	N	N	N	Y	N	Ingrid Russell	2508251141	Ingrid.Russell@gov.bc.ca	2011-06-03 00:00:00	IDIR\\KGSACENI	Y	2011-05-25 00:00:00	25	IDIR\\IRUSSELL	2011-04-18 09:22:11	IDIR\\PPICARD	2011-12-02 11:15:40
279	17	REJ	AMD	Amd #17-unevenaged SS	Forest Stewardship Plan for BC Timber Sales in the Kootenay Lake Forest District	\N	\N	\N	2011-06-12 00:00:00	2006-11-07 00:00:00	2012-05-28 00:00:00	\N	N	N	N	Y	N	Ingrid Russell	2508251141	Ingrid.Russell@gov.bc.ca	\N	\N	Y	2012-12-05 00:00:00	18	IDIR\\IRUSSELL	2011-04-20 11:13:33	IDIR\\JDPICKFO	2012-12-05 08:31:24
279	18	INE	AMD	FSP20112016 ext request Part 1	Forest Stewardship Plan for BC Timber Sales in the Kootenay Lake Forest District	\N	\N	2011-12-09 00:00:00	2016-12-13 00:00:00	2006-11-07 00:00:00	\N	IDIR\\JDPICKFO	N	N	N	N	N	Ingrid Russell	2508251141	Ingrid.Russell@gov.bc.ca	2011-12-09 00:00:00	\N	N	2011-12-01 00:00:00	33	IDIR\\IRUSSELL	2011-05-25 10:25:01	AMND_PLAN_UPDATE	2018-04-25 09:54:45
53	16	INE	AMD	\N	FSP 53 Tembec	5	0	2011-05-31 00:00:00	2011-11-15 00:00:00	2007-04-25 00:00:00	\N	BCEID\\JAGNUCCI	N	N	Y	N	N	Joe Gnucci	2504269287	joe.gnucci@tembec.com	2011-05-31 00:00:00	\N	N	2011-05-31 00:00:00	9	BCEID\\JAGNUCCI	2011-05-31 12:37:31	IDIR\\JDPICKFO	2012-01-06 12:17:58
420	1	APP	AMD	Add SS ID#1042598	Harrop Procter Community Co-operative FSP	\N	\N	2012-12-03 00:00:00	2015-06-21 00:00:00	2010-06-21 00:00:00	2012-12-03 00:00:00	IDIR\\KGSACENI	N	N	N	Y	N	Erik Leslie	2502292221	erikl@netidea.com	2012-12-06 00:00:00	IDIR\\KGSACENI	Y	2012-11-19 00:00:00	7	BCEID\\ERIKLESLIE	2012-10-31 11:50:15	IDIR\\KGSACENI	2012-12-06 10:31:15
53	19	INE	AMD	\N	FSP 53 Tembec	\N	\N	2012-02-13 00:00:00	2016-11-15 00:00:00	2007-04-25 00:00:00	\N	BCEID\\JAGNUCCI	N	N	N	N	N	Joe Gnucci	2504269287	joe.gnucci@tembec.com	2012-02-13 00:00:00	\N	N	2012-02-13 00:00:00	14	BCEID\\JAGNUCCI	2012-02-13 13:36:28	AMND_TERM_UPDATE	2018-05-31 12:15:44
279	19	REJ	AMD	BCTS KL FSP Major Amd#20	Forest Stewardship Plan for BC Timber Sales in the Kootenay Lake Forest District	\N	\N	\N	2016-12-13 00:00:00	2006-11-07 00:00:00	2012-03-27 00:00:00	\N	N	N	N	N	N	Ingrid Russell	2508251141	Ingrid.Russell@gov.bc.ca	\N	\N	Y	2012-03-07 00:00:00	9	IDIR\\IRUSSELL	2012-03-07 15:59:09	IDIR\\KGSACENI	2012-03-07 16:12:03
279	20	APP	AMD	BCTS KL Amd#20-add NRFL	Forest Stewardship Plan for BC Timber Sales in the Kootenay Lake Forest District	\N	\N	2012-03-07 00:00:00	2016-12-13 00:00:00	2006-11-07 00:00:00	2012-04-24 00:00:00	IDIR\\KGSACENI	N	N	N	N	N	Ingrid Russell	2508251141	Ingrid.Russell@gov.bc.ca	2012-04-25 00:00:00	IDIR\\KGSACENI	Y	2012-03-27 00:00:00	18	IDIR\\IRUSSELL	2012-03-27 16:08:07	AMND_TERM_UPDATE	2018-04-25 09:54:45
45	3	APP	AMD	LKDC NRFL	FSP 45 Wynndel Box	\N	\N	2012-03-27 00:00:00	2016-10-03 00:00:00	2006-08-09 00:00:00	2012-03-27 00:00:00	IDIR\\KGSACENI	N	N	N	N	N	Matthew Maddess	2508665412	wynbox@uniserve.com	2012-10-18 00:00:00	IDIR\\KGSACENI	Y	2012-03-30 00:00:00	18	BCEID\\CELCREST	2012-03-30 14:12:19	AMND_TERM_UPDATE	2018-06-04 15:57:07
279	21	INE	AMD	Glacier FDU boundary	Forest Stewardship Plan for BC Timber Sales in the Kootenay Lake Forest District	\N	\N	2012-05-07 00:00:00	2016-12-13 00:00:00	2006-11-07 00:00:00	\N	IDIR\\IRUSSELL	N	N	Y	N	N	Ingrid Russell	2508251141	Ingrid.Russell@gov.bc.ca	2012-05-07 00:00:00	\N	N	2012-05-07 00:00:00	16	IDIR\\IRUSSELL	2012-05-04 13:13:44	AMND_TERM_UPDATE	2018-04-25 09:54:45
8	7	INE	AMD	\N	2007 Forest Stewardship Plan	\N	\N	2012-08-30 00:00:00	2017-01-06 00:00:00	2007-01-24 00:00:00	\N	BCEID\\RHHANSON	N	N	Y	N	N	Matthew Maddess	2504283723	maddess@shawcable.com	2012-08-30 00:00:00	\N	N	2012-08-22 00:00:00	23	BCEID\\RHHANSON	2012-08-03 10:05:23	AMND_TERM_UPDATE	2018-03-20 16:34:14
8	8	APP	AMD	Include NRFL A86246	2007 Forest Stewardship Plan	\N	\N	2012-11-07 00:00:00	2017-01-06 00:00:00	2007-01-24 00:00:00	2012-11-07 00:00:00	IDIR\\KGSACENI	N	N	N	N	N	Richard H. Hanson	2504283723	hanson.r@jhhuscroft.com	2012-12-06 00:00:00	IDIR\\KGSACENI	Y	2012-09-27 00:00:00	13	BCEID\\RHHANSON	2012-09-27 14:28:14	AMND_TERM_UPDATE	2018-03-20 16:34:14
27	9	INE	AMD	\N	2006-2011 Forest Stewardship Plan	\N	\N	2013-10-28 00:00:00	2016-12-20 00:00:00	2006-11-15 00:00:00	2018-07-26 00:00:00	IDIR\\BRZIEGLE	N	N	Y	N	Y	Craig Stemmler, RPF	2503672526	craig.stemmler@atcowoodproducts.com	2018-07-26 00:00:00	\N	N	2013-10-28 00:00:00	16	BCEID\\CSTEMMLERAWP	2013-10-28 14:08:15	AMND_TERM_UPDATE	2018-07-26 16:21:00
26	8	INE	AMD	\N	Kalesnikoff Lumber  A20194 and A30172	\N	\N	2013-12-02 00:00:00	2015-04-27 00:00:00	2007-04-16 00:00:00	\N	BCEID\\THODGKINSON2	N	N	N	N	Y	Tyler Hodgkinson	2503994211	stanh@kalesnikoff.com	2013-12-02 00:00:00	\N	N	2013-12-02 00:00:00	11	BCEID\\THODGKINSON2	2013-12-02 15:31:05	AMND_TERM_UPDATE	2015-04-22 09:46:39
27	10	INE	AMD	\N	2006-2011 Forest Stewardship Plan	\N	\N	2014-01-22 00:00:00	2016-12-20 00:00:00	2006-11-15 00:00:00	\N	BCEID\\CSTEMMLERAWP	N	N	N	N	Y	Craig Stemmler, RPF	2503672526	craig.stemmler@atcowoodproducts.com	2014-01-22 00:00:00	\N	N	2014-01-22 00:00:00	14	BCEID\\CSTEMMLERAWP	2014-01-22 16:06:55	AMND_TERM_UPDATE	2018-07-26 16:21:00
27	11	APP	AMD	\N	Atco workspace creation	\N	\N	2014-04-29 00:00:00	2016-12-20 00:00:00	2006-11-15 00:00:00	2014-04-29 00:00:00	IDIR\\DDCHRIST	N	N	Y	N	Y	Craig Stemmler	2503672526	craig.stemmler@atcowoodproducts.com	2014-05-06 00:00:00	IDIR\\DDCHRIST	Y	2014-03-20 00:00:00	18	BCEID\\CSTEMMLERAWP	2014-01-24 11:53:07	AMND_TERM_UPDATE	2018-07-26 16:21:00
420	2	INE	AMD	FDU amendment	Harrop Procter Community Co-operative FSP	\N	\N	2012-12-10 00:00:00	2015-06-21 00:00:00	2010-06-21 00:00:00	\N	BCEID\\ERIKLESLIE	N	N	Y	N	N	Erik Leslie	2502292221	erikl@netidea.com	2012-12-10 00:00:00	\N	N	2012-12-10 00:00:00	6	BCEID\\ERIKLESLIE	2012-12-10 15:58:36	BCEID\\ERIKLESLIE	2012-12-10 16:29:16
26	7	INE	AMD	\N	Kalesnikoff Lumber  A20194 and A30172	\N	\N	2013-01-29 00:00:00	2015-04-27 00:00:00	2007-04-16 00:00:00	\N	BCEID\\THODGKINSON2	N	N	N	N	Y	Tyler Hodgkinson	2503994211	stanh@kalesnikoff.com	2013-01-29 00:00:00	\N	N	2013-01-29 00:00:00	12	BCEID\\THODGKINSON2	2013-01-29 15:03:39	AMND_TERM_UPDATE	2015-04-22 09:46:39
8	9	INE	AMD	\N	2007 Forest Stewardship Plan	\N	\N	2013-01-31 00:00:00	2018-09-20 00:00:00	2007-01-24 00:00:00	\N	BCEID\\RHHANSON	N	N	N	N	N	Richard H. Hanson	2504283723	hanson.r@jhhuscroft.com	2013-01-31 00:00:00	\N	N	2013-01-31 00:00:00	20	BCEID\\RHHANSON	2013-01-31 13:38:54	AMND_PLAN_UPDATE	2018-03-20 16:34:14
512	0	APP	ORG	\N	FSP A30171 Apr 20 2013 to Apr 19 2018	5	0	2013-04-20 00:00:00	2018-04-20 00:00:00	2012-12-12 00:00:00	2013-04-22 00:00:00	IDIR\\JUCASTON	N	N	N	N	N	Rodney J. Arnold	2503537727	woodlands @blueridgetimber.ca	2014-01-29 00:00:00	IDIR\\JUCASTON	Y	2012-12-12 00:00:00	7	BCEID\\RODNEY_ARNOLD2012	2013-04-15 10:14:54	IDIR\\JUCASTON	2014-01-29 15:39:13
27	8	INE	AMD	Amendment # 6	2006-2011 Forest Stewardship Plan	\N	\N	2013-05-24 00:00:00	2016-12-20 00:00:00	2006-11-15 00:00:00	2018-07-26 00:00:00	IDIR\\BRZIEGLE	N	N	N	N	Y	Craig Stemmler, RPF	2503672526	craig.stemmler@atcowoodproducts.com	2018-07-26 00:00:00	\N	N	2013-05-24 00:00:00	20	BCEID\\CSTEMMLERAWP	2013-05-24 15:25:17	AMND_TERM_UPDATE	2018-07-26 16:21:00
279	22	INE	AMD	\N	Forest Stewardship Plan for BC Timber Sales in the Kootenay Lake Forest District	\N	\N	2015-01-15 00:00:00	2016-12-13 00:00:00	2006-11-07 00:00:00	\N	IDIR\\GAEDNEY	N	N	N	N	N	Ingrid Russell	2508251141	Ingrid.Russell@gov.bc.ca	2015-01-15 00:00:00	\N	N	2015-01-15 00:00:00	13	IDIR\\GAEDNEY	2015-01-15 09:54:40	AMND_PLAN_ROLLBACK	2018-04-25 09:54:45
27	12	INE	AMD	\N	Atco workspace creation	\N	\N	2015-01-16 00:00:00	2016-12-20 00:00:00	2006-11-15 00:00:00	\N	BCEID\\CSTEMMLERAWP	N	N	Y	N	Y	Craig Stemmler	2503672526	craig.stemmler@atcowoodproducts.com	2015-01-16 00:00:00	\N	N	2015-01-16 00:00:00	12	BCEID\\CSTEMMLERAWP	2015-01-16 15:09:57	AMND_TERM_UPDATE	2018-07-26 16:21:00
26	9	INE	AMD	\N	Kalesnikoff Lumber  A20194 and A30172	\N	\N	2015-04-21 00:00:00	2017-04-27 00:00:00	2007-04-16 00:00:00	\N	BCEID\\THODGKINSON2	N	N	N	N	Y	Tyler Hodgkinson	2503994211	tylerh@kalesnikoff.com	2015-04-21 00:00:00	\N	N	2015-04-21 00:00:00	11	BCEID\\THODGKINSON2	2015-04-21 17:01:27	AMND_PLAN_UPDATE	2015-04-22 09:46:39
420	3	INE	AMD	FSP Amendment #3 June2015	Harrop Procter Community Co-operative FSP	\N	\N	2015-06-20 00:00:00	2020-06-20 00:00:00	2010-06-21 00:00:00	\N	BCEID\\ERIKLESLIE	N	N	N	N	N	Erik Leslie	2502292221	erikl@netidea.com	2015-06-20 00:00:00	\N	N	2015-06-20 00:00:00	18	BCEID\\ERIKLESLIE	2015-06-19 16:30:07	AMND_PLAN_UPDATE	2021-09-02 11:36:57
420	4	INE	AMD	HPCC FSP#1 Amendment #4	Harrop Procter Community Co-operative FSP	\N	\N	2015-09-28 00:00:00	2020-06-20 00:00:00	2010-06-21 00:00:00	\N	BCEID\\ERIKLESLIE	N	N	N	N	N	Erik Leslie	2502292221	erikl@netidea.com	2015-09-28 00:00:00	\N	N	2015-09-28 00:00:00	15	BCEID\\ERIKLESLIE	2015-09-28 09:08:27	AMND_TERM_UPDATE	2021-09-02 11:36:57
420	5	APP	AMD	Add SSID #1048508, 1048517	Harrop Procter Community Co-operative FSP	\N	\N	2015-10-15 00:00:00	2020-06-20 00:00:00	2010-06-21 00:00:00	2015-10-15 00:00:00	IDIR\\JUCASTON	N	N	N	Y	N	Erik Leslie	2502292221	erikl@netidea.com	2015-10-15 00:00:00	IDIR\\JUCASTON	Y	2015-10-09 00:00:00	31	BCEID\\ERIKLESLIE	2015-10-01 13:19:32	AMND_TERM_UPDATE	2021-09-02 11:36:57
45	4	APP	AMD	\N	Calcrest Timber and Wynndel Box	\N	\N	2016-02-12 00:00:00	2016-10-03 00:00:00	2006-08-09 00:00:00	2016-02-12 00:00:00	IDIR\\JUCASTON	N	N	Y	N	N	Matthew L. Maddess	2508665412	mmaddess@wynnwood.ca	2016-07-13 00:00:00	IDIR\\JUCASTON	Y	2015-11-06 00:00:00	21	BCEID\\CELCREST	2015-10-28 08:45:25	AMND_TERM_UPDATE	2018-06-04 15:57:07
45	5	INE	AMD	\N	FSP 45 Wynndel Box	\N	\N	2016-07-13 00:00:00	2018-11-30 00:00:00	2006-08-09 00:00:00	2016-07-13 00:00:00	IDIR\\CSLOAT	N	N	N	N	N	Matthew Maddess	2508665412	matthew.maddess@canfor.com	2016-07-13 00:00:00	\N	N	2016-07-13 00:00:00	21	BCEID\\MMADDESS0	2016-07-13 13:24:20	AMND_PLAN_UPDATE	2018-06-04 15:57:07
27	13	INE	AMD	\N	Atco workspace creation	\N	\N	2016-01-25 00:00:00	2017-06-20 00:00:00	2006-11-15 00:00:00	2016-01-25 00:00:00	IDIR\\BRZIEGLE	N	N	Y	N	Y	Craig Stemmler	2503672526	craig.stemmler@atcowoodproducts.com	2016-01-25 00:00:00	\N	N	2016-01-25 00:00:00	17	BCEID\\CSTEMMLERAWP	2016-01-25 13:46:05	AMND_PLAN_UPDATE	2018-07-26 16:21:00
512	1	REJ	AMD	\N	FSP A30171 Apr 20 2013 to Apr 19 2018	5	0	2016-04-13 00:00:00	2018-04-20 00:00:00	2012-12-12 00:00:00	2016-04-22 00:00:00	BCEID\\GNEVILLE1	N	N	N	N	N	Grant S.Neville	2504269252	grant.neville@canfor.com	2016-04-13 00:00:00	\N	N	2016-04-13 00:00:00	8	BCEID\\GNEVILLE1	2016-04-11 10:57:02	IDIR\\IGWILES	2016-04-13 11:59:35
53	21	APP	AMD	\N	FSP 53 Tembec	\N	\N	2016-05-06 00:00:00	2018-05-31 00:00:00	2007-04-25 00:00:00	2016-04-27 00:00:00	IDIR\\SHICKS	N	N	N	N	N	Grant S. Neville	2504269252	grant.neville@canfor.com	2016-05-09 00:00:00	IDIR\\SHICKS	Y	2016-04-15 00:00:00	22	BCEID\\GNEVILLE1	2016-04-15 14:06:29	AMND_PLAN_UPDATE	2018-05-31 12:15:44
512	2	APP	AMD	\N	FSP A30171 Apr 20 2013 to Apr 19 2018	5	0	2016-05-09 00:00:00	2018-04-20 00:00:00	2012-12-12 00:00:00	2016-05-09 00:00:00	IDIR\\IGWILES	N	N	N	N	N	Rodney J. Arnold	2503537727	woodlands@blueridgetimber.ca	2016-06-28 00:00:00	IDIR\\IGWILES	Y	2016-04-22 00:00:00	7	BCEID\\GNEVILLE1	2016-04-22 12:25:08	IDIR\\CSLOAT	2016-09-21 13:22:35
279	24	REJ	AMD	Amendment 24-Major	Forest Stewardship Plan for BC Timber Sales in the Kootenay Lake Forest District	\N	\N	\N	2017-09-14 00:00:00	2006-11-07 00:00:00	2018-07-26 00:00:00	\N	N	N	Y	N	N	Sean Slimmon	2508251114	sean.slimmon@gov.bc.ca	\N	\N	Y	2017-11-17 00:00:00	9	IDIR\\SSLIMMON	2017-03-13 13:04:29	IDIR\\BRZIEGLE	2017-11-17 14:31:35
279	23	APP	AMD	\N	BCTS Kootenay Lake Forest District	\N	\N	2016-07-21 00:00:00	2017-09-14 00:00:00	2006-11-07 00:00:00	2016-07-21 00:00:00	IDIR\\WHOLOBOF	N	N	Y	N	N	Sean Slimmon	2508251114	sean.slimmon@gov.bc.ca	2018-04-25 00:00:00	IDIR\\WHOLOBOF	Y	2017-11-17 00:00:00	17	IDIR\\SSLIMMON	2016-07-18 14:42:21	AMND_PLAN_UPDATE	2018-04-25 09:54:45
512	3	APP	AMD	\N	FSP A30171 Apr 20 2013 to Apr 19 2018	5	0	2016-09-30 00:00:00	2018-04-20 00:00:00	2012-12-12 00:00:00	2016-09-30 00:00:00	IDIR\\IGWILES	N	N	N	N	N	Bill Kestell	2502294536	bkestell@shaw.ca	2016-12-06 00:00:00	IDIR\\IGWILES	Y	2016-08-22 00:00:00	12	BCEID\\BKESTELL	2016-09-28 10:16:40	IDIR\\IGWILES	2016-12-06 09:19:43
53	20	INE	AMD	\N	FSP 53 Tembec	\N	\N	2016-04-15 00:00:00	2016-11-15 00:00:00	2007-04-25 00:00:00	\N	BCEID\\GNEVILLE1	N	N	Y	N	N	Grant S. Neville	2504269252	grant.neville@canfor.com	2016-04-15 00:00:00	\N	N	2016-04-15 00:00:00	21	BCEID\\GNEVILLE1	2015-11-26 13:56:01	AMND_TERM_UPDATE	2018-05-31 12:15:44
53	24	DFT	AMD	\N	FSP 53 Tembec	\N	\N	\N	2018-05-31 00:00:00	2007-04-25 00:00:00	\N	\N	N	N	N	N	N	Grant S. Neville	2504269252	grant.neville@canfor.com	\N	\N	Y	\N	2	BCEID\\GNEVILLE1	2018-02-23 12:25:18	BCEID\\GNEVILLE1	2018-02-23 12:25:18
53	22	INE	AMD	\N	FSP 53 Tembec	\N	\N	2018-02-23 00:00:00	2018-11-30 00:00:00	2007-04-25 00:00:00	\N	BCEID\\GNEVILLE1	N	N	N	N	N	Grant S. Neville	2504269252	grant.neville@canfor.com	2018-02-23 00:00:00	\N	N	2018-02-23 00:00:00	15	BCEID\\GNEVILLE1	2018-02-14 12:25:40	AMND_PLAN_UPDATE	2018-05-31 12:15:44
420	6	INE	AMD	\N	Harrop Procter Community Co-operative FSP	\N	\N	2019-09-09 00:00:00	2021-08-21 00:00:00	2010-06-21 00:00:00	\N	IDIR\\DANTURNE	N	N	N	Y	N	Erik Leslie	2502292221	erikl@netidea.com	2019-09-09 00:00:00	\N	N	2019-09-09 00:00:00	19	BCEID\\ERIKLESLIE	2019-09-02 08:59:11	AMND_PLAN_UPDATE	2021-09-02 11:36:57
688	0	APP	ORG	\N	Campbell River FSP	5	0	2018-02-20 00:00:00	2023-02-20 00:00:00	2018-02-20 00:00:00	2018-02-20 00:00:00	IDIR\\DANTURNE	N	N	Y	N	Y	Laura Chessor	2502869431	laura.chessor@gov.bc.ca	2018-03-08 00:00:00	IDIR\\DANTURNE	Y	2018-02-20 00:00:00	17	IDIR\\KWILLIS	2017-08-24 11:51:28	IDIR\\DANTURNE	2018-11-02 10:26:11
93	24	CAN	AMD	\N	Johnstone Straits Forest Stewardship Plan	\N	\N	\N	2022-09-11 00:00:00	2008-01-03 00:00:00	\N	\N	N	N	N	N	Y	Jennifer Peschke	2502043277	jennifer.peschke@mosaicforests.com	\N	\N	N	\N	3	BCEID\\PESCHKEJ	2020-09-28 11:25:42	BCEID\\PESCHKEJ	2020-09-28 11:26:30
93	25	APP	RPL	\N	Johnstone Straits Forest Stewardship Plan	\N	\N	2022-10-05 00:00:00	2024-09-11 00:00:00	2008-01-03 00:00:00	2022-10-05 00:00:00	IDIR\\MICBAKER	N	N	N	Y	Y	Jennifer Peschke	2502043277	jennifer.peschke@mosaicforests.com	2022-10-14 00:00:00	IDIR\\MICBAKER	Y	2022-10-14 00:00:00	14	BCEID\\PESCHKEJ	2022-10-14 13:06:43	AMND_PLAN_UPDATE	2024-08-30 12:05:46
93	26	INE	AMD	\N	Johnstone Straits Forest Stewardship Plan	\N	\N	2024-01-15 00:00:00	2024-09-11 00:00:00	2008-01-03 00:00:00	\N	BCEID\\PESCHKEJ	N	Y	N	N	Y	Jennifer Peschke	2502043277	jennifer.peschke@mosaicforests.com	2024-01-15 00:00:00	\N	N	2024-01-15 00:00:00	11	BCEID\\PESCHKEJ	2023-12-21 12:18:21	AMND_TERM_UPDATE	2024-08-30 12:05:46
93	27	INE	AMD	Declared Areas	Johnstone Straits Forest Stewardship Plan	\N	\N	2024-01-16 00:00:00	2024-09-11 00:00:00	2008-01-03 00:00:00	\N	BCEID\\PESCHKEJ	N	Y	N	N	Y	Jennifer Peschke	2502043277	jennifer.peschke@mosaicforests.com	2024-01-16 00:00:00	\N	N	2024-01-16 00:00:00	11	BCEID\\PESCHKEJ	2024-01-15 16:21:28	AMND_TERM_UPDATE	2024-08-30 12:05:46
93	28	INE	AMD	Declared Areas	Johnstone Straits Forest Stewardship Plan	\N	\N	2024-03-06 00:00:00	2024-09-11 00:00:00	2008-01-03 00:00:00	\N	BCEID\\PESCHKEJ	N	Y	N	N	Y	Jennifer Peschke	2502043277	jennifer.peschke@mosaicforests.com	2024-03-06 00:00:00	\N	N	2024-03-06 00:00:00	10	BCEID\\PESCHKEJ	2024-03-06 09:23:59	AMND_TERM_UPDATE	2024-08-30 12:05:46
93	29	INE	AMD	\N	Johnstone Straits Forest Stewardship Plan	\N	\N	2024-07-18 00:00:00	2024-09-11 00:00:00	2008-01-03 00:00:00	\N	BCEID\\PESCHKEJ	N	Y	N	N	Y	Jennifer Peschke	2502043277	jennifer.peschke@mosaicforests.com	2024-07-18 00:00:00	\N	N	2024-07-18 00:00:00	8	BCEID\\PESCHKEJ	2024-07-18 09:34:44	AMND_TERM_UPDATE	2024-08-30 12:05:46
93	30	INE	AMD	Declared Areas	Johnstone Straits Forest Stewardship Plan	\N	\N	2024-08-13 00:00:00	2024-09-11 00:00:00	2008-01-03 00:00:00	\N	BCEID\\PESCHKEJ	N	Y	N	N	Y	Jennifer Peschke	2502043277	jennifer.peschke@mosaicforests.com	2024-08-13 00:00:00	\N	N	2024-08-13 00:00:00	9	BCEID\\PESCHKEJ	2024-08-13 10:28:46	AMND_TERM_UPDATE	2024-08-30 12:05:46
93	31	INE	AMD	Declared Areas	Johnstone Straits Forest Stewardship Plan	\N	\N	2024-08-30 00:00:00	2024-09-11 00:00:00	2008-01-03 00:00:00	\N	BCEID\\PESCHKEJ	N	Y	N	N	Y	Jennifer Peschke	2502043277	jennifer.peschke@mosaicforests.com	2024-08-30 00:00:00	\N	N	2024-08-30 00:00:00	7	BCEID\\PESCHKEJ	2024-08-30 12:01:30	AMND_TERM_UPDATE	2024-08-30 12:05:46
382	0	DFT	ORG	\N	OCIC TEST FTA ECAS FSP	5	0	\N	\N	2008-03-25 00:00:00	\N	\N	N	N	N	N	N	Ricky Yee	2503878915	mailto:elaine.wong@cgi.com	\N	\N	Y	\N	2	IDIR\\EWONG	2008-03-25 16:09:52	IDIR\\EWONG	2008-03-25 16:09:52
\.


--
-- Data for Name: forhealth_rslt; Type: TABLE DATA; Schema: silva; Owner: postgres
--

COPY silva.forhealth_rslt (forhealth_rslt_id, opening_id, forest_cover_id, forest_cover_layer_id, silv_damage_agent_code, incidence_pct, incidence_area, observation_date, entry_userid, entry_timestamp, update_userid, update_timestamp, revision_count) FROM stdin;
2063103	1589595	3621310	4100029	AB	1	\N	2017-10-06 12:50:00	BCEID\\SJONES12	2017-10-06 12:50:00	BCEID\\SJONES12	2017-10-06 12:50:00	1
2063104	1589595	3621310	4100029	A	1	\N	2017-10-06 12:50:00	BCEID\\SJONES12	2017-10-06 12:50:00	BCEID\\SJONES12	2017-10-06 12:50:00	1
2063105	1589595	3621310	4100029	DSC	7	\N	2017-10-06 12:50:00	BCEID\\SJONES12	2017-10-06 12:50:00	BCEID\\SJONES12	2017-10-06 12:50:00	1
2063106	1589595	3621310	4100029	DSG	1	\N	2017-10-06 12:50:00	BCEID\\SJONES12	2017-10-06 12:50:00	BCEID\\SJONES12	2017-10-06 12:50:00	1
2063107	1589595	3621310	4100029	DSS	1	\N	2017-10-06 12:50:00	BCEID\\SJONES12	2017-10-06 12:50:00	BCEID\\SJONES12	2017-10-06 12:50:00	1
2063108	1589595	3621310	4100029	IWW	1	\N	2017-10-06 12:50:00	BCEID\\SJONES12	2017-10-06 12:50:00	BCEID\\SJONES12	2017-10-06 12:50:00	1
2063109	1589595	3621310	4100029	NY	1	\N	2017-10-06 12:50:00	BCEID\\SJONES12	2017-10-06 12:50:00	BCEID\\SJONES12	2017-10-06 12:50:00	1
2063110	1589595	3621310	4100030	AB	1	\N	2017-10-06 12:50:00	BCEID\\SJONES12	2017-10-06 12:50:00	BCEID\\SJONES12	2017-10-06 12:50:00	1
2063111	1589595	3621310	4100030	A	1	\N	2017-10-06 12:50:00	BCEID\\SJONES12	2017-10-06 12:50:00	BCEID\\SJONES12	2017-10-06 12:50:00	1
2063112	1589595	3621310	4100030	DSC	7	\N	2017-10-06 12:50:00	BCEID\\SJONES12	2017-10-06 12:50:00	BCEID\\SJONES12	2017-10-06 12:50:00	1
2063113	1589595	3621310	4100030	DSG	0	\N	2017-10-06 12:50:00	BCEID\\SJONES12	2017-10-06 12:50:00	BCEID\\SJONES12	2017-10-06 12:50:00	1
2063114	1589595	3621310	4100030	DSS	0	\N	2017-10-06 12:50:00	BCEID\\SJONES12	2017-10-06 12:50:00	BCEID\\SJONES12	2017-10-06 12:50:00	1
2063115	1589595	3621310	4100030	IWW	1	\N	2017-10-06 12:50:00	BCEID\\SJONES12	2017-10-06 12:50:00	BCEID\\SJONES12	2017-10-06 12:50:00	1
2063116	1589595	3621310	4100030	NY	1	\N	2017-10-06 12:50:00	BCEID\\SJONES12	2017-10-06 12:50:00	BCEID\\SJONES12	2017-10-06 12:50:00	1
1668933	60000	2638620	3095553	IWS	1	\N	2012-04-16 08:37:31	BCEID\\DSCOTT	2012-04-16 08:37:31	BCEID\\DSCOTT	2012-04-16 08:37:31	1
\.


--
-- Data for Name: forhealth_rslt_archive; Type: TABLE DATA; Schema: silva; Owner: postgres
--

COPY silva.forhealth_rslt_archive (forest_cover_id, archive_date, forest_cover_layer_id, forhealth_rslt_id, opening_id, silv_damage_agent_code, incidence_pct, incidence_area, observation_date, forest_cover_archive_date, entry_userid, entry_timestamp, update_userid, update_timestamp, revision_count) FROM stdin;
\.


--
-- Data for Name: fsp_standards_regime_xref; Type: TABLE DATA; Schema: silva; Owner: postgres
--

COPY silva.fsp_standards_regime_xref (fsp_id, fsp_amendment_number, standards_regime_id, revision_count, entry_userid, entry_timestamp, update_userid, update_timestamp) FROM stdin;
105	0	1010949	1	IDIR\\DOFLAMINGO	2007-07-17 11:11:28	IDIR\\DOFLAMINGO	2007-07-17 11:11:28
341	0	18056	1	IDIR\\CJNIXON	2010-10-26 07:52:17	IDIR\\CJNIXON	2010-10-26 07:52:17
420	0	18056	1	IDIR\\CJNIXON	2010-10-26 09:53:08	IDIR\\CJNIXON	2010-10-26 09:53:08
424	0	18056	1	IDIR\\CJNIXON	2010-12-21 11:05:20	IDIR\\CJNIXON	2010-12-21 11:05:20
512	0	18056	1	BCEID\\RODNEY_ARNOLD2012	2013-04-19 11:42:34	BCEID\\RODNEY_ARNOLD2012	2013-04-19 11:42:34
53	0	18056	1	Datafix106443	2008-02-01 08:23:45	Datafix106443	2008-02-01 08:23:45
279	0	18056	1	IDIR\\JDPICKFO	2008-08-22 11:38:46	IDIR\\JDPICKFO	2008-08-22 11:38:46
277	0	18056	1	IDIR\\JDPICKFO	2009-09-08 08:25:21	IDIR\\JDPICKFO	2009-09-08 08:25:21
8	0	18056	1	Datafix105360	2007-10-31 14:56:33	Datafix105360	2007-10-31 14:56:33
26	0	18056	1	Datafix105360	2007-10-31 14:56:40	Datafix105360	2007-10-31 14:56:40
27	0	18056	1	Datafix105360	2007-10-31 14:56:49	Datafix105360	2007-10-31 14:56:49
45	0	18056	1	Datafix105360	2007-10-31 14:56:57	Datafix105360	2007-10-31 14:56:57
77	0	18056	1	Datafix105360	2007-10-31 14:57:05	Datafix105360	2007-10-31 14:57:05
688	0	1056501	1	IDIR\\KWILLIS	2018-01-29 16:48:59	IDIR\\KWILLIS	2018-01-29 16:48:59
93	0	1006586	1	IDIR\\ADELLAVI	2007-12-19 09:15:23	IDIR\\ADELLAVI	2007-12-19 09:15:23
93	23	1054256	1	BCEID\\RMMONCHAK	2017-08-09 09:22:11	BCEID\\RMMONCHAK	2017-08-09 09:22:11
93	23	1054257	1	BCEID\\RMMONCHAK	2017-08-09 09:25:43	BCEID\\RMMONCHAK	2017-08-09 09:25:43
382	0	1535	1	IDIR\\EWONG	2008-03-25 16:09:55	IDIR\\EWONG	2008-03-25 16:09:55
\.


--
-- Data for Name: fsp_status_code; Type: TABLE DATA; Schema: silva; Owner: postgres
--

COPY silva.fsp_status_code (fsp_status_code, description, effective_date, expiry_date, update_timestamp) FROM stdin;
APP	Approved	2006-09-13 00:00:00	9999-12-31 00:00:00	2024-09-25 13:31:24
CAN	Cancelled	2017-01-01 00:00:00	9999-12-31 00:00:00	2024-09-25 13:31:24
DEL	Deleted	2006-09-13 00:00:00	9999-12-31 00:00:00	2024-09-25 13:31:24
DFT	Draft	2006-09-13 00:00:00	9999-12-31 00:00:00	2024-09-25 13:31:24
EXP	Expired	2008-03-19 00:00:00	9999-12-31 00:00:00	2024-09-25 13:31:24
INE	In Effect	2009-03-04 00:00:00	9999-12-31 00:00:00	2024-09-25 13:31:24
OHS	Opportunity to be Heard Sent	2006-09-13 00:00:00	9999-12-31 00:00:00	2024-09-25 13:31:24
REJ	Rejected	2006-09-13 00:00:00	9999-12-31 00:00:00	2024-09-25 13:31:24
RET	Retired	2017-01-01 00:00:00	9999-12-31 00:00:00	2024-09-25 13:31:24
SUB	Submitted	2006-09-13 00:00:00	9999-12-31 00:00:00	2024-09-25 13:31:24
UPD	Update	2024-08-13 00:00:00	9999-12-31 00:00:00	2024-09-25 13:31:24
\.


--
-- Data for Name: harvest_auth_extend_reas_code; Type: TABLE DATA; Schema: silva; Owner: postgres
--

COPY silva.harvest_auth_extend_reas_code (harvest_auth_extend_reas_code, description, effective_date, expiry_date, update_timestamp) FROM stdin;
E	Equipment Failure	2006-10-06 00:00:00	2013-01-30 00:00:00	2014-03-12 12:25:24
H	Health/Death	2006-10-07 00:00:00	2013-01-30 00:00:00	2014-03-12 12:25:24
L	Legislation	2013-01-30 00:00:00	9999-12-31 00:00:00	2014-03-12 12:25:24
M	Markets	2006-10-08 00:00:00	2013-01-30 00:00:00	2014-03-12 12:25:24
P	Management Discretion	2006-10-09 00:00:00	9999-12-31 00:00:00	2014-03-12 12:25:24
T	Transfer	2006-10-10 00:00:00	2013-01-30 00:00:00	2014-03-12 12:25:24
W	Weather	2006-10-11 00:00:00	2013-01-30 00:00:00	2014-03-12 12:25:24
X	Miscellaneous	2006-10-12 00:00:00	2013-01-30 00:00:00	2014-03-12 12:25:24
\.


--
-- Data for Name: harvest_auth_status_code; Type: TABLE DATA; Schema: silva; Owner: postgres
--

COPY silva.harvest_auth_status_code (harvest_auth_status_code, description, effective_date, expiry_date, update_timestamp) FROM stdin;
HRS	Harvesting Rights Surrendered	2013-01-30 00:00:00	9999-12-31 00:00:00	2014-03-12 12:25:25
HP	Harvesting Postponement	2008-06-26 00:00:00	9999-12-31 00:00:00	2014-03-12 12:25:25
ACT	Operations Active	2006-10-06 00:00:00	9999-12-31 00:00:00	2014-03-12 12:25:25
AP	Appeal Pending	2006-10-06 00:00:00	9999-12-31 00:00:00	2014-03-12 12:25:25
DD	Disallowed by District	2006-10-06 00:00:00	9999-12-31 00:00:00	2014-03-12 12:25:25
DR	Disallowed by Region	2006-10-06 00:00:00	9999-12-31 00:00:00	2014-03-12 12:25:25
DV	Disallowed by Victoria	2006-10-06 00:00:00	9999-12-31 00:00:00	2014-03-12 12:25:25
EE	Entered In Error	2006-10-06 00:00:00	9999-12-31 00:00:00	2014-03-12 12:25:25
HA	Awarded for Harvesting	2006-10-06 00:00:00	2008-06-25 00:00:00	2014-03-12 12:25:25
HB	Approved for Harvesting	2006-10-06 00:00:00	9999-12-31 00:00:00	2014-03-12 12:25:25
HC	Closed	2006-10-06 00:00:00	9999-12-31 00:00:00	2014-03-12 12:25:25
HD	Harvesting Deferred	2006-10-06 00:00:00	9999-12-31 00:00:00	2014-03-12 12:25:25
HH	HDBS - Harvest Database	2006-10-06 00:00:00	9999-12-31 00:00:00	2014-03-12 12:25:25
HI	Issued	2006-10-06 00:00:00	9999-12-31 00:00:00	2014-03-12 12:25:25
HN	Issued but Not Printed	2006-10-06 00:00:00	9999-12-31 00:00:00	2014-03-12 12:25:25
HOC	Final Report - Harvesting Obligations Completed	2006-10-06 00:00:00	9999-12-31 00:00:00	2014-03-12 12:25:25
HS	Suspended	2006-10-06 00:00:00	9999-12-31 00:00:00	2014-03-12 12:25:25
HX	Cancelled	2006-10-06 00:00:00	9999-12-31 00:00:00	2014-03-12 12:25:25
IC	Inactive - Completed	2006-10-06 00:00:00	9999-12-31 00:00:00	2014-03-12 12:25:25
ID	Inactive - Closed (Deactivated)	2006-10-06 00:00:00	9999-12-31 00:00:00	2014-03-12 12:25:25
IH	Inactive - HDBS	2006-10-06 00:00:00	9999-12-31 00:00:00	2014-03-12 12:25:25
IX	Inactive - Cancelled	2006-10-06 00:00:00	9999-12-31 00:00:00	2014-03-12 12:25:25
LC	Logging Complete	2006-10-06 00:00:00	9999-12-31 00:00:00	2014-03-12 12:25:25
NLG	No Logging to Date	2006-10-06 00:00:00	9999-12-31 00:00:00	2014-03-12 12:25:25
PA	Pending Application	2006-10-06 00:00:00	9999-12-31 00:00:00	2014-03-12 12:25:25
PD	Pending Deferred	2006-10-06 00:00:00	9999-12-31 00:00:00	2014-03-12 12:25:25
PE	Pending Electronic	2006-10-06 00:00:00	9999-12-31 00:00:00	2014-03-12 12:25:25
PHC	Primary Harvest Completed	2006-10-06 00:00:00	9999-12-31 00:00:00	2014-03-12 12:25:25
PI	Pending Issuance	2006-10-06 00:00:00	9999-12-31 00:00:00	2014-03-12 12:25:25
PL	Planned TSL	2006-10-06 00:00:00	9999-12-31 00:00:00	2014-03-12 12:25:25
PLI	Part Logged - now inactive	2006-10-06 00:00:00	9999-12-31 00:00:00	2014-03-12 12:25:25
PP	Proposed	2006-10-06 00:00:00	9999-12-31 00:00:00	2014-03-12 12:25:25
PR	Pending Review	2006-10-06 00:00:00	9999-12-31 00:00:00	2014-03-12 12:25:25
PS	Pending Status	2006-10-06 00:00:00	9999-12-31 00:00:00	2014-03-12 12:25:25
S	Silviculture	2006-10-06 00:00:00	9999-12-31 00:00:00	2014-03-12 12:25:25
SP	SP only, no application received	2006-10-06 00:00:00	9999-12-31 00:00:00	2014-03-12 12:25:25
TC	Trespass Investigation Complete	2006-10-06 00:00:00	9999-12-31 00:00:00	2014-03-12 12:25:25
TU	Trespass Under Investigation	2006-10-06 00:00:00	9999-12-31 00:00:00	2014-03-12 12:25:25
\.


--
-- Data for Name: harvest_sale; Type: TABLE DATA; Schema: silva; Owner: postgres
--

COPY silva.harvest_sale (forest_file_id, sb_fund_ind, sale_method_code, sale_type_cd, planned_sale_date, tender_opening_dt, plnd_sb_cat_code, sold_sb_cat_code, total_bidders, lumpsum_bonus_amt, cash_sale_est_vol, cash_sale_tot_dol, payment_method_cd, salvage_ind, sale_volume, admin_area_ind, minor_facility_ind, bcts_org_unit, fta_bonus_bid, fta_bonus_offer, revision_count, entry_userid, entry_timestamp, update_userid, update_timestamp) FROM stdin;
TFL47	N	A	SL	1985-01-01 00:00:00	\N	N	N	\N	\N	\N	\N	A	N	\N	N	N	14	\N	\N	1	FTA_CONV	2003-11-15 11:00:39	HDBSMIG	1991-11-05 03:33:15
TFL44	N	A	SL	1984-08-01 00:00:00	\N	N	N	\N	\N	\N	\N	A	N	\N	N	N	11	\N	\N	2	FTA_CONV	2003-11-15 11:00:39	IDIR\\JAKETHEDOG	2024-12-04 13:31:35
A20212	N	A	SL	1982-12-01 00:00:00	\N	N	N	\N	\N	\N	\N	A	N	\N	N	N	\N	\N	\N	8	FTA_CONV	2003-11-15 11:00:22	IDIR\\HSOLO	2024-12-30 08:06:09
A77623	Y	T	SL	2005-12-15 00:00:00	2005-12-15 00:00:00	A	A	1	\N	\N	\N	A	N	17015	N	N	12	\N	\N	13	IDIR\\DHAIGH	2005-02-18 08:45:11	IDIR\\HEDOMINE	2008-07-28 13:16:27
TA1687	Y	T	SL	2022-12-05 00:00:00	2022-12-05 00:00:00	2	2	6	\N	\N	\N	A	N	17840	N	N	14	\N	\N	7	IDIR\\DMSUMNER	2020-11-02 14:22:17	IDIR\\JKENNING	2023-09-27 12:01:10
A13840	N	D	SL	1983-01-01 00:00:00	\N	N	N	\N	\N	\N	\N	A	N	\N	N	N	\N	\N	\N	8	FTA_CONV	2003-11-15 11:00:22	IDIR\\CRMARSH	2016-10-07 14:48:17
TFL39	N	A	SL	1980-01-01 00:00:00	\N	N	N	\N	\N	\N	\N	A	N	\N	N	N	\N	\N	\N	1	FTA_CONV	2003-06-10 14:16:51	HDBSMIG	1991-11-05 03:39:18
A18667	N	A	SL	1982-11-15 00:00:00	\N	N	N	\N	\N	\N	\N	A	N	\N	N	N	\N	\N	\N	8	FTA_CONV	2003-11-15 11:00:22	IDIR\\LEJACKSO	2017-05-17 15:49:11
\.


--
-- Data for Name: harvest_type_code; Type: TABLE DATA; Schema: silva; Owner: postgres
--

COPY silva.harvest_type_code (harvest_type_code, description, effective_date, expiry_date, update_timestamp) FROM stdin;
F	Fort St. John	2006-10-06 00:00:00	9999-12-31 00:00:00	2007-06-02 09:58:30
G	Green	2006-10-06 00:00:00	9999-12-31 00:00:00	2007-06-02 09:58:30
M	Multi-Mark	2006-10-06 00:00:00	9999-12-31 00:00:00	2007-06-02 09:58:30
R	Road	2006-10-06 00:00:00	9999-12-31 00:00:00	2007-06-02 09:58:30
\.


--
-- Data for Name: harvesting_authority; Type: TABLE DATA; Schema: silva; Owner: postgres
--

COPY silva.harvesting_authority (hva_skey, forest_file_id, cutting_permit_id, harvesting_authority_id, forest_district, district_admn_zone, geographic_district, mgmt_unit_id, mgmt_unit_type_code, licence_to_cut_code, harvest_type_code, harvest_auth_status_code, tenure_term, status_date, issue_date, expiry_date, extend_date, extend_count, harvest_auth_extend_reas_code, quota_type_code, crown_lands_region_code, salvage_type_code, cascade_split_code, catastrophic_ind, crown_granted_ind, cruise_based_ind, deciduous_ind, bcaa_folio_number, location, higher_level_plan_reference, harvest_area, retirement_date, revision_count, entry_userid, entry_timestamp, update_userid, update_timestamp, is_waste_assessment_required, is_cp_extensn_appl_fee_waived, is_cp_extension_appl_fee_paid, is_within_fibre_recovery_zone, harvesting_authority_guid) FROM stdin;
116838	TFL47	12K	\N	1	C6	1	47	T	\N	G	HC	24	2004-09-07 00:00:00	2001-07-03 00:00:00	2003-07-02 00:00:00	\N	0	\N	A	\N	\N	W	N	N	N	N	\N	QUADRA ISLAND	\N	\N	2006-10-12 00:00:00	4	LDALEXAN	2001-06-07 16:06:57	DATAFIX_06072007_134C	2007-07-11 11:06:48	U	U	U	U	b9b090ac-82bb-645a-e053-32b3228ea5a5
779356	TFL47	6AK	\N	2	C&E	2	\N	\N	\N	G	HI	48	2020-05-27 13:55:39	2020-05-25 00:00:00	2024-05-24 00:00:00	\N	0	\N	A	1	\N	W	N	N	N	N	\N	Hardwick Is. Gowland & Jackson Bay	\N	\N	\N	4	BCEID\\TRACYNG	2020-03-10 14:22:26	IDIR\\LOSTASHE	2020-05-27 13:55:39	U	U	U	Y	b9b090ae-6920-645a-e053-32b3228ea5a5
125896	TFL47	12U	\N	1	C6	1	47	T	\N	G	HC	48	2005-11-10 00:00:00	2004-02-24 00:00:00	2008-02-23 00:00:00	\N	0	\N	A	1	\N	W	N	N	N	N	\N	Quadra Island	\N	\N	2006-10-12 00:00:00	6	IDIR\\cloggie	2004-02-23 14:23:09	DATAFIX_06072007_134C	2007-07-11 11:09:06	U	U	U	U	b9b090ac-a5ca-645a-e053-32b3228ea5a5
123731	TFL44	270	\N	1	1	1	44	T	\N	G	HC	36	2008-12-04 00:00:00	2003-11-19 00:00:00	2006-11-18 00:00:00	\N	0	\N	A	\N	\N	W	N	N	N	N	\N	Klanawa River	\N	38.7655	2018-08-29 16:10:24	4	MBAUTO	2003-11-04 10:30:08	IDIR\\ASKYWALKER	2018-08-29 16:10:24	U	U	U	U	b9b090ac-9d96-645a-e053-32b3228ea5a5
562321	K1A	EEE	\N	2	A	2	\N	\N	\N	G	HC	48	2019-06-13 00:00:00	2012-11-02 00:00:00	2016-11-01 00:00:00	\N	0	\N	A	\N	\N	E	N	N	N	N	\N	CP EEE	\N	\N	2021-08-31 12:20:37	5	BCEID\\JAKETHEDOG	2012-10-25 10:55:10	IDIR\\JAKETHEDOG	2021-08-31 12:20:37	U	U	U	U	b9b090ad-f7d5-645a-e053-32b3228ea5a5
744308	A20212	210	\N	14	1	14	13	U	\N	G	HC	48	2021-11-23 00:00:00	2017-11-24 00:00:00	2021-11-23 00:00:00	\N	0	\N	A	4	\N	E	N	Y	N	N	\N	Shorty Creek	\N	\N	2023-01-26 11:47:11	7	BCEID\\KAIDO	2017-10-19 06:49:49	IDIR\\JIMBEI	2023-01-26 11:47:11	U	U	U	U	b9b090ae-44f3-645a-e053-32b3228ea5a5
79707	A77623	\N	\N	13	1	13	01	U	\N	G	HC	12	2008-07-28 00:00:00	2005-12-15 00:00:00	2006-12-14 00:00:00	2007-12-14 00:00:00	1	X	D	4	\N	E	N	N	N	N	\N	Oscar Creek	\N	89.2354	2011-07-22 12:43:11	15	IDIR\\DMcMulli	2005-11-03 13:18:10	&&datafix_userid	2014-06-28 08:49:43	U	U	U	U	b9b090ab-f3ff-645a-e053-32b3228ea5a5
800140	TA1687	\N	\N	2	CR1	2	48	U	\N	G	LC	24	2023-06-26 00:00:00	2022-12-12 00:00:00	2024-12-11 00:00:00	\N	0	\N	D	1	\N	W	N	N	N	N	\N	Snowden	\N	28.4625	\N	7	IDIR\\JPINDROC	2022-08-03 13:31:21	IDIR\\JKENNING	2023-09-27 12:01:10	Y	U	U	N	e55d1d9f-a586-2a67-e053-32b3228e33c1
114530	A72929	001	\N	1	A	11	14	U	\N	G	HC	24	2005-07-26 00:00:00	2003-12-03 00:00:00	2005-12-02 00:00:00	\N	0	\N	A	\N	\N	E	Y	N	N	N	\N	CUTTING PERMITS	\N	\N	2006-09-13 00:00:00	6	IDIR\\jcballar	2004-01-07 14:33:24	DATAFIX_06072007_134C	2007-07-11 10:57:16	U	U	U	U	b9b090ac-79cd-645a-e053-32b3228ea5a5
111525	A70881	001	\N	1	A	11	14	U	\N	G	HC	24	2005-07-26 00:00:00	2003-12-03 00:00:00	2005-12-02 00:00:00	\N	0	\N	A	\N	\N	E	Y	N	N	N	\N	TYEEWOOD FOREST RESOURCES\\nCUTTING PERMITS	\N	\N	2006-09-13 00:00:00	6	IDIR\\jcballar	2004-01-07 14:28:53	DATAFIX_06072007_134C	2007-07-11 10:54:22	U	U	U	U	b9b090ac-6e62-645a-e053-32b3228ea5a5
99592	A13840	145	\N	2	DEAD	12	41	U	\N	G	HC	24	2000-03-09 00:00:00	1997-06-15 00:00:00	1999-06-14 00:00:00	\N	0	\N	A	8	\N	E	N	N	N	N	\N	Quality Creek	\N	\N	2018-12-03 11:21:22	3	TECUTLER	1996-12-06 08:20:54	IDIR\\DURICHAR	2018-12-03 11:21:22	U	U	U	U	b9b090ac-3fe3-645a-e053-32b3228ea5a5
172563	TFL39	27Y	\N	1	S	1	\N	\N	\N	G	HI	48	2008-08-19 00:00:00	2007-08-19 00:00:00	2011-08-18 00:00:00	\N	0	\N	A	\N	\N	W	N	Y	N	N	\N	Phillips River	\N	228.0154	\N	4	IDIR\\RYEE	2008-08-19 14:12:46	IDIR\\RYEE	2008-08-19 16:14:36	U	U	U	U	b4e21301-99df-4578-e053-3a54228e0360
106665	A18667	55	\N	1	RIVE	1	22	U	\N	G	HC	12	1997-02-12 00:00:00	1990-10-01 00:00:00	1991-09-30 00:00:00	1996-09-30 00:00:00	4	X	A	\N	\N	E	N	Y	Y	N	\N	BEAKCREEK	\N	\N	2018-11-29 15:01:48	5	RDMILLER	9999-12-31 00:00:00	IDIR\\DURICHAR	2018-11-29 15:01:48	U	U	U	U	b9b090ac-5b74-645a-e053-32b3228ea5a5
\.


--
-- Data for Name: hauling_authority; Type: TABLE DATA; Schema: silva; Owner: postgres
--

COPY silva.hauling_authority (timber_mark, forest_file_id, marking_method_code, marking_instrument_code, revision_count, entry_timestamp, update_userid, update_timestamp, entry_userid, hauling_authority_guid) FROM stdin;
47/12K	TFL47	S	H	2	2001-06-07 16:06:57	IDIR\\SBONNETT	2005-09-22 14:41:06	LDALEXAN	b994a76c-5177-2408-e053-32b3228e5273
47/6AK	TFL47	S	H	1	2020-03-10 14:22:26	IDIR\\LOSTASHE	2020-05-27 13:50:24	BCEID\\TRACYNG	b994a76c-5253-2408-e053-32b3228e5273
47/12U	TFL47	S	H	4	2004-02-23 14:23:09	IDIR\\SBONNETT	2006-04-05 16:05:41	IDIR\\cloggie	b994a76c-517f-2408-e053-32b3228e5273
44/270	TFL44	S	H	2	2003-11-04 10:30:08	IDIR\\MBAUTO	2008-12-04 10:52:21	MBAUTO	b994a76c-45e2-2408-e053-32b3228e5273
K1AEEE	K1A	1	H	2	2012-10-25 10:55:11	IDIR\\JAKETHEDOG	2019-06-13 10:22:39	BCEID\\JAKETHEDOG	b994a76e-7c56-2408-e053-32b3228e5273
EZ7210	A20212	4	H	2	2017-10-19 06:49:49	IDIR\\SHANKS	2023-01-26 11:47:08	BCEID\\USSOP	b994a76e-3687-2408-e053-32b3228e5273
77623	A77623	4	H	12	2005-11-03 13:18:10	IDIR\\HEDOMINE	2008-07-28 13:16:27	IDIR\\DMcMulli	b994a76c-b9b9-2408-e053-32b3228e5273
A1687	TA1687	S	H	5	2022-08-03 13:31:21	IDIR\\JKENNING	2023-09-27 12:01:10	IDIR\\JPINDROC	e55d1d9f-a58d-2a67-e053-32b3228e33c1
AY5001	A72929	5	H	4	2004-01-07 14:33:24	IDIR\\JSILLES	2005-07-26 11:14:34	IDIR\\jcballar	b994a76d-0167-2408-e053-32b3228e5273
AU6001	A70881	5	H	4	2004-01-07 14:28:53	IDIR\\JSILLES	2005-07-26 10:22:13	IDIR\\jcballar	b994a76d-00be-2408-e053-32b3228e5273
FA9145	A13840	4	P	1	1996-12-06 08:20:54	BHENNEY	2003-10-24 14:36:10	TECUTLER	b994a76e-40bc-2408-e053-32b3228e5273
39/27Y	TFL39	4	H	2	2008-08-19 14:12:51	IDIR\\RYEE	2008-08-19 16:14:38	IDIR\\RYEE	b43e3e27-dd31-2ef0-e053-3a54228ef0d3
ER4055	A18667	S	H	1	9999-12-31 00:00:00	SLZUPP	2003-11-13 08:56:23	RDMILLER	b994a76e-10bd-2408-e053-32b3228e5273
\.


--
-- Data for Name: height_class_code; Type: TABLE DATA; Schema: silva; Owner: postgres
--

COPY silva.height_class_code (height_class_code, description, effective_date, expiry_date, update_timestamp) FROM stdin;
1	0 - 10.4 Meters	1905-01-01 00:00:00	9999-12-31 00:00:00	2003-06-17 14:16:35
2	10.5 - 19.4 Meters	1905-01-01 00:00:00	9999-12-31 00:00:00	2003-06-17 14:16:35
3	19.5 - 28.4 Meters	1905-01-01 00:00:00	9999-12-31 00:00:00	2003-06-17 14:16:35
4	28.5 - 37.4 Meters	1905-01-01 00:00:00	9999-12-31 00:00:00	2003-06-17 14:16:35
5	37.5 - 46.4 Meters	1905-01-01 00:00:00	9999-12-31 00:00:00	2003-06-17 14:16:35
6	46.5 - 55.4 Meters	1905-01-01 00:00:00	9999-12-31 00:00:00	2003-06-17 14:16:35
7	55.5 - 64.4 Meters	1905-01-01 00:00:00	9999-12-31 00:00:00	2003-06-17 14:16:35
8	64.5 + Meters	1905-01-01 00:00:00	9999-12-31 00:00:00	2003-06-17 14:16:35
\.


--
-- Data for Name: licence_to_cut_code; Type: TABLE DATA; Schema: silva; Owner: postgres
--

COPY silva.licence_to_cut_code (licence_to_cut_code, description, effective_date, expiry_date, update_timestamp) FROM stdin;
AL	Agricultural Lease	1905-01-01 00:00:00	9999-12-31 00:00:00	2016-01-06 09:06:46
AP	Agreement to Purchase	1905-01-01 00:00:00	9999-12-31 00:00:00	2016-01-06 09:06:46
BB	Bark Beetle	2003-09-04 00:00:00	2004-10-26 00:00:00	2016-01-06 09:06:46
CG	Crown Granted Lands (Timber Reserved)	1905-01-01 00:00:00	9999-12-31 00:00:00	2016-01-06 09:06:46
CH	Chips and Hog Fuel	2013-01-30 00:00:00	9999-12-31 00:00:00	2016-01-06 09:06:46
CI	Community Interface	2006-09-29 00:00:00	9999-12-31 00:00:00	2016-01-06 09:06:46
CL	Clearing and Levelling	1905-01-01 00:00:00	9999-12-31 00:00:00	2016-01-06 09:06:46
CO	Communications	2003-01-01 00:00:00	9999-12-31 00:00:00	2016-01-06 09:06:46
CR	Commercial Recreation Area	2013-01-30 00:00:00	9999-12-31 00:00:00	2016-01-06 09:06:46
CT	Christmas Trees	2003-01-01 00:00:00	9999-12-31 00:00:00	2016-01-06 09:06:46
DL	Dominion Patented Lands Timber Reserve	1905-01-01 00:00:00	9999-12-31 00:00:00	2016-01-06 09:06:46
DT	Decked Timber	2004-10-25 00:00:00	9999-12-31 00:00:00	2016-01-06 09:06:46
EA	Easement	1905-01-01 00:00:00	9999-12-31 00:00:00	2016-01-06 09:06:46
ER	Range Eco Restoration	2013-01-30 00:00:00	9999-12-31 00:00:00	2016-01-06 09:06:46
EX	Experimental < 500m3	2003-09-04 00:00:00	9999-12-31 00:00:00	2016-01-06 09:06:46
FH	Forest Health Contract	2004-10-25 00:00:00	9999-12-31 00:00:00	2016-01-06 09:06:46
FN	First Nations	2004-06-14 00:00:00	9999-12-31 00:00:00	2016-01-06 09:06:46
GL	Grazing Lease	1905-01-01 00:00:00	9999-12-31 00:00:00	2016-01-06 09:06:46
GP	Gravel Pit	2003-01-01 00:00:00	9999-12-31 00:00:00	2016-01-06 09:06:46
GT	50m3 Green	2004-10-25 00:00:00	9999-12-31 00:00:00	2016-01-06 09:06:46
IL	Industrial Lease	1905-01-01 00:00:00	9999-12-31 00:00:00	2016-01-06 09:06:46
IS	Intermediate Salvage	2006-09-29 00:00:00	9999-12-31 00:00:00	2016-01-06 09:06:46
LL	Log and Lake Salvage	1905-01-01 00:00:00	9999-12-31 00:00:00	2016-01-06 09:06:46
LS	Log Salvage	1905-01-01 00:00:00	9999-12-31 00:00:00	2016-01-06 09:06:46
MC	Mineral Claim	1905-01-01 00:00:00	9999-12-31 00:00:00	2016-01-06 09:06:46
OG	Oil and Gas	1905-01-01 00:00:00	9999-12-31 00:00:00	2016-01-06 09:06:46
OT	Other	1998-10-06 00:00:00	9999-12-31 00:00:00	2016-01-06 09:06:46
PA	Pulpwood Agreement	2003-09-04 00:00:00	9999-12-31 00:00:00	2016-01-06 09:06:46
PI	Pipeline	1997-10-28 00:00:00	9999-12-31 00:00:00	2016-01-06 09:06:46
PL	Placer Lease	1905-01-01 00:00:00	9999-12-31 00:00:00	2016-01-06 09:06:46
PR	Parks	2007-02-26 00:00:00	9999-12-31 00:00:00	2016-01-06 09:06:46
RD	Roads	2003-01-01 00:00:00	9999-12-31 00:00:00	2016-01-06 09:06:46
RE	Recreational Lease (Cat., heli skiing)	2003-01-01 00:00:00	9999-12-31 00:00:00	2016-01-06 09:06:46
RL	Residential Lease	1905-01-01 00:00:00	9999-12-31 00:00:00	2016-01-06 09:06:46
RW	Right of Way	1905-01-01 00:00:00	9999-12-31 00:00:00	2016-01-06 09:06:46
SL	Seismic Line	1997-10-28 00:00:00	9999-12-31 00:00:00	2016-01-06 09:06:46
SS	Small Scale Salvage < 2000m3	2003-09-04 00:00:00	9999-12-31 00:00:00	2016-01-06 09:06:46
TC	TSL (major) Conversion	2005-11-09 00:00:00	9999-12-31 00:00:00	2016-01-06 09:06:46
TN	Transportation	2007-02-26 00:00:00	9999-12-31 00:00:00	2016-01-06 09:06:46
TR	Trails (ski, horse)	2003-01-01 00:00:00	9999-12-31 00:00:00	2016-01-06 09:06:46
UT	Utility (BC Hydro)	2003-01-01 00:00:00	9999-12-31 00:00:00	2016-01-06 09:06:46
WL	Waterlines	2003-01-01 00:00:00	9999-12-31 00:00:00	2016-01-06 09:06:46
WS	Well Site	1997-10-28 00:00:00	9999-12-31 00:00:00	2016-01-06 09:06:46
WT	Windthrow	2003-09-04 00:00:00	2004-10-26 00:00:00	2016-01-06 09:06:46
\.


--
-- Data for Name: mark_extension_reason_code; Type: TABLE DATA; Schema: silva; Owner: postgres
--

COPY silva.mark_extension_reason_code (mark_extension_reason_code, description, effective_date, expiry_date, update_timestamp) FROM stdin;
E	Equipment Failure	1905-01-01 00:00:00	2013-01-30 00:00:00	2014-03-12 12:25:26
H	Health/Death	1905-01-01 00:00:00	2013-01-30 00:00:00	2014-03-12 12:25:26
L	Legislation	2013-01-30 00:00:00	9999-12-31 00:00:00	2014-03-12 12:25:26
M	Markets	1905-01-01 00:00:00	2013-01-30 00:00:00	2014-03-12 12:25:26
P	Management Discretion	1905-01-01 00:00:00	9999-12-31 00:00:00	2014-03-12 12:25:26
T	Transfer	1905-01-01 00:00:00	2013-01-30 00:00:00	2014-03-12 12:25:26
W	Weather	1905-01-01 00:00:00	2013-01-30 00:00:00	2014-03-12 12:25:26
X	Miscellaneous	1905-01-01 00:00:00	2013-01-30 00:00:00	2014-03-12 12:25:26
\.


--
-- Data for Name: marking_instrument_code; Type: TABLE DATA; Schema: silva; Owner: postgres
--

COPY silva.marking_instrument_code (marking_instrument_code, description, effective_date, expiry_date, update_timestamp) FROM stdin;
B	Paint and/or Crayon	1905-01-01 00:00:00	9999-12-31 00:00:00	2003-11-15 19:05:02
C	Crayon	1905-01-01 00:00:00	9999-12-31 00:00:00	2003-11-15 19:05:02
H	Hammer	1905-01-01 00:00:00	9999-12-31 00:00:00	2003-11-15 19:05:02
P	Paint	1905-01-01 00:00:00	9999-12-31 00:00:00	2003-11-15 19:05:02
T	Tag	1905-01-01 00:00:00	9999-12-31 00:00:00	2003-11-15 19:05:02
\.


--
-- Data for Name: marking_method_code; Type: TABLE DATA; Schema: silva; Owner: postgres
--

COPY silva.marking_method_code (marking_method_code, description, effective_date, expiry_date, update_timestamp) FROM stdin;
0	100% Marking	1905-01-01 00:00:00	9999-12-31 00:00:00	2003-11-15 19:05:02
1	100% One End	1905-01-01 00:00:00	9999-12-31 00:00:00	2003-11-15 19:05:02
2	2 Marks Front, 2 on Sides	1905-01-01 00:00:00	9999-12-31 00:00:00	2003-11-15 19:05:02
3	2 Marks Front, 2 on Sides to Site; 100% at Site	1905-01-01 00:00:00	9999-12-31 00:00:00	2003-11-15 19:05:02
4	Four Corner Marking	1905-01-01 00:00:00	9999-12-31 00:00:00	2003-11-15 19:05:02
5	4 Corner Marking to Site; 100% at Site	1905-01-01 00:00:00	9999-12-31 00:00:00	2003-11-15 19:05:02
8	Eight corner marking	1905-01-01 00:00:00	9999-12-31 00:00:00	2003-11-15 19:05:02
A	35% With Mark Painted Orange on Each Side of Load	1905-01-01 00:00:00	9999-12-31 00:00:00	2003-11-15 19:05:02
B	35% With Mark Painted Blue on Each Side of Load	1905-01-01 00:00:00	9999-12-31 00:00:00	2003-11-15 19:05:02
C	20% With 16 Log Minimum	1905-01-01 00:00:00	9999-12-31 00:00:00	2003-11-15 19:05:02
D	Bottom Tier Front and Back on Area, 100% at Scale Site	1905-01-01 00:00:00	9999-12-31 00:00:00	2003-11-15 19:05:02
E	Exempt From Marking	1905-01-01 00:00:00	9999-12-31 00:00:00	2003-11-15 19:05:02
S	Full, Standard Marking	1905-01-01 00:00:00	9999-12-31 00:00:00	2003-11-15 19:05:02
\.


--
-- Data for Name: mgmt_unit_type_code; Type: TABLE DATA; Schema: silva; Owner: postgres
--

COPY silva.mgmt_unit_type_code (mgmt_unit_type_code, description, effective_date, expiry_date, update_timestamp) FROM stdin;
A	AGRICULTURAL LAND RESERVE	1905-01-01 00:00:00	2000-04-18 00:00:00	2014-12-02 08:21:37
B	BLUE MOUNTAIN FOREST RESERVE	1905-01-01 00:00:00	2000-04-18 00:00:00	2014-12-02 08:21:37
C	COMMUNITY FOREST	1905-01-01 00:00:00	9999-12-31 00:00:00	2014-12-02 08:21:37
D	DOMINION GOVERNMENT BLOCK	1905-01-01 00:00:00	2000-04-18 00:00:00	2014-12-02 08:21:37
E	E & N LAND BELT	1905-01-01 00:00:00	2000-04-18 00:00:00	2014-12-02 08:21:37
F	Woodlot	1905-01-01 00:00:00	9999-12-31 00:00:00	2014-12-02 08:21:37
G	GULF ISLANDS	1905-01-01 00:00:00	2000-04-18 00:00:00	2014-12-02 08:21:37
H	Organizational Unit Designation	1905-01-01 00:00:00	2000-04-18 00:00:00	2014-12-02 08:21:37
J	ECOLOGICAL RESERVE	1905-01-01 00:00:00	2000-04-18 00:00:00	2014-12-02 08:21:37
K	PROVINCIAL FOREST	1905-01-01 00:00:00	2000-12-01 00:00:00	2014-12-02 08:21:37
L	WILDERNESS AREA	1905-01-01 00:00:00	2000-04-18 00:00:00	2014-12-02 08:21:37
M	First Nations Woodlands Tenure	2011-03-10 00:00:00	9999-12-31 00:00:00	2014-12-02 08:21:37
N	TREATY SETTLEMENT LANDS	1999-12-07 00:00:00	9999-12-31 00:00:00	2014-12-02 08:21:37
O	PUBLIC SUSTAINED YIELD UNIT	1905-01-01 00:00:00	2000-04-18 00:00:00	2014-12-02 08:21:37
P	PARKS & WILDERNESS CONSERV.	1905-01-01 00:00:00	2000-04-18 00:00:00	2014-12-02 08:21:37
Q	Range Management Unit	2014-10-23 00:00:00	9999-12-31 00:00:00	2014-12-02 08:21:37
R	RECREATIONAL AREA	1905-01-01 00:00:00	2000-04-18 00:00:00	2014-12-02 08:21:37
S	SPECIAL SALE AREA	1905-01-01 00:00:00	2000-04-18 00:00:00	2014-12-02 08:21:37
T	TREE FARM LICENCE	1905-01-01 00:00:00	9999-12-31 00:00:00	2014-12-02 08:21:37
U	TIMBER SUPPLY AREA	1905-01-01 00:00:00	9999-12-31 00:00:00	2014-12-02 08:21:37
V	TIMBER SUPPLY BLOCK	1905-01-01 00:00:00	9999-12-31 00:00:00	2014-12-02 08:21:37
W	WATERSHED LEASE OR RESERVE	1905-01-01 00:00:00	9999-12-31 00:00:00	2014-12-02 08:21:37
X	CERTIFIED TREE FARM	1905-01-01 00:00:00	2000-04-18 00:00:00	2014-12-02 08:21:37
Z	Outside Managed Units	1905-01-01 00:00:00	9999-12-31 00:00:00	2014-12-02 08:21:37
\.


--
-- Data for Name: mime_type_code; Type: TABLE DATA; Schema: silva; Owner: postgres
--

COPY silva.mime_type_code (mime_type_code, description, effective_date, expiry_date, update_timestamp) FROM stdin;
BMP	image/bitmap	2004-08-20 00:00:00	9999-12-31 00:00:00	2006-06-23 09:27:36
CSV	text/x-csv	2001-10-22 00:00:00	9999-12-31 00:00:00	2006-06-23 09:27:36
DOC	application/msword	2001-10-22 00:00:00	9999-12-31 00:00:00	2006-06-23 09:27:36
GIF	GIF Graphic File	2002-05-28 00:00:00	9999-12-31 00:00:00	2006-06-23 09:27:36
HTM	text/html	2001-10-22 00:00:00	9999-12-31 00:00:00	2006-06-23 09:27:36
IFM	application/vnd shana informed formdata	2004-08-20 00:00:00	9999-12-31 00:00:00	2006-06-23 09:27:36
JPG	JPG Graphic File	2002-05-28 00:00:00	9999-12-31 00:00:00	2006-06-23 09:27:36
JPK	application/vnd shana informed package	2004-08-20 00:00:00	9999-12-31 00:00:00	2006-06-23 09:27:36
MDB	application/msaccess	2004-08-20 00:00:00	9999-12-31 00:00:00	2006-06-23 09:27:36
MDE	Microsoft Access MDE Database	2004-08-20 00:00:00	9999-12-31 00:00:00	2006-06-23 09:27:36
OBD	application/x-msbinder	2004-08-20 00:00:00	9999-12-31 00:00:00	2006-06-23 09:27:36
PDF	application/pdf	2001-10-22 00:00:00	9999-12-31 00:00:00	2006-06-23 09:27:36
PNG	image/png	2004-12-17 00:00:00	9999-12-31 00:00:00	2006-06-23 09:27:36
PPS	application/vnd ms-powerpoint	2004-08-20 00:00:00	9999-12-31 00:00:00	2006-06-23 09:27:36
PPT	application/vnd ms-powerpoint	2004-08-20 00:00:00	9999-12-31 00:00:00	2006-06-23 09:27:36
RPT	application/x-rpt	2001-10-22 00:00:00	9999-12-31 00:00:00	2006-06-23 09:27:36
RTF	application/msword	2001-10-22 00:00:00	9999-12-31 00:00:00	2006-06-23 09:27:36
TIF	TIF Graphic File	2002-05-28 00:00:00	9999-12-31 00:00:00	2006-06-23 09:27:36
TXT	text/plain	2004-08-20 00:00:00	9999-12-31 00:00:00	2006-06-23 09:27:36
WAV	audio/wav	2004-08-20 00:00:00	9999-12-31 00:00:00	2006-06-23 09:27:36
XLD	Excel Data Only	2004-08-12 00:00:00	9999-12-31 00:00:00	2006-06-23 09:27:36
XLS	application/vnd.ms-excel	2001-10-22 00:00:00	9999-12-31 00:00:00	2006-06-23 09:27:36
XML	text/xml	2003-07-22 00:00:00	9999-12-31 00:00:00	2006-06-23 09:27:36
ZIP	application/zip	2004-08-20 00:00:00	9999-12-31 00:00:00	2006-06-23 09:27:36
\.


--
-- Data for Name: open_category_code; Type: TABLE DATA; Schema: silva; Owner: postgres
--

COPY silva.open_category_code (open_category_code, description, effective_date, expiry_date, update_timestamp) FROM stdin;
BLCF	Backlog SP Area - Community Forest	2001-02-01 00:00:00	2013-07-05 00:00:00	2013-07-31 13:41:13
BLFS	Backlog SP Area - Forest Service	2000-04-17 00:00:00	2013-07-05 00:00:00	2013-07-31 13:41:13
BLML	Backlog SP Area - Major Licensee	2000-04-17 00:00:00	2013-07-05 00:00:00	2013-07-31 13:41:13
BLWL	Backlog SP Area - Woodlot License	2001-02-01 00:00:00	2013-07-05 00:00:00	2013-07-31 13:41:13
CONT	SP as a part of contractual agreement	2000-04-17 00:00:00	9999-12-31 00:00:00	2013-07-31 13:41:13
EXCLU	Openings excluded from Crown managed forests	2000-04-17 00:00:00	9999-12-31 00:00:00	2013-07-31 13:41:13
FFTFLTC	Forest For Tomorrow - Forestry Licence to Cut	2009-11-16 00:00:00	9999-12-31 00:00:00	2013-07-31 13:41:13
FFTITSL	Forest For Tomorrow - Innovative Timber Sale Licence	2009-11-16 00:00:00	9999-12-31 00:00:00	2013-07-31 13:41:13
FG	Opening that has achieved free growing	2000-04-17 00:00:00	2010-07-07 00:00:00	2013-07-31 13:41:13
FTCF	Forest Tenure - Site Plan under Community Forest	2000-04-17 00:00:00	9999-12-31 00:00:00	2013-07-31 13:41:13
FTFSM	Forest Tenure - Forest Stand Management FPC s.71	2000-04-17 00:00:00	9999-12-31 00:00:00	2013-07-31 13:41:13
FTLEVY	Forest Stand Levy under FSM Fund Reg.	2000-09-14 00:00:00	9999-12-31 00:00:00	2013-07-31 13:41:13
FTML	Forest Tenure - Major Licensee	2000-04-17 00:00:00	9999-12-31 00:00:00	2013-07-31 13:41:13
FTMSL	Forest Tenure Ministry Silviculture Liability	2009-12-09 00:00:00	9999-12-31 00:00:00	2013-07-31 13:41:13
FTNOLVY	Post April 1/09 blocks (1-5 ha) for which there is no opportunity within the appraisal manual to collect a levy.	2011-05-27 00:00:00	9999-12-31 00:00:00	2013-07-31 13:41:13
FTPI	Forest Tenure - pilot agreement	2000-04-17 00:00:00	9999-12-31 00:00:00	2013-07-31 13:41:13
FTSBF	Forest Tenure - Small Business Forest Enterprise Program	2000-04-17 00:00:00	9999-12-31 00:00:00	2013-07-31 13:41:13
FTWL	Forest Tenure - Woodlot: Site Plan	2000-04-17 00:00:00	9999-12-31 00:00:00	2013-07-31 13:41:13
NDAML	Natural Disturbance - area-based Major Licensee	2000-04-17 00:00:00	9999-12-31 00:00:00	2013-07-31 13:41:13
NDCF	Natural Disturbance - Community Forest	2001-02-01 00:00:00	9999-12-31 00:00:00	2013-07-31 13:41:13
NDFS	Natural Disturbance - forest service	2000-04-17 00:00:00	9999-12-31 00:00:00	2013-07-31 13:41:13
NDVML	Natural Disturbance - volume-based Major Licensee	2000-04-17 00:00:00	9999-12-31 00:00:00	2013-07-31 13:41:13
NDWL	Natural Disturbance - Woodlot License	2001-02-01 00:00:00	9999-12-31 00:00:00	2013-07-31 13:41:13
NREQ	Areas where SP/SMP's are not required by law	2000-04-17 00:00:00	9999-12-31 00:00:00	2013-07-31 13:41:13
P87	Pre-87 areas that is either NSR, or stocked but not FG	2000-04-17 00:00:00	2013-07-05 00:00:00	2013-07-31 13:41:13
SMPCF	Stand Management Prescription - Community Forest	2001-02-01 00:00:00	2013-07-05 00:00:00	2013-07-31 13:41:13
SMPEX	Areas where exemptions to SMP's apply	2000-04-17 00:00:00	2013-07-05 00:00:00	2013-07-31 13:41:13
SMPFS	Stand Management Prescription - Forest service	2000-04-17 00:00:00	2013-07-05 00:00:00	2013-07-31 13:41:13
SMPML	Stand Management Prescription - Major Licensee	2000-04-17 00:00:00	2013-07-05 00:00:00	2013-07-31 13:41:13
SMPWL	Stand Management Prescription - Woodlot License	2001-02-01 00:00:00	2013-07-05 00:00:00	2013-07-31 13:41:13
SPEX	Areas with no reforestation or FG obligations and the area is exempt from a site plan requirement	2000-04-17 00:00:00	9999-12-31 00:00:00	2013-07-31 13:41:13
UHCF	Unauthorized Harvest - Community Forest	2001-02-01 00:00:00	2013-07-05 00:00:00	2013-07-31 13:41:13
UHFS	Unauthorized Harvesting - Forest Service	2000-04-17 00:00:00	2013-07-05 00:00:00	2013-07-31 13:41:13
UHML	Unauthorized Harvesting - Major Licensee	2000-04-17 00:00:00	2013-07-05 00:00:00	2013-07-31 13:41:13
UHRV	Unauthorized Harvesting	2013-07-05 00:00:00	9999-12-31 00:00:00	2013-07-31 13:41:13
UHWL	Unauthorized Harvest - Woodlot License	2001-02-01 00:00:00	2013-07-05 00:00:00	2013-07-31 13:41:13
UNKN	Unknown	2003-07-03 00:00:00	2002-12-17 00:00:00	2013-07-31 13:41:13
\.


--
-- Data for Name: open_viewable_category; Type: TABLE DATA; Schema: silva; Owner: postgres
--

COPY silva.open_viewable_category (open_category_code, opening_status_code, viewable_ind) FROM stdin;
\.


--
-- Data for Name: opening; Type: TABLE DATA; Schema: silva; Owner: postgres
--

COPY silva.opening (opening_id, geo_district_no, admin_district_no, mapsheet_grid, mapsheet_letter, mapsheet_square, mapsheet_quad, mapsheet_sub_quad, opening_number, opening_locn_name, open_category_code, licensee_opening_id, tsb_number_code, opening_status_code, org_unit_no, dist_admin_zone, max_allow_permnt_access_pct, prev_age_class_code, prev_site_index, prev_site_index_source_code, prev_height_class_code, prev_site_class_code, prev_stocking_class_code, prev_stocking_status_code, prev_tree_spp1_code, prev_tree_spp2_code, app_ent_by_userid, approve_date, amendment_ind, results_submission_id, entry_userid, entry_timestamp, update_userid, update_timestamp, revision_count) FROM stdin;
101017	1	1	 92	K	014	0	0	 514	QUADRA ISLAND	FTML	\N	\N	FG	1	ER	7.8	\N	0	\N	\N	\N	\N	\N	\N	\N	WICKJ	2001-05-21 00:00:00	A	\N	BABAYAGA	2001-06-07 16:13:16	BCEID\\JWICK	2014-04-02 11:37:09	19
1009974	1	1	\N	\N	\N	\N	\N	\N	Tatooine	FTML	012345678	\N	FG	1	\N	7.0	9	26	E	4	\N	1	MAT	CW	HW	\N	2005-05-02 15:56:26	Y	68659	BCEID\\ASKYWALKER	2005-05-02 15:56:26	IDIR\\JAKETHEDOG	2018-10-09 11:29:23	16
1524010	1	1	\N	\N	\N	\N	\N	\N	\N	NREQ	\N	\N	FG	1	\N	7.0	\N	\N	\N	\N	\N	\N	\N	\N	\N	IDIR\\OTTOMATED	2011-10-21 00:00:00	N	\N	IDIR\\OTTOMATED	2013-03-27 11:30:13	IDIR\\OTTOMATED	2020-10-08 14:01:47	13
1541296	2	2	\N	\N	\N	\N	\N	\N	\N	FTCF	K1A_EEE_883	\N	APP	2	\N	10.0	8	19	E	3	\N	3	MAT	PLI	\N	\N	2013-05-31 11:26:50	Y	1246451	BCEID\\PBUBBLEGUM	2013-05-31 11:26:50	BCEID\\PBUBBLEGUM	2021-12-07 15:30:44	13
1725701	14	14	 82	F	009	0	0	 162	K02	FTML	1000063771	\N	APP	14	\N	7.0	6	18	E	4	\N	3	MAT	LW	\N	\N	2019-11-06 16:41:23	\N	1914074	BCEID\\JTHOMPSON16	2019-11-06 16:41:23	BCEID\\LMCVETTY	2023-12-12 12:31:25	9
1092357	12	14	 82	F	025	0	0	 229	YM	EXCLU	160052638	\N	RET	14	\N	7.0	5	12	H	2	\N	0	IMM	BL	SX	\N	2006-12-22 10:11:09	\N	289407	IDIR\\KADUFFY	2006-12-22 10:11:09	DATAFIX_LOB38870	2015-05-06 16:41:14	27
1480130	1	1	\N	\N	\N	\N	\N	\N	Scott Test Opening	SPEX	Scott's Test Opening	\N	APP	1	\N	2.0	6	25	A	4	\N	3	MAT	BB	BG	IDIR\\SKILLAM	2012-09-26 00:00:00	N	\N	IDIR\\SKILLAM	2012-09-26 12:00:24	IDIR\\CAROWOOD	2025-04-02 12:06:47	30
1777756	2	2	 92	K	003	0	0	 375	SA	FTSBF	160382203	\N	APP	2	\N	7.0	4	36	E	5	\N	\N	IMM	FDC	HW	\N	2023-06-20 16:33:25	Y	2413805	IDIR\\HFRASER	2023-06-20 16:33:25	IDIR\\DDOUBINI	2025-02-27 16:35:55	11
1761935	2	15	 92	K	041	0	0	 534	HARDWICKE ISLAND	FTML	97351	\N	APP	2	\N	6.0	5	33	E	5	\N	0	IMM	FDC	HW	\N	2022-05-07 09:48:59	\N	2153182	BCEID\\ANYA.DENNILL	2022-05-07 09:48:59	BCEID\\ALEXANDRA.VALLEE	2025-04-16 10:31:20	7
1589595	1	1	 93	F	072	0	0	 849	SQUARE LAKE	FTMSL	01	\N	FG	1	\N	7.0	8	17	H	3	\N	1	MAT	PL	\N	IDIR\\GKJENNIN	2003-12-03 00:00:00	Y	1293417	BCEID\\JPRESTMODA	2014-02-24 10:07:28	IDIR\\CSTEVENS	2017-11-30 12:15:34	19
60000	12	2	 93	P	016	0	0	  73	MURRAY RIVER	FTML	418385	41B	FG	\N	\N	7.0	7	17	H	3	\N	1	MAT	PLI	SW	LKSTRAND	1997-06-12 00:00:00	Y	279646	MLSIS	1999-10-15 12:31:18	BCEID\\DSCOTT	2012-04-16 08:37:33	18
1796497	1	1	\N	\N	\N	\N	\N	\N	Tunkwa Lake	NDFS	6384	\N	APP	1	\N	7.0	\N	14	H	\N	\N	\N	\N	\N	\N	IDIR\\JZAHND	2024-10-31 00:00:00	Y	2423178	IDIR\\JZAHND	2025-03-26 13:23:14	IDIR\\JZAHND	2025-03-26 14:48:23	6
1020124	1	1	 92	F	017	0	0	1014	ABC	FTML	126423	\N	APP	1	\N	2.0	3	12	A	3	\N	4	C	ACT	\N	\N	2016-03-29 10:22:41	\N	57129	IDIR\\MTSOI	2016-03-29 10:22:41	IDIR\\SCUSACK	2025-04-10 14:30:31	4
1004185	1	1	\N	\N	\N	\N	\N	\N	47/12U	FTML	\N	\N	FG	1	\N	0.1	5	37	O	5	\N	\N	IMM	FDC	HW	\N	2004-12-20 11:18:00	\N	27379	IDIR\\adellavi	2004-12-20 11:18:00	BCEID\\DUGASA	2017-12-19 10:03:56	40
17247	1	1	 82	L	011	0	0	204B	BEAK CREEK	FTML	\N	22C	FG	1	ER	\N	6	16	\N	3	\N	1	MAT	PLI	\N	LDAVIDSO	1989-08-27 00:00:00	N	\N	OLDMLSIS	1999-10-15 13:10:47	AGRASMUS	2001-06-21 13:46:33	1
\.


--
-- Data for Name: opening_amendment_history; Type: TABLE DATA; Schema: silva; Owner: postgres
--

COPY silva.opening_amendment_history (opening_id, opening_amendment_number, amendment_userid, amendment_date, submitted_by_userid, submitted_date, app_ent_by_userid, approve_date, entry_userid, entry_timestamp, update_userid, update_timestamp, revision_count) FROM stdin;
101017	1	BABAYAGA	2002-04-16 00:00:00	The baba yaga	2003-11-15 18:27:56	BABAYAGA	2002-03-08 00:00:00	RESULTS_CONV	2003-11-15 18:27:56	RESULTS_CONV	2003-11-15 18:27:56	1
1092357	1	IDIR\\KCSMITH	2012-02-01 11:58:32	\N	\N	\N	\N	IDIR\\KCSMITH	2012-02-01 11:58:32	IDIR\\KCSMITH	2012-02-01 13:05:16	12
1480130	1	IDIR\\CAROWOOD	2025-02-03 16:31:01	IDIR\\CAROWOOD	2025-02-03 16:53:50	IDIR\\CAROWOOD	2025-02-03 16:56:50	IDIR\\CAROWOOD	2025-02-03 16:31:01	IDIR\\CAROWOOD	2025-02-03 16:56:50	3
1480130	2	IDIR\\CAROWOOD	2025-02-03 17:16:51	IDIR\\CAROWOOD	2025-02-03 17:21:55	IDIR\\CAROWOOD	2025-02-03 17:22:17	IDIR\\CAROWOOD	2025-02-03 17:16:51	IDIR\\CAROWOOD	2025-02-03 17:22:17	5
1480130	3	IDIR\\CAROWOOD	2025-03-14 10:46:37	\N	\N	\N	\N	IDIR\\CAROWOOD	2025-03-14 10:46:37	IDIR\\CAROWOOD	2025-03-14 10:46:37	1
1777756	1	IDIR\\DDOUBINI	2025-02-27 16:35:55	\N	\N	\N	\N	IDIR\\DDOUBINI	2025-02-27 16:35:55	IDIR\\DDOUBINI	2025-02-27 16:35:55	1
1589595	1	IDIR\\GKJENNIN	2006-06-15 11:25:27	IDIR\\GKJENNIN	2006-06-15 11:58:33	IDIR\\GKJENNIN	2006-06-15 11:58:33	IDIR\\GKJENNIN	2006-06-15 11:25:27	IDIR\\GKJENNIN	2006-06-15 11:58:33	3
1589595	20	IDIR\\GKJENNIN	2006-06-15 08:59:59	IDIR\\GKJENNIN	2006-06-15 09:01:25	IDIR\\GKJENNIN	2006-06-15 09:01:25	IDIR\\GKJENNIN	2006-06-15 08:59:59	IDIR\\GKJENNIN	2006-06-15 09:01:25	3
1589595	30	IDIR\\GKJENNIN	2006-06-15 09:11:35	IDIR\\GKJENNIN	2006-06-15 09:13:21	IDIR\\GKJENNIN	2006-06-15 09:13:21	IDIR\\GKJENNIN	2006-06-15 09:11:35	IDIR\\GKJENNIN	2006-06-15 09:13:21	3
1589595	40	IDIR\\GKJENNIN	2006-06-15 09:17:06	IDIR\\GKJENNIN	2006-06-15 09:25:27	IDIR\\GKJENNIN	2006-06-15 09:25:27	IDIR\\GKJENNIN	2006-06-15 09:17:06	IDIR\\GKJENNIN	2006-06-15 09:25:27	3
1589595	50	IDIR\\GKJENNIN	2006-06-15 09:23:21	IDIR\\GKJENNIN	2006-06-15 09:25:31	IDIR\\GKJENNIN	2006-06-15 09:25:31	IDIR\\GKJENNIN	2006-06-15 09:23:21	IDIR\\GKJENNIN	2006-06-15 09:25:31	3
1589595	60	IDIR\\GKJENNIN	2006-06-15 11:27:47	IDIR\\GKJENNIN	2006-06-15 11:58:36	IDIR\\GKJENNIN	2006-06-15 11:58:36	IDIR\\GKJENNIN	2006-06-15 11:27:47	IDIR\\GKJENNIN	2006-06-15 11:58:36	3
1589595	70	IDIR\\GKJENNIN	2006-06-15 11:30:01	IDIR\\GKJENNIN	2006-06-15 11:58:40	IDIR\\GKJENNIN	2006-06-15 11:58:40	IDIR\\GKJENNIN	2006-06-15 11:30:01	IDIR\\GKJENNIN	2006-06-15 11:58:40	3
1589595	80	IDIR\\GKJENNIN	2006-06-15 11:35:25	IDIR\\GKJENNIN	2006-06-15 11:58:48	IDIR\\GKJENNIN	2006-06-15 11:58:48	IDIR\\GKJENNIN	2006-06-15 11:35:25	IDIR\\GKJENNIN	2006-06-15 11:58:48	3
1589595	90	IDIR\\GKJENNIN	2006-06-15 11:37:09	IDIR\\GKJENNIN	2006-06-15 11:58:52	IDIR\\GKJENNIN	2006-06-15 11:58:52	IDIR\\GKJENNIN	2006-06-15 11:37:09	IDIR\\GKJENNIN	2006-06-15 11:58:52	3
1589595	100	IDIR\\GKJENNIN	2006-06-15 11:40:42	IDIR\\GKJENNIN	2006-06-15 11:58:55	IDIR\\GKJENNIN	2006-06-15 11:58:55	IDIR\\GKJENNIN	2006-06-15 11:40:42	IDIR\\GKJENNIN	2006-06-15 11:58:55	3
1589595	110	IDIR\\GKJENNIN	2006-06-15 11:46:14	IDIR\\GKJENNIN	2006-06-15 11:58:58	IDIR\\GKJENNIN	2006-06-15 11:58:58	IDIR\\GKJENNIN	2006-06-15 11:46:14	IDIR\\GKJENNIN	2006-06-15 11:58:58	3
1589595	120	IDIR\\GKJENNIN	2006-06-15 13:50:03	IDIR\\GKJENNIN	2006-06-15 13:56:51	IDIR\\GKJENNIN	2006-06-15 13:56:51	IDIR\\GKJENNIN	2006-06-15 13:50:03	IDIR\\GKJENNIN	2006-06-15 13:56:51	3
1589595	130	IDIR\\GKJENNIN	2006-06-15 13:52:12	IDIR\\GKJENNIN	2006-06-15 13:56:54	IDIR\\GKJENNIN	2006-06-15 13:56:54	IDIR\\GKJENNIN	2006-06-15 13:52:12	IDIR\\GKJENNIN	2006-06-15 13:56:54	3
1589595	140	IDIR\\GKJENNIN	2006-06-15 14:28:37	IDIR\\GKJENNIN	2006-06-15 14:32:26	IDIR\\GKJENNIN	2006-06-15 14:32:26	IDIR\\GKJENNIN	2006-06-15 14:28:37	IDIR\\GKJENNIN	2006-06-15 14:32:26	3
1589595	150	IDIR\\GKJENNIN	2006-06-15 14:30:33	IDIR\\GKJENNIN	2006-06-15 14:32:29	IDIR\\GKJENNIN	2006-06-15 14:32:29	IDIR\\GKJENNIN	2006-06-15 14:30:33	IDIR\\GKJENNIN	2006-06-15 14:32:29	3
1589595	160	IDIR\\GKJENNIN	2006-06-15 14:33:49	IDIR\\GKJENNIN	2006-06-15 14:47:47	IDIR\\GKJENNIN	2006-06-15 14:47:47	IDIR\\GKJENNIN	2006-06-15 14:33:49	IDIR\\GKJENNIN	2006-06-15 14:47:47	3
1589595	170	IDIR\\GKJENNIN	2006-06-15 14:38:35	IDIR\\GKJENNIN	2006-06-15 14:47:54	IDIR\\GKJENNIN	2006-06-15 14:47:54	IDIR\\GKJENNIN	2006-06-15 14:38:35	IDIR\\GKJENNIN	2006-06-15 14:47:54	3
1589595	180	IDIR\\GKJENNIN	2006-06-15 14:41:18	IDIR\\GKJENNIN	2006-06-15 14:47:59	IDIR\\GKJENNIN	2006-06-15 14:47:59	IDIR\\GKJENNIN	2006-06-15 14:41:18	IDIR\\GKJENNIN	2006-06-15 14:47:59	3
1589595	190	IDIR\\GKJENNIN	2006-06-15 14:44:08	IDIR\\GKJENNIN	2006-06-15 14:48:03	IDIR\\GKJENNIN	2006-06-15 14:48:03	IDIR\\GKJENNIN	2006-06-15 14:44:08	IDIR\\GKJENNIN	2006-06-15 14:48:03	3
1589595	200	IDIR\\GKJENNIN	2006-06-20 15:15:43	IDIR\\GKJENNIN	2006-06-20 15:16:37	IDIR\\GKJENNIN	2006-06-20 15:16:37	IDIR\\GKJENNIN	2006-06-20 15:15:43	IDIR\\GKJENNIN	2006-06-20 15:16:37	3
1589595	210	IDIR\\GKJENNIN	2006-06-20 15:19:04	IDIR\\GKJENNIN	2006-06-20 15:20:00	IDIR\\GKJENNIN	2006-06-20 15:20:00	IDIR\\GKJENNIN	2006-06-20 15:19:04	IDIR\\GKJENNIN	2006-06-20 15:20:00	3
1589595	211	BCEID\\JPRESTMODA	2014-02-26 10:45:32	\N	\N	\N	\N	BCEID\\JPRESTMODA	2014-02-26 10:45:32	BCEID\\JPRESTMODA	2014-02-26 10:45:32	1
60000	1	RNEAGELE	1999-09-01 00:00:00	D.L. Way, D.M. Designate	2003-11-15 18:27:52	RNEAGELE	2000-01-21 00:00:00	RESULTS_CONV	2003-11-15 18:27:52	RESULTS_CONV	2003-11-15 18:27:52	1
60000	2	RNEAGELE	2003-09-18 00:00:00	D.L.Way	2003-11-15 18:27:52	RNEAGELE	2003-11-10 00:00:00	RESULTS_CONV	2003-11-15 18:27:52	RESULTS_CONV	2003-11-15 18:27:52	1
1004185	1	BCEID\\CBUSS	2005-03-30 13:24:12	\N	\N	\N	\N	BCEID\\CBUSS	2005-03-30 13:24:12	BCEID\\CBUSS	2005-03-30 13:24:12	1
1004185	2	BCEID\\TCOUILLARD	2006-11-01 09:07:30	\N	\N	\N	\N	BCEID\\TCOUILLARD	2006-11-01 09:07:30	BCEID\\TCOUILLARD	2006-11-01 09:07:30	1
1004185	3	BCEID\\TCOUILLARD	2006-11-01 09:09:18	\N	\N	\N	\N	BCEID\\TCOUILLARD	2006-11-01 09:09:18	BCEID\\TCOUILLARD	2006-11-01 09:09:18	1
\.


--
-- Data for Name: opening_attachment; Type: TABLE DATA; Schema: silva; Owner: postgres
--

COPY silva.opening_attachment (opening_attachment_file_id, opening_id, attachment_name, attachment_description, mime_type_code, attachment_data, entry_userid, entry_timestamp, update_userid, update_timestamp, revision_count, opening_attachment_guid) FROM stdin;
117686	1009974	JPG_Test_File.jpg	Dummy JPG file	JPG	\\xffd8ffe000104a46494600010100000100010000ffdb004300080606070605080707070909080a0c140d0c0b0b0c1912130f141d1a1f1e1d1a1c1c20242e2720222c231c1c2837292c30313434341f27393d38323c2e333432ffdb0043010909090c0b0c180d0d1832211c213232323232323232323232323232323232323232323232323232323232323232323232323232323232323232323232323232ffc00011080064006403012200021101031101ffc4001f0000010501010101010100000000000000000102030405060708090a0bffc400b5100002010303020403050504040000017d01020300041105122131410613516107227114328191a1082342b1c11552d1f02433627282090a161718191a25262728292a3435363738393a434445464748494a535455565758595a636465666768696a737475767778797a838485868788898a92939495969798999aa2a3a4a5a6a7a8a9aab2b3b4b5b6b7b8b9bac2c3c4c5c6c7c8c9cad2d3d4d5d6d7d8d9dae1e2e3e4e5e6e7e8e9eaf1f2f3f4f5f6f7f8f9faffc4001f0100030101010101010101010000000000000102030405060708090a0bffc400b51100020102040403040705040400010277000102031104052131061241510761711322328108144291a1b1c109233352f0156272d10a162434e125f11718191a262728292a35363738393a434445464748494a535455565758595a636465666768696a737475767778797a82838485868788898a92939495969798999aa2a3a4a5a6a7a8a9aab2b3b4b5b6b7b8b9bac2c3c4c5c6c7c8c9cad2d3d4d5d6d7d8d9dae2e3e4e5e6e7e8e9eaf2f3f4f5f6f7f8f9faffda000c03010002110311003f00f1ca28a2bf713cc0a28a2800a28a2800a28a2800a28a2800a28a2800a28a2800a28a2800a28a2800a28a2800a28a2800a28a2800a28a2800a28a2800a28aec6d342f0fff00c2b56f115e2ea7f6cfb749a7a88678fcbf33c93246e54a676e76a91bb38c907f86b1ad5e34527257bbb6834ae71d457a06b3f0d6d342d46c2c6f7c57a64334b7296d78b2119b7dd187f302862c5392bb9c47ced270a770d5b0f871a569d7fad47ab3dedd59a6873df58de2c0a2393691fbd8ca4e43e01421588c87f982f1bb8a59be11414d4af7d568f5f4bff56d4af6723caa8ab7a9d8cba66a53d9cd0dcc2f1b6025d42619769e54b21276920838c9ebd4f5aa95e9464a49496cc90a28a298828a28a0028a28a0028a28a002af7f6d6abfd95fd95fda77bfd9dff3e9e7b795f7b77dcce3ef73d3af35468a994632b732bd866aa789fc411c76d1a6b9a9ac76b8fb3aaddc8043852a360cfcbf292bc76245324f10eb52ea516a526b1a83dfc4bb23ba6b9732a2f3c07ce40f99b8cf73eb59b4547b0a5bf2afb82ec9279e5b99e49e795e59a562f249231667627249279249ef51d1456895b4420a28a2980514514005145140051451400514514005145140051451400514514005145140051451400514514005145140051451400514514005145140051451400514514005145140051451400514514005145140051451400514514005145140051451401fffd9	IDIR\\TONKS	2023-12-11 18:38:25	IDIR\\SIRIUS	2024-03-30 19:08:21	8	3d35de51-103f-0871-e063-030012ac3b06
117687	1589595	JPG_Test_File.jpg	Dummy JPG file	JPG	\\xffd8ffe000104a46494600010100000100010000ffdb004300080606070605080707070909080a0c140d0c0b0b0c1912130f141d1a1f1e1d1a1c1c20242e2720222c231c1c2837292c30313434341f27393d38323c2e333432ffdb0043010909090c0b0c180d0d1832211c213232323232323232323232323232323232323232323232323232323232323232323232323232323232323232323232323232ffc00011080064006403012200021101031101ffc4001f0000010501010101010100000000000000000102030405060708090a0bffc400b5100002010303020403050504040000017d01020300041105122131410613516107227114328191a1082342b1c11552d1f02433627282090a161718191a25262728292a3435363738393a434445464748494a535455565758595a636465666768696a737475767778797a838485868788898a92939495969798999aa2a3a4a5a6a7a8a9aab2b3b4b5b6b7b8b9bac2c3c4c5c6c7c8c9cad2d3d4d5d6d7d8d9dae1e2e3e4e5e6e7e8e9eaf1f2f3f4f5f6f7f8f9faffc4001f0100030101010101010101010000000000000102030405060708090a0bffc400b51100020102040403040705040400010277000102031104052131061241510761711322328108144291a1b1c109233352f0156272d10a162434e125f11718191a262728292a35363738393a434445464748494a535455565758595a636465666768696a737475767778797a82838485868788898a92939495969798999aa2a3a4a5a6a7a8a9aab2b3b4b5b6b7b8b9bac2c3c4c5c6c7c8c9cad2d3d4d5d6d7d8d9dae2e3e4e5e6e7e8e9eaf2f3f4f5f6f7f8f9faffda000c03010002110311003f00f1ca28a2bf713cc0a28a2800a28a2800a28a2800a28a2800a28a2800a28a2800a28a2800a28a2800a28a2800a28a2800a28a2800a28a2800a28a2800a28aec6d342f0fff00c2b56f115e2ea7f6cfb749a7a88678fcbf33c93246e54a676e76a91bb38c907f86b1ad5e34527257bbb6834ae71d457a06b3f0d6d342d46c2c6f7c57a64334b7296d78b2119b7dd187f302862c5392bb9c47ced270a770d5b0f871a569d7fad47ab3dedd59a6873df58de2c0a2393691fbd8ca4e43e01421588c87f982f1bb8a59be11414d4af7d568f5f4bff56d4af6723caa8ab7a9d8cba66a53d9cd0dcc2f1b6025d42619769e54b21276920838c9ebd4f5aa95e9464a49496cc90a28a298828a28a0028a28a0028a28a002af7f6d6abfd95fd95fda77bfd9dff3e9e7b795f7b77dcce3ef73d3af35468a994632b732bd866aa789fc411c76d1a6b9a9ac76b8fb3aaddc8043852a360cfcbf292bc76245324f10eb52ea516a526b1a83dfc4bb23ba6b9732a2f3c07ce40f99b8cf73eb59b4547b0a5bf2afb82ec9279e5b99e49e795e59a562f249231667627249279249ef51d1456895b4420a28a2980514514005145140051451400514514005145140051451400514514005145140051451400514514005145140051451400514514005145140051451400514514005145140051451400514514005145140051451400514514005145140051451401fffd9	IDIR\\TONKS	2024-05-16 07:03:31	IDIR\\MOLLY	2024-04-02 02:25:32	5	3d35de51-1040-0871-e063-030012ac3b06
117688	60000	CSV_Test_File.jpg	Dummy CSV file	CSV	\\x6373762c6578616d706c652c64617461	IDIR\\TONKS	2024-04-01 20:10:20	IDIR\\SNAPE	2025-02-26 05:01:59	5	3d35de51-1041-0871-e063-030012ac3b06
117689	1777756	JPG_Test_File.jpg	Dummy JPG file	JPG	\\xffd8ffe000104a46494600010100000100010000ffdb004300080606070605080707070909080a0c140d0c0b0b0c1912130f141d1a1f1e1d1a1c1c20242e2720222c231c1c2837292c30313434341f27393d38323c2e333432ffdb0043010909090c0b0c180d0d1832211c213232323232323232323232323232323232323232323232323232323232323232323232323232323232323232323232323232ffc00011080064006403012200021101031101ffc4001f0000010501010101010100000000000000000102030405060708090a0bffc400b5100002010303020403050504040000017d01020300041105122131410613516107227114328191a1082342b1c11552d1f02433627282090a161718191a25262728292a3435363738393a434445464748494a535455565758595a636465666768696a737475767778797a838485868788898a92939495969798999aa2a3a4a5a6a7a8a9aab2b3b4b5b6b7b8b9bac2c3c4c5c6c7c8c9cad2d3d4d5d6d7d8d9dae1e2e3e4e5e6e7e8e9eaf1f2f3f4f5f6f7f8f9faffc4001f0100030101010101010101010000000000000102030405060708090a0bffc400b51100020102040403040705040400010277000102031104052131061241510761711322328108144291a1b1c109233352f0156272d10a162434e125f11718191a262728292a35363738393a434445464748494a535455565758595a636465666768696a737475767778797a82838485868788898a92939495969798999aa2a3a4a5a6a7a8a9aab2b3b4b5b6b7b8b9bac2c3c4c5c6c7c8c9cad2d3d4d5d6d7d8d9dae2e3e4e5e6e7e8e9eaf2f3f4f5f6f7f8f9faffda000c03010002110311003f00f1ca28a2bf713cc0a28a2800a28a2800a28a2800a28a2800a28a2800a28a2800a28a2800a28a2800a28a2800a28a2800a28a2800a28a2800a28a2800a28aec6d342f0fff00c2b56f115e2ea7f6cfb749a7a88678fcbf33c93246e54a676e76a91bb38c907f86b1ad5e34527257bbb6834ae71d457a06b3f0d6d342d46c2c6f7c57a64334b7296d78b2119b7dd187f302862c5392bb9c47ced270a770d5b0f871a569d7fad47ab3dedd59a6873df58de2c0a2393691fbd8ca4e43e01421588c87f982f1bb8a59be11414d4af7d568f5f4bff56d4af6723caa8ab7a9d8cba66a53d9cd0dcc2f1b6025d42619769e54b21276920838c9ebd4f5aa95e9464a49496cc90a28a298828a28a0028a28a0028a28a002af7f6d6abfd95fd95fda77bfd9dff3e9e7b795f7b77dcce3ef73d3af35468a994632b732bd866aa789fc411c76d1a6b9a9ac76b8fb3aaddc8043852a360cfcbf292bc76245324f10eb52ea516a526b1a83dfc4bb23ba6b9732a2f3c07ce40f99b8cf73eb59b4547b0a5bf2afb82ec9279e5b99e49e795e59a562f249231667627249279249ef51d1456895b4420a28a2980514514005145140051451400514514005145140051451400514514005145140051451400514514005145140051451400514514005145140051451400514514005145140051451400514514005145140051451400514514005145140051451401fffd9	IDIR\\LUPIN	2025-01-05 11:50:23	IDIR\\HEDWIG	2024-08-02 08:16:00	5	3d35de51-1042-0871-e063-030012ac3b06
117690	1796497	CSV_Test_File.jpg	Dummy CSV file	CSV	\\x6373762c6578616d706c652c64617461	IDIR\\LUPIN	2025-05-13 09:07:35	IDIR\\TONKS	2024-01-03 09:08:12	10	3d35de51-1043-0871-e063-030012ac3b06
117691	1004185	PDF_Test_File.pdf	Dummy PDF file	PDF	\\x255044462d312e330a25938c8b9e205265706f72744c61622047656e6572617465642050444620646f63756d656e7420687474703a2f2f7777772e7265706f72746c61622e636f6d0a312030206f626a0a3c3c0a2f46312032203020520a3e3e0a656e646f626a0a322030206f626a0a3c3c0a2f42617365466f6e74202f48656c766574696361202f456e636f64696e67202f57696e416e7369456e636f64696e67202f4e616d65202f4631202f53756274797065202f5479706531202f54797065202f466f6e740a3e3e0a656e646f626a0a332030206f626a0a3c3c0a2f436f6e74656e7473203720302052202f4d65646961426f78205b20302030203539352e32373536203834312e38383938205d202f506172656e74203620302052202f5265736f7572636573203c3c0a2f466f6e74203120302052202f50726f63536574205b202f504446202f54657874202f496d61676542202f496d61676543202f496d61676549205d0a3e3e202f526f746174652030202f5472616e73203c3c0a0a3e3e200a20202f54797065202f506167650a3e3e0a656e646f626a0a342030206f626a0a3c3c0a2f506167654d6f6465202f5573654e6f6e65202f5061676573203620302052202f54797065202f436174616c6f670a3e3e0a656e646f626a0a352030206f626a0a3c3c0a2f417574686f722028616e6f6e796d6f757329202f4372656174696f6e446174652028443a32303235303730333137333634362b30302730302729202f43726561746f7220285265706f72744c616220504446204c696272617279202d207777772e7265706f72746c61622e636f6d29202f4b6579776f726473202829202f4d6f64446174652028443a32303235303730333137333634362b30302730302729202f50726f647563657220285265706f72744c616220504446204c696272617279202d207777772e7265706f72746c61622e636f6d29200a20202f5375626a6563742028756e73706563696669656429202f5469746c652028756e7469746c656429202f54726170706564202f46616c73650a3e3e0a656e646f626a0a362030206f626a0a3c3c0a2f436f756e742031202f4b696473205b203320302052205d202f54797065202f50616765730a3e3e0a656e646f626a0a372030206f626a0a3c3c0a2f46696c746572205b202f415343494938354465636f6465202f466c6174654465636f6465205d202f4c656e677468203131360a3e3e0a73747265616d0a476170404430622d4836274c5b3b4747553836543f5c69254038746c227226305a6b3347342d4d474131224c495d4665743b487341692c392724325464326370704b322e416f562d534f4d584a4b5c616c482f5d59222f755a4a245e235e526d2c75274d216b6c744f493f4860542b3b58507e3e656e6473747265616d0a656e646f626a0a787265660a3020380a303030303030303030302036353533352066200a30303030303030303733203030303030206e200a30303030303030313034203030303030206e200a30303030303030323131203030303030206e200a30303030303030343134203030303030206e200a30303030303030343832203030303030206e200a30303030303030373738203030303030206e200a30303030303030383337203030303030206e200a747261696c65720a3c3c0a2f4944200a5b3c35303866333931656130323963393031633163306136343365333463336532323e3c35303866333931656130323963393031633163306136343365333463336532323e5d0a25205265706f72744c61622067656e6572617465642050444620646f63756d656e74202d2d206469676573742028687474703a2f2f7777772e7265706f72746c61622e636f6d290a0a2f496e666f2035203020520a2f526f6f742034203020520a2f53697a6520380a3e3e0a7374617274787265660a313034330a2525454f460a	IDIR\\MOLLY	2025-04-11 07:47:36	IDIR\\TONKS	2024-01-24 16:35:02	4	3d35de51-1044-0871-e063-030012ac3b06
117692	1092357	TXT_Test_File.txt	TXT Test File	TXT	\\x747874	IDIR\\MOLLY	2025-02-08 17:57:17	IDIR\\MOLLY	2024-12-07 10:33:54	5	3d35de51-1045-0871-e063-030012ac3b06
117693	1725701	JPG_Test_File.jpg	Dummy JPG file	JPG	\\xffd8ffe000104a46494600010100000100010000ffdb004300080606070605080707070909080a0c140d0c0b0b0c1912130f141d1a1f1e1d1a1c1c20242e2720222c231c1c2837292c30313434341f27393d38323c2e333432ffdb0043010909090c0b0c180d0d1832211c213232323232323232323232323232323232323232323232323232323232323232323232323232323232323232323232323232ffc00011080064006403012200021101031101ffc4001f0000010501010101010100000000000000000102030405060708090a0bffc400b5100002010303020403050504040000017d01020300041105122131410613516107227114328191a1082342b1c11552d1f02433627282090a161718191a25262728292a3435363738393a434445464748494a535455565758595a636465666768696a737475767778797a838485868788898a92939495969798999aa2a3a4a5a6a7a8a9aab2b3b4b5b6b7b8b9bac2c3c4c5c6c7c8c9cad2d3d4d5d6d7d8d9dae1e2e3e4e5e6e7e8e9eaf1f2f3f4f5f6f7f8f9faffc4001f0100030101010101010101010000000000000102030405060708090a0bffc400b51100020102040403040705040400010277000102031104052131061241510761711322328108144291a1b1c109233352f0156272d10a162434e125f11718191a262728292a35363738393a434445464748494a535455565758595a636465666768696a737475767778797a82838485868788898a92939495969798999aa2a3a4a5a6a7a8a9aab2b3b4b5b6b7b8b9bac2c3c4c5c6c7c8c9cad2d3d4d5d6d7d8d9dae2e3e4e5e6e7e8e9eaf2f3f4f5f6f7f8f9faffda000c03010002110311003f00f1ca28a2bf713cc0a28a2800a28a2800a28a2800a28a2800a28a2800a28a2800a28a2800a28a2800a28a2800a28a2800a28a2800a28a2800a28a2800a28aec6d342f0fff00c2b56f115e2ea7f6cfb749a7a88678fcbf33c93246e54a676e76a91bb38c907f86b1ad5e34527257bbb6834ae71d457a06b3f0d6d342d46c2c6f7c57a64334b7296d78b2119b7dd187f302862c5392bb9c47ced270a770d5b0f871a569d7fad47ab3dedd59a6873df58de2c0a2393691fbd8ca4e43e01421588c87f982f1bb8a59be11414d4af7d568f5f4bff56d4af6723caa8ab7a9d8cba66a53d9cd0dcc2f1b6025d42619769e54b21276920838c9ebd4f5aa95e9464a49496cc90a28a298828a28a0028a28a0028a28a002af7f6d6abfd95fd95fda77bfd9dff3e9e7b795f7b77dcce3ef73d3af35468a994632b732bd866aa789fc411c76d1a6b9a9ac76b8fb3aaddc8043852a360cfcbf292bc76245324f10eb52ea516a526b1a83dfc4bb23ba6b9732a2f3c07ce40f99b8cf73eb59b4547b0a5bf2afb82ec9279e5b99e49e795e59a562f249231667627249279249ef51d1456895b4420a28a2980514514005145140051451400514514005145140051451400514514005145140051451400514514005145140051451400514514005145140051451400514514005145140051451400514514005145140051451400514514005145140051451401fffd9	IDIR\\MOLLY	2024-08-30 17:15:05	IDIR\\SNAPE	2024-11-12 22:15:56	4	3d35de51-1046-0871-e063-030012ac3b06
117654	1524010	ID 1524010 Pre-stand Tending Prescription.txt	ID 1524010 Pre-stand Tending Prescription.txt	TXT	\\x48656c6c6f	IDIR\\OTTOMATED	2016-01-13 14:03:17	IDIR\\OTTOMATED	2016-01-13 14:03:17	1	0c7ce8ee-1e5d-2fa7-e063-32b3228edb4f
117655	1524010	ID 1524010 Pruning Map.txt	ID 1524010 Pruning Map	TXT	\\x48656c6c6f	IDIR\\OTTOMATED	2016-01-13 14:03:32	IDIR\\OTTOMATED	2016-01-13 14:04:18	2	0c7ce8ee-1e5e-2fa7-e063-32b3228edb4f
117656	60000	PDF_Test_File.pdf	Dummy PDF file	PDF	\\x255044462d312e330a25938c8b9e205265706f72744c61622047656e6572617465642050444620646f63756d656e7420687474703a2f2f7777772e7265706f72746c61622e636f6d0a312030206f626a0a3c3c0a2f46312032203020520a3e3e0a656e646f626a0a322030206f626a0a3c3c0a2f42617365466f6e74202f48656c766574696361202f456e636f64696e67202f57696e416e7369456e636f64696e67202f4e616d65202f4631202f53756274797065202f5479706531202f54797065202f466f6e740a3e3e0a656e646f626a0a332030206f626a0a3c3c0a2f436f6e74656e7473203720302052202f4d65646961426f78205b20302030203539352e32373536203834312e38383938205d202f506172656e74203620302052202f5265736f7572636573203c3c0a2f466f6e74203120302052202f50726f63536574205b202f504446202f54657874202f496d61676542202f496d61676543202f496d61676549205d0a3e3e202f526f746174652030202f5472616e73203c3c0a0a3e3e200a20202f54797065202f506167650a3e3e0a656e646f626a0a342030206f626a0a3c3c0a2f506167654d6f6465202f5573654e6f6e65202f5061676573203620302052202f54797065202f436174616c6f670a3e3e0a656e646f626a0a352030206f626a0a3c3c0a2f417574686f722028616e6f6e796d6f757329202f4372656174696f6e446174652028443a32303235303730333137333634362b30302730302729202f43726561746f7220285265706f72744c616220504446204c696272617279202d207777772e7265706f72746c61622e636f6d29202f4b6579776f726473202829202f4d6f64446174652028443a32303235303730333137333634362b30302730302729202f50726f647563657220285265706f72744c616220504446204c696272617279202d207777772e7265706f72746c61622e636f6d29200a20202f5375626a6563742028756e73706563696669656429202f5469746c652028756e7469746c656429202f54726170706564202f46616c73650a3e3e0a656e646f626a0a362030206f626a0a3c3c0a2f436f756e742031202f4b696473205b203320302052205d202f54797065202f50616765730a3e3e0a656e646f626a0a372030206f626a0a3c3c0a2f46696c746572205b202f415343494938354465636f6465202f466c6174654465636f6465205d202f4c656e677468203131360a3e3e0a73747265616d0a476170404430622d4836274c5b3b4747553836543f5c69254038746c227226305a6b3347342d4d474131224c495d4665743b487341692c392724325464326370704b322e416f562d534f4d584a4b5c616c482f5d59222f755a4a245e235e526d2c75274d216b6c744f493f4860542b3b58507e3e656e6473747265616d0a656e646f626a0a787265660a3020380a303030303030303030302036353533352066200a30303030303030303733203030303030206e200a30303030303030313034203030303030206e200a30303030303030323131203030303030206e200a30303030303030343134203030303030206e200a30303030303030343832203030303030206e200a30303030303030373738203030303030206e200a30303030303030383337203030303030206e200a747261696c65720a3c3c0a2f4944200a5b3c35303866333931656130323963393031633163306136343365333463336532323e3c35303866333931656130323963393031633163306136343365333463336532323e5d0a25205265706f72744c61622067656e6572617465642050444620646f63756d656e74202d2d206469676573742028687474703a2f2f7777772e7265706f72746c61622e636f6d290a0a2f496e666f2035203020520a2f526f6f742034203020520a2f53697a6520380a3e3e0a7374617274787265660a313034330a2525454f460a	IDIR\\DOBBY	2024-09-30 18:18:09	IDIR\\TONKS	2023-09-16 11:39:26	3	3d35de51-1021-0871-e063-030012ac3b06
117657	1761935	PDF_Test_File.pdf	Dummy PDF file	PDF	\\x255044462d312e330a25938c8b9e205265706f72744c61622047656e6572617465642050444620646f63756d656e7420687474703a2f2f7777772e7265706f72746c61622e636f6d0a312030206f626a0a3c3c0a2f46312032203020520a3e3e0a656e646f626a0a322030206f626a0a3c3c0a2f42617365466f6e74202f48656c766574696361202f456e636f64696e67202f57696e416e7369456e636f64696e67202f4e616d65202f4631202f53756274797065202f5479706531202f54797065202f466f6e740a3e3e0a656e646f626a0a332030206f626a0a3c3c0a2f436f6e74656e7473203720302052202f4d65646961426f78205b20302030203539352e32373536203834312e38383938205d202f506172656e74203620302052202f5265736f7572636573203c3c0a2f466f6e74203120302052202f50726f63536574205b202f504446202f54657874202f496d61676542202f496d61676543202f496d61676549205d0a3e3e202f526f746174652030202f5472616e73203c3c0a0a3e3e200a20202f54797065202f506167650a3e3e0a656e646f626a0a342030206f626a0a3c3c0a2f506167654d6f6465202f5573654e6f6e65202f5061676573203620302052202f54797065202f436174616c6f670a3e3e0a656e646f626a0a352030206f626a0a3c3c0a2f417574686f722028616e6f6e796d6f757329202f4372656174696f6e446174652028443a32303235303730333137333634362b30302730302729202f43726561746f7220285265706f72744c616220504446204c696272617279202d207777772e7265706f72746c61622e636f6d29202f4b6579776f726473202829202f4d6f64446174652028443a32303235303730333137333634362b30302730302729202f50726f647563657220285265706f72744c616220504446204c696272617279202d207777772e7265706f72746c61622e636f6d29200a20202f5375626a6563742028756e73706563696669656429202f5469746c652028756e7469746c656429202f54726170706564202f46616c73650a3e3e0a656e646f626a0a362030206f626a0a3c3c0a2f436f756e742031202f4b696473205b203320302052205d202f54797065202f50616765730a3e3e0a656e646f626a0a372030206f626a0a3c3c0a2f46696c746572205b202f415343494938354465636f6465202f466c6174654465636f6465205d202f4c656e677468203131360a3e3e0a73747265616d0a476170404430622d4836274c5b3b4747553836543f5c69254038746c227226305a6b3347342d4d474131224c495d4665743b487341692c392724325464326370704b322e416f562d534f4d584a4b5c616c482f5d59222f755a4a245e235e526d2c75274d216b6c744f493f4860542b3b58507e3e656e6473747265616d0a656e646f626a0a787265660a3020380a303030303030303030302036353533352066200a30303030303030303733203030303030206e200a30303030303030313034203030303030206e200a30303030303030323131203030303030206e200a30303030303030343134203030303030206e200a30303030303030343832203030303030206e200a30303030303030373738203030303030206e200a30303030303030383337203030303030206e200a747261696c65720a3c3c0a2f4944200a5b3c35303866333931656130323963393031633163306136343365333463336532323e3c35303866333931656130323963393031633163306136343365333463336532323e5d0a25205265706f72744c61622067656e6572617465642050444620646f63756d656e74202d2d206469676573742028687474703a2f2f7777772e7265706f72746c61622e636f6d290a0a2f496e666f2035203020520a2f526f6f742034203020520a2f53697a6520380a3e3e0a7374617274787265660a313034330a2525454f460a	IDIR\\DOBBY	2024-01-25 09:52:22	IDIR\\SNAPE	2025-07-25 08:54:11	4	3d35de51-1022-0871-e063-030012ac3b06
117658	101017	TXT_Test_File.txt	TXT Test File	TXT	\\x747874	IDIR\\DOBBY	2023-11-05 19:03:16	IDIR\\SNAPE	2024-01-08 18:18:05	5	3d35de51-1023-0871-e063-030012ac3b06
117659	1480130	TXT_Test_File.txt	TXT Test File	TXT	\\x747874	IDIR\\DOBBY	2023-09-17 16:45:30	IDIR\\TONKS	2024-12-16 09:21:05	1	3d35de51-1024-0871-e063-030012ac3b06
117660	1725701	TXT_Test_File.txt	TXT Test File	TXT	\\x747874	IDIR\\DOBBY	2023-10-03 02:10:27	IDIR\\SNAPE	2024-07-10 14:47:30	5	3d35de51-1025-0871-e063-030012ac3b06
117661	1777756	TXT_Test_File.txt	TXT Test File	TXT	\\x747874	IDIR\\DOBBY	2025-01-02 00:58:46	IDIR\\TONKS	2025-02-18 14:43:51	5	3d35de51-1026-0871-e063-030012ac3b06
117662	1796497	TXT_Test_File.txt	TXT Test File	TXT	\\x747874	IDIR\\DOBBY	2025-04-03 14:34:58	IDIR\\TONKS	2024-05-19 02:19:53	5	3d35de51-1027-0871-e063-030012ac3b06
117663	1796497	JPG_Test_File.jpg	Dummy JPG file	JPG	\\xffd8ffe000104a46494600010100000100010000ffdb004300080606070605080707070909080a0c140d0c0b0b0c1912130f141d1a1f1e1d1a1c1c20242e2720222c231c1c2837292c30313434341f27393d38323c2e333432ffdb0043010909090c0b0c180d0d1832211c213232323232323232323232323232323232323232323232323232323232323232323232323232323232323232323232323232ffc00011080064006403012200021101031101ffc4001f0000010501010101010100000000000000000102030405060708090a0bffc400b5100002010303020403050504040000017d01020300041105122131410613516107227114328191a1082342b1c11552d1f02433627282090a161718191a25262728292a3435363738393a434445464748494a535455565758595a636465666768696a737475767778797a838485868788898a92939495969798999aa2a3a4a5a6a7a8a9aab2b3b4b5b6b7b8b9bac2c3c4c5c6c7c8c9cad2d3d4d5d6d7d8d9dae1e2e3e4e5e6e7e8e9eaf1f2f3f4f5f6f7f8f9faffc4001f0100030101010101010101010000000000000102030405060708090a0bffc400b51100020102040403040705040400010277000102031104052131061241510761711322328108144291a1b1c109233352f0156272d10a162434e125f11718191a262728292a35363738393a434445464748494a535455565758595a636465666768696a737475767778797a82838485868788898a92939495969798999aa2a3a4a5a6a7a8a9aab2b3b4b5b6b7b8b9bac2c3c4c5c6c7c8c9cad2d3d4d5d6d7d8d9dae2e3e4e5e6e7e8e9eaf2f3f4f5f6f7f8f9faffda000c03010002110311003f00f1ca28a2bf713cc0a28a2800a28a2800a28a2800a28a2800a28a2800a28a2800a28a2800a28a2800a28a2800a28a2800a28a2800a28a2800a28a2800a28aec6d342f0fff00c2b56f115e2ea7f6cfb749a7a88678fcbf33c93246e54a676e76a91bb38c907f86b1ad5e34527257bbb6834ae71d457a06b3f0d6d342d46c2c6f7c57a64334b7296d78b2119b7dd187f302862c5392bb9c47ced270a770d5b0f871a569d7fad47ab3dedd59a6873df58de2c0a2393691fbd8ca4e43e01421588c87f982f1bb8a59be11414d4af7d568f5f4bff56d4af6723caa8ab7a9d8cba66a53d9cd0dcc2f1b6025d42619769e54b21276920838c9ebd4f5aa95e9464a49496cc90a28a298828a28a0028a28a0028a28a002af7f6d6abfd95fd95fda77bfd9dff3e9e7b795f7b77dcce3ef73d3af35468a994632b732bd866aa789fc411c76d1a6b9a9ac76b8fb3aaddc8043852a360cfcbf292bc76245324f10eb52ea516a526b1a83dfc4bb23ba6b9732a2f3c07ce40f99b8cf73eb59b4547b0a5bf2afb82ec9279e5b99e49e795e59a562f249231667627249279249ef51d1456895b4420a28a2980514514005145140051451400514514005145140051451400514514005145140051451400514514005145140051451400514514005145140051451400514514005145140051451400514514005145140051451400514514005145140051451401fffd9	IDIR\\DOBBY	2024-04-22 21:21:57	IDIR\\SNAPE	2023-11-14 01:24:06	3	3d35de51-1028-0871-e063-030012ac3b06
117664	1589595	CSV_Test_File.jpg	Dummy CSV file	CSV	\\x6373762c6578616d706c652c64617461	IDIR\\DOBBY	2023-11-15 11:47:23	IDIR\\LUPIN	2024-12-05 16:09:48	3	3d35de51-1029-0871-e063-030012ac3b06
117665	17247	PDF_Test_File.pdf	Dummy PDF file	PDF	\\x255044462d312e330a25938c8b9e205265706f72744c61622047656e6572617465642050444620646f63756d656e7420687474703a2f2f7777772e7265706f72746c61622e636f6d0a312030206f626a0a3c3c0a2f46312032203020520a3e3e0a656e646f626a0a322030206f626a0a3c3c0a2f42617365466f6e74202f48656c766574696361202f456e636f64696e67202f57696e416e7369456e636f64696e67202f4e616d65202f4631202f53756274797065202f5479706531202f54797065202f466f6e740a3e3e0a656e646f626a0a332030206f626a0a3c3c0a2f436f6e74656e7473203720302052202f4d65646961426f78205b20302030203539352e32373536203834312e38383938205d202f506172656e74203620302052202f5265736f7572636573203c3c0a2f466f6e74203120302052202f50726f63536574205b202f504446202f54657874202f496d61676542202f496d61676543202f496d61676549205d0a3e3e202f526f746174652030202f5472616e73203c3c0a0a3e3e200a20202f54797065202f506167650a3e3e0a656e646f626a0a342030206f626a0a3c3c0a2f506167654d6f6465202f5573654e6f6e65202f5061676573203620302052202f54797065202f436174616c6f670a3e3e0a656e646f626a0a352030206f626a0a3c3c0a2f417574686f722028616e6f6e796d6f757329202f4372656174696f6e446174652028443a32303235303730333137333634362b30302730302729202f43726561746f7220285265706f72744c616220504446204c696272617279202d207777772e7265706f72746c61622e636f6d29202f4b6579776f726473202829202f4d6f64446174652028443a32303235303730333137333634362b30302730302729202f50726f647563657220285265706f72744c616220504446204c696272617279202d207777772e7265706f72746c61622e636f6d29200a20202f5375626a6563742028756e73706563696669656429202f5469746c652028756e7469746c656429202f54726170706564202f46616c73650a3e3e0a656e646f626a0a362030206f626a0a3c3c0a2f436f756e742031202f4b696473205b203320302052205d202f54797065202f50616765730a3e3e0a656e646f626a0a372030206f626a0a3c3c0a2f46696c746572205b202f415343494938354465636f6465202f466c6174654465636f6465205d202f4c656e677468203131360a3e3e0a73747265616d0a476170404430622d4836274c5b3b4747553836543f5c69254038746c227226305a6b3347342d4d474131224c495d4665743b487341692c392724325464326370704b322e416f562d534f4d584a4b5c616c482f5d59222f755a4a245e235e526d2c75274d216b6c744f493f4860542b3b58507e3e656e6473747265616d0a656e646f626a0a787265660a3020380a303030303030303030302036353533352066200a30303030303030303733203030303030206e200a30303030303030313034203030303030206e200a30303030303030323131203030303030206e200a30303030303030343134203030303030206e200a30303030303030343832203030303030206e200a30303030303030373738203030303030206e200a30303030303030383337203030303030206e200a747261696c65720a3c3c0a2f4944200a5b3c35303866333931656130323963393031633163306136343365333463336532323e3c35303866333931656130323963393031633163306136343365333463336532323e5d0a25205265706f72744c61622067656e6572617465642050444620646f63756d656e74202d2d206469676573742028687474703a2f2f7777772e7265706f72746c61622e636f6d290a0a2f496e666f2035203020520a2f526f6f742034203020520a2f53697a6520380a3e3e0a7374617274787265660a313034330a2525454f460a	IDIR\\SNAPE	2025-03-18 07:35:15	IDIR\\HAGRID	2024-04-10 00:45:07	8	3d35de51-102a-0871-e063-030012ac3b06
117666	1009974	PDF_Test_File.pdf	Dummy PDF file	PDF	\\x255044462d312e330a25938c8b9e205265706f72744c61622047656e6572617465642050444620646f63756d656e7420687474703a2f2f7777772e7265706f72746c61622e636f6d0a312030206f626a0a3c3c0a2f46312032203020520a3e3e0a656e646f626a0a322030206f626a0a3c3c0a2f42617365466f6e74202f48656c766574696361202f456e636f64696e67202f57696e416e7369456e636f64696e67202f4e616d65202f4631202f53756274797065202f5479706531202f54797065202f466f6e740a3e3e0a656e646f626a0a332030206f626a0a3c3c0a2f436f6e74656e7473203720302052202f4d65646961426f78205b20302030203539352e32373536203834312e38383938205d202f506172656e74203620302052202f5265736f7572636573203c3c0a2f466f6e74203120302052202f50726f63536574205b202f504446202f54657874202f496d61676542202f496d61676543202f496d61676549205d0a3e3e202f526f746174652030202f5472616e73203c3c0a0a3e3e200a20202f54797065202f506167650a3e3e0a656e646f626a0a342030206f626a0a3c3c0a2f506167654d6f6465202f5573654e6f6e65202f5061676573203620302052202f54797065202f436174616c6f670a3e3e0a656e646f626a0a352030206f626a0a3c3c0a2f417574686f722028616e6f6e796d6f757329202f4372656174696f6e446174652028443a32303235303730333137333634362b30302730302729202f43726561746f7220285265706f72744c616220504446204c696272617279202d207777772e7265706f72746c61622e636f6d29202f4b6579776f726473202829202f4d6f64446174652028443a32303235303730333137333634362b30302730302729202f50726f647563657220285265706f72744c616220504446204c696272617279202d207777772e7265706f72746c61622e636f6d29200a20202f5375626a6563742028756e73706563696669656429202f5469746c652028756e7469746c656429202f54726170706564202f46616c73650a3e3e0a656e646f626a0a362030206f626a0a3c3c0a2f436f756e742031202f4b696473205b203320302052205d202f54797065202f50616765730a3e3e0a656e646f626a0a372030206f626a0a3c3c0a2f46696c746572205b202f415343494938354465636f6465202f466c6174654465636f6465205d202f4c656e677468203131360a3e3e0a73747265616d0a476170404430622d4836274c5b3b4747553836543f5c69254038746c227226305a6b3347342d4d474131224c495d4665743b487341692c392724325464326370704b322e416f562d534f4d584a4b5c616c482f5d59222f755a4a245e235e526d2c75274d216b6c744f493f4860542b3b58507e3e656e6473747265616d0a656e646f626a0a787265660a3020380a303030303030303030302036353533352066200a30303030303030303733203030303030206e200a30303030303030313034203030303030206e200a30303030303030323131203030303030206e200a30303030303030343134203030303030206e200a30303030303030343832203030303030206e200a30303030303030373738203030303030206e200a30303030303030383337203030303030206e200a747261696c65720a3c3c0a2f4944200a5b3c35303866333931656130323963393031633163306136343365333463336532323e3c35303866333931656130323963393031633163306136343365333463336532323e5d0a25205265706f72744c61622067656e6572617465642050444620646f63756d656e74202d2d206469676573742028687474703a2f2f7777772e7265706f72746c61622e636f6d290a0a2f496e666f2035203020520a2f526f6f742034203020520a2f53697a6520380a3e3e0a7374617274787265660a313034330a2525454f460a	IDIR\\SNAPE	2025-04-16 23:14:28	IDIR\\SIRIUS	2024-11-28 02:43:05	10	3d35de51-102b-0871-e063-030012ac3b06
117667	1020124	PDF_Test_File.pdf	Dummy PDF file	PDF	\\x255044462d312e330a25938c8b9e205265706f72744c61622047656e6572617465642050444620646f63756d656e7420687474703a2f2f7777772e7265706f72746c61622e636f6d0a312030206f626a0a3c3c0a2f46312032203020520a3e3e0a656e646f626a0a322030206f626a0a3c3c0a2f42617365466f6e74202f48656c766574696361202f456e636f64696e67202f57696e416e7369456e636f64696e67202f4e616d65202f4631202f53756274797065202f5479706531202f54797065202f466f6e740a3e3e0a656e646f626a0a332030206f626a0a3c3c0a2f436f6e74656e7473203720302052202f4d65646961426f78205b20302030203539352e32373536203834312e38383938205d202f506172656e74203620302052202f5265736f7572636573203c3c0a2f466f6e74203120302052202f50726f63536574205b202f504446202f54657874202f496d61676542202f496d61676543202f496d61676549205d0a3e3e202f526f746174652030202f5472616e73203c3c0a0a3e3e200a20202f54797065202f506167650a3e3e0a656e646f626a0a342030206f626a0a3c3c0a2f506167654d6f6465202f5573654e6f6e65202f5061676573203620302052202f54797065202f436174616c6f670a3e3e0a656e646f626a0a352030206f626a0a3c3c0a2f417574686f722028616e6f6e796d6f757329202f4372656174696f6e446174652028443a32303235303730333137333634362b30302730302729202f43726561746f7220285265706f72744c616220504446204c696272617279202d207777772e7265706f72746c61622e636f6d29202f4b6579776f726473202829202f4d6f64446174652028443a32303235303730333137333634362b30302730302729202f50726f647563657220285265706f72744c616220504446204c696272617279202d207777772e7265706f72746c61622e636f6d29200a20202f5375626a6563742028756e73706563696669656429202f5469746c652028756e7469746c656429202f54726170706564202f46616c73650a3e3e0a656e646f626a0a362030206f626a0a3c3c0a2f436f756e742031202f4b696473205b203320302052205d202f54797065202f50616765730a3e3e0a656e646f626a0a372030206f626a0a3c3c0a2f46696c746572205b202f415343494938354465636f6465202f466c6174654465636f6465205d202f4c656e677468203131360a3e3e0a73747265616d0a476170404430622d4836274c5b3b4747553836543f5c69254038746c227226305a6b3347342d4d474131224c495d4665743b487341692c392724325464326370704b322e416f562d534f4d584a4b5c616c482f5d59222f755a4a245e235e526d2c75274d216b6c744f493f4860542b3b58507e3e656e6473747265616d0a656e646f626a0a787265660a3020380a303030303030303030302036353533352066200a30303030303030303733203030303030206e200a30303030303030313034203030303030206e200a30303030303030323131203030303030206e200a30303030303030343134203030303030206e200a30303030303030343832203030303030206e200a30303030303030373738203030303030206e200a30303030303030383337203030303030206e200a747261696c65720a3c3c0a2f4944200a5b3c35303866333931656130323963393031633163306136343365333463336532323e3c35303866333931656130323963393031633163306136343365333463336532323e5d0a25205265706f72744c61622067656e6572617465642050444620646f63756d656e74202d2d206469676573742028687474703a2f2f7777772e7265706f72746c61622e636f6d290a0a2f496e666f2035203020520a2f526f6f742034203020520a2f53697a6520380a3e3e0a7374617274787265660a313034330a2525454f460a	IDIR\\SNAPE	2025-06-27 10:51:54	IDIR\\DOBBY	2025-02-15 11:59:47	2	3d35de51-102c-0871-e063-030012ac3b06
117668	1092357	PDF_Test_File.pdf	Dummy PDF file	PDF	\\x255044462d312e330a25938c8b9e205265706f72744c61622047656e6572617465642050444620646f63756d656e7420687474703a2f2f7777772e7265706f72746c61622e636f6d0a312030206f626a0a3c3c0a2f46312032203020520a3e3e0a656e646f626a0a322030206f626a0a3c3c0a2f42617365466f6e74202f48656c766574696361202f456e636f64696e67202f57696e416e7369456e636f64696e67202f4e616d65202f4631202f53756274797065202f5479706531202f54797065202f466f6e740a3e3e0a656e646f626a0a332030206f626a0a3c3c0a2f436f6e74656e7473203720302052202f4d65646961426f78205b20302030203539352e32373536203834312e38383938205d202f506172656e74203620302052202f5265736f7572636573203c3c0a2f466f6e74203120302052202f50726f63536574205b202f504446202f54657874202f496d61676542202f496d61676543202f496d61676549205d0a3e3e202f526f746174652030202f5472616e73203c3c0a0a3e3e200a20202f54797065202f506167650a3e3e0a656e646f626a0a342030206f626a0a3c3c0a2f506167654d6f6465202f5573654e6f6e65202f5061676573203620302052202f54797065202f436174616c6f670a3e3e0a656e646f626a0a352030206f626a0a3c3c0a2f417574686f722028616e6f6e796d6f757329202f4372656174696f6e446174652028443a32303235303730333137333634362b30302730302729202f43726561746f7220285265706f72744c616220504446204c696272617279202d207777772e7265706f72746c61622e636f6d29202f4b6579776f726473202829202f4d6f64446174652028443a32303235303730333137333634362b30302730302729202f50726f647563657220285265706f72744c616220504446204c696272617279202d207777772e7265706f72746c61622e636f6d29200a20202f5375626a6563742028756e73706563696669656429202f5469746c652028756e7469746c656429202f54726170706564202f46616c73650a3e3e0a656e646f626a0a362030206f626a0a3c3c0a2f436f756e742031202f4b696473205b203320302052205d202f54797065202f50616765730a3e3e0a656e646f626a0a372030206f626a0a3c3c0a2f46696c746572205b202f415343494938354465636f6465202f466c6174654465636f6465205d202f4c656e677468203131360a3e3e0a73747265616d0a476170404430622d4836274c5b3b4747553836543f5c69254038746c227226305a6b3347342d4d474131224c495d4665743b487341692c392724325464326370704b322e416f562d534f4d584a4b5c616c482f5d59222f755a4a245e235e526d2c75274d216b6c744f493f4860542b3b58507e3e656e6473747265616d0a656e646f626a0a787265660a3020380a303030303030303030302036353533352066200a30303030303030303733203030303030206e200a30303030303030313034203030303030206e200a30303030303030323131203030303030206e200a30303030303030343134203030303030206e200a30303030303030343832203030303030206e200a30303030303030373738203030303030206e200a30303030303030383337203030303030206e200a747261696c65720a3c3c0a2f4944200a5b3c35303866333931656130323963393031633163306136343365333463336532323e3c35303866333931656130323963393031633163306136343365333463336532323e5d0a25205265706f72744c61622067656e6572617465642050444620646f63756d656e74202d2d206469676573742028687474703a2f2f7777772e7265706f72746c61622e636f6d290a0a2f496e666f2035203020520a2f526f6f742034203020520a2f53697a6520380a3e3e0a7374617274787265660a313034330a2525454f460a	IDIR\\SNAPE	2024-06-05 19:26:26	IDIR\\SIRIUS	2024-04-16 16:54:53	5	3d35de51-102d-0871-e063-030012ac3b06
117669	1796497	PDF_Test_File.pdf	Dummy PDF file	PDF	\\x255044462d312e330a25938c8b9e205265706f72744c61622047656e6572617465642050444620646f63756d656e7420687474703a2f2f7777772e7265706f72746c61622e636f6d0a312030206f626a0a3c3c0a2f46312032203020520a3e3e0a656e646f626a0a322030206f626a0a3c3c0a2f42617365466f6e74202f48656c766574696361202f456e636f64696e67202f57696e416e7369456e636f64696e67202f4e616d65202f4631202f53756274797065202f5479706531202f54797065202f466f6e740a3e3e0a656e646f626a0a332030206f626a0a3c3c0a2f436f6e74656e7473203720302052202f4d65646961426f78205b20302030203539352e32373536203834312e38383938205d202f506172656e74203620302052202f5265736f7572636573203c3c0a2f466f6e74203120302052202f50726f63536574205b202f504446202f54657874202f496d61676542202f496d61676543202f496d61676549205d0a3e3e202f526f746174652030202f5472616e73203c3c0a0a3e3e200a20202f54797065202f506167650a3e3e0a656e646f626a0a342030206f626a0a3c3c0a2f506167654d6f6465202f5573654e6f6e65202f5061676573203620302052202f54797065202f436174616c6f670a3e3e0a656e646f626a0a352030206f626a0a3c3c0a2f417574686f722028616e6f6e796d6f757329202f4372656174696f6e446174652028443a32303235303730333137333634362b30302730302729202f43726561746f7220285265706f72744c616220504446204c696272617279202d207777772e7265706f72746c61622e636f6d29202f4b6579776f726473202829202f4d6f64446174652028443a32303235303730333137333634362b30302730302729202f50726f647563657220285265706f72744c616220504446204c696272617279202d207777772e7265706f72746c61622e636f6d29200a20202f5375626a6563742028756e73706563696669656429202f5469746c652028756e7469746c656429202f54726170706564202f46616c73650a3e3e0a656e646f626a0a362030206f626a0a3c3c0a2f436f756e742031202f4b696473205b203320302052205d202f54797065202f50616765730a3e3e0a656e646f626a0a372030206f626a0a3c3c0a2f46696c746572205b202f415343494938354465636f6465202f466c6174654465636f6465205d202f4c656e677468203131360a3e3e0a73747265616d0a476170404430622d4836274c5b3b4747553836543f5c69254038746c227226305a6b3347342d4d474131224c495d4665743b487341692c392724325464326370704b322e416f562d534f4d584a4b5c616c482f5d59222f755a4a245e235e526d2c75274d216b6c744f493f4860542b3b58507e3e656e6473747265616d0a656e646f626a0a787265660a3020380a303030303030303030302036353533352066200a30303030303030303733203030303030206e200a30303030303030313034203030303030206e200a30303030303030323131203030303030206e200a30303030303030343134203030303030206e200a30303030303030343832203030303030206e200a30303030303030373738203030303030206e200a30303030303030383337203030303030206e200a747261696c65720a3c3c0a2f4944200a5b3c35303866333931656130323963393031633163306136343365333463336532323e3c35303866333931656130323963393031633163306136343365333463336532323e5d0a25205265706f72744c61622067656e6572617465642050444620646f63756d656e74202d2d206469676573742028687474703a2f2f7777772e7265706f72746c61622e636f6d290a0a2f496e666f2035203020520a2f526f6f742034203020520a2f53697a6520380a3e3e0a7374617274787265660a313034330a2525454f460a	IDIR\\SNAPE	2025-01-04 23:54:56	IDIR\\TONKS	2024-08-27 01:17:19	2	3d35de51-102e-0871-e063-030012ac3b06
117670	17247	TXT_Test_File.txt	TXT Test File	TXT	\\x747874	IDIR\\SNAPE	2023-09-01 21:04:55	IDIR\\TONKS	2023-11-17 11:17:16	1	3d35de51-102f-0871-e063-030012ac3b06
117671	60000	TXT_Test_File.txt	TXT Test File	TXT	\\x747874	IDIR\\SNAPE	2024-07-14 01:20:49	IDIR\\LUPIN	2023-10-31 01:02:58	5	3d35de51-1030-0871-e063-030012ac3b06
117672	1020124	JPG_Test_File.jpg	Dummy JPG file	JPG	\\xffd8ffe000104a46494600010100000100010000ffdb004300080606070605080707070909080a0c140d0c0b0b0c1912130f141d1a1f1e1d1a1c1c20242e2720222c231c1c2837292c30313434341f27393d38323c2e333432ffdb0043010909090c0b0c180d0d1832211c213232323232323232323232323232323232323232323232323232323232323232323232323232323232323232323232323232ffc00011080064006403012200021101031101ffc4001f0000010501010101010100000000000000000102030405060708090a0bffc400b5100002010303020403050504040000017d01020300041105122131410613516107227114328191a1082342b1c11552d1f02433627282090a161718191a25262728292a3435363738393a434445464748494a535455565758595a636465666768696a737475767778797a838485868788898a92939495969798999aa2a3a4a5a6a7a8a9aab2b3b4b5b6b7b8b9bac2c3c4c5c6c7c8c9cad2d3d4d5d6d7d8d9dae1e2e3e4e5e6e7e8e9eaf1f2f3f4f5f6f7f8f9faffc4001f0100030101010101010101010000000000000102030405060708090a0bffc400b51100020102040403040705040400010277000102031104052131061241510761711322328108144291a1b1c109233352f0156272d10a162434e125f11718191a262728292a35363738393a434445464748494a535455565758595a636465666768696a737475767778797a82838485868788898a92939495969798999aa2a3a4a5a6a7a8a9aab2b3b4b5b6b7b8b9bac2c3c4c5c6c7c8c9cad2d3d4d5d6d7d8d9dae2e3e4e5e6e7e8e9eaf2f3f4f5f6f7f8f9faffda000c03010002110311003f00f1ca28a2bf713cc0a28a2800a28a2800a28a2800a28a2800a28a2800a28a2800a28a2800a28a2800a28a2800a28a2800a28a2800a28a2800a28a2800a28aec6d342f0fff00c2b56f115e2ea7f6cfb749a7a88678fcbf33c93246e54a676e76a91bb38c907f86b1ad5e34527257bbb6834ae71d457a06b3f0d6d342d46c2c6f7c57a64334b7296d78b2119b7dd187f302862c5392bb9c47ced270a770d5b0f871a569d7fad47ab3dedd59a6873df58de2c0a2393691fbd8ca4e43e01421588c87f982f1bb8a59be11414d4af7d568f5f4bff56d4af6723caa8ab7a9d8cba66a53d9cd0dcc2f1b6025d42619769e54b21276920838c9ebd4f5aa95e9464a49496cc90a28a298828a28a0028a28a0028a28a002af7f6d6abfd95fd95fda77bfd9dff3e9e7b795f7b77dcce3ef73d3af35468a994632b732bd866aa789fc411c76d1a6b9a9ac76b8fb3aaddc8043852a360cfcbf292bc76245324f10eb52ea516a526b1a83dfc4bb23ba6b9732a2f3c07ce40f99b8cf73eb59b4547b0a5bf2afb82ec9279e5b99e49e795e59a562f249231667627249279249ef51d1456895b4420a28a2980514514005145140051451400514514005145140051451400514514005145140051451400514514005145140051451400514514005145140051451400514514005145140051451400514514005145140051451400514514005145140051451401fffd9	IDIR\\SNAPE	2025-03-03 06:49:24	IDIR\\SNAPE	2023-12-20 05:18:42	7	3d35de51-1031-0871-e063-030012ac3b06
117673	1480130	JPG_Test_File.jpg	Dummy JPG file	JPG	\\xffd8ffe000104a46494600010100000100010000ffdb004300080606070605080707070909080a0c140d0c0b0b0c1912130f141d1a1f1e1d1a1c1c20242e2720222c231c1c2837292c30313434341f27393d38323c2e333432ffdb0043010909090c0b0c180d0d1832211c213232323232323232323232323232323232323232323232323232323232323232323232323232323232323232323232323232ffc00011080064006403012200021101031101ffc4001f0000010501010101010100000000000000000102030405060708090a0bffc400b5100002010303020403050504040000017d01020300041105122131410613516107227114328191a1082342b1c11552d1f02433627282090a161718191a25262728292a3435363738393a434445464748494a535455565758595a636465666768696a737475767778797a838485868788898a92939495969798999aa2a3a4a5a6a7a8a9aab2b3b4b5b6b7b8b9bac2c3c4c5c6c7c8c9cad2d3d4d5d6d7d8d9dae1e2e3e4e5e6e7e8e9eaf1f2f3f4f5f6f7f8f9faffc4001f0100030101010101010101010000000000000102030405060708090a0bffc400b51100020102040403040705040400010277000102031104052131061241510761711322328108144291a1b1c109233352f0156272d10a162434e125f11718191a262728292a35363738393a434445464748494a535455565758595a636465666768696a737475767778797a82838485868788898a92939495969798999aa2a3a4a5a6a7a8a9aab2b3b4b5b6b7b8b9bac2c3c4c5c6c7c8c9cad2d3d4d5d6d7d8d9dae2e3e4e5e6e7e8e9eaf2f3f4f5f6f7f8f9faffda000c03010002110311003f00f1ca28a2bf713cc0a28a2800a28a2800a28a2800a28a2800a28a2800a28a2800a28a2800a28a2800a28a2800a28a2800a28a2800a28a2800a28a2800a28aec6d342f0fff00c2b56f115e2ea7f6cfb749a7a88678fcbf33c93246e54a676e76a91bb38c907f86b1ad5e34527257bbb6834ae71d457a06b3f0d6d342d46c2c6f7c57a64334b7296d78b2119b7dd187f302862c5392bb9c47ced270a770d5b0f871a569d7fad47ab3dedd59a6873df58de2c0a2393691fbd8ca4e43e01421588c87f982f1bb8a59be11414d4af7d568f5f4bff56d4af6723caa8ab7a9d8cba66a53d9cd0dcc2f1b6025d42619769e54b21276920838c9ebd4f5aa95e9464a49496cc90a28a298828a28a0028a28a0028a28a002af7f6d6abfd95fd95fda77bfd9dff3e9e7b795f7b77dcce3ef73d3af35468a994632b732bd866aa789fc411c76d1a6b9a9ac76b8fb3aaddc8043852a360cfcbf292bc76245324f10eb52ea516a526b1a83dfc4bb23ba6b9732a2f3c07ce40f99b8cf73eb59b4547b0a5bf2afb82ec9279e5b99e49e795e59a562f249231667627249279249ef51d1456895b4420a28a2980514514005145140051451400514514005145140051451400514514005145140051451400514514005145140051451400514514005145140051451400514514005145140051451400514514005145140051451400514514005145140051451401fffd9	IDIR\\SNAPE	2025-02-07 03:48:17	IDIR\\SIRIUS	2025-05-10 22:16:44	5	3d35de51-1032-0871-e063-030012ac3b06
117674	101017	CSV_Test_File.jpg	Dummy CSV file	CSV	\\x6373762c6578616d706c652c64617461	IDIR\\SNAPE	2024-04-06 09:18:49	IDIR\\MOLLY	2024-12-20 11:24:39	4	3d35de51-1033-0871-e063-030012ac3b06
117675	1020124	CSV_Test_File.jpg	Dummy CSV file	CSV	\\x6373762c6578616d706c652c64617461	IDIR\\SNAPE	2024-08-13 16:10:57	IDIR\\SNAPE	2023-09-16 22:46:43	7	3d35de51-1034-0871-e063-030012ac3b06
117676	1725701	CSV_Test_File.jpg	Dummy CSV file	CSV	\\x6373762c6578616d706c652c64617461	IDIR\\SNAPE	2025-05-20 18:22:48	IDIR\\MOLLY	2025-06-26 23:36:51	2	3d35de51-1035-0871-e063-030012ac3b06
117677	101017	PDF_Test_File.pdf	Dummy PDF file	PDF	\\x255044462d312e330a25938c8b9e205265706f72744c61622047656e6572617465642050444620646f63756d656e7420687474703a2f2f7777772e7265706f72746c61622e636f6d0a312030206f626a0a3c3c0a2f46312032203020520a3e3e0a656e646f626a0a322030206f626a0a3c3c0a2f42617365466f6e74202f48656c766574696361202f456e636f64696e67202f57696e416e7369456e636f64696e67202f4e616d65202f4631202f53756274797065202f5479706531202f54797065202f466f6e740a3e3e0a656e646f626a0a332030206f626a0a3c3c0a2f436f6e74656e7473203720302052202f4d65646961426f78205b20302030203539352e32373536203834312e38383938205d202f506172656e74203620302052202f5265736f7572636573203c3c0a2f466f6e74203120302052202f50726f63536574205b202f504446202f54657874202f496d61676542202f496d61676543202f496d61676549205d0a3e3e202f526f746174652030202f5472616e73203c3c0a0a3e3e200a20202f54797065202f506167650a3e3e0a656e646f626a0a342030206f626a0a3c3c0a2f506167654d6f6465202f5573654e6f6e65202f5061676573203620302052202f54797065202f436174616c6f670a3e3e0a656e646f626a0a352030206f626a0a3c3c0a2f417574686f722028616e6f6e796d6f757329202f4372656174696f6e446174652028443a32303235303730333137333634362b30302730302729202f43726561746f7220285265706f72744c616220504446204c696272617279202d207777772e7265706f72746c61622e636f6d29202f4b6579776f726473202829202f4d6f64446174652028443a32303235303730333137333634362b30302730302729202f50726f647563657220285265706f72744c616220504446204c696272617279202d207777772e7265706f72746c61622e636f6d29200a20202f5375626a6563742028756e73706563696669656429202f5469746c652028756e7469746c656429202f54726170706564202f46616c73650a3e3e0a656e646f626a0a362030206f626a0a3c3c0a2f436f756e742031202f4b696473205b203320302052205d202f54797065202f50616765730a3e3e0a656e646f626a0a372030206f626a0a3c3c0a2f46696c746572205b202f415343494938354465636f6465202f466c6174654465636f6465205d202f4c656e677468203131360a3e3e0a73747265616d0a476170404430622d4836274c5b3b4747553836543f5c69254038746c227226305a6b3347342d4d474131224c495d4665743b487341692c392724325464326370704b322e416f562d534f4d584a4b5c616c482f5d59222f755a4a245e235e526d2c75274d216b6c744f493f4860542b3b58507e3e656e6473747265616d0a656e646f626a0a787265660a3020380a303030303030303030302036353533352066200a30303030303030303733203030303030206e200a30303030303030313034203030303030206e200a30303030303030323131203030303030206e200a30303030303030343134203030303030206e200a30303030303030343832203030303030206e200a30303030303030373738203030303030206e200a30303030303030383337203030303030206e200a747261696c65720a3c3c0a2f4944200a5b3c35303866333931656130323963393031633163306136343365333463336532323e3c35303866333931656130323963393031633163306136343365333463336532323e5d0a25205265706f72744c61622067656e6572617465642050444620646f63756d656e74202d2d206469676573742028687474703a2f2f7777772e7265706f72746c61622e636f6d290a0a2f496e666f2035203020520a2f526f6f742034203020520a2f53697a6520380a3e3e0a7374617274787265660a313034330a2525454f460a	IDIR\\HEDWIG	2024-10-21 21:11:29	IDIR\\SIRIUS	2025-07-19 08:56:31	6	3d35de51-1036-0871-e063-030012ac3b06
117678	1020124	TXT_Test_File.txt	TXT Test File	TXT	\\x747874	IDIR\\HEDWIG	2025-02-20 02:37:57	IDIR\\MOLLY	2024-07-13 02:56:01	3	3d35de51-1037-0871-e063-030012ac3b06
117679	1589595	TXT_Test_File.txt	TXT Test File	TXT	\\x747874	IDIR\\HEDWIG	2023-09-15 01:36:04	IDIR\\HAGRID	2024-06-13 06:12:49	8	3d35de51-1038-0871-e063-030012ac3b06
117680	17247	JPG_Test_File.jpg	Dummy JPG file	JPG	\\xffd8ffe000104a46494600010100000100010000ffdb004300080606070605080707070909080a0c140d0c0b0b0c1912130f141d1a1f1e1d1a1c1c20242e2720222c231c1c2837292c30313434341f27393d38323c2e333432ffdb0043010909090c0b0c180d0d1832211c213232323232323232323232323232323232323232323232323232323232323232323232323232323232323232323232323232ffc00011080064006403012200021101031101ffc4001f0000010501010101010100000000000000000102030405060708090a0bffc400b5100002010303020403050504040000017d01020300041105122131410613516107227114328191a1082342b1c11552d1f02433627282090a161718191a25262728292a3435363738393a434445464748494a535455565758595a636465666768696a737475767778797a838485868788898a92939495969798999aa2a3a4a5a6a7a8a9aab2b3b4b5b6b7b8b9bac2c3c4c5c6c7c8c9cad2d3d4d5d6d7d8d9dae1e2e3e4e5e6e7e8e9eaf1f2f3f4f5f6f7f8f9faffc4001f0100030101010101010101010000000000000102030405060708090a0bffc400b51100020102040403040705040400010277000102031104052131061241510761711322328108144291a1b1c109233352f0156272d10a162434e125f11718191a262728292a35363738393a434445464748494a535455565758595a636465666768696a737475767778797a82838485868788898a92939495969798999aa2a3a4a5a6a7a8a9aab2b3b4b5b6b7b8b9bac2c3c4c5c6c7c8c9cad2d3d4d5d6d7d8d9dae2e3e4e5e6e7e8e9eaf2f3f4f5f6f7f8f9faffda000c03010002110311003f00f1ca28a2bf713cc0a28a2800a28a2800a28a2800a28a2800a28a2800a28a2800a28a2800a28a2800a28a2800a28a2800a28a2800a28a2800a28a2800a28aec6d342f0fff00c2b56f115e2ea7f6cfb749a7a88678fcbf33c93246e54a676e76a91bb38c907f86b1ad5e34527257bbb6834ae71d457a06b3f0d6d342d46c2c6f7c57a64334b7296d78b2119b7dd187f302862c5392bb9c47ced270a770d5b0f871a569d7fad47ab3dedd59a6873df58de2c0a2393691fbd8ca4e43e01421588c87f982f1bb8a59be11414d4af7d568f5f4bff56d4af6723caa8ab7a9d8cba66a53d9cd0dcc2f1b6025d42619769e54b21276920838c9ebd4f5aa95e9464a49496cc90a28a298828a28a0028a28a0028a28a002af7f6d6abfd95fd95fda77bfd9dff3e9e7b795f7b77dcce3ef73d3af35468a994632b732bd866aa789fc411c76d1a6b9a9ac76b8fb3aaddc8043852a360cfcbf292bc76245324f10eb52ea516a526b1a83dfc4bb23ba6b9732a2f3c07ce40f99b8cf73eb59b4547b0a5bf2afb82ec9279e5b99e49e795e59a562f249231667627249279249ef51d1456895b4420a28a2980514514005145140051451400514514005145140051451400514514005145140051451400514514005145140051451400514514005145140051451400514514005145140051451400514514005145140051451400514514005145140051451401fffd9	IDIR\\HEDWIG	2024-05-27 20:59:41	IDIR\\SIRIUS	2025-04-09 16:59:00	6	3d35de51-1039-0871-e063-030012ac3b06
117681	101017	JPG_Test_File.jpg	Dummy JPG file	JPG	\\xffd8ffe000104a46494600010100000100010000ffdb004300080606070605080707070909080a0c140d0c0b0b0c1912130f141d1a1f1e1d1a1c1c20242e2720222c231c1c2837292c30313434341f27393d38323c2e333432ffdb0043010909090c0b0c180d0d1832211c213232323232323232323232323232323232323232323232323232323232323232323232323232323232323232323232323232ffc00011080064006403012200021101031101ffc4001f0000010501010101010100000000000000000102030405060708090a0bffc400b5100002010303020403050504040000017d01020300041105122131410613516107227114328191a1082342b1c11552d1f02433627282090a161718191a25262728292a3435363738393a434445464748494a535455565758595a636465666768696a737475767778797a838485868788898a92939495969798999aa2a3a4a5a6a7a8a9aab2b3b4b5b6b7b8b9bac2c3c4c5c6c7c8c9cad2d3d4d5d6d7d8d9dae1e2e3e4e5e6e7e8e9eaf1f2f3f4f5f6f7f8f9faffc4001f0100030101010101010101010000000000000102030405060708090a0bffc400b51100020102040403040705040400010277000102031104052131061241510761711322328108144291a1b1c109233352f0156272d10a162434e125f11718191a262728292a35363738393a434445464748494a535455565758595a636465666768696a737475767778797a82838485868788898a92939495969798999aa2a3a4a5a6a7a8a9aab2b3b4b5b6b7b8b9bac2c3c4c5c6c7c8c9cad2d3d4d5d6d7d8d9dae2e3e4e5e6e7e8e9eaf2f3f4f5f6f7f8f9faffda000c03010002110311003f00f1ca28a2bf713cc0a28a2800a28a2800a28a2800a28a2800a28a2800a28a2800a28a2800a28a2800a28a2800a28a2800a28a2800a28a2800a28a2800a28aec6d342f0fff00c2b56f115e2ea7f6cfb749a7a88678fcbf33c93246e54a676e76a91bb38c907f86b1ad5e34527257bbb6834ae71d457a06b3f0d6d342d46c2c6f7c57a64334b7296d78b2119b7dd187f302862c5392bb9c47ced270a770d5b0f871a569d7fad47ab3dedd59a6873df58de2c0a2393691fbd8ca4e43e01421588c87f982f1bb8a59be11414d4af7d568f5f4bff56d4af6723caa8ab7a9d8cba66a53d9cd0dcc2f1b6025d42619769e54b21276920838c9ebd4f5aa95e9464a49496cc90a28a298828a28a0028a28a0028a28a002af7f6d6abfd95fd95fda77bfd9dff3e9e7b795f7b77dcce3ef73d3af35468a994632b732bd866aa789fc411c76d1a6b9a9ac76b8fb3aaddc8043852a360cfcbf292bc76245324f10eb52ea516a526b1a83dfc4bb23ba6b9732a2f3c07ce40f99b8cf73eb59b4547b0a5bf2afb82ec9279e5b99e49e795e59a562f249231667627249279249ef51d1456895b4420a28a2980514514005145140051451400514514005145140051451400514514005145140051451400514514005145140051451400514514005145140051451400514514005145140051451400514514005145140051451400514514005145140051451401fffd9	IDIR\\HEDWIG	2024-07-12 07:27:39	IDIR\\HEDWIG	2025-03-11 04:01:53	8	3d35de51-103a-0871-e063-030012ac3b06
117682	1004185	JPG_Test_File.jpg	Dummy JPG file	JPG	\\xffd8ffe000104a46494600010100000100010000ffdb004300080606070605080707070909080a0c140d0c0b0b0c1912130f141d1a1f1e1d1a1c1c20242e2720222c231c1c2837292c30313434341f27393d38323c2e333432ffdb0043010909090c0b0c180d0d1832211c213232323232323232323232323232323232323232323232323232323232323232323232323232323232323232323232323232ffc00011080064006403012200021101031101ffc4001f0000010501010101010100000000000000000102030405060708090a0bffc400b5100002010303020403050504040000017d01020300041105122131410613516107227114328191a1082342b1c11552d1f02433627282090a161718191a25262728292a3435363738393a434445464748494a535455565758595a636465666768696a737475767778797a838485868788898a92939495969798999aa2a3a4a5a6a7a8a9aab2b3b4b5b6b7b8b9bac2c3c4c5c6c7c8c9cad2d3d4d5d6d7d8d9dae1e2e3e4e5e6e7e8e9eaf1f2f3f4f5f6f7f8f9faffc4001f0100030101010101010101010000000000000102030405060708090a0bffc400b51100020102040403040705040400010277000102031104052131061241510761711322328108144291a1b1c109233352f0156272d10a162434e125f11718191a262728292a35363738393a434445464748494a535455565758595a636465666768696a737475767778797a82838485868788898a92939495969798999aa2a3a4a5a6a7a8a9aab2b3b4b5b6b7b8b9bac2c3c4c5c6c7c8c9cad2d3d4d5d6d7d8d9dae2e3e4e5e6e7e8e9eaf2f3f4f5f6f7f8f9faffda000c03010002110311003f00f1ca28a2bf713cc0a28a2800a28a2800a28a2800a28a2800a28a2800a28a2800a28a2800a28a2800a28a2800a28a2800a28a2800a28a2800a28a2800a28aec6d342f0fff00c2b56f115e2ea7f6cfb749a7a88678fcbf33c93246e54a676e76a91bb38c907f86b1ad5e34527257bbb6834ae71d457a06b3f0d6d342d46c2c6f7c57a64334b7296d78b2119b7dd187f302862c5392bb9c47ced270a770d5b0f871a569d7fad47ab3dedd59a6873df58de2c0a2393691fbd8ca4e43e01421588c87f982f1bb8a59be11414d4af7d568f5f4bff56d4af6723caa8ab7a9d8cba66a53d9cd0dcc2f1b6025d42619769e54b21276920838c9ebd4f5aa95e9464a49496cc90a28a298828a28a0028a28a0028a28a002af7f6d6abfd95fd95fda77bfd9dff3e9e7b795f7b77dcce3ef73d3af35468a994632b732bd866aa789fc411c76d1a6b9a9ac76b8fb3aaddc8043852a360cfcbf292bc76245324f10eb52ea516a526b1a83dfc4bb23ba6b9732a2f3c07ce40f99b8cf73eb59b4547b0a5bf2afb82ec9279e5b99e49e795e59a562f249231667627249279249ef51d1456895b4420a28a2980514514005145140051451400514514005145140051451400514514005145140051451400514514005145140051451400514514005145140051451400514514005145140051451400514514005145140051451400514514005145140051451401fffd9	IDIR\\HEDWIG	2024-04-27 19:55:58	IDIR\\DOBBY	2025-05-22 23:55:54	2	3d35de51-103b-0871-e063-030012ac3b06
117683	1480130	PDF_Test_File.pdf	Dummy PDF file	PDF	\\x255044462d312e330a25938c8b9e205265706f72744c61622047656e6572617465642050444620646f63756d656e7420687474703a2f2f7777772e7265706f72746c61622e636f6d0a312030206f626a0a3c3c0a2f46312032203020520a3e3e0a656e646f626a0a322030206f626a0a3c3c0a2f42617365466f6e74202f48656c766574696361202f456e636f64696e67202f57696e416e7369456e636f64696e67202f4e616d65202f4631202f53756274797065202f5479706531202f54797065202f466f6e740a3e3e0a656e646f626a0a332030206f626a0a3c3c0a2f436f6e74656e7473203720302052202f4d65646961426f78205b20302030203539352e32373536203834312e38383938205d202f506172656e74203620302052202f5265736f7572636573203c3c0a2f466f6e74203120302052202f50726f63536574205b202f504446202f54657874202f496d61676542202f496d61676543202f496d61676549205d0a3e3e202f526f746174652030202f5472616e73203c3c0a0a3e3e200a20202f54797065202f506167650a3e3e0a656e646f626a0a342030206f626a0a3c3c0a2f506167654d6f6465202f5573654e6f6e65202f5061676573203620302052202f54797065202f436174616c6f670a3e3e0a656e646f626a0a352030206f626a0a3c3c0a2f417574686f722028616e6f6e796d6f757329202f4372656174696f6e446174652028443a32303235303730333137333634362b30302730302729202f43726561746f7220285265706f72744c616220504446204c696272617279202d207777772e7265706f72746c61622e636f6d29202f4b6579776f726473202829202f4d6f64446174652028443a32303235303730333137333634362b30302730302729202f50726f647563657220285265706f72744c616220504446204c696272617279202d207777772e7265706f72746c61622e636f6d29200a20202f5375626a6563742028756e73706563696669656429202f5469746c652028756e7469746c656429202f54726170706564202f46616c73650a3e3e0a656e646f626a0a362030206f626a0a3c3c0a2f436f756e742031202f4b696473205b203320302052205d202f54797065202f50616765730a3e3e0a656e646f626a0a372030206f626a0a3c3c0a2f46696c746572205b202f415343494938354465636f6465202f466c6174654465636f6465205d202f4c656e677468203131360a3e3e0a73747265616d0a476170404430622d4836274c5b3b4747553836543f5c69254038746c227226305a6b3347342d4d474131224c495d4665743b487341692c392724325464326370704b322e416f562d534f4d584a4b5c616c482f5d59222f755a4a245e235e526d2c75274d216b6c744f493f4860542b3b58507e3e656e6473747265616d0a656e646f626a0a787265660a3020380a303030303030303030302036353533352066200a30303030303030303733203030303030206e200a30303030303030313034203030303030206e200a30303030303030323131203030303030206e200a30303030303030343134203030303030206e200a30303030303030343832203030303030206e200a30303030303030373738203030303030206e200a30303030303030383337203030303030206e200a747261696c65720a3c3c0a2f4944200a5b3c35303866333931656130323963393031633163306136343365333463336532323e3c35303866333931656130323963393031633163306136343365333463336532323e5d0a25205265706f72744c61622067656e6572617465642050444620646f63756d656e74202d2d206469676573742028687474703a2f2f7777772e7265706f72746c61622e636f6d290a0a2f496e666f2035203020520a2f526f6f742034203020520a2f53697a6520380a3e3e0a7374617274787265660a313034330a2525454f460a	IDIR\\TONKS	2023-11-26 00:45:52	IDIR\\TONKS	2024-09-29 16:42:38	8	3d35de51-103c-0871-e063-030012ac3b06
117684	1777756	PDF_Test_File.pdf	Dummy PDF file	PDF	\\x255044462d312e330a25938c8b9e205265706f72744c61622047656e6572617465642050444620646f63756d656e7420687474703a2f2f7777772e7265706f72746c61622e636f6d0a312030206f626a0a3c3c0a2f46312032203020520a3e3e0a656e646f626a0a322030206f626a0a3c3c0a2f42617365466f6e74202f48656c766574696361202f456e636f64696e67202f57696e416e7369456e636f64696e67202f4e616d65202f4631202f53756274797065202f5479706531202f54797065202f466f6e740a3e3e0a656e646f626a0a332030206f626a0a3c3c0a2f436f6e74656e7473203720302052202f4d65646961426f78205b20302030203539352e32373536203834312e38383938205d202f506172656e74203620302052202f5265736f7572636573203c3c0a2f466f6e74203120302052202f50726f63536574205b202f504446202f54657874202f496d61676542202f496d61676543202f496d61676549205d0a3e3e202f526f746174652030202f5472616e73203c3c0a0a3e3e200a20202f54797065202f506167650a3e3e0a656e646f626a0a342030206f626a0a3c3c0a2f506167654d6f6465202f5573654e6f6e65202f5061676573203620302052202f54797065202f436174616c6f670a3e3e0a656e646f626a0a352030206f626a0a3c3c0a2f417574686f722028616e6f6e796d6f757329202f4372656174696f6e446174652028443a32303235303730333137333634362b30302730302729202f43726561746f7220285265706f72744c616220504446204c696272617279202d207777772e7265706f72746c61622e636f6d29202f4b6579776f726473202829202f4d6f64446174652028443a32303235303730333137333634362b30302730302729202f50726f647563657220285265706f72744c616220504446204c696272617279202d207777772e7265706f72746c61622e636f6d29200a20202f5375626a6563742028756e73706563696669656429202f5469746c652028756e7469746c656429202f54726170706564202f46616c73650a3e3e0a656e646f626a0a362030206f626a0a3c3c0a2f436f756e742031202f4b696473205b203320302052205d202f54797065202f50616765730a3e3e0a656e646f626a0a372030206f626a0a3c3c0a2f46696c746572205b202f415343494938354465636f6465202f466c6174654465636f6465205d202f4c656e677468203131360a3e3e0a73747265616d0a476170404430622d4836274c5b3b4747553836543f5c69254038746c227226305a6b3347342d4d474131224c495d4665743b487341692c392724325464326370704b322e416f562d534f4d584a4b5c616c482f5d59222f755a4a245e235e526d2c75274d216b6c744f493f4860542b3b58507e3e656e6473747265616d0a656e646f626a0a787265660a3020380a303030303030303030302036353533352066200a30303030303030303733203030303030206e200a30303030303030313034203030303030206e200a30303030303030323131203030303030206e200a30303030303030343134203030303030206e200a30303030303030343832203030303030206e200a30303030303030373738203030303030206e200a30303030303030383337203030303030206e200a747261696c65720a3c3c0a2f4944200a5b3c35303866333931656130323963393031633163306136343365333463336532323e3c35303866333931656130323963393031633163306136343365333463336532323e5d0a25205265706f72744c61622067656e6572617465642050444620646f63756d656e74202d2d206469676573742028687474703a2f2f7777772e7265706f72746c61622e636f6d290a0a2f496e666f2035203020520a2f526f6f742034203020520a2f53697a6520380a3e3e0a7374617274787265660a313034330a2525454f460a	IDIR\\TONKS	2025-04-09 21:09:58	IDIR\\MOLLY	2023-12-27 13:52:24	7	3d35de51-103d-0871-e063-030012ac3b06
117685	1009974	TXT_Test_File.txt	TXT Test File	TXT	\\x747874	IDIR\\TONKS	2025-02-28 10:12:57	IDIR\\SIRIUS	2024-07-15 08:21:58	3	3d35de51-103e-0871-e063-030012ac3b06
117694	1761935	JPG_Test_File.jpg	Dummy JPG file	JPG	\\xffd8ffe000104a46494600010100000100010000ffdb004300080606070605080707070909080a0c140d0c0b0b0c1912130f141d1a1f1e1d1a1c1c20242e2720222c231c1c2837292c30313434341f27393d38323c2e333432ffdb0043010909090c0b0c180d0d1832211c213232323232323232323232323232323232323232323232323232323232323232323232323232323232323232323232323232ffc00011080064006403012200021101031101ffc4001f0000010501010101010100000000000000000102030405060708090a0bffc400b5100002010303020403050504040000017d01020300041105122131410613516107227114328191a1082342b1c11552d1f02433627282090a161718191a25262728292a3435363738393a434445464748494a535455565758595a636465666768696a737475767778797a838485868788898a92939495969798999aa2a3a4a5a6a7a8a9aab2b3b4b5b6b7b8b9bac2c3c4c5c6c7c8c9cad2d3d4d5d6d7d8d9dae1e2e3e4e5e6e7e8e9eaf1f2f3f4f5f6f7f8f9faffc4001f0100030101010101010101010000000000000102030405060708090a0bffc400b51100020102040403040705040400010277000102031104052131061241510761711322328108144291a1b1c109233352f0156272d10a162434e125f11718191a262728292a35363738393a434445464748494a535455565758595a636465666768696a737475767778797a82838485868788898a92939495969798999aa2a3a4a5a6a7a8a9aab2b3b4b5b6b7b8b9bac2c3c4c5c6c7c8c9cad2d3d4d5d6d7d8d9dae2e3e4e5e6e7e8e9eaf2f3f4f5f6f7f8f9faffda000c03010002110311003f00f1ca28a2bf713cc0a28a2800a28a2800a28a2800a28a2800a28a2800a28a2800a28a2800a28a2800a28a2800a28a2800a28a2800a28a2800a28a2800a28aec6d342f0fff00c2b56f115e2ea7f6cfb749a7a88678fcbf33c93246e54a676e76a91bb38c907f86b1ad5e34527257bbb6834ae71d457a06b3f0d6d342d46c2c6f7c57a64334b7296d78b2119b7dd187f302862c5392bb9c47ced270a770d5b0f871a569d7fad47ab3dedd59a6873df58de2c0a2393691fbd8ca4e43e01421588c87f982f1bb8a59be11414d4af7d568f5f4bff56d4af6723caa8ab7a9d8cba66a53d9cd0dcc2f1b6025d42619769e54b21276920838c9ebd4f5aa95e9464a49496cc90a28a298828a28a0028a28a0028a28a002af7f6d6abfd95fd95fda77bfd9dff3e9e7b795f7b77dcce3ef73d3af35468a994632b732bd866aa789fc411c76d1a6b9a9ac76b8fb3aaddc8043852a360cfcbf292bc76245324f10eb52ea516a526b1a83dfc4bb23ba6b9732a2f3c07ce40f99b8cf73eb59b4547b0a5bf2afb82ec9279e5b99e49e795e59a562f249231667627249279249ef51d1456895b4420a28a2980514514005145140051451400514514005145140051451400514514005145140051451400514514005145140051451400514514005145140051451400514514005145140051451400514514005145140051451400514514005145140051451401fffd9	IDIR\\MOLLY	2024-09-06 00:38:30	IDIR\\HAGRID	2025-02-01 20:51:53	9	3d35de51-1047-0871-e063-030012ac3b06
117695	17247	CSV_Test_File.jpg	Dummy CSV file	CSV	\\x6373762c6578616d706c652c64617461	IDIR\\MOLLY	2024-01-09 03:06:15	IDIR\\SNAPE	2024-05-26 12:43:34	6	3d35de51-1048-0871-e063-030012ac3b06
117696	1761935	CSV_Test_File.jpg	Dummy CSV file	CSV	\\x6373762c6578616d706c652c64617461	IDIR\\MOLLY	2024-02-19 00:04:44	IDIR\\DOBBY	2025-06-07 02:35:29	3	3d35de51-1049-0871-e063-030012ac3b06
117697	1524010	PDF_Test_File.pdf	Dummy PDF file	PDF	\\x255044462d312e330a25938c8b9e205265706f72744c61622047656e6572617465642050444620646f63756d656e7420687474703a2f2f7777772e7265706f72746c61622e636f6d0a312030206f626a0a3c3c0a2f46312032203020520a3e3e0a656e646f626a0a322030206f626a0a3c3c0a2f42617365466f6e74202f48656c766574696361202f456e636f64696e67202f57696e416e7369456e636f64696e67202f4e616d65202f4631202f53756274797065202f5479706531202f54797065202f466f6e740a3e3e0a656e646f626a0a332030206f626a0a3c3c0a2f436f6e74656e7473203720302052202f4d65646961426f78205b20302030203539352e32373536203834312e38383938205d202f506172656e74203620302052202f5265736f7572636573203c3c0a2f466f6e74203120302052202f50726f63536574205b202f504446202f54657874202f496d61676542202f496d61676543202f496d61676549205d0a3e3e202f526f746174652030202f5472616e73203c3c0a0a3e3e200a20202f54797065202f506167650a3e3e0a656e646f626a0a342030206f626a0a3c3c0a2f506167654d6f6465202f5573654e6f6e65202f5061676573203620302052202f54797065202f436174616c6f670a3e3e0a656e646f626a0a352030206f626a0a3c3c0a2f417574686f722028616e6f6e796d6f757329202f4372656174696f6e446174652028443a32303235303730333137333634362b30302730302729202f43726561746f7220285265706f72744c616220504446204c696272617279202d207777772e7265706f72746c61622e636f6d29202f4b6579776f726473202829202f4d6f64446174652028443a32303235303730333137333634362b30302730302729202f50726f647563657220285265706f72744c616220504446204c696272617279202d207777772e7265706f72746c61622e636f6d29200a20202f5375626a6563742028756e73706563696669656429202f5469746c652028756e7469746c656429202f54726170706564202f46616c73650a3e3e0a656e646f626a0a362030206f626a0a3c3c0a2f436f756e742031202f4b696473205b203320302052205d202f54797065202f50616765730a3e3e0a656e646f626a0a372030206f626a0a3c3c0a2f46696c746572205b202f415343494938354465636f6465202f466c6174654465636f6465205d202f4c656e677468203131360a3e3e0a73747265616d0a476170404430622d4836274c5b3b4747553836543f5c69254038746c227226305a6b3347342d4d474131224c495d4665743b487341692c392724325464326370704b322e416f562d534f4d584a4b5c616c482f5d59222f755a4a245e235e526d2c75274d216b6c744f493f4860542b3b58507e3e656e6473747265616d0a656e646f626a0a787265660a3020380a303030303030303030302036353533352066200a30303030303030303733203030303030206e200a30303030303030313034203030303030206e200a30303030303030323131203030303030206e200a30303030303030343134203030303030206e200a30303030303030343832203030303030206e200a30303030303030373738203030303030206e200a30303030303030383337203030303030206e200a747261696c65720a3c3c0a2f4944200a5b3c35303866333931656130323963393031633163306136343365333463336532323e3c35303866333931656130323963393031633163306136343365333463336532323e5d0a25205265706f72744c61622067656e6572617465642050444620646f63756d656e74202d2d206469676573742028687474703a2f2f7777772e7265706f72746c61622e636f6d290a0a2f496e666f2035203020520a2f526f6f742034203020520a2f53697a6520380a3e3e0a7374617274787265660a313034330a2525454f460a	IDIR\\SIRIUS	2023-10-22 16:11:28	IDIR\\HEDWIG	2024-06-04 13:58:42	3	3d35de51-104a-0871-e063-030012ac3b06
117698	1589595	PDF_Test_File.pdf	Dummy PDF file	PDF	\\x255044462d312e330a25938c8b9e205265706f72744c61622047656e6572617465642050444620646f63756d656e7420687474703a2f2f7777772e7265706f72746c61622e636f6d0a312030206f626a0a3c3c0a2f46312032203020520a3e3e0a656e646f626a0a322030206f626a0a3c3c0a2f42617365466f6e74202f48656c766574696361202f456e636f64696e67202f57696e416e7369456e636f64696e67202f4e616d65202f4631202f53756274797065202f5479706531202f54797065202f466f6e740a3e3e0a656e646f626a0a332030206f626a0a3c3c0a2f436f6e74656e7473203720302052202f4d65646961426f78205b20302030203539352e32373536203834312e38383938205d202f506172656e74203620302052202f5265736f7572636573203c3c0a2f466f6e74203120302052202f50726f63536574205b202f504446202f54657874202f496d61676542202f496d61676543202f496d61676549205d0a3e3e202f526f746174652030202f5472616e73203c3c0a0a3e3e200a20202f54797065202f506167650a3e3e0a656e646f626a0a342030206f626a0a3c3c0a2f506167654d6f6465202f5573654e6f6e65202f5061676573203620302052202f54797065202f436174616c6f670a3e3e0a656e646f626a0a352030206f626a0a3c3c0a2f417574686f722028616e6f6e796d6f757329202f4372656174696f6e446174652028443a32303235303730333137333634362b30302730302729202f43726561746f7220285265706f72744c616220504446204c696272617279202d207777772e7265706f72746c61622e636f6d29202f4b6579776f726473202829202f4d6f64446174652028443a32303235303730333137333634362b30302730302729202f50726f647563657220285265706f72744c616220504446204c696272617279202d207777772e7265706f72746c61622e636f6d29200a20202f5375626a6563742028756e73706563696669656429202f5469746c652028756e7469746c656429202f54726170706564202f46616c73650a3e3e0a656e646f626a0a362030206f626a0a3c3c0a2f436f756e742031202f4b696473205b203320302052205d202f54797065202f50616765730a3e3e0a656e646f626a0a372030206f626a0a3c3c0a2f46696c746572205b202f415343494938354465636f6465202f466c6174654465636f6465205d202f4c656e677468203131360a3e3e0a73747265616d0a476170404430622d4836274c5b3b4747553836543f5c69254038746c227226305a6b3347342d4d474131224c495d4665743b487341692c392724325464326370704b322e416f562d534f4d584a4b5c616c482f5d59222f755a4a245e235e526d2c75274d216b6c744f493f4860542b3b58507e3e656e6473747265616d0a656e646f626a0a787265660a3020380a303030303030303030302036353533352066200a30303030303030303733203030303030206e200a30303030303030313034203030303030206e200a30303030303030323131203030303030206e200a30303030303030343134203030303030206e200a30303030303030343832203030303030206e200a30303030303030373738203030303030206e200a30303030303030383337203030303030206e200a747261696c65720a3c3c0a2f4944200a5b3c35303866333931656130323963393031633163306136343365333463336532323e3c35303866333931656130323963393031633163306136343365333463336532323e5d0a25205265706f72744c61622067656e6572617465642050444620646f63756d656e74202d2d206469676573742028687474703a2f2f7777772e7265706f72746c61622e636f6d290a0a2f496e666f2035203020520a2f526f6f742034203020520a2f53697a6520380a3e3e0a7374617274787265660a313034330a2525454f460a	IDIR\\SIRIUS	2025-03-15 18:12:20	IDIR\\TONKS	2025-01-01 22:29:08	4	3d35de51-104b-0871-e063-030012ac3b06
117699	1725701	PDF_Test_File.pdf	Dummy PDF file	PDF	\\x255044462d312e330a25938c8b9e205265706f72744c61622047656e6572617465642050444620646f63756d656e7420687474703a2f2f7777772e7265706f72746c61622e636f6d0a312030206f626a0a3c3c0a2f46312032203020520a3e3e0a656e646f626a0a322030206f626a0a3c3c0a2f42617365466f6e74202f48656c766574696361202f456e636f64696e67202f57696e416e7369456e636f64696e67202f4e616d65202f4631202f53756274797065202f5479706531202f54797065202f466f6e740a3e3e0a656e646f626a0a332030206f626a0a3c3c0a2f436f6e74656e7473203720302052202f4d65646961426f78205b20302030203539352e32373536203834312e38383938205d202f506172656e74203620302052202f5265736f7572636573203c3c0a2f466f6e74203120302052202f50726f63536574205b202f504446202f54657874202f496d61676542202f496d61676543202f496d61676549205d0a3e3e202f526f746174652030202f5472616e73203c3c0a0a3e3e200a20202f54797065202f506167650a3e3e0a656e646f626a0a342030206f626a0a3c3c0a2f506167654d6f6465202f5573654e6f6e65202f5061676573203620302052202f54797065202f436174616c6f670a3e3e0a656e646f626a0a352030206f626a0a3c3c0a2f417574686f722028616e6f6e796d6f757329202f4372656174696f6e446174652028443a32303235303730333137333634362b30302730302729202f43726561746f7220285265706f72744c616220504446204c696272617279202d207777772e7265706f72746c61622e636f6d29202f4b6579776f726473202829202f4d6f64446174652028443a32303235303730333137333634362b30302730302729202f50726f647563657220285265706f72744c616220504446204c696272617279202d207777772e7265706f72746c61622e636f6d29200a20202f5375626a6563742028756e73706563696669656429202f5469746c652028756e7469746c656429202f54726170706564202f46616c73650a3e3e0a656e646f626a0a362030206f626a0a3c3c0a2f436f756e742031202f4b696473205b203320302052205d202f54797065202f50616765730a3e3e0a656e646f626a0a372030206f626a0a3c3c0a2f46696c746572205b202f415343494938354465636f6465202f466c6174654465636f6465205d202f4c656e677468203131360a3e3e0a73747265616d0a476170404430622d4836274c5b3b4747553836543f5c69254038746c227226305a6b3347342d4d474131224c495d4665743b487341692c392724325464326370704b322e416f562d534f4d584a4b5c616c482f5d59222f755a4a245e235e526d2c75274d216b6c744f493f4860542b3b58507e3e656e6473747265616d0a656e646f626a0a787265660a3020380a303030303030303030302036353533352066200a30303030303030303733203030303030206e200a30303030303030313034203030303030206e200a30303030303030323131203030303030206e200a30303030303030343134203030303030206e200a30303030303030343832203030303030206e200a30303030303030373738203030303030206e200a30303030303030383337203030303030206e200a747261696c65720a3c3c0a2f4944200a5b3c35303866333931656130323963393031633163306136343365333463336532323e3c35303866333931656130323963393031633163306136343365333463336532323e5d0a25205265706f72744c61622067656e6572617465642050444620646f63756d656e74202d2d206469676573742028687474703a2f2f7777772e7265706f72746c61622e636f6d290a0a2f496e666f2035203020520a2f526f6f742034203020520a2f53697a6520380a3e3e0a7374617274787265660a313034330a2525454f460a	IDIR\\SIRIUS	2023-10-18 19:47:47	IDIR\\SNAPE	2023-12-23 00:37:09	8	3d35de51-104c-0871-e063-030012ac3b06
117700	1004185	TXT_Test_File.txt	TXT Test File	TXT	\\x747874	IDIR\\SIRIUS	2025-01-09 01:40:13	IDIR\\LUPIN	2024-02-13 10:22:40	10	3d35de51-104d-0871-e063-030012ac3b06
117701	1541296	TXT_Test_File.txt	TXT Test File	TXT	\\x747874	IDIR\\SIRIUS	2025-04-07 11:43:33	IDIR\\HEDWIG	2025-07-11 13:52:34	3	3d35de51-104e-0871-e063-030012ac3b06
117702	1761935	TXT_Test_File.txt	TXT Test File	TXT	\\x747874	IDIR\\SIRIUS	2025-05-23 17:17:49	IDIR\\SNAPE	2024-10-23 20:26:22	2	3d35de51-104f-0871-e063-030012ac3b06
117703	60000	JPG_Test_File.jpg	Dummy JPG file	JPG	\\xffd8ffe000104a46494600010100000100010000ffdb004300080606070605080707070909080a0c140d0c0b0b0c1912130f141d1a1f1e1d1a1c1c20242e2720222c231c1c2837292c30313434341f27393d38323c2e333432ffdb0043010909090c0b0c180d0d1832211c213232323232323232323232323232323232323232323232323232323232323232323232323232323232323232323232323232ffc00011080064006403012200021101031101ffc4001f0000010501010101010100000000000000000102030405060708090a0bffc400b5100002010303020403050504040000017d01020300041105122131410613516107227114328191a1082342b1c11552d1f02433627282090a161718191a25262728292a3435363738393a434445464748494a535455565758595a636465666768696a737475767778797a838485868788898a92939495969798999aa2a3a4a5a6a7a8a9aab2b3b4b5b6b7b8b9bac2c3c4c5c6c7c8c9cad2d3d4d5d6d7d8d9dae1e2e3e4e5e6e7e8e9eaf1f2f3f4f5f6f7f8f9faffc4001f0100030101010101010101010000000000000102030405060708090a0bffc400b51100020102040403040705040400010277000102031104052131061241510761711322328108144291a1b1c109233352f0156272d10a162434e125f11718191a262728292a35363738393a434445464748494a535455565758595a636465666768696a737475767778797a82838485868788898a92939495969798999aa2a3a4a5a6a7a8a9aab2b3b4b5b6b7b8b9bac2c3c4c5c6c7c8c9cad2d3d4d5d6d7d8d9dae2e3e4e5e6e7e8e9eaf2f3f4f5f6f7f8f9faffda000c03010002110311003f00f1ca28a2bf713cc0a28a2800a28a2800a28a2800a28a2800a28a2800a28a2800a28a2800a28a2800a28a2800a28a2800a28a2800a28a2800a28a2800a28aec6d342f0fff00c2b56f115e2ea7f6cfb749a7a88678fcbf33c93246e54a676e76a91bb38c907f86b1ad5e34527257bbb6834ae71d457a06b3f0d6d342d46c2c6f7c57a64334b7296d78b2119b7dd187f302862c5392bb9c47ced270a770d5b0f871a569d7fad47ab3dedd59a6873df58de2c0a2393691fbd8ca4e43e01421588c87f982f1bb8a59be11414d4af7d568f5f4bff56d4af6723caa8ab7a9d8cba66a53d9cd0dcc2f1b6025d42619769e54b21276920838c9ebd4f5aa95e9464a49496cc90a28a298828a28a0028a28a0028a28a002af7f6d6abfd95fd95fda77bfd9dff3e9e7b795f7b77dcce3ef73d3af35468a994632b732bd866aa789fc411c76d1a6b9a9ac76b8fb3aaddc8043852a360cfcbf292bc76245324f10eb52ea516a526b1a83dfc4bb23ba6b9732a2f3c07ce40f99b8cf73eb59b4547b0a5bf2afb82ec9279e5b99e49e795e59a562f249231667627249279249ef51d1456895b4420a28a2980514514005145140051451400514514005145140051451400514514005145140051451400514514005145140051451400514514005145140051451400514514005145140051451400514514005145140051451400514514005145140051451401fffd9	IDIR\\SIRIUS	2025-06-14 17:25:38	IDIR\\HEDWIG	2024-04-04 08:47:09	10	3d35de51-1050-0871-e063-030012ac3b06
117704	1541296	JPG_Test_File.jpg	Dummy JPG file	JPG	\\xffd8ffe000104a46494600010100000100010000ffdb004300080606070605080707070909080a0c140d0c0b0b0c1912130f141d1a1f1e1d1a1c1c20242e2720222c231c1c2837292c30313434341f27393d38323c2e333432ffdb0043010909090c0b0c180d0d1832211c213232323232323232323232323232323232323232323232323232323232323232323232323232323232323232323232323232ffc00011080064006403012200021101031101ffc4001f0000010501010101010100000000000000000102030405060708090a0bffc400b5100002010303020403050504040000017d01020300041105122131410613516107227114328191a1082342b1c11552d1f02433627282090a161718191a25262728292a3435363738393a434445464748494a535455565758595a636465666768696a737475767778797a838485868788898a92939495969798999aa2a3a4a5a6a7a8a9aab2b3b4b5b6b7b8b9bac2c3c4c5c6c7c8c9cad2d3d4d5d6d7d8d9dae1e2e3e4e5e6e7e8e9eaf1f2f3f4f5f6f7f8f9faffc4001f0100030101010101010101010000000000000102030405060708090a0bffc400b51100020102040403040705040400010277000102031104052131061241510761711322328108144291a1b1c109233352f0156272d10a162434e125f11718191a262728292a35363738393a434445464748494a535455565758595a636465666768696a737475767778797a82838485868788898a92939495969798999aa2a3a4a5a6a7a8a9aab2b3b4b5b6b7b8b9bac2c3c4c5c6c7c8c9cad2d3d4d5d6d7d8d9dae2e3e4e5e6e7e8e9eaf2f3f4f5f6f7f8f9faffda000c03010002110311003f00f1ca28a2bf713cc0a28a2800a28a2800a28a2800a28a2800a28a2800a28a2800a28a2800a28a2800a28a2800a28a2800a28a2800a28a2800a28a2800a28aec6d342f0fff00c2b56f115e2ea7f6cfb749a7a88678fcbf33c93246e54a676e76a91bb38c907f86b1ad5e34527257bbb6834ae71d457a06b3f0d6d342d46c2c6f7c57a64334b7296d78b2119b7dd187f302862c5392bb9c47ced270a770d5b0f871a569d7fad47ab3dedd59a6873df58de2c0a2393691fbd8ca4e43e01421588c87f982f1bb8a59be11414d4af7d568f5f4bff56d4af6723caa8ab7a9d8cba66a53d9cd0dcc2f1b6025d42619769e54b21276920838c9ebd4f5aa95e9464a49496cc90a28a298828a28a0028a28a0028a28a002af7f6d6abfd95fd95fda77bfd9dff3e9e7b795f7b77dcce3ef73d3af35468a994632b732bd866aa789fc411c76d1a6b9a9ac76b8fb3aaddc8043852a360cfcbf292bc76245324f10eb52ea516a526b1a83dfc4bb23ba6b9732a2f3c07ce40f99b8cf73eb59b4547b0a5bf2afb82ec9279e5b99e49e795e59a562f249231667627249279249ef51d1456895b4420a28a2980514514005145140051451400514514005145140051451400514514005145140051451400514514005145140051451400514514005145140051451400514514005145140051451400514514005145140051451400514514005145140051451401fffd9	IDIR\\SIRIUS	2024-06-02 18:13:13	IDIR\\SIRIUS	2024-12-22 00:36:02	10	3d35de51-1051-0871-e063-030012ac3b06
117705	1009974	CSV_Test_File.jpg	Dummy CSV file	CSV	\\x6373762c6578616d706c652c64617461	IDIR\\SIRIUS	2024-06-18 21:58:20	IDIR\\TONKS	2024-09-28 15:28:53	3	3d35de51-1052-0871-e063-030012ac3b06
117706	1092357	CSV_Test_File.jpg	Dummy CSV file	CSV	\\x6373762c6578616d706c652c64617461	IDIR\\SIRIUS	2025-07-01 19:29:39	IDIR\\MOLLY	2024-09-25 01:34:10	3	3d35de51-1053-0871-e063-030012ac3b06
117707	1480130	CSV_Test_File.jpg	Dummy CSV file	CSV	\\x6373762c6578616d706c652c64617461	IDIR\\SIRIUS	2024-04-25 04:14:59	IDIR\\LUPIN	2025-03-03 09:20:58	2	3d35de51-1054-0871-e063-030012ac3b06
117708	1524010	CSV_Test_File.jpg	Dummy CSV file	CSV	\\x6373762c6578616d706c652c64617461	IDIR\\SIRIUS	2024-02-10 07:51:30	IDIR\\HAGRID	2024-12-31 08:39:02	2	3d35de51-1055-0871-e063-030012ac3b06
117709	1777756	CSV_Test_File.jpg	Dummy CSV file	CSV	\\x6373762c6578616d706c652c64617461	IDIR\\SIRIUS	2024-11-17 12:16:01	IDIR\\TONKS	2025-06-03 08:54:30	7	3d35de51-1056-0871-e063-030012ac3b06
117710	1541296	PDF_Test_File.pdf	Dummy PDF file	PDF	\\x255044462d312e330a25938c8b9e205265706f72744c61622047656e6572617465642050444620646f63756d656e7420687474703a2f2f7777772e7265706f72746c61622e636f6d0a312030206f626a0a3c3c0a2f46312032203020520a3e3e0a656e646f626a0a322030206f626a0a3c3c0a2f42617365466f6e74202f48656c766574696361202f456e636f64696e67202f57696e416e7369456e636f64696e67202f4e616d65202f4631202f53756274797065202f5479706531202f54797065202f466f6e740a3e3e0a656e646f626a0a332030206f626a0a3c3c0a2f436f6e74656e7473203720302052202f4d65646961426f78205b20302030203539352e32373536203834312e38383938205d202f506172656e74203620302052202f5265736f7572636573203c3c0a2f466f6e74203120302052202f50726f63536574205b202f504446202f54657874202f496d61676542202f496d61676543202f496d61676549205d0a3e3e202f526f746174652030202f5472616e73203c3c0a0a3e3e200a20202f54797065202f506167650a3e3e0a656e646f626a0a342030206f626a0a3c3c0a2f506167654d6f6465202f5573654e6f6e65202f5061676573203620302052202f54797065202f436174616c6f670a3e3e0a656e646f626a0a352030206f626a0a3c3c0a2f417574686f722028616e6f6e796d6f757329202f4372656174696f6e446174652028443a32303235303730333137333634362b30302730302729202f43726561746f7220285265706f72744c616220504446204c696272617279202d207777772e7265706f72746c61622e636f6d29202f4b6579776f726473202829202f4d6f64446174652028443a32303235303730333137333634362b30302730302729202f50726f647563657220285265706f72744c616220504446204c696272617279202d207777772e7265706f72746c61622e636f6d29200a20202f5375626a6563742028756e73706563696669656429202f5469746c652028756e7469746c656429202f54726170706564202f46616c73650a3e3e0a656e646f626a0a362030206f626a0a3c3c0a2f436f756e742031202f4b696473205b203320302052205d202f54797065202f50616765730a3e3e0a656e646f626a0a372030206f626a0a3c3c0a2f46696c746572205b202f415343494938354465636f6465202f466c6174654465636f6465205d202f4c656e677468203131360a3e3e0a73747265616d0a476170404430622d4836274c5b3b4747553836543f5c69254038746c227226305a6b3347342d4d474131224c495d4665743b487341692c392724325464326370704b322e416f562d534f4d584a4b5c616c482f5d59222f755a4a245e235e526d2c75274d216b6c744f493f4860542b3b58507e3e656e6473747265616d0a656e646f626a0a787265660a3020380a303030303030303030302036353533352066200a30303030303030303733203030303030206e200a30303030303030313034203030303030206e200a30303030303030323131203030303030206e200a30303030303030343134203030303030206e200a30303030303030343832203030303030206e200a30303030303030373738203030303030206e200a30303030303030383337203030303030206e200a747261696c65720a3c3c0a2f4944200a5b3c35303866333931656130323963393031633163306136343365333463336532323e3c35303866333931656130323963393031633163306136343365333463336532323e5d0a25205265706f72744c61622067656e6572617465642050444620646f63756d656e74202d2d206469676573742028687474703a2f2f7777772e7265706f72746c61622e636f6d290a0a2f496e666f2035203020520a2f526f6f742034203020520a2f53697a6520380a3e3e0a7374617274787265660a313034330a2525454f460a	IDIR\\HAGRID	2025-07-16 06:33:50	IDIR\\LUPIN	2024-07-25 00:56:36	1	3d35de51-1057-0871-e063-030012ac3b06
117711	1524010	TXT_Test_File.txt	TXT Test File	TXT	\\x747874	IDIR\\HAGRID	2024-12-20 12:22:00	IDIR\\LUPIN	2024-05-12 10:17:44	4	3d35de51-1058-0871-e063-030012ac3b06
117712	1092357	JPG_Test_File.jpg	Dummy JPG file	JPG	\\xffd8ffe000104a46494600010100000100010000ffdb004300080606070605080707070909080a0c140d0c0b0b0c1912130f141d1a1f1e1d1a1c1c20242e2720222c231c1c2837292c30313434341f27393d38323c2e333432ffdb0043010909090c0b0c180d0d1832211c213232323232323232323232323232323232323232323232323232323232323232323232323232323232323232323232323232ffc00011080064006403012200021101031101ffc4001f0000010501010101010100000000000000000102030405060708090a0bffc400b5100002010303020403050504040000017d01020300041105122131410613516107227114328191a1082342b1c11552d1f02433627282090a161718191a25262728292a3435363738393a434445464748494a535455565758595a636465666768696a737475767778797a838485868788898a92939495969798999aa2a3a4a5a6a7a8a9aab2b3b4b5b6b7b8b9bac2c3c4c5c6c7c8c9cad2d3d4d5d6d7d8d9dae1e2e3e4e5e6e7e8e9eaf1f2f3f4f5f6f7f8f9faffc4001f0100030101010101010101010000000000000102030405060708090a0bffc400b51100020102040403040705040400010277000102031104052131061241510761711322328108144291a1b1c109233352f0156272d10a162434e125f11718191a262728292a35363738393a434445464748494a535455565758595a636465666768696a737475767778797a82838485868788898a92939495969798999aa2a3a4a5a6a7a8a9aab2b3b4b5b6b7b8b9bac2c3c4c5c6c7c8c9cad2d3d4d5d6d7d8d9dae2e3e4e5e6e7e8e9eaf2f3f4f5f6f7f8f9faffda000c03010002110311003f00f1ca28a2bf713cc0a28a2800a28a2800a28a2800a28a2800a28a2800a28a2800a28a2800a28a2800a28a2800a28a2800a28a2800a28a2800a28a2800a28aec6d342f0fff00c2b56f115e2ea7f6cfb749a7a88678fcbf33c93246e54a676e76a91bb38c907f86b1ad5e34527257bbb6834ae71d457a06b3f0d6d342d46c2c6f7c57a64334b7296d78b2119b7dd187f302862c5392bb9c47ced270a770d5b0f871a569d7fad47ab3dedd59a6873df58de2c0a2393691fbd8ca4e43e01421588c87f982f1bb8a59be11414d4af7d568f5f4bff56d4af6723caa8ab7a9d8cba66a53d9cd0dcc2f1b6025d42619769e54b21276920838c9ebd4f5aa95e9464a49496cc90a28a298828a28a0028a28a0028a28a002af7f6d6abfd95fd95fda77bfd9dff3e9e7b795f7b77dcce3ef73d3af35468a994632b732bd866aa789fc411c76d1a6b9a9ac76b8fb3aaddc8043852a360cfcbf292bc76245324f10eb52ea516a526b1a83dfc4bb23ba6b9732a2f3c07ce40f99b8cf73eb59b4547b0a5bf2afb82ec9279e5b99e49e795e59a562f249231667627249279249ef51d1456895b4420a28a2980514514005145140051451400514514005145140051451400514514005145140051451400514514005145140051451400514514005145140051451400514514005145140051451400514514005145140051451400514514005145140051451401fffd9	IDIR\\HAGRID	2024-05-24 16:44:23	IDIR\\LUPIN	2024-07-03 23:15:27	7	3d35de51-1059-0871-e063-030012ac3b06
117713	1524010	JPG_Test_File.jpg	Dummy JPG file	JPG	\\xffd8ffe000104a46494600010100000100010000ffdb004300080606070605080707070909080a0c140d0c0b0b0c1912130f141d1a1f1e1d1a1c1c20242e2720222c231c1c2837292c30313434341f27393d38323c2e333432ffdb0043010909090c0b0c180d0d1832211c213232323232323232323232323232323232323232323232323232323232323232323232323232323232323232323232323232ffc00011080064006403012200021101031101ffc4001f0000010501010101010100000000000000000102030405060708090a0bffc400b5100002010303020403050504040000017d01020300041105122131410613516107227114328191a1082342b1c11552d1f02433627282090a161718191a25262728292a3435363738393a434445464748494a535455565758595a636465666768696a737475767778797a838485868788898a92939495969798999aa2a3a4a5a6a7a8a9aab2b3b4b5b6b7b8b9bac2c3c4c5c6c7c8c9cad2d3d4d5d6d7d8d9dae1e2e3e4e5e6e7e8e9eaf1f2f3f4f5f6f7f8f9faffc4001f0100030101010101010101010000000000000102030405060708090a0bffc400b51100020102040403040705040400010277000102031104052131061241510761711322328108144291a1b1c109233352f0156272d10a162434e125f11718191a262728292a35363738393a434445464748494a535455565758595a636465666768696a737475767778797a82838485868788898a92939495969798999aa2a3a4a5a6a7a8a9aab2b3b4b5b6b7b8b9bac2c3c4c5c6c7c8c9cad2d3d4d5d6d7d8d9dae2e3e4e5e6e7e8e9eaf2f3f4f5f6f7f8f9faffda000c03010002110311003f00f1ca28a2bf713cc0a28a2800a28a2800a28a2800a28a2800a28a2800a28a2800a28a2800a28a2800a28a2800a28a2800a28a2800a28a2800a28a2800a28aec6d342f0fff00c2b56f115e2ea7f6cfb749a7a88678fcbf33c93246e54a676e76a91bb38c907f86b1ad5e34527257bbb6834ae71d457a06b3f0d6d342d46c2c6f7c57a64334b7296d78b2119b7dd187f302862c5392bb9c47ced270a770d5b0f871a569d7fad47ab3dedd59a6873df58de2c0a2393691fbd8ca4e43e01421588c87f982f1bb8a59be11414d4af7d568f5f4bff56d4af6723caa8ab7a9d8cba66a53d9cd0dcc2f1b6025d42619769e54b21276920838c9ebd4f5aa95e9464a49496cc90a28a298828a28a0028a28a0028a28a002af7f6d6abfd95fd95fda77bfd9dff3e9e7b795f7b77dcce3ef73d3af35468a994632b732bd866aa789fc411c76d1a6b9a9ac76b8fb3aaddc8043852a360cfcbf292bc76245324f10eb52ea516a526b1a83dfc4bb23ba6b9732a2f3c07ce40f99b8cf73eb59b4547b0a5bf2afb82ec9279e5b99e49e795e59a562f249231667627249279249ef51d1456895b4420a28a2980514514005145140051451400514514005145140051451400514514005145140051451400514514005145140051451400514514005145140051451400514514005145140051451400514514005145140051451400514514005145140051451401fffd9	IDIR\\HAGRID	2025-07-11 05:52:55	IDIR\\MOLLY	2023-11-28 01:51:00	3	3d35de51-105a-0871-e063-030012ac3b06
117714	1004185	CSV_Test_File.jpg	Dummy CSV file	CSV	\\x6373762c6578616d706c652c64617461	IDIR\\HAGRID	2024-09-13 15:53:44	IDIR\\HAGRID	2024-11-25 23:37:04	4	3d35de51-105b-0871-e063-030012ac3b06
117715	1541296	CSV_Test_File.jpg	Dummy CSV file	CSV	\\x6373762c6578616d706c652c64617461	IDIR\\HAGRID	2025-03-29 06:01:56	IDIR\\LUPIN	2024-08-14 19:28:55	1	3d35de51-105c-0871-e063-030012ac3b06
\.


--
-- Data for Name: opening_comment_link; Type: TABLE DATA; Schema: silva; Owner: postgres
--

COPY silva.opening_comment_link (opening_id, silviculture_comment_id) FROM stdin;
101017	1
1009974	2
1524010	3
\.


--
-- Data for Name: opening_geometry; Type: TABLE DATA; Schema: silva; Owner: postgres
--

COPY silva.opening_geometry (opening_id, geometry, feature_area, feature_perimeter, feature_class_skey, capture_method_code, data_source_code, observation_date, data_quality_comment, entry_userid, entry_timestamp, update_userid, update_timestamp, revision_count) FROM stdin;
\.


--
-- Data for Name: opening_land_status; Type: TABLE DATA; Schema: silva; Owner: postgres
--

COPY silva.opening_land_status (opening_id, opening_land_status_date, np_unn_area, np_nat_area, np_for_area, nsr_npl_area, nsr_nat_area, nsr_pl_area, sr_art_area, sr_nat_area, mat_area, fg_norm_area, nc_br_area, entry_userid, entry_timestamp, update_userid, update_timestamp, revision_count) FROM stdin;
101017	2002-06-03 00:00:00	1.3	0.0	0.0	0.0	0.0	7.9	0.0	7.4	0.0	0.0	0.0	RESULTS_CONV	2003-11-15 18:53:39	RESULTS_CONV	2003-11-15 18:53:39	1
101017	2002-06-04 00:00:00	1.3	0.0	0.0	0.0	0.0	7.9	0.0	7.4	0.0	0.0	0.0	RESULTS_CONV	2003-11-15 18:53:39	RESULTS_CONV	2003-11-15 18:53:39	1
101017	2002-06-11 00:00:00	1.3	0.0	0.0	0.0	0.0	7.9	0.0	7.4	0.0	0.0	0.0	RESULTS_CONV	2003-11-15 18:53:39	RESULTS_CONV	2003-11-15 18:53:39	1
101017	2004-10-01 00:00:01	1.0	0.0	0.0	0.0	0.0	0.0	8.1	7.5	0.0	0.0	0.0	PT12345	2005-08-30 15:08:50	PT12345	2005-08-30 15:08:50	1
101017	2012-05-02 00:00:00	1.0	0.0	0.0	0.0	0.0	0.0	9.1	6.6	0.0	9.0	0.0	BCEID\\ASKYWALKER	2012-05-02 10:41:30	BCEID\\ASKYWALKER	2012-05-02 10:41:30	1
101017	2004-11-29 10:08:00	1.0	0.0	0.0	0.0	0.0	0.0	8.1	7.5	0.0	9.0	0.0	IDIR\\JDOE	2004-11-29 10:08:00	PT#54321	2005-06-23 16:01:15	2
1009974	2004-10-01 00:00:01	2.6	0.0	0.0	0.0	0.0	25.5	0.0	0.0	10.6	0.0	0.0	PT27854	2005-08-30 15:08:50	PT27854	2005-08-30 15:08:50	1
1009974	2005-05-04 15:03:21	2.6	0.0	0.0	0.0	0.0	25.5	0.0	0.0	10.6	0.0	0.0	BCEID\\ASKYWALKER	2005-05-04 15:03:21	PT#26352	2005-06-23 16:01:15	2
1009974	2018-01-26 00:00:00	2.6	0.0	0.0	0.0	0.0	0.0	25.5	0.0	10.7	25.5	0.0	BCEID\\ASKYWALKER	2018-01-26 09:33:01	BCEID\\ASKYWALKER	2018-01-26 09:33:01	1
1009974	2008-09-12 14:02:42	2.6	0.0	0.0	0.0	0.0	0.0	25.5	0.0	10.7	0.0	0.0	BCEID\\ASKYWALKER	2008-09-12 14:02:42	BCEID\\ASKYWALKER	2008-09-12 14:02:42	1
1480130	2012-09-26 00:00:00	1.9	0.0	0.0	0.0	0.0	0.0	18.5	0.0	4.3	0.0	0.0	IDIR\\JDOE	2012-09-26 12:10:14	IDIR\\JDOE	2012-09-26 13:01:37	2
1480130	2025-04-25 00:00:00	0.5	0.0	0.0	0.0	0.0	0.0	2.5	0.0	0.0	0.0	0.0	IDIR\\JDOE	2025-04-25 09:31:55	IDIR\\JDOE	2025-04-25 09:31:55	1
\.


--
-- Data for Name: opening_status_code; Type: TABLE DATA; Schema: silva; Owner: postgres
--

COPY silva.opening_status_code (opening_status_code, description, effective_date, expiry_date, update_timestamp) FROM stdin;
AMG	Amalgamate	2005-04-07 00:00:00	9999-12-31 00:00:00	2015-05-12 09:38:33
FG	Free Growing	2003-04-10 00:00:00	9999-12-31 00:00:00	2015-05-12 09:38:33
AMD	Amended	1905-01-01 00:00:00	9999-12-31 00:00:00	2015-05-12 09:38:33
APP	Approved	1905-01-01 00:00:00	9999-12-31 00:00:00	2015-05-12 09:38:33
DFT	Draft	1905-01-01 00:00:00	9999-12-31 00:00:00	2015-05-12 09:38:33
RET	Retired	2013-10-21 00:00:00	9999-12-31 00:00:00	2015-05-12 09:38:33
RMD	Removed	2006-08-31 00:00:00	2015-05-11 00:00:00	2015-05-12 09:38:33
SUB	Submitted	1905-01-01 00:00:00	9999-12-31 00:00:00	2015-05-12 09:38:33
\.


--
-- Data for Name: org_unit; Type: TABLE DATA; Schema: silva; Owner: postgres
--

COPY silva.org_unit (org_unit_no, org_unit_code, org_unit_name, location_code, area_code, telephone_no, org_level_code, office_name_code, rollup_region_no, rollup_region_code, rollup_dist_no, rollup_dist_code, effective_date, expiry_date, update_timestamp) FROM stdin;
1	DAS	Development Unit	001	778	9999	A	DU	111	1Code	222	22Code	2020-01-01 00:00:00	9999-12-31 00:00:00	2024-09-03 00:00:00
2	TWO	Design Unit	002	002	9999	B	DS	333	3Code	444	44Code	2020-01-01 00:00:00	2022-12-31 00:00:00	2022-12-31 00:00:00
70	HVA	Timber Pricing Branch	070	250	9999	H	VA	12	2Code	23	33Code	1905-01-01 00:00:00	9999-12-31 00:00:00	2011-08-29 15:49:08
10	TSB	Timber Sale Branch	010	100	9999	C	SB	34	9Code	45	10Code	1905-01-01 00:00:00	9999-12-31 00:00:00	2011-08-29 15:49:08
11	TAB	Timber Appraisal Branch	011	110	9999	D	AB	19	4Code	30	55Code	1905-01-01 00:00:00	9999-12-31 00:00:00	2011-08-29 15:49:08
12	TWB	Timber Wood Branch	012	120	9999	E	WB	40	77Code	51	88Code	1905-01-01 00:00:00	9999-12-31 00:00:00	2011-08-29 15:49:08
13	WSB	Wood Sale Branch	013	130	9999	F	WS	724	20Code	835	34Code	1905-01-01 00:00:00	9999-12-31 00:00:00	2011-08-29 15:49:08
14	LSB	Lumber Sale Branch	014	140	9999	G	LS	236	67Code	347	73Code	1905-01-01 00:00:00	9999-12-31 00:00:00	2011-08-29 15:49:08
15	VWC	Victoria Working Center	015	150	9999	I	WC	417	8Code	528	91Code	1905-01-01 00:00:00	9999-12-31 00:00:00	2011-08-29 15:49:08
\.


--
-- Data for Name: payment_method_code; Type: TABLE DATA; Schema: silva; Owner: postgres
--

COPY silva.payment_method_code (payment_method_code, description, effective_date, expiry_date, update_timestamp) FROM stdin;
A	Automatic Invoice	1905-01-01 00:00:00	9999-12-31 00:00:00	2003-11-15 19:05:03
C	Cash	1905-01-01 00:00:00	9999-12-31 00:00:00	2003-11-15 19:05:03
M	Manual Invoice	1905-01-01 00:00:00	9999-12-31 00:00:00	2003-11-15 19:05:03
\.


--
-- Data for Name: planting_rslt; Type: TABLE DATA; Schema: silva; Owner: postgres
--

COPY silva.planting_rslt (activity_treatment_unit_id, results_ind, plant_rslt_seq_no, silv_tree_species_code, number_planted, planted_no_beyond_xfer_limit, bid_price_per_tree, seedlot_number, veg_lot_id, request_skey, item_id, entry_userid, entry_timestamp, update_userid, update_timestamp, revision_count, climate_based_seed_xfer_ind) FROM stdin;
891373	Y	1	FDC	3000	\N	\N	60641	\N	\N	\N	RESULTS_CONV	2003-11-16 08:55:22	MLSEDT	2002-07-30 08:21:18	1	N
891373	Y	2	CW	460	\N	\N	45014	\N	\N	\N	RESULTS_CONV	2003-11-16 08:55:22	MLSEDT	2002-07-30 08:21:18	1	N
1614525	Y	1	FDC	3240	\N	\N	61076	\N	\N	\N	bceid\\tcouillard	2004-06-09 12:49:59	bceid\\tcouillard	2004-06-09 12:49:59	1	N
1806987	Y	1	FDC	140	\N	\N	61071	\N	\N	\N	BCEID\\TCOUILLARD	2006-08-08 11:39:41	BCEID\\TCOUILLARD	2006-08-08 11:39:41	1	N
1806987	Y	2	FDC	110	\N	\N	61076	\N	\N	\N	BCEID\\TCOUILLARD	2006-08-08 11:39:41	BCEID\\TCOUILLARD	2006-08-08 11:39:41	1	N
1915482	Y	1	CW	11890	\N	\N	61101	\N	\N	\N	IDIR\\KASTOUT	2018-10-09 11:29:23	IDIR\\KASTOUT	2018-10-09 11:29:23	1	N
1915482	Y	2	CW	11520	\N	\N	61101	\N	\N	\N	IDIR\\KASTOUT	2018-10-09 11:29:23	IDIR\\KASTOUT	2018-10-09 11:29:23	1	N
3453899	Y	1	PLI	5080	\N	\N	63599	\N	\N	\N	BCEID\\MWERRELL	2017-07-17 13:38:17	BCEID\\MWERRELL	2017-07-17 13:38:17	1	N
3453899	Y	2	SX	3950	\N	\N	63136	\N	\N	\N	BCEID\\MWERRELL	2017-07-17 13:38:17	BCEID\\MWERRELL	2017-07-17 13:38:17	1	N
3657491	Y	1	FDI	8190	\N	\N	63690	\N	484573	A	BCEID\\GGEORGE3	2019-11-07 05:04:22	BCEID\\GGEORGE3	2019-11-07 05:04:22	1	N
3657491	Y	2	LW	12210	12210	\N	63658	\N	484402	A	BCEID\\GGEORGE3	2019-11-07 05:04:22	BCEID\\GGEORGE3	2019-11-07 05:04:22	1	N
3657491	Y	3	PW	20240	\N	\N	63195	\N	482715	A	BCEID\\GGEORGE3	2019-11-07 05:04:22	BCEID\\GGEORGE3	2019-11-07 05:04:22	1	N
4043011	Y	1	LW	2880	\N	\N	63768	\N	\N	\N	BCEID\\LMCVETTY	2023-12-12 12:31:25	BCEID\\LMCVETTY	2023-12-12 12:31:25	1	N
4043011	Y	2	FDI	2835	\N	\N	63887	\N	\N	\N	BCEID\\LMCVETTY	2023-12-12 12:31:25	BCEID\\LMCVETTY	2023-12-12 12:31:25	1	N
4043011	Y	3	PY	3960	\N	\N	53965	\N	\N	\N	BCEID\\LMCVETTY	2023-12-12 12:31:25	BCEID\\LMCVETTY	2023-12-12 12:31:25	1	N
2500695	Y	1	SX	1627	\N	\N	61096	\N	\N	\N	IDIR\\JOASHDOW	2010-11-04 15:31:17	IDIR\\JOASHDOW	2010-11-04 15:31:17	1	N
2500695	Y	2	PLI	116	\N	\N	35669	\N	\N	\N	IDIR\\JOASHDOW	2010-11-04 15:31:17	IDIR\\JOASHDOW	2010-11-04 15:31:17	1	N
2500695	Y	3	SX	71	\N	\N	60777	\N	\N	\N	IDIR\\JOASHDOW	2010-11-04 15:31:17	IDIR\\JOASHDOW	2010-11-04 15:31:17	1	N
2500695	Y	4	PLI	566	\N	\N	14553	\N	\N	\N	IDIR\\JOASHDOW	2010-11-04 15:31:17	IDIR\\JOASHDOW	2010-11-04 15:31:17	1	N
2500695	Y	5	PLI	2127	\N	\N	39217	\N	\N	\N	IDIR\\JOASHDOW	2010-11-04 15:31:17	IDIR\\JOASHDOW	2010-11-04 15:31:17	1	N
2500695	Y	6	PLI	304	\N	\N	48048	\N	\N	\N	IDIR\\JOASHDOW	2010-11-04 15:31:17	IDIR\\JOASHDOW	2010-11-04 15:31:17	1	N
2500695	Y	7	PLI	3444	\N	\N	14728	\N	\N	\N	IDIR\\JOASHDOW	2010-11-04 15:31:17	IDIR\\JOASHDOW	2010-11-04 15:31:17	1	N
2500695	Y	8	PLI	203	\N	\N	14728	\N	\N	\N	IDIR\\JOASHDOW	2010-11-04 15:31:17	IDIR\\JOASHDOW	2010-11-04 15:31:17	1	N
2500695	Y	9	PLI	244	\N	\N	35669	\N	\N	\N	IDIR\\JOASHDOW	2010-11-04 15:31:17	IDIR\\JOASHDOW	2010-11-04 15:31:17	1	N
2500695	Y	10	SX	3433	\N	\N	61096	\N	\N	\N	IDIR\\JOASHDOW	2010-11-04 15:31:17	IDIR\\JOASHDOW	2010-11-04 15:31:17	1	N
2500695	Y	11	PLI	7266	\N	\N	14728	\N	\N	\N	IDIR\\JOASHDOW	2010-11-04 15:31:17	IDIR\\JOASHDOW	2010-11-04 15:31:17	1	N
2500695	Y	12	PLI	427	\N	\N	14728	\N	\N	\N	IDIR\\JOASHDOW	2010-11-04 15:31:17	IDIR\\JOASHDOW	2010-11-04 15:31:17	1	N
2500695	Y	13	PLI	641	\N	\N	48048	\N	\N	\N	IDIR\\JOASHDOW	2010-11-04 15:31:17	IDIR\\JOASHDOW	2010-11-04 15:31:17	1	N
2500695	Y	14	PLI	4488	\N	\N	39217	\N	\N	\N	IDIR\\JOASHDOW	2010-11-04 15:31:17	IDIR\\JOASHDOW	2010-11-04 15:31:17	1	N
2500695	Y	15	PLI	1194	\N	\N	14553	\N	\N	\N	IDIR\\JOASHDOW	2010-11-04 15:31:17	IDIR\\JOASHDOW	2010-11-04 15:31:17	1	N
2500695	Y	16	SX	149	\N	\N	60777	\N	\N	\N	IDIR\\JOASHDOW	2010-11-04 15:31:17	IDIR\\JOASHDOW	2010-11-04 15:31:17	1	N
2162374	Y	1	SX	4877	\N	\N	60751	\N	\N	\N	IDIR\\JOASHDOW	2008-08-22 14:17:32	IDIR\\JOASHDOW	2008-08-22 14:17:32	1	N
2162374	Y	2	PLI	8689	\N	\N	14728	\N	\N	\N	IDIR\\JOASHDOW	2008-08-22 14:17:32	IDIR\\JOASHDOW	2008-08-22 14:17:32	1	N
2162374	Y	3	BL	1889	\N	\N	03409	\N	\N	\N	IDIR\\JOASHDOW	2008-08-22 14:17:32	IDIR\\JOASHDOW	2008-08-22 14:17:32	1	N
2162374	Y	4	SX	18855	\N	\N	60744	\N	\N	\N	IDIR\\JOASHDOW	2008-08-22 14:17:32	IDIR\\JOASHDOW	2008-08-22 14:17:32	1	N
2162374	Y	5	PLI	4528	\N	\N	14728	\N	\N	\N	IDIR\\JOASHDOW	2008-08-22 14:17:32	IDIR\\JOASHDOW	2008-08-22 14:17:32	1	N
2162374	Y	6	SX	15599	\N	\N	60751	\N	\N	\N	IDIR\\JOASHDOW	2008-08-22 14:17:32	IDIR\\JOASHDOW	2008-08-22 14:17:32	1	N
2162374	Y	7	BL	1538	\N	\N	03409	\N	\N	\N	IDIR\\JOASHDOW	2008-08-22 14:17:32	IDIR\\JOASHDOW	2008-08-22 14:17:32	1	N
4104938	Y	1	FDC	7480	\N	\N	64006	\N	\N	\N	IDIR\\CENNIS	2024-07-11 08:24:50	IDIR\\CENNIS	2024-07-11 08:24:50	1	N
4009860	Y	1	FDC	250	\N	\N	63685	\N	\N	\N	BCEID\\ALEXANDRA.VALLEE	2023-06-01 10:39:27	BCEID\\ALEXANDRA.VALLEE	2023-06-01 10:39:27	1	N
3910948	Y	1	PW	500	\N	\N	63468	\N	\N	\N	BCEID\\ANYA.DENNILL	2022-05-07 10:08:55	BCEID\\ANYA.DENNILL	2022-05-07 10:08:55	1	N
3910948	Y	2	FDC	2430	\N	\N	62428	\N	\N	\N	BCEID\\ANYA.DENNILL	2022-05-07 10:08:55	BCEID\\ANYA.DENNILL	2022-05-07 10:08:55	1	N
3910948	Y	3	FDC	18270	\N	\N	62428	\N	\N	\N	BCEID\\ANYA.DENNILL	2022-05-07 10:08:55	BCEID\\ANYA.DENNILL	2022-05-07 10:08:55	1	N
3910948	Y	4	CW	910	\N	\N	63814	\N	\N	\N	BCEID\\ANYA.DENNILL	2022-05-07 10:08:55	BCEID\\ANYA.DENNILL	2022-05-07 10:08:55	1	N
3910948	Y	5	CW	380	\N	\N	63814	\N	\N	\N	BCEID\\ANYA.DENNILL	2022-05-07 10:08:55	BCEID\\ANYA.DENNILL	2022-05-07 10:08:55	1	N
3910948	Y	6	CW	200	\N	\N	63814	\N	\N	\N	BCEID\\ANYA.DENNILL	2022-05-07 10:08:55	BCEID\\ANYA.DENNILL	2022-05-07 10:08:55	1	N
3910948	Y	7	FDC	4460	\N	\N	62432	\N	\N	\N	BCEID\\ANYA.DENNILL	2022-05-07 10:08:55	BCEID\\ANYA.DENNILL	2022-05-07 10:08:55	1	N
4187958	Y	1	CW	120	\N	\N	64099	\N	\N	\N	BCEID\\ALEXANDRA.VALLEE	2025-04-16 10:31:20	BCEID\\ALEXANDRA.VALLEE	2025-04-16 10:31:20	1	Y
2311407	N	1	PLI	970	\N	0.4270	63155	\N	266432	A	IDIR\\CSTEVENS	2011-09-01 14:37:35	IDIR\\CSTEVENS	2011-09-01 14:37:35	1	N
2311407	N	2	SX	4450	\N	0.4270	63121	\N	266434	A	IDIR\\CSTEVENS	2011-09-01 14:37:35	IDIR\\CSTEVENS	2011-09-01 14:37:35	1	N
2311407	Y	1	PLI	970	\N	0.4270	63155	\N	266432	A	IDIR\\CSTEVENS	2011-09-09 11:25:56	IDIR\\CSTEVENS	2011-09-09 11:25:56	1	N
2311407	Y	2	SX	4450	\N	0.4270	63121	\N	266434	A	IDIR\\CSTEVENS	2011-09-09 11:25:56	IDIR\\CSTEVENS	2011-09-09 11:25:56	1	N
2315336	N	1	SX	2296	\N	0.4270	\N	\N	\N	\N	IDIR\\CSTEVENS	2011-05-11 13:59:36	IDIR\\CSTEVENS	2011-05-11 13:59:36	1	N
2315336	N	2	FDI	984	\N	0.4270	\N	\N	\N	\N	IDIR\\CSTEVENS	2011-05-11 13:59:36	IDIR\\CSTEVENS	2011-05-11 13:59:36	1	N
2315336	Y	1	SX	2370	\N	0.4270	63121	\N	266434	A	IDIR\\CSTEVENS	2011-09-06 16:14:24	IDIR\\CSTEVENS	2011-09-06 16:14:24	1	N
2315336	Y	2	PLI	1010	\N	0.4270	63155	\N	266432	A	IDIR\\CSTEVENS	2011-09-06 16:14:24	IDIR\\CSTEVENS	2011-09-06 16:14:24	1	N
2320924	N	1	SX	1000	\N	0.4270	\N	\N	\N	\N	IDIR\\CSTEVENS	2011-05-11 13:58:07	IDIR\\CSTEVENS	2011-05-11 13:58:07	1	N
2320924	Y	1	SX	720	\N	0.4270	63121	\N	266434	A	IDIR\\CSTEVENS	2011-09-06 16:05:23	IDIR\\CSTEVENS	2011-09-06 16:05:23	1	N
777297	Y	1	PLI	36430	\N	\N	39517	\N	\N	\N	RESULTS_CONV	2003-11-16 08:55:17	MLSEDT	2001-02-01 09:43:37	1	N
777297	Y	2	SX	25070	\N	\N	40225	\N	\N	\N	RESULTS_CONV	2003-11-16 08:55:17	MLSEDT	2001-02-01 09:43:38	1	N
777297	Y	3	SX	3885	\N	\N	04723	\N	\N	\N	RESULTS_CONV	2003-11-16 08:55:17	MLSEDT	2001-02-01 09:43:38	1	N
1806985	Y	1	FDC	6150	\N	\N	61071	\N	\N	\N	BCEID\\TCOUILLARD	2006-08-08 11:32:38	BCEID\\TCOUILLARD	2006-08-08 11:32:38	1	N
1806985	Y	2	FDC	5390	\N	\N	61076	\N	\N	\N	BCEID\\TCOUILLARD	2006-08-08 11:32:38	BCEID\\TCOUILLARD	2006-08-08 11:32:38	1	N
1806985	Y	3	CW	285	\N	\N	61100	\N	\N	\N	BCEID\\TCOUILLARD	2006-08-08 11:32:38	BCEID\\TCOUILLARD	2006-08-08 11:32:38	1	N
1806985	Y	4	CW	915	\N	\N	61100	\N	\N	\N	BCEID\\TCOUILLARD	2006-08-08 11:32:38	BCEID\\TCOUILLARD	2006-08-08 11:32:38	1	N
1806986	Y	1	FDC	80	\N	\N	61071	\N	\N	\N	BCEID\\TCOUILLARD	2006-08-08 11:32:38	BCEID\\TCOUILLARD	2006-08-08 11:32:38	1	N
1806986	Y	2	FDC	100	\N	\N	61076	\N	\N	\N	BCEID\\TCOUILLARD	2006-08-08 11:32:38	BCEID\\TCOUILLARD	2006-08-08 11:32:38	1	N
2133320	Y	1	FDC	30	\N	\N	61274	\N	\N	\N	BCEID\\TCOUILLARD	2008-06-02 14:43:31	BCEID\\TCOUILLARD	2008-06-02 14:43:31	1	N
545696	Y	1	PLI	13500	\N	\N	30580	\N	\N	\N	RESULTS_CONV	2003-11-16 08:55:01	BMCLENNA	1999-10-15 13:10:47	1	N
545696	Y	2	PLI	12520	\N	\N	30575	\N	\N	\N	RESULTS_CONV	2003-11-16 08:55:01	BMCLENNA	1999-10-15 13:10:47	1	N
545696	Y	3	PLI	2400	\N	\N	30578	\N	\N	\N	RESULTS_CONV	2003-11-16 08:55:01	BMCLENNA	1999-10-15 13:10:47	1	N
545697	Y	1	PLI	11600	\N	\N	30587	\N	\N	\N	RESULTS_CONV	2003-11-16 08:55:01	BMCLENNA	1999-10-15 13:10:47	1	N
751387	Y	1	PLI	2360	\N	\N	43159	\N	\N	\N	RESULTS_CONV	2003-11-16 08:55:15	BLEWIS	2000-10-20 13:14:24	1	N
\.


--
-- Data for Name: prov_forest_use; Type: TABLE DATA; Schema: silva; Owner: postgres
--

COPY silva.prov_forest_use (forest_file_id, file_status_st, file_status_date, file_type_code, forest_region, bcts_org_unit, sb_funded_ind, district_admin_zone, mgmt_unit_type, mgmt_unit_id, revision_count, entry_userid, entry_timestamp, update_userid, update_timestamp, forest_tenure_guid) FROM stdin;
TFL47	HI	1993-07-07 00:00:00	A02	2	\N	N	\N	T	47	5	L	1991-07-12 19:00:00	IDIR\\ACARLSON	2024-10-09 14:30:08	b994a7ab-1aa2-2408-e053-32b3228e5273
TFL44	HI	1992-04-23 00:00:00	A02	2	\N	N	\N	T	44	9	L	1991-07-12 19:00:00	IDIR\\ASKYWALKER	2024-10-09 14:29:46	b994a7ab-1a9f-2408-e053-32b3228e5273
K1A	HI	2000-07-07 00:00:00	A28	10	\N	N	\N	C	\N	14	JAKETHEDOG	1999-08-30 10:33:26	IDIR\\JAKETHEDOG	2020-05-14 09:24:18	b994a7a8-e909-2408-e053-32b3228e5273
A20212	HI	1982-12-01 00:00:00	A01	14	\N	N	\N	U	13	8	L	1991-07-12 19:00:00	IDIR\\LUFFY	2024-12-30 08:06:09	b994a7a7-212f-2408-e053-32b3228e5273
A77623	HC	2008-07-28 00:00:00	B20	13	12	Y	1	U	01	17	IDIR\\DHAIGH	2005-02-18 08:45:11	&&datafix_userid	2014-06-28 08:49:30	b994a7a7-bc74-2408-e053-32b3228e5273
TA1687	LC	2023-06-26 00:00:00	B20	2	14	Y	CR1	U	48	9	IDIR\\DMSUMNER	2020-11-02 14:22:17	IDIR\\JKENNING	2023-09-27 12:01:10	b994a7ab-4fdf-2408-e053-32b3228e5273
A70881	HC	2010-05-04 00:00:00	A01	11	\N	N	\N	U	14	7	PMADELEY	2002-10-09 13:35:59	&&datafix_userid	2014-06-28 09:01:41	b994a7a7-a4b4-2408-e053-32b3228e5273
A72929	HC	2010-05-04 00:00:00	A01	11	\N	N	\N	U	14	8	JFITZSIM	2003-09-18 11:15:26	&&datafix_userid	2014-06-28 09:01:41	b994a7a7-abd8-2408-e053-32b3228e5273
A13840	HI	1992-02-10 00:00:00	A01	13	\N	N	\N	U	41	2	L	1991-07-12 19:00:00	IDIR\\CRMARSH	2016-10-07 14:48:17	b994a7a7-160b-2408-e053-32b3228e5273
TFL39	HI	1992-07-17 00:00:00	A02	1	\N	N	\N	T	39	3	L	1991-07-12 19:00:00	IDIR\\RYEE	2018-04-27 16:44:23	b43e3e3d-0c86-2ef0-e053-3a54228ef0d3
A18667	HI	1982-11-15 00:00:00	A01	1	\N	N	\N	U	22	7	L	1991-07-12 19:00:00	IDIR\\LEJACKSO	2017-05-17 15:49:11	b994a7a7-1daa-2408-e053-32b3228e5273
\.


--
-- Data for Name: quota_type_code; Type: TABLE DATA; Schema: silva; Owner: postgres
--

COPY silva.quota_type_code (quota_type_code, description, effective_date, expiry_date, update_timestamp) FROM stdin;
A	Normal replaceable AAC	1905-01-01 00:00:00	9999-12-31 00:00:00	2003-11-15 19:05:05
B	Temporary AAC approved by Chief Forester	1905-01-01 00:00:00	9999-12-31 00:00:00	2003-11-15 19:05:05
C	Forest Service Reserve	1905-01-01 00:00:00	9999-12-31 00:00:00	2003-11-15 19:05:05
D	Small Business Apportionment	1905-01-01 00:00:00	9999-12-31 00:00:00	2003-11-15 19:05:05
J	Non-Quota Timber sold in a TSA/TFL, includes salvage or opportunity wood and Private Timber Marks.	1905-01-01 00:00:00	9999-12-31 00:00:00	2003-11-15 19:05:05
K	Undercut from TFLs/FLs (Small Business)	1905-01-01 00:00:00	9999-12-31 00:00:00	2003-11-15 19:05:05
L	Undercut of TFLs/FLs (OTHER) (expired 89 /06/	1905-01-01 00:00:00	9999-12-31 00:00:00	2003-11-15 19:05:05
M	Non-QUOTA, Small Business Only (expired  89/0	1905-01-01 00:00:00	9999-12-31 00:00:00	2003-11-15 19:05:05
O	Opportunity wood (Timber outside net lan d ba	1905-01-01 00:00:00	9999-12-31 00:00:00	2003-11-15 19:05:05
P	Any Timber sale sold under a Pulpwood Ag reem	1905-01-01 00:00:00	9999-12-31 00:00:00	2003-11-15 19:05:05
\.


--
-- Data for Name: reforest_declare_type_code; Type: TABLE DATA; Schema: silva; Owner: postgres
--

COPY silva.reforest_declare_type_code (reforest_declare_type_code, description, effective_date, expiry_date, update_timestamp) FROM stdin;
CON	Coniferous	2006-10-06 00:00:00	9999-12-31 00:00:00	2007-06-02 09:58:55
DEC	Deciduous	2006-10-06 00:00:00	9999-12-31 00:00:00	2007-06-02 09:58:55
MIX	Mix	2006-10-06 00:00:00	9999-12-31 00:00:00	2007-06-02 09:58:55
\.


--
-- Data for Name: request_item; Type: TABLE DATA; Schema: silva; Owner: postgres
--

COPY silva.request_item (request_skey, item_id, standard_workplan_skey, vegetation_code, sample_id, family_lot_number, rqst_sdlngs_rsrvd, rqst_sdlngs_srpls, cone_ind, no_of_containers, no_of_cones, cone_volume, seed_quantity, sample_elevation, shipto_cli_number, shipto_cli_locn_cd, required_by_date, latest_actioned_date, rcmnded_sowing_date, spcfied_sowing_date, tender_number, tender_bid_group, tender_issued_date, assigned_price, nrsry_obligatn_ind, nrsry_cli_number, nrsry_cli_locn_cd, facility_code, extrct_cli_number, extrct_cli_locn_cd, authorization_code, srv_blng_create_ts, sample_loc_desc, interim_storge_loc, authorized_by_prsn, test_approved_userid, test_approved_date, test_update_userid, test_update_timestamp, test_comment, seedlot_qa_test_status_code) FROM stdin;
484573	A	2	\N	\N	\N	0.0	215.0	\N	\N	\N	\N	\N	\N	\N	\N	\N	2018-01-24 00:00:00	2018-03-01 00:00:00	\N	\N	\N	\N	0.00	Y	00163874	00	GH	\N	\N	\N	2018-02-27 05:35:09	\N	\N	\N	\N	\N	\N	\N	\N	\N
482715	A	129295	\N	\N	\N	0.0	50.0	\N	\N	\N	\N	\N	\N	\N	\N	\N	2017-09-28 00:00:00	2018-02-01 00:00:00	\N	\N	\N	\N	0.00	Y	00167120	10	GH	\N	\N	\N	2018-01-24 05:35:08	\N	\N	\N	IDIR\\LKLADE	2017-09-12 00:00:00	IDIR\\LKLADE	2017-09-12 09:55:36	\N	ACT
484402	A	2	\N	\N	\N	0.0	699.8	\N	\N	\N	\N	\N	\N	\N	\N	\N	2018-03-27 00:00:00	2018-05-10 00:00:00	2018-05-02 00:00:00	\N	\N	\N	0.00	Y	00167120	02	GH	\N	\N	\N	2018-04-24 05:35:09	\N	\N	\N	IDIR\\LKLADE	2018-01-04 00:00:00	IDIR\\LKLADE	2018-01-04 15:00:24	\N	ACT
266432	A	3	\N	\N	\N	0.0	56.0	\N	\N	\N	\N	\N	\N	\N	\N	\N	2010-03-14 00:00:00	2010-04-26 00:00:00	\N	2010F	084	\N	17.50	Y	00020589	00	GH	\N	\N	\N	2010-05-04 15:19:28	\N	\N	\N	\N	\N	\N	\N	\N	\N
266434	A	2	\N	\N	\N	0.0	73.6	\N	\N	\N	\N	\N	\N	\N	\N	\N	2010-01-20 00:00:00	2010-02-25 00:00:00	\N	2010E	096	\N	22.30	Y	00150102	11	GH	\N	\N	\N	2010-05-04 15:19:28	\N	\N	\N	\N	\N	\N	\N	\N	\N
\.


--
-- Data for Name: results_audit_action_code; Type: TABLE DATA; Schema: silva; Owner: postgres
--

COPY silva.results_audit_action_code (results_audit_action_code, description, effective_date, expiry_date, update_timestamp) FROM stdin;
UPD	Update	2001-11-19 00:00:00	9999-12-30 00:00:00	2015-05-12 09:40:54
COR	Correction	1905-01-01 00:00:00	9999-12-31 00:00:00	2015-05-12 09:40:54
O	Original	2005-04-01 00:00:00	9999-12-31 00:00:00	2015-05-12 09:40:54
197	Section 197	2010-02-04 00:00:00	9999-12-31 00:00:00	2015-05-12 09:40:54
AMG	Amalgamate	2005-04-07 00:00:00	9999-12-31 00:00:00	2015-05-12 09:40:54
ES	E-submission	2004-06-01 00:00:00	9999-12-31 00:00:00	2015-05-12 09:40:54
MIL	Milestone	2007-08-07 00:00:00	9999-12-31 00:00:00	2015-05-12 09:40:54
MIN	Amended (Minor)	2005-08-01 00:00:00	9999-12-31 00:00:00	2015-05-12 09:40:54
SPA	Site Plan Amendment	2007-08-07 00:00:00	9999-12-31 00:00:00	2015-05-12 09:40:54
VAR	Variation	2004-05-18 00:00:00	9999-12-31 00:00:00	2015-05-12 09:40:54
AMD	Amended	1905-01-01 00:00:00	9999-12-30 00:00:00	2015-05-12 09:40:54
APP	Approved	1905-01-01 00:00:00	9999-12-30 00:00:00	2015-05-12 09:40:54
DEL	Deleted	1905-01-01 00:00:00	9999-12-30 00:00:00	2015-05-12 09:40:54
REJ	Rejected	1905-01-01 00:00:00	9999-12-30 00:00:00	2015-05-12 09:40:54
RET	Retired	2013-10-21 00:00:00	9999-12-31 00:00:00	2015-05-12 09:40:54
RMD	Removed	2006-08-31 00:00:00	2015-05-11 00:00:00	2015-05-12 09:40:54
SUB	Submitted	1905-01-01 00:00:00	9999-12-30 00:00:00	2015-05-12 09:40:54
\.


--
-- Data for Name: results_audit_detail; Type: TABLE DATA; Schema: silva; Owner: postgres
--

COPY silva.results_audit_detail (results_audit_detail_id, results_audit_event_id, business_identifier, table_name, column_name, old_value, new_value, entry_userid, entry_timestamp) FROM stdin;
\.


--
-- Data for Name: results_audit_event; Type: TABLE DATA; Schema: silva; Owner: postgres
--

COPY silva.results_audit_event (results_audit_event_id, opening_id, standards_regime_id, silviculture_project_id, results_audit_action_code, action_date, description, user_id, email_sent_ind, xml_submission_id, opening_amendment_number, entry_userid, entry_timestamp) FROM stdin;
3030357	1589595	\N	\N	APP	2014-02-25 11:17:13	Amalgamation approved: ***Opening amalgamated : Opening ID = 1070808 Opening No. =  93F 072 0.0  901, Admin District = DND, Licensee = 00136467 00, Licence = A70881, Cutting Permit = 001, Timber Mark = AU6001, Cut Block = 083.   ***Opening amalgamated : Opening ID = 1070807 Opening No. =  93F 072 0.0  900, Admin District = DND, Licensee = 00136467 00, Licence = A70881, Cutting Permit = 001, Timber Mark = AU6001, Cut Block = 082.   ***Opening amalgamated : Opening ID = 1070803 Opening No. =  93F 072 0.0  897, Admin District = DND, Licensee = 00136467 00, Licence = A70881, Cutting Permit = 001, Timber Mark = AU6001, Cut Block = 077.   ***Opening amalgamated : Opening ID = 1070802 Opening No. =  93F 072 0.0  967, Admin District = DND, Licensee = 00136467 00, Licence = A70881, Cutting Permit = 001, Timber Mark = AU6001, Cut Block = 076.   ***Opening amalgamated : Opening ID = 1070795 Opening No. =  93F 072 0.0  896, Admin District = DND, Licensee = 00136467 00, Licence = A70881, Cutting Permit = 001, Timber Mark = AU6001, Cut Block = 075.   ***Opening amalgamated : Opening ID = 1070794 Opening No. =  93F 072 0.0  895, Admin District = DND, Licensee = 00136467 00, Licence = A70881, Cutting Permit = 001, Timber Mark = AU6001, Cut Block = 074.   ***Opening amalgamated : Opening ID = 1070793 Opening No. =  93F 072 0.0  894, Admin District = DND, Licensee = 00136467 00, Licence = A70881, Cutting Permit = 001, Timber Mark = AU6001, Cut Block = 073.   ***Opening amalgamated : Opening ID = 1070792 Opening No. =  93F 072 0.0  893, Admin District = DND, Licensee = 00136467 00, Licence = A70881, Cutting Permit = 001, Timber Mark = AU6001, Cut Block = 072.   ***Opening amalgamated : Opening ID = 1070781 Opening No. =  93F 072 0.0  888, Admin District = DND, Licensee = 00136467 00, Licence = A70881, Cutting Permit = 001, Timber Mark = AU6001, Cut Block = 033.   ***Opening amalgamated : Opening ID = 1070780 Opening No. =  93F 072 0.0  887, Admin District = DND, Licensee = 00136467 00	\N	N	\N	\N	IDIR\\CSTEVENS	2014-02-25 11:17:13
3032602	1589595	\N	\N	ES	2014-02-26 10:45:32	Opening ID 1589595 updated	\N	Y	1293417	\N	BCEID\\JPRESTMODA	2014-02-26 10:45:32
3032608	1589595	\N	\N	SPA	2014-02-26 10:46:07	Stocking information modified.	\N	Y	1293417	211	BCEID\\JPRESTMODA	2014-02-26 10:46:07
3032610	1589595	\N	\N	DEL	2014-02-26 10:46:14	Deleting Activity: Activity ID=2262788; Activity Base = PL 	\N	N	\N	\N	BCEID\\JPRESTMODA	2014-02-26 10:46:14
3032611	1589595	\N	\N	DEL	2014-02-26 10:46:24	Deleting Activity: Activity ID=2262808; Activity Base = PL 	\N	N	\N	\N	BCEID\\JPRESTMODA	2014-02-26 10:46:24
3032615	1589595	\N	\N	DEL	2014-02-26 10:46:33	Deleting Activity: Activity ID=2262812; Activity Base = PL 	\N	N	\N	\N	BCEID\\JPRESTMODA	2014-02-26 10:46:33
3032616	1589595	\N	\N	DEL	2014-02-26 10:46:47	Deleting Activity: Activity ID=2262816; Activity Base = PL 	\N	N	\N	\N	BCEID\\JPRESTMODA	2014-02-26 10:46:47
3032617	1589595	\N	\N	DEL	2014-02-26 10:46:54	Deleting Activity: Activity ID=2262820; Activity Base = PL 	\N	N	\N	\N	BCEID\\JPRESTMODA	2014-02-26 10:46:54
3032618	1589595	\N	\N	DEL	2014-02-26 10:47:03	Deleting Activity: Activity ID=2262828; Activity Base = PL 	\N	N	\N	\N	BCEID\\JPRESTMODA	2014-02-26 10:47:03
3032619	1589595	\N	\N	DEL	2014-02-26 10:47:09	Deleting Activity: Activity ID=2262838; Activity Base = PL 	\N	N	\N	\N	BCEID\\JPRESTMODA	2014-02-26 10:47:09
3032620	1589595	\N	\N	DEL	2014-02-26 10:47:17	Deleting Activity: Activity ID=2262843; Activity Base = PL 	\N	N	\N	\N	BCEID\\JPRESTMODA	2014-02-26 10:47:17
3032622	1589595	\N	\N	DEL	2014-02-26 10:47:22	Deleting Activity: Activity ID=2262848; Activity Base = PL 	\N	N	\N	\N	BCEID\\JPRESTMODA	2014-02-26 10:47:22
3032623	1589595	\N	\N	DEL	2014-02-26 10:47:29	Deleting Activity: Activity ID=2262854; Activity Base = PL 	\N	N	\N	\N	BCEID\\JPRESTMODA	2014-02-26 10:47:29
3032625	1589595	\N	\N	UPD	2014-02-26 10:47:50	Opening/related details were modified.	\N	N	\N	\N	BCEID\\JPRESTMODA	2014-02-26 10:47:50
3032626	1589595	\N	\N	DEL	2014-02-26 10:47:58	Deleting Activity: Activity ID=2312112; Activity Base = PL 	\N	N	\N	\N	BCEID\\JPRESTMODA	2014-02-26 10:47:58
3032627	1589595	\N	\N	UPD	2014-02-26 10:48:17	Opening/related details were modified.	\N	N	\N	\N	BCEID\\JPRESTMODA	2014-02-26 10:48:17
3032630	1589595	\N	\N	DEL	2014-02-26 10:48:52	Deleting Activity: Activity ID=2320915; Activity Base = PL 	\N	N	\N	\N	BCEID\\JPRESTMODA	2014-02-26 10:48:52
3032632	1589595	\N	\N	UPD	2014-02-26 10:49:14	Opening/related details were modified.	\N	N	\N	\N	BCEID\\JPRESTMODA	2014-02-26 10:49:14
3032633	1589595	\N	\N	DEL	2014-02-26 10:49:24	Deleting Activity: Activity ID=2320953; Activity Base = PL 	\N	N	\N	\N	BCEID\\JPRESTMODA	2014-02-26 10:49:24
3032651	1589595	\N	\N	UPD	2014-02-26 10:50:37	Opening/related details were modified.	\N	N	\N	\N	BCEID\\JPRESTMODA	2014-02-26 10:50:37
3032652	1589595	\N	\N	DEL	2014-02-26 10:50:47	Deleting Activity: Activity ID=2550848; Activity Base = PL 	\N	N	\N	\N	BCEID\\JPRESTMODA	2014-02-26 10:50:47
3032653	1589595	\N	\N	DEL	2014-02-26 10:50:55	Deleting Activity: Activity ID=2311427; Activity Base = SU 	\N	N	\N	\N	BCEID\\JPRESTMODA	2014-02-26 10:50:55
3032656	1589595	\N	\N	DEL	2014-02-26 10:52:01	Deleting Activity: Activity ID=2262827; Activity Base = SU 	\N	N	\N	\N	BCEID\\JPRESTMODA	2014-02-26 10:52:01
3032657	1589595	\N	\N	DEL	2014-02-26 10:52:06	Deleting Activity: Activity ID=2262837; Activity Base = SU 	\N	N	\N	\N	BCEID\\JPRESTMODA	2014-02-26 10:52:06
3032658	1589595	\N	\N	DEL	2014-02-26 10:52:12	Deleting Activity: Activity ID=2262842; Activity Base = SU 	\N	N	\N	\N	BCEID\\JPRESTMODA	2014-02-26 10:52:12
3032659	1589595	\N	\N	DEL	2014-02-26 10:52:22	Deleting Activity: Activity ID=2262853; Activity Base = SU 	\N	N	\N	\N	BCEID\\JPRESTMODA	2014-02-26 10:52:22
3032660	1589595	\N	\N	DEL	2014-02-26 10:52:32	Deleting Activity: Activity ID=2262815; Activity Base = SU 	\N	N	\N	\N	BCEID\\JPRESTMODA	2014-02-26 10:52:32
3032661	1589595	\N	\N	DEL	2014-02-26 10:52:37	Deleting Activity: Activity ID=2320922; Activity Base = SU 	\N	N	\N	\N	BCEID\\JPRESTMODA	2014-02-26 10:52:37
3032662	1589595	\N	\N	DEL	2014-02-26 10:52:44	Deleting Activity: Activity ID=2320925; Activity Base = SU 	\N	N	\N	\N	BCEID\\JPRESTMODA	2014-02-26 10:52:44
3032663	1589595	\N	\N	DEL	2014-02-26 10:52:51	Deleting Activity: Activity ID=2321232; Activity Base = SU 	\N	N	\N	\N	BCEID\\JPRESTMODA	2014-02-26 10:52:51
3032664	1589595	\N	\N	DEL	2014-02-26 10:52:56	Deleting Activity: Activity ID=2321254; Activity Base = SU 	\N	N	\N	\N	BCEID\\JPRESTMODA	2014-02-26 10:52:56
3032665	1589595	\N	\N	DEL	2014-02-26 10:53:05	Deleting Activity: Activity ID=2262787; Activity Base = SU 	\N	N	\N	\N	BCEID\\JPRESTMODA	2014-02-26 10:53:05
3032666	1589595	\N	\N	DEL	2014-02-26 10:53:09	Deleting Activity: Activity ID=2262811; Activity Base = SU 	\N	N	\N	\N	BCEID\\JPRESTMODA	2014-02-26 10:53:09
3032667	1589595	\N	\N	DEL	2014-02-26 10:53:14	Deleting Activity: Activity ID=2312113; Activity Base = SU 	\N	N	\N	\N	BCEID\\JPRESTMODA	2014-02-26 10:53:14
3032668	1589595	\N	\N	DEL	2014-02-26 10:53:22	Deleting Activity: Activity ID=2315327; Activity Base = SU 	\N	N	\N	\N	BCEID\\JPRESTMODA	2014-02-26 10:53:22
3032669	1589595	\N	\N	DEL	2014-02-26 10:53:27	Deleting Activity: Activity ID=2262850; Activity Base = SU 	\N	N	\N	\N	BCEID\\JPRESTMODA	2014-02-26 10:53:27
3032670	1589595	\N	\N	DEL	2014-02-26 10:53:33	Deleting Activity: Activity ID=2320905; Activity Base = SU 	\N	N	\N	\N	BCEID\\JPRESTMODA	2014-02-26 10:53:33
3032671	1589595	\N	\N	DEL	2014-02-26 10:53:38	Deleting Activity: Activity ID=2315328; Activity Base = SU 	\N	N	\N	\N	BCEID\\JPRESTMODA	2014-02-26 10:53:38
3032680	1589595	\N	\N	DEL	2014-02-26 10:53:46	Deleting Activity: Activity ID=2262856; Activity Base = SU 	\N	N	\N	\N	BCEID\\JPRESTMODA	2014-02-26 10:53:46
3032686	1589595	\N	\N	DEL	2014-02-26 10:53:53	Deleting Activity: Activity ID=2262790; Activity Base = SU 	\N	N	\N	\N	BCEID\\JPRESTMODA	2014-02-26 10:53:53
3032688	1589595	\N	\N	DEL	2014-02-26 10:53:58	Deleting Activity: Activity ID=2315333; Activity Base = SU 	\N	N	\N	\N	BCEID\\JPRESTMODA	2014-02-26 10:53:58
3032690	1589595	\N	\N	DEL	2014-02-26 10:54:13	Deleting Activity: Activity ID=2320923; Activity Base = SU 	\N	N	\N	\N	BCEID\\JPRESTMODA	2014-02-26 10:54:13
3032689	1589595	\N	\N	UPD	2014-02-26 10:54:13	Opening/related details were modified.	\N	N	\N	\N	BCEID\\JPRESTMODA	2014-02-26 10:54:13
3032691	1589595	\N	\N	DEL	2014-02-26 10:54:23	Deleting Activity: Activity ID=2315334; Activity Base = SU 	\N	N	\N	\N	BCEID\\JPRESTMODA	2014-02-26 10:54:23
3032692	1589595	\N	\N	DEL	2014-02-26 10:54:28	Deleting Activity: Activity ID=2262845; Activity Base = SU 	\N	N	\N	\N	BCEID\\JPRESTMODA	2014-02-26 10:54:28
29121	101017	\N	\N	SUB	2004-06-09 12:49:59	Inserting Activity: Activity Id = 1614524, Activity Base = 'PC'	\N	Y	7050	\N	BCEID\\JWICK	2004-06-09 12:49:59
29122	101017	\N	\N	SUB	2004-06-09 12:49:59	Inserting Activity: Activity Id = 1614525, Activity Base = 'PL'	\N	Y	7050	\N	BCEID\\JWICK	2004-06-09 12:49:59
29123	101017	\N	\N	SUB	2004-06-09 12:49:59	Inserting Activity: Activity Id = 1614526, Activity Base = 'SU'	\N	Y	7050	\N	BCEID\\JWICK	2004-06-09 12:49:59
61757	101017	\N	\N	ES	2004-11-29 10:08:00	Forest Cover 1021182	\N	Y	23925	\N	IDIR\\BOWERY	2004-11-29 10:08:00
61758	101017	\N	\N	ES	2004-11-29 10:08:00	Forest Cover 1021183	\N	Y	23925	\N	IDIR\\BOWERY	2004-11-29 10:08:00
61759	101017	\N	\N	ES	2004-11-29 10:08:00	Forest Cover 1021184	\N	Y	23925	\N	IDIR\\BOWERY	2004-11-29 10:08:00
61760	101017	\N	\N	ES	2004-11-29 10:08:00	Forest Cover 1021185	\N	Y	23925	\N	IDIR\\BOWERY	2004-11-29 10:08:00
61761	101017	\N	\N	ES	2004-11-29 10:08:00	Forest Cover 1021186	\N	Y	23925	\N	IDIR\\BOWERY	2004-11-29 10:08:00
61762	101017	\N	\N	ES	2004-11-29 10:08:00	Forest Cover 1021187	\N	Y	23925	\N	IDIR\\BOWERY	2004-11-29 10:08:00
199964	101017	\N	\N	ES	2005-05-18 14:17:38	Inserting Activity: Activity Id = 1688846, Activity Base = 'PL'	\N	Y	73674	\N	BCEID\\JWICK	2005-05-18 14:17:38
1765472	101017	\N	\N	ES	2010-02-01 15:21:35	Inserting Activity: Activity Id = 2394795, Activity Base = 'BR'	\N	Y	788660	\N	BCEID\\JWICK	2010-02-01 15:21:35
277496	101017	\N	\N	ES	2005-08-16 14:09:39	Inserting Activity: Activity Id = 1717514, Activity Base = 'BR'	\N	Y	108276	\N	BCEID\\JWICK	2005-08-16 14:09:39
459780	101017	\N	\N	ES	2006-03-10 13:14:53	Inserting Activity: Activity Id = 1760811, Activity Base = 'SU'	\N	Y	181939	\N	BCEID\\JWICK	2006-03-10 13:14:53
614917	101017	\N	\N	ES	2006-08-08 10:47:37	Inserting Activity: Activity Id = 1806920, Activity Base = 'BR'	\N	Y	245827	\N	BCEID\\JWICK	2006-08-08 10:47:37
615012	101017	\N	\N	ES	2006-08-08 11:39:40	Inserting Activity: Activity Id = 1806987, Activity Base = 'PL'	\N	Y	245854	\N	BCEID\\JWICK	2006-08-08 11:39:40
1316170	101017	\N	\N	ES	2008-12-04 13:27:23	Inserting Activity: Activity Id = 2200184, Activity Base = 'PC'	\N	Y	520772	\N	BCEID\\JWICK	2008-12-04 13:27:23
1316171	101017	\N	\N	ES	2008-12-04 13:27:23	Inserting Activity: Activity Id = 2200185, Activity Base = 'BR'	\N	Y	520772	\N	BCEID\\JWICK	2008-12-04 13:27:23
1316172	101017	\N	\N	ES	2008-12-04 13:27:23	Inserting Activity: Activity Id = 2200186, Activity Base = 'BR'	\N	Y	520772	\N	BCEID\\JWICK	2008-12-04 13:27:23
1316173	101017	\N	\N	ES	2008-12-04 13:27:23	Inserting Activity: Activity Id = 2200187, Activity Base = 'BR'	\N	Y	520772	\N	BCEID\\JWICK	2008-12-04 13:27:23
1765471	101017	\N	\N	ES	2010-02-01 15:21:35	Inserting Activity: Activity Id = 2394794, Activity Base = 'PC'	\N	Y	788660	\N	BCEID\\JWICK	2010-02-01 15:21:35
2499368	101017	\N	\N	ES	2012-05-02 10:41:30	Forest Cover Polygon No. 2 (Id=2648985)	\N	Y	1110983	\N	BCEID\\JWICK	2012-05-02 10:41:30
2066156	101017	\N	\N	ES	2011-01-24 15:49:27	Inserting Activity: Activity Id = 2541614, Activity Base = 'PC'	\N	Y	876882	\N	BCEID\\JWICK	2011-01-24 15:49:27
2066157	101017	\N	\N	ES	2011-01-24 15:49:27	Inserting Activity: Activity Id = 2541615, Activity Base = 'BR'	\N	Y	876882	\N	BCEID\\JWICK	2011-01-24 15:49:27
2193943	101017	\N	\N	ES	2011-05-02 08:39:03	Inserting Activity: Activity Id = 2598871, Activity Base = 'SU'	\N	Y	908604	\N	BCEID\\JWICK	2011-05-02 08:39:03
2464881	101017	\N	\N	ES	2012-03-27 12:55:03	Inserting Activity: Activity Id = 2744529, Activity Base = 'BR'	\N	Y	1101086	\N	BCEID\\JWICK	2012-03-27 12:55:03
2497525	101017	\N	\N	MIL	2012-04-30 14:40:19	Milestone was modified.	\N	N	\N	\N	BCEID\\JWICK	2012-04-30 14:40:19
2497527	101017	\N	\N	MIL	2012-04-30 14:41:30	Milestone was modified.	\N	N	\N	\N	BCEID\\JWICK	2012-04-30 14:41:30
2499365	101017	\N	\N	ES	2012-05-02 10:41:30	Forest Cover Polygon No. A1 (Id=2648982)	\N	Y	1110983	\N	BCEID\\JWICK	2012-05-02 10:41:30
2499366	101017	\N	\N	ES	2012-05-02 10:41:30	Forest Cover Polygon No. B2 (Id=2648983)	\N	Y	1110983	\N	BCEID\\JWICK	2012-05-02 10:41:30
2499367	101017	\N	\N	ES	2012-05-02 10:41:30	Forest Cover Polygon No. 1 (Id=2648984)	\N	Y	1110983	\N	BCEID\\JWICK	2012-05-02 10:41:30
2499369	101017	\N	\N	ES	2012-05-02 10:41:30	Forest Cover Polygon No. 3 (Id=2648986)	\N	Y	1110983	\N	BCEID\\JWICK	2012-05-02 10:41:30
3080031	101017	\N	\N	ES	2014-04-02 11:37:09	Inserting Activity: Activity Id = 3094188, Activity Base = 'PC'	\N	Y	1307933	\N	BCEID\\JWICK	2014-04-02 11:37:09
2544310	101017	\N	\N	ES	2012-07-06 10:24:55	Inserting Activity: Activity Id = 2787017, Activity Base = 'SU'	\N	Y	1127146	\N	BCEID\\JWICK	2012-07-06 10:24:55
2651122	101017	\N	\N	ES	2012-12-21 10:59:21	Inserting Activity: Activity Id = 2871301, Activity Base = 'BR'	\N	Y	1170543	\N	BCEID\\JWICK	2012-12-21 10:59:21
184401	1009974	\N	\N	ES	2005-05-02 15:56:26	Opening: Ministry =  1619	\N	Y	67655	\N	BCEID\\ASKYWALKER	2005-05-02 15:56:26
184402	1009974	36109	\N	ES	2005-05-02 15:56:26	Standard was changed.	\N	N	\N	\N	BCEID\\ASKYWALKER	2005-05-02 15:56:26
184778	1009974	\N	\N	ES	2005-05-02 16:53:21	Opening: Ministry =  1619	\N	Y	67759	\N	BCEID\\ASKYWALKER	2005-05-02 16:53:21
187617	1009974	\N	\N	ES	2005-05-04 15:03:21	Forest Cover 1106510	\N	Y	68609	\N	BCEID\\ASKYWALKER	2005-05-04 15:03:21
184809	1009974	\N	\N	VAR	2005-05-02 16:53:58	Opening/related details were modified.	\N	N	\N	\N	BCEID\\ASKYWALKER	2005-05-02 16:53:58
184831	1009974	\N	\N	ES	2005-05-02 16:56:12	Inserting Activity: Activity Id = 1683934, Activity Base = 'SP'	\N	Y	67773	\N	BCEID\\ASKYWALKER	2005-05-02 16:56:12
187614	1009974	\N	\N	ES	2005-05-04 15:03:21	Creating Disturbance Activity: Activity Id = 1684733	\N	Y	68609	\N	BCEID\\ASKYWALKER	2005-05-04 15:03:21
187615	1009974	\N	\N	ES	2005-05-04 15:03:21	Forest Cover 1106508	\N	Y	68609	\N	BCEID\\ASKYWALKER	2005-05-04 15:03:21
187616	1009974	\N	\N	ES	2005-05-04 15:03:21	Forest Cover 1106509	\N	Y	68609	\N	BCEID\\ASKYWALKER	2005-05-04 15:03:21
187618	1009974	\N	\N	ES	2005-05-04 15:03:21	Forest Cover 1106511	\N	Y	68609	\N	BCEID\\ASKYWALKER	2005-05-04 15:03:21
187619	1009974	\N	\N	ES	2005-05-04 15:03:21	Milestones modified	\N	Y	68609	\N	BCEID\\ASKYWALKER	2005-05-04 15:03:21
3088641	1009974	\N	\N	ES	2014-04-14 10:09:03	Inserting Activity: Activity Id = 3098702, Activity Base = 'SU'	\N	Y	1311633	\N	BCEID\\ASKYWALKER	2014-04-14 10:09:03
187806	1009974	\N	\N	ES	2005-05-04 16:21:21	Opening: Ministry =  1619	\N	Y	68659	\N	BCEID\\ASKYWALKER	2005-05-04 16:21:21
543349	1009974	\N	\N	ES	2006-05-16 08:36:41	Inserting Activity: Activity Id = 1785961, Activity Base = 'SP'	\N	Y	215305	\N	BCEID\\ASKYWALKER	2006-05-16 08:36:41
828298	1009974	\N	\N	ES	2007-05-24 11:33:37	Inserting Activity: Activity Id = 1915482, Activity Base = 'PL'	\N	Y	343491	\N	BCEID\\ASKYWALKER	2007-05-24 11:33:37
1257172	1009974	\N	\N	ES	2008-09-12 14:02:42	Forest Cover Polygon No. X (Id=1860799)	\N	Y	501684	\N	BCEID\\ASKYWALKER	2008-09-12 14:02:42
1257173	1009974	\N	\N	ES	2008-09-12 14:02:42	Forest Cover Polygon No. A (Id=1860800)	\N	Y	501684	\N	BCEID\\ASKYWALKER	2008-09-12 14:02:42
1257174	1009974	\N	\N	ES	2008-09-12 14:02:42	Forest Cover Polygon No. T (Id=1860801)	\N	Y	501684	\N	BCEID\\ASKYWALKER	2008-09-12 14:02:42
1257175	1009974	\N	\N	ES	2008-09-12 14:02:42	Forest Cover Polygon No. W (Id=1860802)	\N	Y	501684	\N	BCEID\\ASKYWALKER	2008-09-12 14:02:42
1257176	1009974	\N	\N	MIL	2008-09-12 14:02:43	Milestone was modified	\N	Y	501684	\N	BCEID\\ASKYWALKER	2008-09-12 14:02:43
3088642	1009974	\N	\N	ES	2014-04-14 10:09:03	Inserting Activity: Activity Id = 3098703, Activity Base = 'SU'	\N	Y	1311633	\N	BCEID\\ASKYWALKER	2014-04-14 10:09:03
4097410	1009974	\N	\N	MIL	2018-01-26 09:33:01	Milestone was modified	\N	Y	1738903	\N	BCEID\\ASKYWALKER	2018-01-26 09:33:02
4097405	1009974	\N	\N	ES	2018-01-26 09:33:00	Inserting Activity: Activity Id = 3499621, Activity Base = 'SU'	\N	Y	1738902	\N	BCEID\\ASKYWALKER	2018-01-26 09:33:00
4097406	1009974	\N	\N	ES	2018-01-26 09:33:01	Forest Cover Polygon No. X (Id=3679043)	\N	Y	1738903	\N	BCEID\\ASKYWALKER	2018-01-26 09:33:01
4097407	1009974	\N	\N	ES	2018-01-26 09:33:01	Forest Cover Polygon No. T (Id=3679044)	\N	Y	1738903	\N	BCEID\\ASKYWALKER	2018-01-26 09:33:01
4097408	1009974	\N	\N	ES	2018-01-26 09:33:01	Forest Cover Polygon No. W (Id=3679045)	\N	Y	1738903	\N	BCEID\\ASKYWALKER	2018-01-26 09:33:01
4097409	1009974	\N	\N	ES	2018-01-26 09:33:01	Forest Cover Polygon No. A (Id=3679046)	\N	Y	1738903	\N	BCEID\\ASKYWALKER	2018-01-26 09:33:01
4265454	1009974	\N	\N	UPD	2018-10-09 11:29:23	Opening/related details were modified.	\N	N	\N	\N	IDIR\\OKENOBI	2018-10-09 11:29:23
1	101017	\N	\N	SUB	2024-01-20 00:00:00	Forest Cover 0000000	\N	Y	101	101	TEST\\OTTOMATED	2024-01-20 00:00:00
2787569	1524010	\N	\N	UPD	2013-03-27 11:30:13	Opening/Tenure Online Entry	\N	N	\N	\N	IDIR\\JDOE	2013-03-27 11:30:13
2787583	1524010	\N	\N	UPD	2013-03-27 11:31:45	Opening/Tenure Online Entry	\N	N	\N	\N	IDIR\\JDOE	2013-03-27 11:31:45
2787596	1524010	\N	\N	UPD	2013-03-27 11:33:25	Opening/related details were modified.	\N	N	\N	\N	IDIR\\JDOE	2013-03-27 11:33:25
2787728	1524010	\N	\N	ES	2013-03-27 12:00:33	Inserting Activity: Activity Id = 2930470, Activity Base = 'JS'	\N	Y	1207120	\N	IDIR\\JDOE	2013-03-27 12:00:33
2787731	1524010	\N	\N	ES	2013-03-27 12:00:43	Inserting Activity: Activity Id = 2930474, Activity Base = 'JS'	\N	Y	1207123	\N	IDIR\\JDOE	2013-03-27 12:00:43
3510571	1524010	\N	\N	UPD	2016-01-13 14:00:33	Opening/related details were modified.	\N	N	\N	\N	IDIR\\MTTOMATED	2016-01-13 14:00:33
2787886	1524010	\N	\N	UPD	2013-03-27 12:26:16	Opening/related details were modified.	\N	N	\N	\N	IDIR\\JDOE	2013-03-27 12:26:16
2787928	1524010	\N	\N	ES	2013-03-27 12:36:22	Opening ID 1524010 updated	\N	Y	1207177	\N	IDIR\\JDOE	2013-03-27 12:36:22
2787929	1524010	\N	\N	ES	2013-03-27 12:36:26	Forest Cover Polygon No. A (Id=2867527)	\N	Y	1207178	\N	IDIR\\JDOE	2013-03-27 12:36:26
2787930	1524010	\N	\N	ES	2013-03-27 12:36:26	Forest Cover Polygon No. B (Id=2867528)	\N	Y	1207178	\N	IDIR\\JDOE	2013-03-27 12:36:26
3510575	1524010	\N	\N	UPD	2016-01-13 14:01:09	Opening/related details were modified.	\N	N	\N	\N	IDIR\\MTTOMATED	2016-01-13 14:01:09
3517612	1524010	\N	\N	UPD	2016-01-19 13:42:26	Opening/related details were modified.	\N	N	\N	\N	IDIR\\PANAMERICAN	2016-01-19 13:42:26
2856895	1541296	\N	\N	ES	2013-05-31 11:26:50	Opening ID 1541296 created	\N	Y	1228545	\N	BCEID\\OTWIST	2013-05-31 11:26:50
2856896	1541296	1010949	\N	ES	2013-05-31 11:26:50	Standard was changed	\N	Y	1228545	\N	BCEID\\OTWIST	2013-05-31 11:26:50
2856958	1541296	\N	\N	ES	2013-05-31 11:37:47	Creating Disturbance Activity: Activity Id = 2963894	\N	Y	1228561	\N	BCEID\\OTWIST	2013-05-31 11:37:47
2857791	1541296	\N	\N	MIL	2013-05-31 14:41:09	Milestone was modified	\N	Y	1228929	\N	BCEID\\JWALKER	2013-05-31 14:41:09
2862260	1541296	\N	\N	ES	2013-06-06 13:13:24	Forest Cover Polygon No. K1A_EEE_883_RS1 (Id=2914633)	\N	Y	1230607	\N	BCEID\\OTWIST	2013-06-06 13:13:24
2862261	1541296	\N	\N	ES	2013-06-06 13:13:24	Forest Cover Polygon No. K1A_EEE_883_1 (Id=2914634)	\N	Y	1230607	\N	BCEID\\OTWIST	2013-06-06 13:13:24
2862262	1541296	\N	\N	ES	2013-06-06 13:13:24	Forest Cover Polygon No. K1A_EEE_883_R (Id=2914635)	\N	Y	1230607	\N	BCEID\\OTWIST	2013-06-06 13:13:24
2895408	1541296	\N	\N	ES	2013-08-27 08:40:18	Opening ID 1541296 updated	\N	Y	1246451	\N	BCEID\\OTWIST	2013-08-27 08:40:18
2895409	1541296	\N	\N	VAR	2013-08-27 08:40:18	Stocking information modified.	\N	Y	1246451	\N	BCEID\\OTWIST	2013-08-27 08:40:18
3963138	1541296	\N	\N	ES	2017-07-17 13:38:17	Inserting Activity: Activity Id = 3453899, Activity Base = 'PL'	\N	Y	1684259	\N	BCEID\\OTWIST	2017-07-17 13:38:17
4019981	1541296	\N	\N	ES	2017-11-15 09:00:46	Forest Cover Polygon No. RS1 (Id=3633916)	\N	Y	1717299	\N	BCEID\\OTWIST	2017-11-15 09:00:46
4019982	1541296	\N	\N	ES	2017-11-15 09:00:46	Forest Cover Polygon No. 1 (Id=3633917)	\N	Y	1717299	\N	BCEID\\OTWIST	2017-11-15 09:00:46
4019983	1541296	\N	\N	ES	2017-11-15 09:00:46	Forest Cover Polygon No. R (Id=3633918)	\N	Y	1717299	\N	BCEID\\OTWIST	2017-11-15 09:00:46
4020607	1541296	\N	\N	ES	2017-11-15 15:57:45	Forest Cover Polygon No. RS1 (Id=3634219)	\N	Y	1717504	\N	BCEID\\OTWIST	2017-11-15 15:57:45
4020608	1541296	\N	\N	ES	2017-11-15 15:57:45	Forest Cover Polygon No. 1 (Id=3634220)	\N	Y	1717504	\N	BCEID\\OTWIST	2017-11-15 15:57:45
4020609	1541296	\N	\N	ES	2017-11-15 15:57:45	Forest Cover Polygon No. R (Id=3634221)	\N	Y	1717504	\N	BCEID\\OTWIST	2017-11-15 15:57:45
4021288	1541296	\N	\N	MIL	2017-11-16 11:35:43	Milestone was modified	\N	Y	1717697	\N	BCEID\\MBRANDOS	2017-11-16 11:35:43
4601567	1541296	\N	\N	ES	2020-01-08 14:39:11	Inserting Activity: Activity Id = 3679696, Activity Base = 'SU'	\N	Y	1931429	\N	BCEID\\MBRANDOS	2020-01-08 14:39:11
5073307	1541296	\N	\N	ES	2021-12-07 15:30:44	Inserting Activity: Activity Id = 3858309, Activity Base = 'SU'	\N	Y	2102053	\N	BCEID\\ALOBSTER	2021-12-07 15:30:44
4545277	1725701	\N	\N	ES	2019-11-06 16:41:23	Opening ID 1725701 created	\N	Y	1914074	\N	BCEID\\JTHOMPSON16	2019-11-06 16:41:23
4545278	1725701	18056	\N	ES	2019-11-06 16:41:23	Standard was changed	\N	Y	1914074	\N	BCEID\\JTHOMPSON16	2019-11-06 16:41:23
4545279	1725701	18056	\N	ES	2019-11-06 16:41:23	Standard was changed	\N	Y	1914074	\N	BCEID\\JTHOMPSON16	2019-11-06 16:41:23
4545280	1725701	18056	\N	ES	2019-11-06 16:41:23	Standard was changed	\N	Y	1914074	\N	BCEID\\JTHOMPSON16	2019-11-06 16:41:23
4545281	1725701	\N	\N	ES	2019-11-06 16:41:24	Creating Disturbance Activity: Activity Id = 3657405	\N	Y	1914074	\N	BCEID\\JTHOMPSON16	2019-11-06 16:41:24
4545282	1725701	\N	\N	ES	2019-11-06 16:41:24	Creating Disturbance Activity: Activity Id = 3657406	\N	Y	1914074	\N	BCEID\\JTHOMPSON16	2019-11-06 16:41:24
4545283	1725701	\N	\N	ES	2019-11-06 16:41:24	Creating Disturbance Activity: Activity Id = 3657407	\N	Y	1914074	\N	BCEID\\JTHOMPSON16	2019-11-06 16:41:24
4545284	1725701	\N	\N	ES	2019-11-06 16:41:25	Forest Cover Polygon No. A (Id=3916894)	\N	Y	1914074	\N	BCEID\\JTHOMPSON16	2019-11-06 16:41:25
4545285	1725701	\N	\N	ES	2019-11-06 16:41:25	Forest Cover Polygon No. B (Id=3916895)	\N	Y	1914074	\N	BCEID\\JTHOMPSON16	2019-11-06 16:41:25
4545286	1725701	\N	\N	ES	2019-11-06 16:41:25	Forest Cover Polygon No. C (Id=3916896)	\N	Y	1914074	\N	BCEID\\JTHOMPSON16	2019-11-06 16:41:25
4545287	1725701	\N	\N	ES	2019-11-06 16:41:25	Forest Cover Polygon No. W1 (Id=3916897)	\N	Y	1914074	\N	BCEID\\JTHOMPSON16	2019-11-06 16:41:25
4545288	1725701	\N	\N	ES	2019-11-06 16:41:25	Forest Cover Polygon No. W2 (Id=3916898)	\N	Y	1914074	\N	BCEID\\JTHOMPSON16	2019-11-06 16:41:25
4545289	1725701	\N	\N	ES	2019-11-06 16:41:25	Forest Cover Polygon No. W3 (Id=3916899)	\N	Y	1914074	\N	BCEID\\JTHOMPSON16	2019-11-06 16:41:25
4545290	1725701	\N	\N	ES	2019-11-06 16:41:25	Forest Cover Polygon No. W4 (Id=3916900)	\N	Y	1914074	\N	BCEID\\JTHOMPSON16	2019-11-06 16:41:25
4545291	1725701	\N	\N	ES	2019-11-06 16:41:25	Forest Cover Polygon No. W5 (Id=3916901)	\N	Y	1914074	\N	BCEID\\JTHOMPSON16	2019-11-06 16:41:25
4545292	1725701	\N	\N	ES	2019-11-06 16:41:25	Forest Cover Polygon No. W6 (Id=3916902)	\N	Y	1914074	\N	BCEID\\JTHOMPSON16	2019-11-06 16:41:25
4545293	1725701	\N	\N	ES	2019-11-06 16:41:25	Forest Cover Polygon No. W7 (Id=3916903)	\N	Y	1914074	\N	BCEID\\JTHOMPSON16	2019-11-06 16:41:25
4545294	1725701	\N	\N	ES	2019-11-06 16:41:25	Forest Cover Polygon No. W8 (Id=3916904)	\N	Y	1914074	\N	BCEID\\JTHOMPSON16	2019-11-06 16:41:25
4545295	1725701	\N	\N	ES	2019-11-06 16:41:25	Forest Cover Polygon No. W9 (Id=3916905)	\N	Y	1914074	\N	BCEID\\JTHOMPSON16	2019-11-06 16:41:25
4545296	1725701	\N	\N	ES	2019-11-06 16:41:25	Forest Cover Polygon No. Z (Id=3916906)	\N	Y	1914074	\N	BCEID\\JTHOMPSON16	2019-11-06 16:41:25
4545297	1725701	\N	\N	MIL	2019-11-06 16:41:25	Milestone was modified	\N	Y	1914074	\N	BCEID\\JTHOMPSON16	2019-11-06 16:41:25
4545310	1725701	\N	\N	MIL	2019-11-06 16:46:41	Milestone was modified.	\N	N	\N	\N	BCEID\\JTHOMPSON16	2019-11-06 16:46:41
4545319	1725701	\N	\N	MIL	2019-11-06 16:46:59	Milestone was modified.	\N	N	\N	\N	BCEID\\JTHOMPSON16	2019-11-06 16:46:59
4545328	1725701	\N	\N	MIL	2019-11-06 16:47:16	Milestone was modified.	\N	N	\N	\N	BCEID\\JTHOMPSON16	2019-11-06 16:47:16
4545447	1725701	\N	\N	UPD	2019-11-07 05:04:22	Opening/related details were modified.	\N	N	\N	\N	BCEID\\GGEORGE3	2019-11-07 05:04:22
5546851	1725701	\N	\N	ES	2023-12-12 12:31:25	Inserting Activity: Activity Id = 4043011, Activity Base = 'PL'	\N	Y	2301602	\N	BCEID\\LMCVETTY	2023-12-12 12:31:25
694110	1092357	\N	\N	ES	2006-12-22 10:11:09	Opening ID 1092357 created	\N	Y	289407	\N	IDIR\\KADUFFY	2006-12-22 10:11:09
862958	1092357	\N	\N	ES	2007-07-23 09:36:43	Creating Disturbance Activity: Activity Id = 1937230	\N	Y	360843	\N	IDIR\\SMSWITZE	2007-07-23 09:36:43
862959	1092357	\N	\N	ES	2007-07-23 09:36:43	Creating Disturbance Activity: Activity Id = 1937231	\N	Y	360843	\N	IDIR\\SMSWITZE	2007-07-23 09:36:43
862960	1092357	\N	\N	ES	2007-07-23 09:36:43	Forest Cover Polygon No. Z (Id=1580406)	\N	Y	360843	\N	IDIR\\SMSWITZE	2007-07-23 09:36:43
862961	1092357	\N	\N	ES	2007-07-23 09:36:43	Forest Cover Polygon No. W (Id=1580407)	\N	Y	360843	\N	IDIR\\SMSWITZE	2007-07-23 09:36:43
862962	1092357	\N	\N	ES	2007-07-23 09:36:43	Forest Cover Polygon No. 2a (Id=1580408)	\N	Y	360843	\N	IDIR\\SMSWITZE	2007-07-23 09:36:43
862963	1092357	\N	\N	ES	2007-07-23 09:36:43	Forest Cover Polygon No. 1a (Id=1580409)	\N	Y	360843	\N	IDIR\\SMSWITZE	2007-07-23 09:36:43
862964	1092357	\N	\N	ES	2007-07-23 09:36:43	Milestones modified	\N	Y	360843	\N	IDIR\\SMSWITZE	2007-07-23 09:36:43
986554	1092357	\N	\N	UPD	2007-11-20 15:09:15	Opening/Tenure Online Entry	\N	N	\N	\N	IDIR\\JOASHDOW	2007-11-20 15:09:15
1182888	1092357	\N	\N	ES	2008-05-22 14:57:34	Inserting Activity: Activity Id = 2126635, Activity Base = 'SU'	\N	Y	473612	\N	IDIR\\JOASHDOW	2008-05-22 14:57:34
1183216	1092357	\N	\N	VAR	2008-05-22 15:55:12	Opening/related details were modified.	\N	N	\N	\N	IDIR\\SMSWITZE	2008-05-22 15:55:12
1244565	1092357	\N	\N	ES	2008-08-22 14:17:32	Inserting Activity: Activity Id = 2162373, Activity Base = 'SU'	\N	Y	497605	\N	IDIR\\JOASHDOW	2008-08-22 14:17:32
1244566	1092357	\N	\N	ES	2008-08-22 14:17:32	Inserting Activity: Activity Id = 2162374, Activity Base = 'PL'	\N	Y	497605	\N	IDIR\\JOASHDOW	2008-08-22 14:17:32
1244567	1092357	\N	\N	ES	2008-08-22 14:17:35	Forest Cover Polygon No. 1a (Id=1852020)	\N	Y	497605	\N	IDIR\\JOASHDOW	2008-08-22 14:17:35
1244568	1092357	\N	\N	ES	2008-08-22 14:17:35	Forest Cover Polygon No. 2a (Id=1852021)	\N	Y	497605	\N	IDIR\\JOASHDOW	2008-08-22 14:17:35
1244569	1092357	\N	\N	ES	2008-08-22 14:17:35	Forest Cover Polygon No. PAS (Id=1852022)	\N	Y	497605	\N	IDIR\\JOASHDOW	2008-08-22 14:17:35
1244570	1092357	\N	\N	ES	2008-08-22 14:17:35	Forest Cover Polygon No. WTP (Id=1852023)	\N	Y	497605	\N	IDIR\\JOASHDOW	2008-08-22 14:17:35
1254468	1092357	\N	\N	MIL	2008-09-09 14:03:30	Milestone was modified	\N	Y	500862	\N	IDIR\\SMSWITZE	2008-09-09 14:03:30
1673034	1092357	\N	\N	ES	2009-11-04 10:30:44	Inserting Activity: Activity Id = 2350866, Activity Base = 'SU'	\N	Y	737018	\N	IDIR\\JOASHDOW	2009-11-04 10:30:44
1673035	1092357	\N	\N	ES	2009-11-04 10:30:48	Forest Cover Polygon No. 1a (Id=2090237)	\N	Y	737018	\N	IDIR\\JOASHDOW	2009-11-04 10:30:48
1673036	1092357	\N	\N	ES	2009-11-04 10:30:48	Forest Cover Polygon No. 2a (Id=2090238)	\N	Y	737018	\N	IDIR\\JOASHDOW	2009-11-04 10:30:48
1673037	1092357	\N	\N	ES	2009-11-04 10:30:48	Forest Cover Polygon No. 2b (Id=2090239)	\N	Y	737018	\N	IDIR\\JOASHDOW	2009-11-04 10:30:48
1673038	1092357	\N	\N	ES	2009-11-04 10:30:48	Forest Cover Polygon No. WTP (Id=2090240)	\N	Y	737018	\N	IDIR\\JOASHDOW	2009-11-04 10:30:48
1673039	1092357	\N	\N	ES	2009-11-04 10:30:48	Forest Cover Polygon No. PAS (Id=2090241)	\N	Y	737018	\N	IDIR\\JOASHDOW	2009-11-04 10:30:48
1993819	1092357	\N	\N	ES	2010-10-25 12:53:15	Forest Cover Polygon No. 1a (Id=2289820)	\N	Y	853898	\N	IDIR\\JOASHDOW	2010-10-25 12:53:15
1993820	1092357	\N	\N	ES	2010-10-25 12:53:15	Forest Cover Polygon No. 2a (Id=2289821)	\N	Y	853898	\N	IDIR\\JOASHDOW	2010-10-25 12:53:15
1993821	1092357	\N	\N	ES	2010-10-25 12:53:15	Forest Cover Polygon No. 2b (Id=2289822)	\N	Y	853898	\N	IDIR\\JOASHDOW	2010-10-25 12:53:15
1993822	1092357	\N	\N	ES	2010-10-25 12:53:15	Forest Cover Polygon No. WTP (Id=2289823)	\N	Y	853898	\N	IDIR\\JOASHDOW	2010-10-25 12:53:15
1993823	1092357	\N	\N	ES	2010-10-25 12:53:15	Forest Cover Polygon No. PAS (Id=2289824)	\N	Y	853898	\N	IDIR\\JOASHDOW	2010-10-25 12:53:15
1999982	1092357	\N	\N	ES	2010-11-04 15:31:17	Inserting Activity: Activity Id = 2500695, Activity Base = 'PL'	\N	Y	856621	\N	IDIR\\JOASHDOW	2010-11-04 15:31:17
1999983	1092357	\N	\N	ES	2010-11-04 15:31:17	Inserting Activity: Activity Id = 2500696, Activity Base = 'SU'	\N	Y	856621	\N	IDIR\\JOASHDOW	2010-11-04 15:31:17
2362914	1092357	\N	\N	MIL	2012-01-26 15:18:00	Opening/related details were modified.	\N	N	\N	\N	IDIR\\KCSMITH	2012-01-26 15:18:00
2362913	1092357	\N	\N	UPD	2012-01-26 15:18:00	Opening/Tenure Online Entry	\N	N	\N	\N	IDIR\\KCSMITH	2012-01-26 15:18:00
2362915	1092357	\N	\N	MIL	2012-01-26 15:18:01	Opening/related details were modified.	\N	N	\N	\N	IDIR\\KCSMITH	2012-01-26 15:18:01
2370391	1092357	\N	\N	MIL	2012-02-01 11:57:47	Milestone was modified.	\N	N	\N	\N	IDIR\\KCSMITH	2012-02-01 11:57:47
2370392	1092357	\N	\N	MIL	2012-02-01 11:57:47	Milestone was undeclared.  SU:1  SSID:1153275  SMTC:RG No silviculture obligation for this block as it is wholly within the no harvest zone of the new GAR order-Mountain Caribou UWR #U-4-012, 4-013, and 4-014 effective Feb. 12, and 19, 2009. The new prioritiy within this UWR is now to maintain caribou habitat rather than to provide for future harvesting opportunities. Pursuant to Sect. 29 and Part 11 of the Forest and Range Practices Act (FRPA) there is no requirement to establish a free growing stand for  the block.\\nInitiated by Kathy Smith, DM letter of approval attached (July 28, 2011) \\nRob Borhi- RPF. February 1, 2012	\N	N	\N	\N	IDIR\\KCSMITH	2012-02-01 11:57:47
2370393	1092357	\N	\N	MIL	2012-02-01 11:57:59	Milestone was modified.	\N	N	\N	\N	IDIR\\KCSMITH	2012-02-01 11:57:59
2370394	1092357	\N	\N	MIL	2012-02-01 11:57:59	Milestone was undeclared.  SU:2  SSID:1153274  SMTC:RG No silviculture obligation for this block as it is wholly within the no harvest zone of the new GAR order-Mountain Caribou UWR #U-4-012, 4-013, and 4-014 effective Feb. 12, and 19, 2009. The new prioritiy within this UWR is now to maintain caribou habitat rather than to provide for future harvesting opportunities. Pursuant to Sect. 29 and Part 11 of the Forest and Range Practices Act (FRPA) there is no requirement to establish a free growing stand for  the block.\\nInitiated by Kathy Smith, DM letter of approval attached (July 28, 2011)\\nRob Borhi- RPF. February 1, 2012	\N	N	\N	\N	IDIR\\KCSMITH	2012-02-01 11:57:59
2370397	1092357	\N	\N	MIL	2012-02-01 11:58:40	Milestone was modified.	\N	N	\N	\N	IDIR\\KCSMITH	2012-02-01 11:58:40
2370396	1092357	\N	\N	SPA	2012-02-01 11:58:40	Stocking information modified.	\N	N	\N	1	IDIR\\KCSMITH	2012-02-01 11:58:40
2370398	1092357	\N	\N	SPA	2012-02-01 11:58:59	Opening/related details were modified.	\N	N	\N	1	IDIR\\KCSMITH	2012-02-01 11:58:59
2370399	1092357	\N	\N	SPA	2012-02-01 11:59:07	Opening/related details were modified.	\N	N	\N	1	IDIR\\KCSMITH	2012-02-01 11:59:07
2370400	1092357	\N	\N	SPA	2012-02-01 11:59:13	Opening/related details were modified.	\N	N	\N	1	IDIR\\KCSMITH	2012-02-01 11:59:13
2370402	1092357	\N	\N	SPA	2012-02-01 11:59:19	Opening/related details were modified.	\N	N	\N	1	IDIR\\KCSMITH	2012-02-01 11:59:19
2370695	1092357	\N	\N	MIL	2012-02-01 13:04:11	Milestone was modified.	\N	N	\N	\N	IDIR\\KCSMITH	2012-02-01 13:04:11
2370694	1092357	\N	\N	SPA	2012-02-01 13:04:11	Stocking information modified.	\N	N	\N	1	IDIR\\KCSMITH	2012-02-01 13:04:11
2370703	1092357	\N	\N	SPA	2012-02-01 13:04:55	Opening/related details were modified.	\N	N	\N	1	IDIR\\KCSMITH	2012-02-01 13:04:55
2370704	1092357	\N	\N	SPA	2012-02-01 13:05:02	Opening/related details were modified.	\N	N	\N	1	IDIR\\KCSMITH	2012-02-01 13:05:02
2370705	1092357	\N	\N	SPA	2012-02-01 13:05:08	Opening/related details were modified.	\N	N	\N	1	IDIR\\KCSMITH	2012-02-01 13:05:08
2370706	1092357	\N	\N	SPA	2012-02-01 13:05:16	Opening/related details were modified.	\N	N	\N	1	IDIR\\KCSMITH	2012-02-01 13:05:16
3366283	1092357	\N	\N	COR	2015-05-06 16:50:48	OPENING_STATUS_CODE update as per DATAFIX_LOB38870	\N	N	\N	\N	DATAFIX_LOB38870	2015-05-06 16:50:48
2579921	1480130	\N	\N	UPD	2012-09-26 12:00:24	Opening/Tenure Online Entry	\N	N	\N	\N	IDIR\\SKILLAM	2012-09-26 12:00:24
2579922	1480130	\N	\N	UPD	2012-09-26 12:01:23	Opening/related details were modified.	\N	N	\N	\N	IDIR\\SKILLAM	2012-09-26 12:01:23
2579928	1480130	\N	\N	COR	2012-09-26 12:08:47	Stocking information added.	\N	N	\N	\N	IDIR\\SKILLAM	2012-09-26 12:08:47
2579929	1480130	\N	\N	MIL	2012-09-26 12:08:48	Milestone was modified.	\N	N	\N	\N	IDIR\\SKILLAM	2012-09-26 12:08:48
2579930	1480130	\N	\N	COR	2012-09-26 12:09:10	Stocking information added.	\N	N	\N	\N	IDIR\\SKILLAM	2012-09-26 12:09:10
2579931	1480130	\N	\N	MIL	2012-09-26 12:09:10	Milestone was modified.	\N	N	\N	\N	IDIR\\SKILLAM	2012-09-26 12:09:10
2579933	1480130	\N	\N	ES	2012-09-26 12:10:13	Forest Cover Polygon No. A (Id=2717529)	\N	Y	1144730	\N	IDIR\\SKILLAM	2012-09-26 12:10:13
2579934	1480130	\N	\N	ES	2012-09-26 12:10:13	Forest Cover Polygon No. B (Id=2717530)	\N	Y	1144730	\N	IDIR\\SKILLAM	2012-09-26 12:10:13
2579935	1480130	\N	\N	ES	2012-09-26 12:10:13	Forest Cover Polygon No. W (Id=2717531)	\N	Y	1144730	\N	IDIR\\SKILLAM	2012-09-26 12:10:13
2579953	1480130	\N	\N	UPD	2012-09-26 12:35:20	Opening/Tenure Online Entry	\N	N	\N	\N	IDIR\\SKILLAM	2012-09-26 12:35:20
2579954	1480130	\N	\N	MIL	2012-09-26 12:35:21	Opening/related details were modified.	\N	N	\N	\N	IDIR\\SKILLAM	2012-09-26 12:35:21
2579955	1480130	\N	\N	DEL	2012-09-26 12:35:46	Delete forest cover geometry for opening id 1480130	\N	N	\N	\N	IDIR\\SKILLAM	2012-09-26 12:35:46
2579956	1480130	\N	\N	DEL	2012-09-26 12:35:46	Delete forest cover geometry for opening id 1480130	\N	N	\N	\N	IDIR\\SKILLAM	2012-09-26 12:35:46
2579957	1480130	\N	\N	DEL	2012-09-26 12:35:46	Delete forest cover geometry for opening id 1480130	\N	N	\N	\N	IDIR\\SKILLAM	2012-09-26 12:35:46
2579958	1480130	\N	\N	DEL	2012-09-26 12:35:46	Delete forest cover for opening id 1480130	\N	N	\N	\N	IDIR\\SKILLAM	2012-09-26 12:35:46
2579976	1480130	\N	\N	ES	2012-09-26 13:01:36	Forest Cover Polygon No. A (Id=2717564)	\N	Y	1144735	\N	IDIR\\SKILLAM	2012-09-26 13:01:36
2579977	1480130	\N	\N	ES	2012-09-26 13:01:36	Forest Cover Polygon No. B (Id=2717565)	\N	Y	1144735	\N	IDIR\\SKILLAM	2012-09-26 13:01:36
2579978	1480130	\N	\N	ES	2012-09-26 13:01:36	Forest Cover Polygon No. W (Id=2717566)	\N	Y	1144735	\N	IDIR\\SKILLAM	2012-09-26 13:01:36
2580349	1480130	\N	\N	DEL	2012-09-27 00:45:20	Delete forest cover geometry for opening id 1480130	\N	N	\N	\N	IDIR\\SKILLAM	2012-09-27 00:45:22
2580350	1480130	\N	\N	DEL	2012-09-27 00:46:07	Delete forest cover geometry for opening id 1480130	\N	N	\N	\N	IDIR\\SKILLAM	2012-09-27 00:46:07
2580351	1480130	\N	\N	DEL	2012-09-27 00:46:07	Delete forest cover geometry for opening id 1480130	\N	N	\N	\N	IDIR\\SKILLAM	2012-09-27 00:46:07
2580352	1480130	\N	\N	DEL	2012-09-27 00:46:08	Delete forest cover for opening id 1480130	\N	N	\N	\N	IDIR\\SKILLAM	2012-09-27 00:46:08
5861133	1480130	\N	\N	MIL	2025-01-27 10:50:57	Milestone was modified.	\N	N	\N	\N	IDIR\\CAROWOOD	2025-01-27 10:50:57
5861137	1480130	\N	\N	MIL	2025-01-27 10:51:40	Opening/related details were modified.	\N	N	\N	\N	IDIR\\CAROWOOD	2025-01-27 10:51:40
5861136	1480130	\N	\N	UPD	2025-01-27 10:51:40	Opening/Tenure Online Entry	\N	N	\N	\N	IDIR\\CAROWOOD	2025-01-27 10:51:40
5861138	1480130	\N	\N	MIL	2025-01-27 10:51:41	Opening/related details were modified.	\N	N	\N	\N	IDIR\\CAROWOOD	2025-01-27 10:51:41
5870345	1480130	\N	\N	AMD	2025-02-03 16:31:01	Opening Amended.	\N	N	\N	1	IDIR\\CAROWOOD	2025-02-03 16:31:01
5870367	1480130	\N	\N	SUB	2025-02-03 16:53:50	Opening is submitted for review.	\N	N	\N	1	IDIR\\CAROWOOD	2025-02-03 16:53:50
5870368	1480130	\N	\N	APP	2025-02-03 16:56:46	Opening is approved.	\N	N	\N	1	IDIR\\CAROWOOD	2025-02-03 16:56:46
5870385	1480130	\N	\N	AMD	2025-02-03 17:16:51	Opening Amended.	\N	N	\N	2	IDIR\\CAROWOOD	2025-02-03 17:16:51
5870386	1480130	\N	\N	SUB	2025-02-03 17:20:01	Opening is submitted for review.	\N	N	\N	2	IDIR\\CAROWOOD	2025-02-03 17:20:01
5870387	1480130	\N	\N	REJ	2025-02-03 17:20:50	Opening amendment is rejected, status set back to AMD(amended). Rejection note contents: TEST - Caroline Wood	\N	N	\N	2	IDIR\\CAROWOOD	2025-02-03 17:20:50
5870388	1480130	\N	\N	SUB	2025-02-03 17:21:55	Opening is submitted for review.	\N	N	\N	2	IDIR\\CAROWOOD	2025-02-03 17:21:55
5870390	1480130	\N	\N	APP	2025-02-03 17:22:12	Opening is approved.	\N	N	\N	2	IDIR\\CAROWOOD	2025-02-03 17:22:12
5870395	1480130	\N	\N	MIL	2025-02-03 17:22:17	Milestone was modified.	\N	N	\N	\N	IDIR\\CAROWOOD	2025-02-03 17:22:17
5917369	1480130	\N	\N	MIL	2025-03-14 10:45:06	Opening/related details were modified.	\N	N	\N	\N	IDIR\\CAROWOOD	2025-03-14 10:45:06
5917368	1480130	\N	\N	UPD	2025-03-14 10:45:06	Opening/Tenure Online Entry	\N	N	\N	\N	IDIR\\CAROWOOD	2025-03-14 10:45:06
5917371	1480130	\N	\N	SPA	2025-03-14 10:46:37	Stocking information added.	\N	N	\N	3	IDIR\\CAROWOOD	2025-03-14 10:46:37
5917382	1480130	\N	\N	UPD	2025-03-14 10:48:32	Opening/related details were modified.	\N	N	\N	\N	IDIR\\CAROWOOD	2025-03-14 10:48:32
5917402	1480130	\N	\N	MIL	2025-03-14 10:56:07	Milestone was modified.	\N	N	\N	\N	IDIR\\CAROWOOD	2025-03-14 10:56:07
5917403	1480130	\N	\N	MIL	2025-03-14 10:57:29	Milestone was modified.	\N	N	\N	\N	IDIR\\CAROWOOD	2025-03-14 10:57:29
5917405	1480130	\N	\N	MIL	2025-03-14 10:58:08	Milestone was modified.	\N	N	\N	\N	IDIR\\CAROWOOD	2025-03-14 10:58:08
5940503	1480130	\N	\N	MIL	2025-04-02 12:05:20	Opening/related details were modified.	\N	N	\N	\N	IDIR\\CAROWOOD	2025-04-02 12:05:20
5940502	1480130	\N	\N	UPD	2025-04-02 12:05:20	Opening/Tenure Online Entry	\N	N	\N	\N	IDIR\\CAROWOOD	2025-04-02 12:05:20
5940504	1480130	\N	\N	MIL	2025-04-02 12:06:47	Milestone was modified.	\N	N	\N	\N	IDIR\\CAROWOOD	2025-04-02 12:06:47
5468551	1777756	\N	\N	ES	2023-06-20 16:33:25	Opening ID 1777756 created	\N	Y	2267940	\N	IDIR\\HFRASER	2023-06-20 16:33:25
5468552	1777756	1056501	\N	ES	2023-06-20 16:33:25	Standard was changed	\N	Y	2267940	\N	IDIR\\HFRASER	2023-06-20 16:33:25
5468553	1777756	\N	\N	ES	2023-06-20 16:33:26	Creating Disturbance Activity: Activity Id = 4012357	\N	Y	2267940	\N	IDIR\\HFRASER	2023-06-20 16:33:26
5468554	1777756	\N	\N	ES	2023-06-20 16:33:26	Creating Disturbance Activity: Activity Id = 4012358	\N	Y	2267940	\N	IDIR\\HFRASER	2023-06-20 16:33:26
5468555	1777756	\N	\N	ES	2023-06-20 16:33:26	Inserting Activity: Activity Id = 4012359, Activity Base = 'SU'	\N	Y	2267940	\N	IDIR\\HFRASER	2023-06-20 16:33:26
5624119	1777756	\N	\N	MIL	2024-03-01 10:41:23	Opening/related details were modified.	\N	N	\N	\N	IDIR\\DDOUBINI	2024-03-01 10:41:23
5624118	1777756	\N	\N	UPD	2024-03-01 10:41:23	Opening/Tenure Online Entry	\N	N	\N	\N	IDIR\\DDOUBINI	2024-03-01 10:41:23
5624475	1777756	\N	\N	MIL	2024-03-01 11:41:25	Opening/related details were modified.	\N	N	\N	\N	IDIR\\DDOUBINI	2024-03-01 11:41:25
5624474	1777756	\N	\N	UPD	2024-03-01 11:41:25	Opening/Tenure Online Entry	\N	N	\N	\N	IDIR\\DDOUBINI	2024-03-01 11:41:25
5704574	1777756	\N	\N	ES	2024-05-31 14:30:29	Inserting Activity: Activity Id = 4099233, Activity Base = 'SU'	\N	Y	2350206	\N	IDIR\\CENNIS	2024-05-31 14:30:29
5728101	1777756	\N	\N	ES	2024-07-11 08:24:50	Inserting Activity: Activity Id = 4104938, Activity Base = 'PL'	\N	Y	2356926	\N	IDIR\\CENNIS	2024-07-11 08:24:50
5754433	1777756	\N	\N	ES	2024-09-04 14:02:31	Forest Cover Polygon No. 1 (Id=4563459)	\N	Y	2366348	\N	IDIR\\CENNIS	2024-09-04 14:02:31
5754434	1777756	\N	\N	ES	2024-09-04 14:02:31	Forest Cover Polygon No. PAS (Id=4563460)	\N	Y	2366348	\N	IDIR\\CENNIS	2024-09-04 14:02:31
5754435	1777756	\N	\N	ES	2024-09-04 14:02:31	Forest Cover Polygon No. WTRA (Id=4563461)	\N	Y	2366348	\N	IDIR\\CENNIS	2024-09-04 14:02:31
5754469	1777756	\N	\N	ES	2024-09-04 14:09:59	Forest Cover Polygon No. 1 (Id=4563462)	\N	Y	2366349	\N	IDIR\\CENNIS	2024-09-04 14:09:59
5754470	1777756	\N	\N	ES	2024-09-04 14:09:59	Forest Cover Polygon No. PAS (Id=4563463)	\N	Y	2366349	\N	IDIR\\CENNIS	2024-09-04 14:09:59
5754471	1777756	\N	\N	ES	2024-09-04 14:09:59	Forest Cover Polygon No. WTRA (Id=4563464)	\N	Y	2366349	\N	IDIR\\CENNIS	2024-09-04 14:09:59
5754472	1777756	\N	\N	MIL	2024-09-04 14:09:59	Milestone was modified	\N	Y	2366349	\N	IDIR\\CENNIS	2024-09-04 14:09:59
5897075	1777756	\N	\N	ES	2025-02-27 16:35:55	Opening ID 1777756 updated	\N	Y	2413805	\N	IDIR\\DDOUBINI	2025-02-27 16:35:55
5897076	1777756	\N	\N	SPA	2025-02-27 16:35:55	Stocking information modified.	\N	Y	2413805	1	IDIR\\DDOUBINI	2025-02-27 16:35:55
5214005	1761935	\N	\N	ES	2022-05-07 09:48:59	Opening ID 1761935 created	\N	Y	2153182	\N	BCEID\\ANYA.DENNILL	2022-05-07 09:48:59
5214006	1761935	1054256	\N	ES	2022-05-07 09:48:59	Standard was changed	\N	Y	2153182	\N	BCEID\\ANYA.DENNILL	2022-05-07 09:48:59
5214007	1761935	1054257	\N	ES	2022-05-07 09:48:59	Standard was changed	\N	Y	2153182	\N	BCEID\\ANYA.DENNILL	2022-05-07 09:48:59
5214008	1761935	1006586	\N	ES	2022-05-07 09:48:59	Standard was changed	\N	Y	2153182	\N	BCEID\\ANYA.DENNILL	2022-05-07 09:48:59
5214066	1761935	\N	\N	ES	2022-05-07 10:08:55	Creating Disturbance Activity: Activity Id = 3910947	\N	Y	2153193	\N	BCEID\\ANYA.DENNILL	2022-05-07 10:08:55
5214067	1761935	\N	\N	ES	2022-05-07 10:08:55	Inserting Activity: Activity Id = 3910948, Activity Base = 'PL'	\N	Y	2153193	\N	BCEID\\ANYA.DENNILL	2022-05-07 10:08:55
5214068	1761935	\N	\N	ES	2022-05-07 10:08:55	Inserting Activity: Activity Id = 3910949, Activity Base = 'PC'	\N	Y	2153193	\N	BCEID\\ANYA.DENNILL	2022-05-07 10:08:55
5214086	1761935	\N	\N	ES	2022-05-07 10:10:56	Forest Cover Polygon No. A (Id=4285661)	\N	Y	2153194	\N	BCEID\\ANYA.DENNILL	2022-05-07 10:10:56
5214087	1761935	\N	\N	ES	2022-05-07 10:10:56	Forest Cover Polygon No. B (Id=4285662)	\N	Y	2153194	\N	BCEID\\ANYA.DENNILL	2022-05-07 10:10:56
5214088	1761935	\N	\N	ES	2022-05-07 10:10:56	Forest Cover Polygon No. C (Id=4285663)	\N	Y	2153194	\N	BCEID\\ANYA.DENNILL	2022-05-07 10:10:56
5214089	1761935	\N	\N	ES	2022-05-07 10:10:56	Forest Cover Polygon No. 1 (Id=4285664)	\N	Y	2153194	\N	BCEID\\ANYA.DENNILL	2022-05-07 10:10:56
5214090	1761935	\N	\N	ES	2022-05-07 10:10:56	Forest Cover Polygon No. 2 (Id=4285665)	\N	Y	2153194	\N	BCEID\\ANYA.DENNILL	2022-05-07 10:10:56
5214091	1761935	\N	\N	ES	2022-05-07 10:10:56	Forest Cover Polygon No. 3 (Id=4285666)	\N	Y	2153194	\N	BCEID\\ANYA.DENNILL	2022-05-07 10:10:56
5214092	1761935	\N	\N	MIL	2022-05-07 10:10:56	Milestone was modified	\N	Y	2153194	\N	BCEID\\ANYA.DENNILL	2022-05-07 10:10:56
5415276	1761935	\N	\N	ES	2023-03-23 13:58:32	Forest Cover Polygon No. A1 (Id=4401624)	\N	Y	2247022	\N	BCEID\\ALEXANDRA.VALLEE	2023-03-23 13:58:32
5415277	1761935	\N	\N	ES	2023-03-23 13:58:32	Forest Cover Polygon No. B2 (Id=4401625)	\N	Y	2247022	\N	BCEID\\ALEXANDRA.VALLEE	2023-03-23 13:58:32
5415278	1761935	\N	\N	ES	2023-03-23 13:58:32	Forest Cover Polygon No. C3 (Id=4401626)	\N	Y	2247022	\N	BCEID\\ALEXANDRA.VALLEE	2023-03-23 13:58:32
5415279	1761935	\N	\N	ES	2023-03-23 13:58:32	Forest Cover Polygon No. A (Id=4401627)	\N	Y	2247022	\N	BCEID\\ALEXANDRA.VALLEE	2023-03-23 13:58:32
5415280	1761935	\N	\N	ES	2023-03-23 13:58:32	Forest Cover Polygon No. B (Id=4401628)	\N	Y	2247022	\N	BCEID\\ALEXANDRA.VALLEE	2023-03-23 13:58:32
5415281	1761935	\N	\N	ES	2023-03-23 13:58:32	Forest Cover Polygon No. C (Id=4401629)	\N	Y	2247022	\N	BCEID\\ALEXANDRA.VALLEE	2023-03-23 13:58:32
5415282	1761935	\N	\N	ES	2023-03-23 13:58:32	Forest Cover Polygon No. 2 (Id=4401630)	\N	Y	2247022	\N	BCEID\\ALEXANDRA.VALLEE	2023-03-23 13:58:32
5415283	1761935	\N	\N	ES	2023-03-23 13:58:32	Forest Cover Polygon No. 3 (Id=4401631)	\N	Y	2247022	\N	BCEID\\ALEXANDRA.VALLEE	2023-03-23 13:58:32
5415284	1761935	\N	\N	MIL	2023-03-23 13:58:32	Milestone was modified	\N	Y	2247022	\N	BCEID\\ALEXANDRA.VALLEE	2023-03-23 13:58:32
5461838	1761935	\N	\N	ES	2023-06-01 10:39:27	Inserting Activity: Activity Id = 4009860, Activity Base = 'PL'	\N	Y	2264749	\N	BCEID\\ALEXANDRA.VALLEE	2023-06-01 10:39:27
5948844	1761935	\N	\N	ES	2025-04-16 10:31:20	Inserting Activity: Activity Id = 4187958, Activity Base = 'PL'	\N	Y	2428627	\N	BCEID\\ALEXANDRA.VALLEE	2025-04-16 10:31:20
3028385	1589595	\N	\N	SUB	2014-02-24 10:07:28	Opening Amalgamation Submission	John Prestmo	Y	\N	\N	BCEID\\JPRESTMODA	2014-02-24 10:07:28
3028384	1589595	\N	\N	UPD	2014-02-24 10:07:28	Opening/Tenure Online Amalgamation Entry	\N	N	\N	\N	BCEID\\JPRESTMODA	2014-02-24 10:07:28
3032693	1589595	\N	\N	DEL	2014-02-26 10:54:34	Deleting Activity: Activity ID=2321237; Activity Base = SU 	\N	N	\N	\N	BCEID\\JPRESTMODA	2014-02-26 10:54:34
3032694	1589595	\N	\N	DEL	2014-02-26 10:54:44	Deleting Activity: Activity ID=2315332; Activity Base = SU 	\N	N	\N	\N	BCEID\\JPRESTMODA	2014-02-26 10:54:44
3032695	1589595	\N	\N	DEL	2014-02-26 10:54:49	Deleting Activity: Activity ID=2262810; Activity Base = SU 	\N	N	\N	\N	BCEID\\JPRESTMODA	2014-02-26 10:54:49
3032696	1589595	\N	\N	DEL	2014-02-26 10:54:54	Deleting Activity: Activity ID=2315338; Activity Base = SU 	\N	N	\N	\N	BCEID\\JPRESTMODA	2014-02-26 10:54:54
3032697	1589595	\N	\N	DEL	2014-02-26 10:55:00	Deleting Activity: Activity ID=2262819; Activity Base = SU 	\N	N	\N	\N	BCEID\\JPRESTMODA	2014-02-26 10:55:00
3032698	1589595	\N	\N	DEL	2014-02-26 10:55:05	Deleting Activity: Activity ID=2262814; Activity Base = SU 	\N	N	\N	\N	BCEID\\JPRESTMODA	2014-02-26 10:55:05
3032699	1589595	\N	\N	DEL	2014-02-26 10:55:12	Deleting Activity: Activity ID=2262807; Activity Base = SU 	\N	N	\N	\N	BCEID\\JPRESTMODA	2014-02-26 10:55:12
3032702	1589595	\N	\N	DEL	2014-02-26 10:55:18	Deleting Activity: Activity ID=2315337; Activity Base = SU 	\N	N	\N	\N	BCEID\\JPRESTMODA	2014-02-26 10:55:18
3032704	1589595	\N	\N	DEL	2014-02-26 10:55:22	Deleting Activity: Activity ID=2320954; Activity Base = SU 	\N	N	\N	\N	BCEID\\JPRESTMODA	2014-02-26 10:55:22
3032705	1589595	\N	\N	DEL	2014-02-26 10:55:27	Deleting Activity: Activity ID=2262847; Activity Base = SU 	\N	N	\N	\N	BCEID\\JPRESTMODA	2014-02-26 10:55:27
3032709	1589595	\N	\N	DEL	2014-02-26 10:55:36	Deleting Activity: Activity ID=2320906; Activity Base = SU 	\N	N	\N	\N	BCEID\\JPRESTMODA	2014-02-26 10:55:36
3032710	1589595	\N	\N	DEL	2014-02-26 10:55:42	Deleting Activity: Activity ID=2262830; Activity Base = SU 	\N	N	\N	\N	BCEID\\JPRESTMODA	2014-02-26 10:55:42
3032711	1589595	\N	\N	DEL	2014-02-26 10:55:48	Deleting Activity: Activity ID=2262818; Activity Base = SU 	\N	N	\N	\N	BCEID\\JPRESTMODA	2014-02-26 10:55:48
3032712	1589595	\N	\N	DEL	2014-02-26 10:55:53	Deleting Activity: Activity ID=2312120; Activity Base = SU 	\N	N	\N	\N	BCEID\\JPRESTMODA	2014-02-26 10:55:53
3032713	1589595	\N	\N	DEL	2014-02-26 10:56:00	Deleting Activity: Activity ID=2315335; Activity Base = SU 	\N	N	\N	\N	BCEID\\JPRESTMODA	2014-02-26 10:56:00
3032715	1589595	\N	\N	DEL	2014-02-26 10:56:06	Deleting Activity: Activity ID=2262840; Activity Base = SU 	\N	N	\N	\N	BCEID\\JPRESTMODA	2014-02-26 10:56:06
3032716	1589595	\N	\N	DEL	2014-02-26 10:56:10	Deleting Activity: Activity ID=2320926; Activity Base = SU 	\N	N	\N	\N	BCEID\\JPRESTMODA	2014-02-26 10:56:10
3032717	1589595	\N	\N	DEL	2014-02-26 10:56:15	Deleting Activity: Activity ID=2320955; Activity Base = SU 	\N	N	\N	\N	BCEID\\JPRESTMODA	2014-02-26 10:56:15
3032719	1589595	\N	\N	DEL	2014-02-26 10:56:20	Deleting Activity: Activity ID=2321252; Activity Base = SU 	\N	N	\N	\N	BCEID\\JPRESTMODA	2014-02-26 10:56:20
3032720	1589595	\N	\N	DEL	2014-02-26 10:56:26	Deleting Activity: Activity ID=2262822; Activity Base = SU 	\N	N	\N	\N	BCEID\\JPRESTMODA	2014-02-26 10:56:26
3032739	1589595	\N	\N	ES	2014-02-26 11:01:31	Inserting Activity: Activity Id = 3070065, Activity Base = 'SU'	\N	Y	1293475	\N	BCEID\\JPRESTMODA	2014-02-26 11:01:31
3032740	1589595	\N	\N	ES	2014-02-26 11:01:31	Inserting Activity: Activity Id = 3070066, Activity Base = 'SU'	\N	Y	1293475	\N	BCEID\\JPRESTMODA	2014-02-26 11:01:31
3032741	1589595	\N	\N	ES	2014-02-26 11:01:54	Forest Cover Polygon No. A (Id=3042624)	\N	Y	1293475	\N	BCEID\\JPRESTMODA	2014-02-26 11:01:54
3032748	1589595	\N	\N	UPD	2014-02-26 11:04:12	Opening/related details were modified.	\N	N	\N	\N	BCEID\\JPRESTMODA	2014-02-26 11:04:12
3032757	1589595	\N	\N	UPD	2014-02-26 11:04:42	Opening/related details were modified.	\N	N	\N	\N	BCEID\\JPRESTMODA	2014-02-26 11:04:42
3060924	1589595	\N	\N	UPD	2014-03-18 09:18:49	Opening/related details were modified.	\N	N	\N	\N	IDIR\\CSTEVENS	2014-03-18 09:18:49
3062450	1589595	\N	\N	UPD	2014-03-18 14:47:25	Opening/related details were modified.	\N	N	\N	\N	IDIR\\CSTEVENS	2014-03-18 14:47:25
3062457	1589595	\N	\N	UPD	2014-03-18 14:47:50	Opening/related details were modified.	\N	N	\N	\N	IDIR\\CSTEVENS	2014-03-18 14:47:50
3997858	1589595	\N	\N	ES	2017-10-06 12:50:00	Updating Activity: Activity Id = 3070066, Activity Base = 'SU'	\N	Y	1707770	\N	BCEID\\SJONES12	2017-10-06 12:50:00
3997860	1589595	\N	\N	ES	2017-10-06 12:50:00	Forest Cover Polygon No. 1 (Id=3621310)	\N	Y	1707770	\N	BCEID\\SJONES12	2017-10-06 12:50:00
3997865	1589595	\N	\N	MIL	2017-10-06 12:53:24	Milestone was modified.	\N	N	\N	\N	BCEID\\SJONES12	2017-10-06 12:53:24
4023552	1589595	\N	\N	UPD	2017-11-20 14:41:54	Opening/Tenure Online Entry	\N	N	\N	\N	IDIR\\CSTEVENS	2017-11-20 14:41:54
4039232	1589595	\N	\N	UPD	2017-11-30 12:15:34	Opening/related details were modified.	\N	N	\N	\N	IDIR\\CSTEVENS	2017-11-30 12:15:34
101550	60000	\N	\N	UPD	2005-02-11 16:36:00	Opening/related details were modified.	\N	N	\N	\N	IDIR\\RNEAGELE	2005-02-11 16:36:00
335014	60000	\N	\N	ES	2005-11-16 07:28:17	Inserting Activity: Activity Id = 1729448, Activity Base = 'SU'	\N	Y	129231	\N	BCEID\\DSCOTT	2005-11-16 07:28:17
672650	60000	\N	\N	COR	2006-11-27 13:38:07	Stocking information modified.	\N	Y	279646	\N	BCEID\\DSCOTT	2006-11-27 13:38:07
672649	60000	\N	\N	ES	2006-11-27 13:38:07	Opening ID 60000 updated	\N	Y	279646	\N	BCEID\\DSCOTT	2006-11-27 13:38:07
2483912	60000	\N	\N	ES	2012-04-16 08:37:31	Forest Cover Polygon No. A1 (Id=2638619)	\N	Y	1106043	\N	BCEID\\DSCOTT	2012-04-16 08:37:31
2483913	60000	\N	\N	ES	2012-04-16 08:37:31	Forest Cover Polygon No. B2 (Id=2638620)	\N	Y	1106043	\N	BCEID\\DSCOTT	2012-04-16 08:37:31
2483914	60000	\N	\N	ES	2012-04-16 08:37:31	Forest Cover Polygon No. C3 (Id=2638621)	\N	Y	1106043	\N	BCEID\\DSCOTT	2012-04-16 08:37:31
2483915	60000	\N	\N	ES	2012-04-16 08:37:31	Forest Cover Polygon No. D4 (Id=2638622)	\N	Y	1106043	\N	BCEID\\DSCOTT	2012-04-16 08:37:31
2483916	60000	\N	\N	ES	2012-04-16 08:37:31	Forest Cover Polygon No. E (Id=2638623)	\N	Y	1106043	\N	BCEID\\DSCOTT	2012-04-16 08:37:31
2483917	60000	\N	\N	ES	2012-04-16 08:37:31	Forest Cover Polygon No. L (Id=2638624)	\N	Y	1106043	\N	BCEID\\DSCOTT	2012-04-16 08:37:31
2483918	60000	\N	\N	MIL	2012-04-16 08:37:32	Milestone was modified	\N	Y	1106043	\N	BCEID\\DSCOTT	2012-04-16 08:37:32
5934357	1796497	\N	\N	UPD	2025-03-26 13:23:14	Opening/Tenure Online Entry	\N	N	\N	\N	IDIR\\JZAHND	2025-03-26 13:23:14
5934511	1796497	\N	\N	COR	2025-03-26 13:55:49	Stocking information modified.	\N	Y	2423178	\N	IDIR\\JZAHND	2025-03-26 13:55:49
5934510	1796497	\N	\N	ES	2025-03-26 13:55:49	Opening ID 1796497 updated	\N	Y	2423178	\N	IDIR\\JZAHND	2025-03-26 13:55:49
5934512	1796497	1066015	\N	ES	2025-03-26 13:55:49	Standard was changed	\N	Y	2423178	\N	IDIR\\JZAHND	2025-03-26 13:55:49
5934554	1796497	\N	\N	ES	2025-03-26 14:06:56	Creating Disturbance Activity: Activity Id = 4184301	\N	Y	2423188	\N	IDIR\\JZAHND	2025-03-26 14:06:56
5934764	1796497	\N	\N	ES	2025-03-26 14:46:44	Inserting Activity: Activity Id = 4184319, Activity Base = 'PL'	\N	Y	2423238	\N	IDIR\\JZAHND	2025-03-26 14:46:44
5934765	1796497	\N	\N	ES	2025-03-26 14:46:44	Inserting Activity: Activity Id = 4184320, Activity Base = 'SU'	\N	Y	2423238	\N	IDIR\\JZAHND	2025-03-26 14:46:44
5934782	1796497	\N	\N	ES	2025-03-26 14:48:22	Forest Cover Polygon No. A (Id=4646154)	\N	Y	2423241	\N	IDIR\\JZAHND	2025-03-26 14:48:22
48829	1020124	\N	\N	ES	2016-03-29 10:22:41	Opening ID 1020124 created	\N	Y	57129	\N	IDIR\\MTSOI	2016-03-29 10:22:41
48830	1020124	760	\N	ES	2016-03-29 10:22:41	Standard was changed	\N	Y	57129	\N	IDIR\\MTSOI	2016-03-29 10:22:41
48831	1020124	1535	\N	ES	2016-03-29 10:22:41	Standard was changed	\N	Y	57129	\N	IDIR\\MTSOI	2016-03-29 10:22:41
48832	1020124	\N	\N	ES	2016-03-29 10:22:41	Creating Disturbance Activity: Activity Id = 1029334	\N	Y	57129	\N	IDIR\\MTSOI	2016-03-29 10:22:41
48833	1020124	\N	\N	ES	2016-03-29 10:22:41	Forest Cover Polygon No. A (Id=1039800)	\N	Y	57129	\N	IDIR\\MTSOI	2016-03-29 10:22:41
48834	1020124	\N	\N	ES	2016-03-29 10:22:42	Forest Cover Polygon No. B (Id=1039801)	\N	Y	57129	\N	IDIR\\MTSOI	2016-03-29 10:22:42
48835	1020124	\N	\N	UPD	2016-03-29 10:49:37	Forest Cover Polygon No. A (Id=1039802)	\N	N	\N	\N	IDIR\\MTSOI	2016-03-29 10:49:37
48836	1020124	\N	\N	UPD	2016-03-29 10:49:37	Forest Cover Polygon No. B (Id=1039803)	\N	N	\N	\N	IDIR\\MTSOI	2016-03-29 10:49:37
53274	1020124	\N	\N	UPD	2025-04-10 14:27:45	Opening/related details were modified.	\N	N	\N	\N	IDIR\\SCUSACK	2025-04-10 14:27:45
53275	1020124	\N	\N	UPD	2025-04-10 14:30:31	Opening/related details were modified.	\N	N	\N	\N	IDIR\\SCUSACK	2025-04-10 14:30:31
70892	1004185	\N	\N	ES	2004-12-20 11:18:00	Opening: Ministry =  43	\N	Y	27379	\N	IDIR\\adellavi	2004-12-20 11:18:00
70893	1004185	1	\N	ES	2004-12-20 11:18:00	Standard was changed.	\N	N	\N	\N	IDIR\\adellavi	2004-12-20 11:18:00
70894	1004185	1	\N	ES	2004-12-20 11:18:01	Standard was changed.	\N	N	\N	\N	IDIR\\adellavi	2004-12-20 11:18:01
148094	1004185	\N	\N	ES	2005-03-30 13:20:44	Inserting Activity: Activity Id = 1672200, Activity Base = 'SP'	\N	Y	54274	\N	BCEID\\TCOUILLARD	2005-03-30 13:20:44
148121	1004185	\N	\N	AMD	2005-03-30 13:24:12	Opening Amended.	\N	N	\N	1	BCEID\\CBUSS	2005-03-30 13:24:12
148122	1004185	\N	\N	DEL	2005-03-30 13:25:11	Proposed Amendment Deleted.	\N	N	\N	1	BCEID\\CBUSS	2005-03-30 13:25:11
199966	1004185	\N	\N	ES	2005-05-18 14:17:39	Inserting Activity: Activity Id = 1688848, Activity Base = 'PL'	\N	Y	73674	\N	BCEID\\TCOUILLARD	2005-05-18 14:17:39
231873	1004185	\N	\N	ES	2005-06-21 11:25:48	Creating Disturbance Activity: Activity Id = 1701976	\N	Y	85529	\N	BCEID\\TCOUILLARD	2005-06-21 11:25:48
231883	1004185	\N	\N	UPD	2005-06-21 11:31:11	Opening/related details were modified.	\N	N	\N	\N	BCEID\\TCOUILLARD	2005-06-21 11:31:11
234961	1004185	9166	\N	COR	2005-06-27 09:48:44	Stocking information modified.	\N	N	\N	\N	IDIR\\EHPARSON	2005-06-27 09:48:44
234978	1004185	\N	\N	VAR	2005-06-27 10:08:42	Approved variation.	\N	N	\N	\N	IDIR\\EHPARSON	2005-06-27 10:08:42
266451	1004185	\N	\N	ES	2005-08-03 11:37:35	Creating Disturbance Activity: Activity Id = 1714007	\N	Y	105148	\N	BCEID\\TCOUILLARD	2005-08-03 11:37:35
266519	1004185	\N	\N	UPD	2005-08-03 12:32:44	Opening/related details were modified.	\N	N	\N	\N	BCEID\\TCOUILLARD	2005-08-03 12:32:44
268190	1004185	\N	\N	ES	2005-08-04 15:26:31	Forest Cover 1162469	\N	Y	105848	\N	BCEID\\TCOUILLARD	2005-08-04 15:26:31
268191	1004185	\N	\N	ES	2005-08-04 15:26:31	Forest Cover 1162470	\N	Y	105848	\N	BCEID\\TCOUILLARD	2005-08-04 15:26:31
268192	1004185	\N	\N	ES	2005-08-04 15:26:31	Forest Cover 1162471	\N	Y	105848	\N	BCEID\\TCOUILLARD	2005-08-04 15:26:31
268193	1004185	\N	\N	ES	2005-08-04 15:26:31	Forest Cover 1162472	\N	Y	105848	\N	BCEID\\TCOUILLARD	2005-08-04 15:26:31
268194	1004185	\N	\N	ES	2005-08-04 15:26:31	Forest Cover 1162473	\N	Y	105848	\N	BCEID\\TCOUILLARD	2005-08-04 15:26:31
268195	1004185	\N	\N	ES	2005-08-04 15:26:31	Forest Cover 1162474	\N	Y	105848	\N	BCEID\\TCOUILLARD	2005-08-04 15:26:31
268196	1004185	\N	\N	ES	2005-08-04 15:26:31	Forest Cover 1162475	\N	Y	105848	\N	BCEID\\TCOUILLARD	2005-08-04 15:26:31
269745	1004185	\N	\N	ES	2005-08-08 10:24:33	Inserting Activity: Activity Id = 1715078, Activity Base = 'PC'	\N	Y	106302	\N	BCEID\\TCOUILLARD	2005-08-08 10:24:33
472726	1004185	\N	\N	ES	2006-03-20 15:57:24	Inserting Activity: Activity Id = 1764467, Activity Base = 'FE'	\N	Y	186247	\N	BCEID\\TCOUILLARD	2006-03-20 15:57:24
614924	1004185	\N	\N	ES	2006-08-08 10:47:39	Inserting Activity: Activity Id = 1806927, Activity Base = 'BR'	\N	Y	245827	\N	BCEID\\TCOUILLARD	2006-08-08 10:47:39
614925	1004185	\N	\N	ES	2006-08-08 10:47:39	Inserting Activity: Activity Id = 1806928, Activity Base = 'PL'	\N	Y	245827	\N	BCEID\\TCOUILLARD	2006-08-08 10:47:39
615008	1004185	\N	\N	ES	2006-08-08 11:32:38	Inserting Activity: Activity Id = 1806985, Activity Base = 'PL'	\N	Y	245849	\N	BCEID\\TCOUILLARD	2006-08-08 11:32:38
615009	1004185	\N	\N	ES	2006-08-08 11:32:38	Inserting Activity: Activity Id = 1806986, Activity Base = 'PL'	\N	Y	245849	\N	BCEID\\TCOUILLARD	2006-08-08 11:32:38
655880	1004185	\N	\N	AMD	2006-11-01 09:07:31	Stocking information modified.	\N	N	\N	2	BCEID\\TCOUILLARD	2006-11-01 09:07:31
956287	1004185	\N	\N	UPD	2007-10-30 11:23:15	Opening/related details were modified.	\N	N	\N	\N	BCEID\\RMMONCHAK	2007-10-30 11:23:15
986380	1004185	\N	\N	ES	2007-11-20 13:41:26	Inserting Activity: Activity Id = 2016610, Activity Base = 'SU'	\N	Y	398409	\N	BCEID\\TCOUILLARD	2007-11-20 13:41:26
986405	1004185	\N	\N	ES	2007-11-20 13:49:42	Forest Cover Polygon No. 1000123FCF (Id=1678664)	\N	Y	398416	\N	BCEID\\TCOUILLARD	2007-11-20 13:49:42
986406	1004185	\N	\N	ES	2007-11-20 13:49:42	Forest Cover Polygon No. 1000123FCG (Id=1678665)	\N	Y	398416	\N	BCEID\\TCOUILLARD	2007-11-20 13:49:42
986407	1004185	\N	\N	ES	2007-11-20 13:49:42	Forest Cover Polygon No. 1000123FCE (Id=1678666)	\N	Y	398416	\N	BCEID\\TCOUILLARD	2007-11-20 13:49:42
986408	1004185	\N	\N	ES	2007-11-20 13:49:42	Forest Cover Polygon No. 1000123FCB (Id=1678667)	\N	Y	398416	\N	BCEID\\TCOUILLARD	2007-11-20 13:49:42
986409	1004185	\N	\N	ES	2007-11-20 13:49:42	Forest Cover Polygon No. 1000123FCC (Id=1678668)	\N	Y	398416	\N	BCEID\\TCOUILLARD	2007-11-20 13:49:42
986410	1004185	\N	\N	ES	2007-11-20 13:49:42	Forest Cover Polygon No. 1000123FCA (Id=1678669)	\N	Y	398416	\N	BCEID\\TCOUILLARD	2007-11-20 13:49:42
986411	1004185	\N	\N	ES	2007-11-20 13:49:42	Forest Cover Polygon No. 1000123FCD (Id=1678670)	\N	Y	398416	\N	BCEID\\TCOUILLARD	2007-11-20 13:49:42
1062319	1004185	\N	\N	ES	2008-02-21 11:49:40	Inserting Activity: Activity Id = 2070207, Activity Base = 'BR'	\N	Y	437308	\N	BCEID\\TCOUILLARD	2008-02-21 11:49:40
1062320	1004185	\N	\N	ES	2008-02-21 11:49:40	Inserting Activity: Activity Id = 2070208, Activity Base = 'PC'	\N	Y	437308	\N	BCEID\\TCOUILLARD	2008-02-21 11:49:40
1155397	1004185	\N	\N	ES	2008-04-24 15:30:37	Forest Cover Polygon No. A1 (Id=1789636)	\N	Y	464128	\N	BCEID\\TCOUILLARD	2008-04-24 15:30:37
1155398	1004185	\N	\N	ES	2008-04-24 15:30:37	Forest Cover Polygon No. B2 (Id=1789637)	\N	Y	464128	\N	BCEID\\TCOUILLARD	2008-04-24 15:30:37
1155399	1004185	\N	\N	ES	2008-04-24 15:30:37	Forest Cover Polygon No. 1 (Id=1789638)	\N	Y	464128	\N	BCEID\\TCOUILLARD	2008-04-24 15:30:37
1155400	1004185	\N	\N	ES	2008-04-24 15:30:37	Forest Cover Polygon No. 2 (Id=1789639)	\N	Y	464128	\N	BCEID\\TCOUILLARD	2008-04-24 15:30:37
1155401	1004185	\N	\N	ES	2008-04-24 15:30:37	Forest Cover Polygon No. 3 (Id=1789640)	\N	Y	464128	\N	BCEID\\TCOUILLARD	2008-04-24 15:30:37
1155402	1004185	\N	\N	ES	2008-04-24 15:30:37	Forest Cover Polygon No. 4 (Id=1789641)	\N	Y	464128	\N	BCEID\\TCOUILLARD	2008-04-24 15:30:37
1166086	1004185	\N	\N	ES	2008-05-05 14:05:34	Inserting Activity: Activity Id = 2117869, Activity Base = 'SU'	\N	Y	467587	\N	BCEID\\TCOUILLARD	2008-05-05 14:05:34
1198046	1004185	\N	\N	ES	2008-06-02 14:43:31	Inserting Activity: Activity Id = 2133320, Activity Base = 'PL'	\N	Y	478185	\N	BCEID\\TCOUILLARD	2008-06-02 14:43:31
1316152	1004185	\N	\N	ES	2008-12-04 13:27:21	Inserting Activity: Activity Id = 2200143, Activity Base = 'PC'	\N	Y	520772	\N	BCEID\\TCOUILLARD	2008-12-04 13:27:21
1316153	1004185	\N	\N	ES	2008-12-04 13:27:21	Inserting Activity: Activity Id = 2200144, Activity Base = 'BR'	\N	Y	520772	\N	BCEID\\TCOUILLARD	2008-12-04 13:27:21
1316154	1004185	\N	\N	ES	2008-12-04 13:27:21	Inserting Activity: Activity Id = 2200145, Activity Base = 'BR'	\N	Y	520772	\N	BCEID\\TCOUILLARD	2008-12-04 13:27:21
1363361	1004185	\N	\N	ES	2009-01-19 13:47:25	Inserting Activity: Activity Id = 2218729, Activity Base = 'BR'	\N	Y	533442	\N	BCEID\\TCOUILLARD	2009-01-19 13:47:25
1764920	1004185	\N	\N	ES	2010-02-01 13:40:45	Inserting Activity: Activity Id = 2394550, Activity Base = 'BR'	\N	Y	788550	\N	BCEID\\TCOUILLARD	2010-02-01 13:40:45
1764921	1004185	\N	\N	ES	2010-02-01 13:40:45	Inserting Activity: Activity Id = 2394551, Activity Base = 'BR'	\N	Y	788550	\N	BCEID\\TCOUILLARD	2010-02-01 13:40:45
1764922	1004185	\N	\N	ES	2010-02-01 13:40:45	Inserting Activity: Activity Id = 2394552, Activity Base = 'SU'	\N	Y	788550	\N	BCEID\\TCOUILLARD	2010-02-01 13:40:45
1764923	1004185	\N	\N	ES	2010-02-01 13:40:45	Inserting Activity: Activity Id = 2394553, Activity Base = 'PC'	\N	Y	788550	\N	BCEID\\TCOUILLARD	2010-02-01 13:40:45
2066134	1004185	\N	\N	ES	2011-01-24 15:48:48	Inserting Activity: Activity Id = 2541570, Activity Base = 'BR'	\N	Y	876882	\N	BCEID\\TCOUILLARD	2011-01-24 15:48:48
2066135	1004185	\N	\N	ES	2011-01-24 15:48:49	Inserting Activity: Activity Id = 2541571, Activity Base = 'BR'	\N	Y	876882	\N	BCEID\\TCOUILLARD	2011-01-24 15:48:49
2544320	1004185	\N	\N	ES	2012-07-06 10:24:56	Inserting Activity: Activity Id = 2787042, Activity Base = 'SU'	\N	Y	1127146	\N	BCEID\\TCOUILLARD	2012-07-06 10:24:56
3469575	1004185	\N	\N	MIL	2015-11-25 17:21:13	Milestone was modified.	\N	N	\N	\N	BCEID\\RMMONCHAK	2015-11-25 17:21:13
3469576	1004185	\N	\N	MIL	2015-11-25 17:21:26	Milestone was modified.	\N	N	\N	\N	BCEID\\RMMONCHAK	2015-11-25 17:21:26
3558129	1004185	\N	\N	ES	2016-02-22 20:49:06	Inserting Activity: Activity Id = 3322195, Activity Base = 'SU'	\N	Y	1494777	\N	BCEID\\TROGODIN	2016-02-22 20:49:06
3558130	1004185	\N	\N	ES	2016-02-22 20:49:06	Inserting Activity: Activity Id = 3322196, Activity Base = 'PC'	\N	Y	1494777	\N	BCEID\\TROGODIN	2016-02-22 20:49:06
3558131	1004185	\N	\N	ES	2016-02-22 20:49:06	Inserting Activity: Activity Id = 3322197, Activity Base = 'BR'	\N	Y	1494777	\N	BCEID\\TROGODIN	2016-02-22 20:49:06
3612821	1004185	\N	\N	ES	2016-04-11 21:52:11	Forest Cover Polygon No. A (Id=3416434)	\N	Y	1513319	\N	BCEID\\TROGODIN	2016-04-11 21:52:11
3612822	1004185	\N	\N	ES	2016-04-11 21:52:11	Forest Cover Polygon No. B (Id=3416435)	\N	Y	1513319	\N	BCEID\\TROGODIN	2016-04-11 21:52:11
3612823	1004185	\N	\N	ES	2016-04-11 21:52:11	Forest Cover Polygon No. 1 (Id=3416436)	\N	Y	1513319	\N	BCEID\\TROGODIN	2016-04-11 21:52:11
3612824	1004185	\N	\N	ES	2016-04-11 21:52:11	Forest Cover Polygon No. 2 (Id=3416437)	\N	Y	1513319	\N	BCEID\\TROGODIN	2016-04-11 21:52:11
3612825	1004185	\N	\N	ES	2016-04-11 21:52:11	Forest Cover Polygon No. 3 (Id=3416438)	\N	Y	1513319	\N	BCEID\\TROGODIN	2016-04-11 21:52:11
3612826	1004185	\N	\N	ES	2016-04-11 21:52:11	Forest Cover Polygon No. 4 (Id=3416439)	\N	Y	1513319	\N	BCEID\\TROGODIN	2016-04-11 21:52:11
4060929	1004185	\N	\N	ES	2017-12-19 10:03:56	Inserting Activity: Activity Id = 3487257, Activity Base = 'BR'	\N	Y	1727954	\N	BCEID\\DUGASA	2017-12-19 10:03:56
\.


--
-- Data for Name: results_electronic_submission; Type: TABLE DATA; Schema: silva; Owner: postgres
--

COPY silva.results_electronic_submission (results_submission_id, submission_timestamp, submitted_by, client_number, client_locn_code, org_unit_no, user_filename, user_reference, entry_userid, entry_timestamp, update_userid, update_timestamp, revision_count) FROM stdin;
876882	2011-01-24 00:00:00	BCEID\\JWICK	00010002	03	1	JS activity 2011-01-24.xml	\N	BCEID\\JWICK	2011-01-24 15:47:41	BCEID\\JWICK	2011-01-24 15:47:41	1
1101086	2012-03-27 00:00:00	BCEID\\JWICK	00010004	00	1	Quadra Activities 2012-03-27.xml	\N	BCEID\\JWICK	2012-03-27 12:54:59	BCEID\\JWICK	2012-03-27 12:54:59	1
1170543	2012-12-21 00:00:00	BCEID\\JWICK	00010004	00	1	December 2012-12-21.xml	\N	BCEID\\JWICK	2012-12-21 10:59:05	BCEID\\JWICK	2012-12-21 10:59:05	1
73674	2005-05-18 00:00:00	BCEID\\JWICK	\N	\N	1	original file name	\N	BCEID\\JWICK	2005-05-18 14:17:38	BCEID\\JWICK	2005-05-18 14:17:38	1
520772	2008-12-04 00:00:00	BCEID\\JWICK	00010002	03	1	Quadra activity.xml	\N	BCEID\\JWICK	2008-12-04 13:27:20	BCEID\\JWICK	2008-12-04 13:27:20	1
1127146	2012-07-06 00:00:00	BCEID\\JWICK	00010004	00	1	Quadra Activity July 2012-07-06.xml	\N	BCEID\\JWICK	2012-07-06 10:24:51	BCEID\\JWICK	2012-07-06 10:24:51	1
1110983	2012-05-02 00:00:00	BCEID\\JWICK	00010004	00	1	12-11 FG Forest Cover 2012-05-01.xml	\N	BCEID\\JWICK	2012-05-02 10:41:28	BCEID\\JWICK	2012-05-02 10:41:28	1
108276	2005-08-16 00:00:00	BCEID\\JWICK	\N	\N	1	original file name	\N	BCEID\\JWICK	2005-08-16 14:09:39	BCEID\\JWICK	2005-08-16 14:09:39	1
181939	2006-03-10 00:00:00	BCEID\\JWICK	\N	\N	1	ACTIVITY_2006-03-10_01_14_07_PM.xml	\N	BCEID\\JWICK	2006-03-10 13:14:53	BCEID\\JWICK	2006-03-10 13:14:53	1
1307933	2014-04-02 00:00:00	BCEID\\JWICK	00010004	00	1	cones chonat 2014-04-02.xml	\N	BCEID\\JWICK	2014-04-02 11:37:09	BCEID\\JWICK	2014-04-02 11:37:09	1
908604	2011-05-02 00:00:00	BCEID\\JWICK	00010002	03	1	disturbance May 2011-05-02.xml	\N	BCEID\\JWICK	2011-05-02 08:39:01	BCEID\\JWICK	2011-05-02 08:39:01	1
788660	2010-02-01 00:00:00	BCEID\\JWICK	00010002	03	1	Quadra activity 2010-02-01.xml	\N	BCEID\\JWICK	2010-02-01 15:21:26	BCEID\\JWICK	2010-02-01 15:21:26	1
7050	2004-06-09 00:00:00	BCEID\\JWICK	00010003	13	1	ACTIVITY_2004-06-09_12_45_45_PM.xml	\N	BCEID\\JWICK	2004-06-09 12:49:59	BCEID\\JWICK	2004-06-09 12:49:59	1
245827	2006-08-08 00:00:00	BCEID\\JWICK	\N	\N	1	ACTIVITY_2006_08_08-10_46_02.xml	\N	BCEID\\JWICK	2006-08-08 10:47:37	BCEID\\JWICK	2006-08-08 10:47:37	1
245854	2006-08-08 00:00:00	BCEID\\JWICK	\N	\N	1	ACTIVITY_2006_08_08-11_38_05.xml	\N	BCEID\\JWICK	2006-08-08 11:39:39	BCEID\\JWICK	2006-08-08 11:39:39	1
68659	2005-05-04 00:00:00	BCEID\\ASKYWALKER	\N	\N	1	original file name	\N	BCEID\\ASKYWALKER	2005-05-04 16:21:21	BCEID\\ASKYWALKER	2005-05-04 16:21:21	1
67773	2005-05-02 00:00:00	BCEID\\ASKYWALKER	\N	\N	1	original file name	\N	BCEID\\ASKYWALKER	2005-05-02 16:56:12	BCEID\\ASKYWALKER	2005-05-02 16:56:12	1
68609	2005-05-04 00:00:00	BCEID\\ASKYWALKER	\N	\N	1	original file name	\N	BCEID\\ASKYWALKER	2005-05-04 15:03:21	BCEID\\ASKYWALKER	2005-05-04 15:03:21	1
215305	2006-05-16 00:00:00	BCEID\\ASKYWALKER	\N	\N	1	904226_SitePrep.xml	\N	BCEID\\ASKYWALKER	2006-05-16 08:36:41	BCEID\\ASKYWALKER	2006-05-16 08:36:41	1
343491	2007-05-24 00:00:00	BCEID\\ASKYWALKER	\N	\N	1	AE_Plant4_May07.xml	\N	BCEID\\ASKYWALKER	2007-05-24 11:33:28	BCEID\\ASKYWALKER	2007-05-24 11:33:28	1
1311633	2014-04-14 00:00:00	BCEID\\ASKYWALKER	00010002	03	1	904226 GP_Silv_2014-04-14.xml	\N	BCEID\\ASKYWALKER	2014-04-14 10:09:01	BCEID\\ASKYWALKER	2014-04-14 10:09:01	1
1738902	2018-01-26 09:32:08	BCEID\\ASKYWALKER	00010002	03	1	904226_silv_act_2018-01-26.xml	\N	BCEID\\ASKYWALKER	2018-01-26 09:33:00	BCEID\\ASKYWALKER	2018-01-26 09:33:00	1
1738903	2018-01-26 09:32:36	BCEID\\ASKYWALKER	00010002	03	1	864409_fc_fg_2018-01-26.xml	\N	BCEID\\ASKYWALKER	2018-01-26 09:33:01	BCEID\\ASKYWALKER	2018-01-26 09:33:01	1
501684	2008-09-12 00:00:00	BCEID\\ASKYWALKER	00010002	03	1	864409_regen_sept-2008.xml	\N	BCEID\\ASKYWALKER	2008-09-12 14:02:38	BCEID\\ASKYWALKER	2008-09-12 14:02:38	1
1207120	2013-03-27 00:00:00	IDIR\\OTTOMATED	\N	00	1	JS_OPID1524010_PolyA.xml	\N	IDIR\\OTTOMATED	2013-03-27 12:00:33	IDIR\\OTTOMATED	2013-03-27 12:00:33	1
1207123	2013-03-27 00:00:00	IDIR\\OTTOMATED	\N	00	1	JS_OPID1524010_PolyB_C.xml	\N	IDIR\\OTTOMATED	2013-03-27 12:00:43	IDIR\\OTTOMATED	2013-03-27 12:00:43	1
1207178	2013-03-27 00:00:00	IDIR\\OTTOMATED	\N	00	1	FC_05933_None_OPID1524010.XML	\N	IDIR\\OTTOMATED	2013-03-27 12:36:25	IDIR\\OTTOMATED	2013-03-27 12:36:25	1
1228561	2013-05-31 00:00:00	BCEID\\OTWIST	00010005	00	2	DISTURBANCE_2013_05_31-11_32_04.xml	\N	BCEID\\OTWIST	2013-05-31 11:37:46	BCEID\\OTWIST	2013-05-31 11:37:46	1
1717504	2017-11-15 15:57:07	BCEID\\OTWIST	00010005	00	2	FOREST COVER_2017_11_15-15_56_07.xml	\N	BCEID\\OTWIST	2017-11-15 15:57:42	BCEID\\OTWIST	2017-11-15 15:57:42	1
1931429	2020-01-08 14:39:02	BCEID\\MBRANDOS	00010005	00	2	ACTIVITY_2020_01_02-18_29_01.xml	\N	BCEID\\MBRANDOS	2020-01-08 14:39:11	BCEID\\MBRANDOS	2020-01-08 14:39:11	1
1228929	2013-05-31 00:00:00	BCEID\\JWALKER	00010005	00	2	MILESTONE_2013_05_31-14_27_06.xml	\N	BCEID\\JWALKER	2013-05-31 14:41:00	BCEID\\JWALKER	2013-05-31 14:41:00	1
1684259	2017-07-17 13:37:19	BCEID\\OTWIST	00010005	00	2	ACTIVITY_2017_07_17-13_19_25.xml	\N	BCEID\\OTWIST	2017-07-17 13:38:13	BCEID\\OTWIST	2017-07-17 13:38:13	1
1246451	2013-08-27 00:00:00	BCEID\\OTWIST	00010005	00	2	OPENING_2013_08_27-08_38_16.xml	\N	BCEID\\OTWIST	2013-08-27 08:40:14	BCEID\\OTWIST	2013-08-27 08:40:14	1
2102053	2021-12-07 15:30:16	BCEID\\ALOBSTER	00010005	00	2	ACTIVITY_2021_12_07-23_28_58.xml	\N	BCEID\\ALOBSTER	2021-12-07 15:30:39	BCEID\\ALOBSTER	2021-12-07 15:30:39	1
1717697	2017-11-16 11:35:18	BCEID\\MBRANDOS	00010005	00	2	EEE_883 Regen Met MILESTONE_2017_11_15-08_48_18.xm	\N	BCEID\\MBRANDOS	2017-11-16 11:35:43	BCEID\\MBRANDOS	2017-11-16 11:35:43	1
2301602	2023-12-12 12:30:51	BCEID\\LMCVETTY	00010006	00	14	lmr0026.xml	\N	BCEID\\LMCVETTY	2023-12-12 12:31:25	BCEID\\LMCVETTY	2023-12-12 12:31:25	1
1914074	2019-11-06 16:40:37	BCEID\\JTHOMPSON16	00010006	00	14	LMR0026_all.xml	\N	BCEID\\JTHOMPSON16	2019-11-06 16:41:23	BCEID\\JTHOMPSON16	2019-11-06 16:41:23	1
360843	2007-07-23 00:00:00	IDIR\\SMSWITZE	\N	\N	14	2007y07m23dt16h26m16 546s.xml	\N	IDIR\\SMSWITZE	2007-07-23 09:36:35	&&datafix_userid	2014-06-28 11:49:37	2
856621	2010-11-04 00:00:00	IDIR\\JOASHDOW	00010008	00	14	2010y11m03dt19h01m57_625s_xml.zip	\N	IDIR\\JOASHDOW	2010-11-04 15:31:16	&&datafix_userid	2014-06-28 11:49:37	2
737018	2009-11-04 00:00:00	IDIR\\JOASHDOW	00010008	00	14	2009y11m04dt18h54m32.140s.xml	\N	IDIR\\JOASHDOW	2009-11-04 10:30:44	&&datafix_userid	2014-06-28 11:49:37	2
497605	2008-08-22 00:00:00	IDIR\\JOASHDOW	00010008	00	14	2008y08m22dt21h28m36.796s.xml	\N	IDIR\\JOASHDOW	2008-08-22 14:17:32	&&datafix_userid	2014-06-28 11:49:37	2
289407	2006-12-22 00:00:00	IDIR\\KADUFFY	\N	\N	14	2006y12m22dt16h50m35.531s.xml	\N	IDIR\\KADUFFY	2006-12-22 10:11:09	&&datafix_userid	2014-06-28 11:49:37	2
853898	2010-10-25 00:00:00	IDIR\\JOASHDOW	00010008	00	14	2010y10m25dt19h44m16.843s.xml	\N	IDIR\\JOASHDOW	2010-10-25 12:53:13	&&datafix_userid	2014-06-28 11:49:37	2
473612	2008-05-22 00:00:00	IDIR\\JOASHDOW	00010008	00	14	2008y05m22dt21h59m37.687s.xml	\N	IDIR\\JOASHDOW	2008-05-22 14:57:33	&&datafix_userid	2014-06-28 11:49:37	2
2366349	2024-09-04 14:09:32	IDIR\\CENNIS	00010003	13	2	TA1687_SAsoSL_RG_Milestone_FC20240903.xml	\N	IDIR\\CENNIS	2024-09-04 14:09:59	IDIR\\CENNIS	2024-09-04 14:09:59	1
2267940	2023-06-20 16:33:17	IDIR\\HFRASER	00010003	13	2	4SL.xml	\N	IDIR\\HFRASER	2023-06-20 16:33:25	IDIR\\HFRASER	2023-06-20 16:33:25	1
2350206	2024-05-31 14:29:56	IDIR\\CENNIS	00010003	13	2	TA1687_SAso4SL_RG_FC_ACT24.xml	\N	IDIR\\CENNIS	2024-05-31 14:30:29	IDIR\\CENNIS	2024-05-31 14:30:29	1
2413805	2025-02-27 16:35:12	IDIR\\DDOUBINI	00010003	13	2	SAso4SL_SP_Amend_1.xml	\N	IDIR\\DDOUBINI	2025-02-27 16:35:55	IDIR\\DDOUBINI	2025-02-27 16:35:55	1
2356926	2024-07-11 08:24:37	IDIR\\CENNIS	00010003	13	2	TA1687_SAso4SL_RG_FC_ACT24_20240711.xml	\N	IDIR\\CENNIS	2024-07-11 08:24:50	IDIR\\CENNIS	2024-07-11 08:24:50	1
2153193	2022-05-07 10:08:09	BCEID\\ANYA.DENNILL	00010006	00	2	Hardwicke 8 blocks Form B Hv and Silv activities.x	\N	BCEID\\ANYA.DENNILL	2022-05-07 10:08:55	BCEID\\ANYA.DENNILL	2022-05-07 10:08:55	1
2264749	2023-06-01 10:39:07	BCEID\\ALEXANDRA.VALLEE	00010006	00	2	6-117 FORM B Plant.xml	\N	BCEID\\ALEXANDRA.VALLEE	2023-06-01 10:39:27	BCEID\\ALEXANDRA.VALLEE	2023-06-01 10:39:27	1
2153194	2022-05-07 10:10:55	BCEID\\ANYA.DENNILL	00010006	00	2	Hardwicke 8 blks Form C PH.xml	\N	BCEID\\ANYA.DENNILL	2022-05-07 10:10:56	BCEID\\ANYA.DENNILL	2022-05-07 10:10:56	1
2247022	2023-03-23 13:58:21	BCEID\\ALEXANDRA.VALLEE	00010006	00	2	6-117 Form C RG.xml	\N	BCEID\\ALEXANDRA.VALLEE	2023-03-23 13:58:32	BCEID\\ALEXANDRA.VALLEE	2023-03-23 13:58:32	1
2428627	2025-04-16 10:31:18	BCEID\\ALEXANDRA.VALLEE	00010006	00	2	6-117 FORM B FP.xml	\N	BCEID\\ALEXANDRA.VALLEE	2025-04-16 10:31:20	BCEID\\ALEXANDRA.VALLEE	2025-04-16 10:31:20	1
2153182	2022-05-07 09:48:33	BCEID\\ANYA.DENNILL	00010006	00	2	Hardwicke 8 blks Form A Opening.xml	\N	BCEID\\ANYA.DENNILL	2022-05-07 09:48:56	BCEID\\ANYA.DENNILL	2022-05-07 09:48:56	1
1293475	2014-02-26 00:00:00	BCEID\\JPRESTMODA	00010006	00	1	\N	\N	BCEID\\JPRESTMODA	2014-02-26 11:01:31	BCEID\\JPRESTMODA	2014-02-26 11:01:31	1
1293417	2014-02-26 00:00:00	BCEID\\JPRESTMODA	00010006	00	1	\N	\N	BCEID\\JPRESTMODA	2014-02-26 10:45:31	BCEID\\JPRESTMODA	2014-02-26 10:45:31	1
1707770	2017-10-06 12:49:51	BCEID\\SJONES12	00010006	00	1	\N	\N	BCEID\\SJONES12	2017-10-06 12:50:00	BCEID\\SJONES12	2017-10-06 12:50:00	1
129231	2005-11-16 00:00:00	BCEID\\DSCOTT	\N	\N	2	original file name	\N	BCEID\\DSCOTT	2005-11-16 07:28:17	BCEID\\DSCOTT	2005-11-16 07:28:17	1
279646	2006-11-27 00:00:00	BCEID\\DSCOTT	\N	\N	2	145-1AmendmentUpdate.xml	\N	BCEID\\DSCOTT	2006-11-27 13:38:07	BCEID\\DSCOTT	2006-11-27 13:38:07	1
1106043	2012-04-16 00:00:00	BCEID\\DSCOTT	00010006	00	2	145-1FormCFreegrowing.xml	\N	BCEID\\DSCOTT	2012-04-16 08:37:30	BCEID\\DSCOTT	2012-04-16 08:37:30	1
2423188	2025-03-26 14:06:26	IDIR\\JZAHND	\N	\N	1	Disturbance.xml	\N	IDIR\\JZAHND	2025-03-26 14:06:56	IDIR\\JZAHND	2025-03-26 14:06:56	1
2423178	2025-03-26 13:55:29	IDIR\\JZAHND	\N	\N	1	Opening.xml	\N	IDIR\\JZAHND	2025-03-26 13:55:49	IDIR\\JZAHND	2025-03-26 13:55:49	1
2423241	2025-03-26 14:48:00	IDIR\\JZAHND	\N	\N	1	Forest cover.xml	\N	IDIR\\JZAHND	2025-03-26 14:48:22	IDIR\\JZAHND	2025-03-26 14:48:22	1
2423238	2025-03-26 14:46:35	IDIR\\JZAHND	\N	\N	1	Activities.xml	\N	IDIR\\JZAHND	2025-03-26 14:46:44	IDIR\\JZAHND	2025-03-26 14:46:44	1
57129	2016-03-29 10:22:16	IDIR\\MTSOI	00010004	00	1	NewOpeningMulti.xml	\N	IDIR\\MTSOI	2016-03-29 10:22:41	IDIR\\MTSOI	2016-03-29 10:22:41	1
105148	2005-08-03 00:00:00	BCEID\\TCOUILLARD	\N	\N	1	original file name	\N	BCEID\\TCOUILLARD	2005-08-03 11:37:35	BCEID\\TCOUILLARD	2005-08-03 11:37:35	1
54274	2005-03-30 00:00:00	BCEID\\TCOUILLARD	\N	\N	1	original file name	\N	BCEID\\TCOUILLARD	2005-03-30 13:20:42	BCEID\\TCOUILLARD	2005-03-30 13:20:42	1
533442	2009-01-19 00:00:00	BCEID\\TCOUILLARD	00010004	00	1	quadra activity jan.xml	\N	BCEID\\TCOUILLARD	2009-01-19 13:47:24	BCEID\\TCOUILLARD	2009-01-19 13:47:24	1
398409	2007-11-20 00:00:00	BCEID\\TCOUILLARD	\N	\N	1	ACTIVITY_2007_11_20-13_40_47.xml	\N	BCEID\\TCOUILLARD	2007-11-20 13:41:26	BCEID\\TCOUILLARD	2007-11-20 13:41:26	1
106302	2005-08-08 00:00:00	BCEID\\TCOUILLARD	\N	\N	1	original file name	\N	BCEID\\TCOUILLARD	2005-08-08 10:24:31	BCEID\\TCOUILLARD	2005-08-08 10:24:31	1
245849	2006-08-08 00:00:00	BCEID\\TCOUILLARD	\N	\N	1	ACTIVITY_2006_08_08-11_31_28.xml	\N	BCEID\\TCOUILLARD	2006-08-08 11:32:38	BCEID\\TCOUILLARD	2006-08-08 11:32:38	1
1513319	2016-04-11 21:51:47	BCEID\\TROGODIN	00010005	00	1	12-44_FC_2016-04-04.xml	\N	BCEID\\TROGODIN	2016-04-11 21:52:11	BCEID\\TROGODIN	2016-04-11 21:52:11	1
27379	2004-12-20 00:00:00	IDIR\\adellavi	\N	\N	1	12-44 A.XML	\N	IDIR\\adellavi	2004-12-20 11:18:00	IDIR\\adellavi	2004-12-20 11:18:00	1
1727954	2017-12-19 10:03:43	BCEID\\DUGASA	00010005	00	1	12-44 Disturbance Silv Activity Submission Brushin	\N	BCEID\\DUGASA	2017-12-19 10:03:56	BCEID\\DUGASA	2017-12-19 10:03:56	1
1494777	2016-02-22 20:48:55	BCEID\\TROGODIN	00010005	00	1	12-51-P2_601_602_67_68_Silv_Act_2016-02-22.xml	\N	BCEID\\TROGODIN	2016-02-22 20:49:06	BCEID\\TROGODIN	2016-02-22 20:49:06	1
478185	2008-06-02 00:00:00	BCEID\\TCOUILLARD	00010004	00	1	RES_B.TFL47_12U_12-44     .xml	\N	BCEID\\TCOUILLARD	2008-06-02 14:43:31	BCEID\\TCOUILLARD	2008-06-02 14:43:31	1
788550	2010-02-01 00:00:00	BCEID\\TCOUILLARD	00010004	00	1	12-44 activity Feb.xml	\N	BCEID\\TCOUILLARD	2010-02-01 13:40:45	BCEID\\TCOUILLARD	2010-02-01 13:40:45	1
186247	2006-03-20 00:00:00	BCEID\\TCOUILLARD	\N	\N	1	ACTIVITY_2006-03-20_03_56_00_PM.xml	\N	BCEID\\TCOUILLARD	2006-03-20 15:57:24	BCEID\\TCOUILLARD	2006-03-20 15:57:24	1
467587	2008-05-05 00:00:00	BCEID\\TCOUILLARD	00010004	00	1	activity may2.xml	\N	BCEID\\TCOUILLARD	2008-05-05 14:05:34	BCEID\\TCOUILLARD	2008-05-05 14:05:34	1
437308	2008-02-21 00:00:00	BCEID\\TCOUILLARD	\N	\N	1	12-44 activity.xml	\N	BCEID\\TCOUILLARD	2008-02-21 11:49:40	BCEID\\TCOUILLARD	2008-02-21 11:49:40	1
\.


--
-- Data for Name: sale_method_code; Type: TABLE DATA; Schema: silva; Owner: postgres
--

COPY silva.sale_method_code (sale_method_code, description, effective_date, expiry_date, update_timestamp) FROM stdin;
A	Auction, Oral	1905-01-01 00:00:00	9999-12-31 00:00:00	2008-11-03 16:10:09
B	Bid Proposal	2002-12-23 00:00:00	9999-12-31 00:00:00	2008-11-03 16:10:09
D	Direct Award	1905-01-01 00:00:00	9999-12-31 00:00:00	2008-11-03 16:10:09
N	Direct Award First Nations	2008-07-23 00:00:00	9999-12-31 00:00:00	2008-11-03 16:10:09
T	Auction, Sealed Tender	1905-01-01 00:00:00	9999-12-31 00:00:00	2008-11-03 16:10:09
\.


--
-- Data for Name: sale_type_code; Type: TABLE DATA; Schema: silva; Owner: postgres
--

COPY silva.sale_type_code (sale_type_code, description, effective_date, expiry_date, update_timestamp) FROM stdin;
CA	Conventional Application	2004-10-25 00:00:00	9999-12-31 00:00:00	2004-12-21 13:35:21
H1	H1 SSS for Forest Health reasons 0 - 50 m3	2000-07-05 00:00:00	9999-12-31 00:00:00	2004-12-21 13:35:21
H2	H2 SSS for Forest Health reasons 51 - 500 m3	2000-07-05 00:00:00	9999-12-31 00:00:00	2004-12-21 13:35:21
H3	H3 SSS for Forest Health reasons 501 - 2,000 m3	2000-07-05 00:00:00	9999-12-31 00:00:00	2004-12-21 13:35:21
H4	H4 SSS for Forest Health reasons >2000 m3	2000-07-05 00:00:00	9999-12-31 00:00:00	2004-12-21 13:35:21
HL	Handlog	1998-07-23 00:00:00	9999-12-31 00:00:00	2004-12-21 13:35:21
LY	Log Yard	1905-01-01 00:00:00	9999-12-31 00:00:00	2004-12-21 13:35:21
PA	Professional Application	2004-10-25 00:00:00	9999-12-31 00:00:00	2004-12-21 13:35:21
PW	Pulpwood	1998-07-23 00:00:00	9999-12-31 00:00:00	2004-12-21 13:35:21
S1	S1 Small Scale Salvage 0 - 50 m3	1998-11-25 00:00:00	9999-12-31 00:00:00	2004-12-21 13:35:21
S2	S2 Small Scale Salvage 51 - 500 m3	1998-11-25 00:00:00	9999-12-31 00:00:00	2004-12-21 13:35:21
S3	S3 Small Scale Salvage 501 - 2,000 m3	1998-11-25 00:00:00	9999-12-31 00:00:00	2004-12-21 13:35:21
S4	S4 Small Scale Salvage 2,000 m3	1998-11-25 00:00:00	9999-12-31 00:00:00	2004-12-21 13:35:21
SL	Sawlog	1998-07-23 00:00:00	9999-12-31 00:00:00	2004-12-21 13:35:21
SP	Special Forest Products	1998-07-23 00:00:00	9999-12-31 00:00:00	2004-12-21 13:35:21
XM	Christmas Tree	1998-11-25 00:00:00	9999-12-31 00:00:00	2004-12-21 13:35:21
\.


--
-- Data for Name: salvage_type_code; Type: TABLE DATA; Schema: silva; Owner: postgres
--

COPY silva.salvage_type_code (salvage_type_code, description, effective_date, expiry_date, update_timestamp) FROM stdin;
BBR	Bark Beetle Regulation	2005-04-06 00:00:00	9999-12-31 00:00:00	2005-06-23 11:23:19
SSS	Small Scale Salvage	2005-04-06 00:00:00	9999-12-31 00:00:00	2005-06-23 11:23:19
\.


--
-- Data for Name: sb_category_code; Type: TABLE DATA; Schema: silva; Owner: postgres
--

COPY silva.sb_category_code (sb_category_code, description, effective_date, expiry_date, update_timestamp) FROM stdin;
1	Non-milling	1905-01-01 00:00:00	9999-12-31 00:00:00	2003-11-18 12:42:43
2	Milling	1905-01-01 00:00:00	9999-12-31 00:00:00	2003-11-18 12:42:43
3	Proposed Mill	1999-10-26 00:00:00	9999-12-31 00:00:00	2003-11-18 12:42:43
9	District Manager	1905-01-01 00:00:00	9999-12-31 00:00:00	2003-11-18 12:42:43
A	Any/All Registrant Categories	1905-01-01 00:00:00	9999-12-31 00:00:00	2003-11-18 12:42:43
N	Non-Registrant	1905-01-01 00:00:00	9999-12-31 00:00:00	2003-11-18 12:42:43
4	Value Added	1905-02-23 00:00:00	9999-12-31 00:00:00	2024-02-27 15:23:20
\.


--
-- Data for Name: silv_activity_measurement_code; Type: TABLE DATA; Schema: silva; Owner: postgres
--

COPY silva.silv_activity_measurement_code (silv_activity_measurement_code, description, effective_date, expiry_date, update_timestamp) FROM stdin;
DY	Days	1905-01-01 00:00:00	9999-12-31 00:00:00	2003-11-15 19:23:57
HA	Hectares	1905-01-01 00:00:00	9999-12-31 00:00:00	2003-11-15 19:23:57
HL	Hectolitres	1905-01-01 00:00:00	9999-12-31 00:00:00	2003-11-15 19:23:57
HR	Hours	1905-01-01 00:00:00	9999-12-31 00:00:00	2003-11-15 19:23:57
KM	Kilometers	1905-01-01 00:00:00	9999-12-31 00:00:00	2003-11-15 19:23:57
\.


--
-- Data for Name: silv_admin_zone; Type: TABLE DATA; Schema: silva; Owner: postgres
--

COPY silva.silv_admin_zone (dist_admin_zone, org_unit_no, admin_zone_desc, revision_count) FROM stdin;
ER	1	ZONE R	1
\.


--
-- Data for Name: silv_base_code; Type: TABLE DATA; Schema: silva; Owner: postgres
--

COPY silva.silv_base_code (silv_base_code, description, effective_date, expiry_date, update_timestamp) FROM stdin;
AU	Audit	1905-01-01 00:00:00	9999-12-31 00:00:00	2025-01-29 13:06:07
BR	Brushing	1905-01-01 00:00:00	9999-12-31 00:00:00	2025-01-29 13:06:07
CC	Cone Collection	1905-01-01 00:00:00	9999-12-31 00:00:00	2025-01-29 13:06:07
CM	Crown Modification	2001-02-01 00:00:00	9999-12-31 00:00:00	2025-01-29 13:06:07
DN	Denudation	1905-01-01 00:00:00	9999-12-31 00:00:00	2025-01-29 13:06:07
DS	Direct Seeding	1905-01-01 00:00:00	9999-12-31 00:00:00	2025-01-29 13:06:07
EP	Experimental Activities	1905-01-01 00:00:00	9999-12-31 00:00:00	2025-01-29 13:06:07
FE	Fertilization	1905-01-01 00:00:00	9999-12-31 00:00:00	2025-01-29 13:06:07
HC	Habitat Connectivity	2025-01-13 00:00:00	9999-12-31 00:00:00	2025-01-29 13:06:07
HI	Habitat Installation	2021-02-25 00:00:00	9999-12-31 00:00:00	2025-01-29 13:06:07
JS	Juvenile Spacing	1905-01-01 00:00:00	9999-12-31 00:00:00	2025-01-29 13:06:07
LB	Land Based Planning	2018-06-26 00:00:00	9999-12-31 00:00:00	2025-01-29 13:06:07
PC	Pest Control	1905-01-01 00:00:00	9999-12-31 00:00:00	2025-01-29 13:06:07
PL	Planting	1905-01-01 00:00:00	9999-12-31 00:00:00	2025-01-29 13:06:07
PR	Pruning	1905-01-01 00:00:00	9999-12-31 00:00:00	2025-01-29 13:06:07
RC	Recreation	1905-01-01 00:00:00	9999-12-31 00:00:00	2025-01-29 13:06:07
RD	Roads	1905-01-01 00:00:00	9999-12-31 00:00:00	2025-01-29 13:06:07
SP	Site Preparation	1905-01-01 00:00:00	9999-12-31 00:00:00	2025-01-29 13:06:07
ST	Species Translocation	2021-02-25 00:00:00	9999-12-31 00:00:00	2025-01-29 13:06:07
SU	Surveys	1905-01-01 00:00:00	9999-12-31 00:00:00	2025-01-29 13:06:07
SX	Silviculture Trials	1905-01-01 00:00:00	9999-12-31 00:00:00	2025-01-29 13:06:07
\.


--
-- Data for Name: silv_comment_source_code; Type: TABLE DATA; Schema: silva; Owner: postgres
--

COPY silva.silv_comment_source_code (silv_comment_source_code, description, effective_date, expiry_date, update_timestamp) FROM stdin;
ALL	All	1905-01-01 00:00:00	9999-12-31 00:00:00	2003-11-26 15:07:36
AUDT	Audit	1905-01-01 00:00:00	9999-12-31 00:00:00	2003-11-26 15:07:36
ECO	SP Eco-Stratum	1905-01-01 00:00:00	9999-12-31 00:00:00	2003-11-26 15:07:36
OPEN	Opening	1905-01-01 00:00:00	9999-12-31 00:00:00	2003-11-26 15:07:36
PHSP	Pre-Harvest Silviculture Prescription	2003-11-26 00:00:00	2003-11-26 00:00:00	2003-11-26 15:07:36
PLAN	Plans and Goals	1905-01-01 00:00:00	9999-12-31 00:00:00	2003-11-26 15:07:36
PROJ	Project	1905-01-01 00:00:00	9999-12-31 00:00:00	2003-11-26 15:07:36
RIP	Riparian Prescription	1998-07-13 00:00:00	9999-12-31 00:00:00	2003-11-26 15:07:36
RSLT	Record Activities/Surveys	1905-01-01 00:00:00	9999-12-31 00:00:00	2003-11-26 15:07:36
SP	Silviculture Prescription	1905-01-01 00:00:00	9999-12-31 00:00:00	2003-11-26 15:07:36
SSYS	Silvicultural System	1905-01-01 00:00:00	9999-12-31 00:00:00	2003-11-26 15:07:36
SU	Standards Unit	1905-01-01 00:00:00	9999-12-31 00:00:00	2003-11-26 15:07:36
\.


--
-- Data for Name: silv_comment_type_code; Type: TABLE DATA; Schema: silva; Owner: postgres
--

COPY silva.silv_comment_type_code (silv_comment_type_code, description, effective_date, expiry_date, update_timestamp) FROM stdin;
ACCESS	Access to Opening	1905-01-01 00:00:00	9999-12-31 00:00:00	2003-11-15 19:23:58
ADVERTIS	Prescription Advertised	1905-01-01 00:00:00	9999-12-31 00:00:00	2003-11-15 19:23:58
ALTBR	Alternate Brushing	1905-01-01 00:00:00	9999-12-31 00:00:00	2003-11-15 19:23:58
ALTDN	Alternate Denudation	1998-07-16 00:00:00	9999-12-31 00:00:00	2003-11-15 19:23:58
ALTFE	Alternate Fertilization	1905-01-01 00:00:00	9999-12-31 00:00:00	2003-11-15 19:23:58
ALTJS	Alternate Juvenile Spacing	1905-01-01 00:00:00	9999-12-31 00:00:00	2003-11-15 19:23:58
ALTPC	Alternate Pest Control	1905-01-01 00:00:00	9999-12-31 00:00:00	2003-11-15 19:23:58
ALTPR	Alternate Pruning	1905-01-01 00:00:00	9999-12-31 00:00:00	2003-11-15 19:23:58
ALTREG	Alternate Regeneration	1905-01-01 00:00:00	9999-12-31 00:00:00	2003-11-15 19:23:58
ALTSP	Alternate Site Prep	1905-01-01 00:00:00	9999-12-31 00:00:00	2003-11-15 19:23:58
ALTST	Alternate Tending	1905-01-01 00:00:00	9999-12-31 00:00:00	2003-11-15 19:23:58
ARCHAEO	Archaeological Sites	1998-07-13 00:00:00	9999-12-31 00:00:00	2003-11-15 19:23:58
ASSESS1	Assessments Made Available	1905-01-01 00:00:00	9999-12-31 00:00:00	2003-11-15 19:23:58
ASSESS2	Assessments Pertinent Details	1905-01-01 00:00:00	9999-12-31 00:00:00	2003-11-15 19:23:58
BIODIV1	Biodiversity Objectives/Values/Concerns	1905-01-01 00:00:00	9999-12-31 00:00:00	2003-11-15 19:23:58
BIODIV2	Biodiversity Actions	1905-01-01 00:00:00	9999-12-31 00:00:00	2003-11-15 19:23:58
BLADED	Bladed or Excavated Trails	1905-01-01 00:00:00	9999-12-31 00:00:00	2003-11-15 19:23:58
BR	Brushing	1905-01-01 00:00:00	9999-12-31 00:00:00	2003-11-15 19:23:58
CONSIST	Consistency with Higher Level Plans	1905-01-01 00:00:00	9999-12-31 00:00:00	2003-11-15 19:23:58
CONTRACT	Contractor Performance	1998-05-12 00:00:00	9999-12-31 00:00:00	2003-11-15 19:23:58
CRITICAL	Critical Site Factors	1905-01-01 00:00:00	9999-12-31 00:00:00	2003-11-15 19:23:58
CULTURE1	Cultural Heritage Concerns	1905-01-01 00:00:00	9999-12-31 00:00:00	2003-11-15 19:23:58
CULTURE2	Cultural Heritage Actions	1905-01-01 00:00:00	9999-12-31 00:00:00	2003-11-15 19:23:58
DEBRIS1	Coarse Woody Debris Objectives/Acions/Concerns	1905-01-01 00:00:00	9999-12-31 00:00:00	2003-11-15 19:23:58
DEBRIS2	Coarse Woody Debris Actions	1905-01-01 00:00:00	9999-12-31 00:00:00	2003-11-15 19:23:58
ECOLOGY	Ecology	1905-01-01 00:00:00	9999-12-31 00:00:00	2003-11-15 19:23:58
EXTENURE	Ex-Tenure comment	1905-01-01 00:00:00	9999-12-31 00:00:00	2003-11-15 19:23:58
FDP	Forest Development Plans	1905-01-01 00:00:00	9999-12-31 00:00:00	2003-11-15 19:23:58
FEEDBACK	Feedback	1905-01-01 00:00:00	9999-12-31 00:00:00	2003-11-15 19:23:58
FIRE	Fire Protection	1905-01-01 00:00:00	9999-12-31 00:00:00	2003-11-15 19:23:58
FIRE1	Protection Assessment	1905-01-01 00:00:00	9999-12-31 00:00:00	2003-11-15 19:23:58
FIRE2	Protection Actions	1905-01-01 00:00:00	9999-12-31 00:00:00	2003-11-15 19:23:58
FISH	Fisheries	1905-01-01 00:00:00	9999-12-31 00:00:00	2003-11-15 19:23:58
FISH1	Fisheries Concerns	1905-01-01 00:00:00	9999-12-31 00:00:00	2003-11-15 19:23:58
FISH2	Fisheries Actions	1905-01-01 00:00:00	9999-12-31 00:00:00	2003-11-15 19:23:58
FORCOVER	Forest Cover	1905-01-01 00:00:00	9999-12-31 00:00:00	2003-11-15 19:23:58
FORHLTH	Forest Health Actions	1905-01-01 00:00:00	9999-12-31 00:00:00	2003-11-15 19:23:58
FRGROW	Post Free-growing	1905-01-01 00:00:00	9999-12-31 00:00:00	2003-11-15 19:23:58
GENERAL	General Comments	1905-01-01 00:00:00	9999-12-31 00:00:00	2003-11-15 19:23:58
GULLY	Gully Management Strategies	1905-01-01 00:00:00	9999-12-31 00:00:00	2003-11-15 19:23:58
HARVEST	Harvest Plan	1905-01-01 00:00:00	9999-12-31 00:00:00	2003-11-15 19:23:58
HARVEST1	Harvest Plan #1	1905-01-01 00:00:00	9999-12-31 00:00:00	2003-11-15 19:23:58
HARVEST2	Harvest Plan #2	1905-01-01 00:00:00	9999-12-31 00:00:00	2003-11-15 19:23:58
HARVEST3	Harvest Plan #3	1905-01-01 00:00:00	9999-12-31 00:00:00	2003-11-15 19:23:58
HARVEST4	Harvest Plan #4	1905-01-01 00:00:00	9999-12-31 00:00:00	2003-11-15 19:23:58
HLP	Higher Level Plans	1905-01-01 00:00:00	9999-12-31 00:00:00	2003-11-15 19:23:58
HRC	History Record Conversion	1905-01-01 00:00:00	9999-12-31 00:00:00	2003-11-15 19:23:58
LAND1	Visual Landscape Concerns	1905-01-01 00:00:00	9999-12-31 00:00:00	2003-11-15 19:23:58
LAND2	Visual Landscape Actions	1905-01-01 00:00:00	9999-12-31 00:00:00	2003-11-15 19:23:58
LEAVETR	Leave Tree Characteristics	1905-01-01 00:00:00	9999-12-31 00:00:00	2003-11-15 19:23:58
LNDSCAPE	Landscape	1905-01-01 00:00:00	9999-12-31 00:00:00	2003-11-15 19:23:58
MGMTOBJ	Management Objectives	1905-01-01 00:00:00	9999-12-31 00:00:00	2003-11-15 19:23:58
MGMTOBJ1	Deviations To Plans	1905-01-01 00:00:00	9999-12-31 00:00:00	2003-11-15 19:23:58
MGMTOBJ2	Detailed Objectives	1905-01-01 00:00:00	9999-12-31 00:00:00	2003-11-15 19:23:58
MILSTONE	Milestone	2003-06-04 00:00:00	9999-12-31 00:00:00	2003-11-15 19:23:58
MINSOIL	Minimizing Soil Disturbance	1905-01-01 00:00:00	9999-12-31 00:00:00	2003-11-15 19:23:58
OPCOND	Operating Conditions	1905-01-01 00:00:00	9999-12-31 00:00:00	2003-11-15 19:23:58
OR	Other Activities	1905-01-01 00:00:00	9999-12-31 00:00:00	2003-11-15 19:23:58
OTHRVAL	Other Forest Values	1905-01-01 00:00:00	9999-12-31 00:00:00	2003-11-15 19:23:58
OTHRVAL1	Other Value Concerns	1905-01-01 00:00:00	9999-12-31 00:00:00	2003-11-15 19:23:58
OTHRVAL2	Other Value Actions	1905-01-01 00:00:00	9999-12-31 00:00:00	2003-11-15 19:23:58
PL	Planting	1905-01-01 00:00:00	9999-12-31 00:00:00	2003-11-15 19:23:58
PREFBR	Preferred Brushing	1905-01-01 00:00:00	9999-12-31 00:00:00	2003-11-15 19:23:58
PREFDN	Preferred Denudation	1998-07-16 00:00:00	9999-12-31 00:00:00	2003-11-15 19:23:58
PREFFE	Preferred Fertilization	1905-01-01 00:00:00	9999-12-31 00:00:00	2003-11-15 19:23:58
PREFJS	Preferred Juvenile Spacing	1905-01-01 00:00:00	9999-12-31 00:00:00	2003-11-15 19:23:58
PREFPC	Preferred Pest Control	1905-01-01 00:00:00	9999-12-31 00:00:00	2003-11-15 19:23:58
PREFPR	Preferred Pruning	1905-01-01 00:00:00	9999-12-31 00:00:00	2003-11-15 19:23:58
PREFREG	Preferred Regeneration	1905-01-01 00:00:00	9999-12-31 00:00:00	2003-11-15 19:23:58
PREFSP	Preferred Site Prep	1905-01-01 00:00:00	9999-12-31 00:00:00	2003-11-15 19:23:58
PREFST	Preferred Tending	1905-01-01 00:00:00	9999-12-31 00:00:00	2003-11-15 19:23:58
PREHARV	Pre-Harvest Stand Structure	1905-01-01 00:00:00	9999-12-31 00:00:00	2003-11-15 19:23:58
RANGE	Range Actions	1905-01-01 00:00:00	9999-12-31 00:00:00	2003-11-15 19:23:58
RANGE1	Range Concerns	1905-01-01 00:00:00	9999-12-31 00:00:00	2003-11-15 19:23:58
RANGE2	Range Actions	1905-01-01 00:00:00	9999-12-31 00:00:00	2003-11-15 19:23:58
RATIONAL	Rationale for Proposed Silvicultural System	1905-01-01 00:00:00	9999-12-31 00:00:00	2003-11-15 19:23:58
RECREATN	Recreation	1905-01-01 00:00:00	9999-12-31 00:00:00	2003-11-15 19:23:58
RECRTN1	Recreation Concerns	1905-01-01 00:00:00	9999-12-31 00:00:00	2003-11-15 19:23:58
RECRTN2	Recreation Values	1905-01-01 00:00:00	9999-12-31 00:00:00	2003-11-15 19:23:58
REGEN	Regeneration	1905-01-01 00:00:00	9999-12-31 00:00:00	2003-11-15 19:23:58
REHAB	Rehabilitation Plan	1905-01-01 00:00:00	9999-12-31 00:00:00	2003-11-15 19:23:58
RESERVE	Reserve Description	1998-03-27 00:00:00	9999-12-31 00:00:00	2003-11-15 19:23:58
REVIEW	Prescription Review and Comment	1905-01-01 00:00:00	9999-12-31 00:00:00	2003-11-15 19:23:58
RIP1	Riparian Reserve Zone	1998-07-13 00:00:00	9999-12-31 00:00:00	2003-11-15 19:23:58
RIP2	Riparian Management Zone	1998-07-13 00:00:00	9999-12-31 00:00:00	2003-11-15 19:23:58
RIPARIAN	Riparian Assessment	1905-01-01 00:00:00	9999-12-31 00:00:00	2003-11-15 19:23:58
SENAREA1	Sensitive Area Concerns	1905-01-01 00:00:00	9999-12-31 00:00:00	2003-11-15 19:23:58
SENAREA2	Sensitive Area Actions	1905-01-01 00:00:00	9999-12-31 00:00:00	2003-11-15 19:23:58
SITE	Site Sensitivity	1905-01-01 00:00:00	9999-12-31 00:00:00	2003-11-15 19:23:58
SOILCON	Soil Conservation	1905-01-01 00:00:00	9999-12-31 00:00:00	2003-11-15 19:23:58
SOILDIST	TAUP Soil Disturbance	1905-01-01 00:00:00	9999-12-31 00:00:00	2003-11-15 19:23:58
SP	Site Preparation	1905-01-01 00:00:00	9999-12-31 00:00:00	2003-11-15 19:23:58
SSGOALS	Stand Structure Goals	1905-01-01 00:00:00	9999-12-31 00:00:00	2003-11-15 19:23:58
ST	Stand Tending	1905-01-01 00:00:00	9999-12-31 00:00:00	2003-11-15 19:23:58
STOCKING	Stocking Rationale	1905-01-01 00:00:00	9999-12-31 00:00:00	2003-11-15 19:23:58
STOCKREQ	Other Stocking Requirements	1905-01-01 00:00:00	9999-12-31 00:00:00	2003-11-15 19:23:58
SU	Surveys	1905-01-01 00:00:00	9999-12-31 00:00:00	2003-11-15 19:23:58
SUCRTRIA	Special Survey Criteria	1905-01-01 00:00:00	9999-12-31 00:00:00	2003-11-15 19:23:58
SU_AREA	SU Area Description	1905-01-01 00:00:00	9999-12-31 00:00:00	2003-11-15 19:23:58
SXTRIAL	SX Trial Comment	1905-01-01 00:00:00	9999-12-31 00:00:00	2003-11-15 19:23:58
TRADUSE1	Aboriginal Traditional Use Concerns	1905-01-01 00:00:00	9999-12-31 00:00:00	2003-11-15 19:23:58
TRADUSE2	Aboriginal Traditional Use Actions	1905-01-01 00:00:00	9999-12-31 00:00:00	2003-11-15 19:23:58
VEG	Vegetation Management	1998-07-13 00:00:00	9999-12-31 00:00:00	2003-11-15 19:23:58
WATER	Watershed	1905-01-01 00:00:00	9999-12-31 00:00:00	2003-11-15 19:23:58
WATER1	Watershed Concerns	1905-01-01 00:00:00	9999-12-31 00:00:00	2003-11-15 19:23:58
WATER2	Watershed Actions	1905-01-01 00:00:00	9999-12-31 00:00:00	2003-11-15 19:23:58
WILDLF1	Wildlife Attributes	1905-01-01 00:00:00	9999-12-31 00:00:00	2003-11-15 19:23:58
WILDLF2	Wildlife Actions	1905-01-01 00:00:00	9999-12-31 00:00:00	2003-11-15 19:23:58
WILDLIFE	Wildlife	1905-01-01 00:00:00	9999-12-31 00:00:00	2003-11-15 19:23:58
WIND	Windthrow Hazard Assessment	1905-01-01 00:00:00	9999-12-31 00:00:00	2003-11-15 19:23:58
XREF	Licence Cross Reference	1905-01-01 00:00:00	9999-12-31 00:00:00	2003-11-15 19:23:58
\.


--
-- Data for Name: silv_comment_xref; Type: TABLE DATA; Schema: silva; Owner: postgres
--

COPY silva.silv_comment_xref (silv_comment_source_code, silv_comment_type_code, comment_order_no) FROM stdin;
ALL	ACCESS	30
ALL	ARCHAEO	34
ALL	BR	5
ALL	CONTRACT	33
ALL	ECOLOGY	6
ALL	EXTENURE	14
ALL	FEEDBACK	15
ALL	FIRE	26
ALL	FISH	25
ALL	FORCOVER	24
ALL	FORHLTH	29
ALL	FRGROW	23
ALL	GENERAL	22
ALL	HARVEST	21
ALL	HRC	20
ALL	LNDSCAPE	19
ALL	MGMTOBJ	1
ALL	OR	17
ALL	OTHRVAL	16
ALL	PL	28
ALL	RANGE	18
ALL	RECREATN	4
ALL	REGEN	3
ALL	RESERVE	32
ALL	RIP1	36
ALL	RIP2	37
ALL	SOILCON	2
ALL	SP	7
ALL	ST	8
ALL	STOCKING	9
ALL	SU	10
ALL	SU_AREA	31
ALL	SXTRIAL	11
ALL	VEG	35
ALL	WATER	12
ALL	WILDLIFE	13
ALL	XREF	27
ECO	CRITICAL	1
ECO	ECOLOGY	2
OPEN	ACCESS	27
OPEN	BR	24
OPEN	ECOLOGY	13
OPEN	EXTENURE	14
OPEN	FEEDBACK	15
OPEN	FIRE	16
OPEN	FISH	17
OPEN	FORCOVER	18
OPEN	FORHLTH	19
OPEN	FRGROW	20
OPEN	GENERAL	21
OPEN	HARVEST	22
OPEN	HRC	23
OPEN	LNDSCAPE	26
OPEN	MGMTOBJ	12
OPEN	OTHRVAL	11
OPEN	RANGE	25
OPEN	RECREATN	1
OPEN	REGEN	2
OPEN	SOILCON	3
OPEN	SP	4
OPEN	ST	5
OPEN	STOCKING	6
OPEN	SXTRIAL	7
OPEN	WATER	8
OPEN	WILDLIFE	9
OPEN	XREF	10
PHSP	ACCESS	6
PHSP	ALTBR	7
PHSP	ALTREG	8
PHSP	ALTSP	9
PHSP	ALTST	10
PHSP	ECOLOGY	11
PHSP	FEEDBACK	12
PHSP	FIRE1	13
PHSP	FIRE2	14
PHSP	FISH1	15
PHSP	FISH2	16
PHSP	FORHLTH	4
PHSP	FRGROW	5
PHSP	HARVEST1	30
PHSP	HARVEST2	29
PHSP	HARVEST3	27
PHSP	HARVEST4	26
PHSP	LNDSCAPE	24
PHSP	MGMTOBJ1	23
PHSP	MGMTOBJ2	22
PHSP	OTHRVAL1	21
PHSP	OTHRVAL2	20
PHSP	PREFBR	19
PHSP	PREFREG	34
PHSP	PREFSP	25
PHSP	PREFST	28
PHSP	RANGE	31
PHSP	RECREATN	32
PHSP	SOILCON	33
PHSP	STOCKING	18
PHSP	WATER1	17
PHSP	WATER2	1
PHSP	WILDLF1	2
PHSP	WILDLF2	3
PLAN	GENERAL	1
PLAN	HRC	2
PLAN	OR	4
PLAN	PL	3
PLAN	SP	5
PLAN	ST	6
PLAN	SU	7
PROJ	CONTRACT	2
PROJ	GENERAL	1
RIP	RIP1	1
RIP	RIP2	2
RSLT	GENERAL	2
RSLT	HRC	3
RSLT	OR	7
RSLT	PL	4
RSLT	SP	1
RSLT	ST	6
RSLT	SU	5
SP	ADVERTIS	1
SP	ARCHAEO	42
SP	ASSESS1	19
SP	ASSESS2	18
SP	BIODIV1	17
SP	BIODIV2	16
SP	BLADED	15
SP	CONSIST	14
SP	CULTURE1	13
SP	CULTURE2	12
SP	DEBRIS1	11
SP	DEBRIS2	10
SP	FDP	9
SP	FIRE1	8
SP	FIRE2	7
SP	FISH1	6
SP	FISH2	5
SP	FORHLTH	40
SP	GULLY	4
SP	HLP	3
SP	LAND1	2
SP	LAND2	20
SP	MGMTOBJ	21
SP	OTHRVAL1	32
SP	OTHRVAL2	33
SP	RANGE1	34
SP	RANGE2	35
SP	RECRTN1	36
SP	RECRTN2	37
SP	RESERVE	41
SP	REVIEW	38
SP	RIPARIAN	39
SP	SENAREA1	31
SP	SENAREA2	30
SP	SITE	29
SP	SOILDIST	28
SP	TRADUSE1	27
SP	TRADUSE2	26
SP	VEG	43
SP	WATER1	25
SP	WATER2	24
SP	WILDLF1	23
SP	WILDLF2	22
SSYS	LEAVETR	3
SSYS	PREHARV	2
SSYS	RATIONAL	1
SSYS	SSGOALS	4
SU	ALTBR	5
SU	ALTDN	23
SU	ALTFE	21
SU	ALTJS	6
SU	ALTPC	4
SU	ALTPR	20
SU	ALTREG	19
SU	ALTSP	18
SU	MINSOIL	17
SU	OPCOND	16
SU	PREFBR	15
SU	PREFDN	24
SU	PREFFE	14
SU	PREFJS	13
SU	PREFPC	12
SU	PREFPR	11
SU	PREFREG	10
SU	PREFSP	9
SU	REHAB	8
SU	STOCKING	1
SU	STOCKREQ	2
SU	SU_AREA	22
SU	SUCRTRIA	3
SU	WIND	7
SU	MILSTONE	25
\.


--
-- Data for Name: silv_cut_phase_code; Type: TABLE DATA; Schema: silva; Owner: postgres
--

COPY silva.silv_cut_phase_code (silv_cut_phase_code, description, effective_date, expiry_date, update_timestamp) FROM stdin;
ESTAB	Establishment Cut	1905-01-01 00:00:00	9999-12-31 00:00:00	2003-11-15 19:23:58
PREPC	Preparatory Cut	1905-01-01 00:00:00	9999-12-31 00:00:00	2003-11-15 19:23:58
RECRU	Recruitment	1905-01-01 00:00:00	9999-12-31 00:00:00	2003-11-15 19:23:58
REMOV	Removal	1905-01-01 00:00:00	9999-12-31 00:00:00	2003-11-15 19:23:58
SALVF	Salvage - Fire	1905-01-01 00:00:00	9999-12-31 00:00:00	2003-11-15 19:23:58
SALVO	Salvage - Other	1905-01-01 00:00:00	9999-12-31 00:00:00	2003-11-15 19:23:58
SALVP	Salvage - Pest	1905-01-01 00:00:00	9999-12-31 00:00:00	2003-11-15 19:23:58
SALVW	Salvage - Wind	1905-01-01 00:00:00	9999-12-31 00:00:00	2003-11-15 19:23:58
\.


--
-- Data for Name: silv_damage_agent_code; Type: TABLE DATA; Schema: silva; Owner: postgres
--

COPY silva.silv_damage_agent_code (silv_damage_agent_code, description, effective_date, expiry_date, update_timestamp) FROM stdin;
AO	Pika  (L. Ochotona spp.)	2009-12-01 00:00:00	9999-12-31 00:00:00	2022-02-03 14:08:49
DFX	Brown Felt Blight  (L. Herpotrichia spp.)	2009-12-01 00:00:00	9999-12-31 00:00:00	2022-02-03 14:08:49
IDY	Birch-Aspen Leafroller  (L. Epinotia solandriana )	2009-12-01 00:00:00	9999-12-31 00:00:00	2022-02-03 14:08:49
NAV	Avalanche or Snow Slide	2009-12-01 00:00:00	9999-12-31 00:00:00	2022-02-03 14:08:49
DFO	Lophodermium Needle Cast  (L. Lophodermium seditiosum)	2009-12-01 00:00:00	9999-12-31 00:00:00	2022-02-03 14:08:49
DFY	Hendersonia Needle Cast  (L. Hendersonia pinicola)	2009-12-01 00:00:00	9999-12-31 00:00:00	2022-02-03 14:08:49
DFZ	Rhizosphaera Needle Cast  (L. Rhizosphaera kalkhoffii)	2009-12-01 00:00:00	9999-12-31 00:00:00	2022-02-03 14:08:49
DFU	Cedar Leaf Blight  (L. Didymascella thujina)	2009-12-01 00:00:00	9999-12-31 00:00:00	2022-02-03 14:08:49
DLK	Conifer Cytospora Canker  (L. Leucostoma kunzei)	2009-12-01 00:00:00	9999-12-31 00:00:00	2022-02-03 14:08:49
DRS	Schweinitzii Butt Rot  (L. Phaeolus schweinitzii)	2009-12-01 00:00:00	9999-12-31 00:00:00	2022-02-03 14:08:49
NX	Wind Scarring or Rubbing	2009-07-13 00:00:00	9999-12-31 00:00:00	2022-02-03 14:08:49
DFN	Leptomelanconium Needle Blight  (L. Leptomelanconium pinicola)	2009-12-01 00:00:00	9999-12-31 00:00:00	2022-02-03 14:08:49
DFJ	Phaeoseptoria Needle Cast  (L. Phaeoseptoria contortae)	2009-12-01 00:00:00	9999-12-31 00:00:00	2022-02-03 14:08:49
NCY	Yellow Cedar (Yc) Decline	2006-11-06 00:00:00	9999-12-31 00:00:00	2022-02-03 14:08:49
NCA	Aspen Decline	2006-11-06 00:00:00	9999-12-31 00:00:00	2022-02-03 14:08:49
NCB	Birch Decline	2006-11-06 00:00:00	9999-12-31 00:00:00	2022-02-03 14:08:49
ID2	Bruce Spanworm  (L. Operophtera bruceata)	2009-12-01 00:00:00	9999-12-31 00:00:00	2022-02-03 14:08:49
ID3	Winter Moth  (L. Operophtera brumata)	2009-12-01 00:00:00	9999-12-31 00:00:00	2022-02-03 14:08:49
ID4	Cottonwood Sawfly  (L. Nematus currani)	2009-12-01 00:00:00	9999-12-31 00:00:00	2022-02-03 14:08:49
ID5	Fall Webworm  (L. Hyphantria cunea)	2009-12-01 00:00:00	9999-12-31 00:00:00	2022-02-03 14:08:49
ID7	Woolly Alder Sawfly  (L. Eriocampa ovata)	2009-12-01 00:00:00	9999-12-31 00:00:00	2022-02-03 14:08:49
IDK	Northern Tent Caterpillar  (L. Malacosoma californicum)	2009-12-01 00:00:00	9999-12-31 00:00:00	2022-02-03 14:08:49
ID6	Aspen Leaf Miner  (L. Phyllocristis populiella)	2009-12-01 00:00:00	9999-12-31 00:00:00	2022-02-03 14:08:49
ID8	Aspen Leaf Roller  (L. Pseudexentera oregonana)	2009-12-01 00:00:00	9999-12-31 00:00:00	2022-02-03 14:08:49
ID9	Birch Leaf Skeletonizer  (L. Buccalatrix spp.)	2009-12-01 00:00:00	9999-12-31 00:00:00	2022-02-03 14:08:49
IEA	Unidentified Aspen Defoliation	2009-12-01 00:00:00	9999-12-31 00:00:00	2022-02-03 14:08:49
IDO	Filament Bearer  (L. Nematocampa fiamentaria)	2009-12-01 00:00:00	9999-12-31 00:00:00	2022-02-03 14:08:49
IDJ	Gray Forest Loooper  (L. Caripeta divista)	2009-12-01 00:00:00	9999-12-31 00:00:00	2022-02-03 14:08:49
IDQ	Hemlock Needle Miner  (L. Epinotia tsugana)	2009-12-01 00:00:00	9999-12-31 00:00:00	2022-02-03 14:08:49
IEB	Hemlock Sawfly  (L. Neodiprion tsugae)	2009-12-01 00:00:00	9999-12-31 00:00:00	2022-02-03 14:08:49
IEC	Larch Budmoth  (L. Zairaphera improbana)	2009-12-01 00:00:00	9999-12-31 00:00:00	2022-02-03 14:08:49
IED	Larch Looper  (L. Semiothis sexmaculata)	2009-12-01 00:00:00	9999-12-31 00:00:00	2022-02-03 14:08:49
IEF	Cottonwood Leaf Skeletonizer  (L. Phyllonorycytes apparella)	2009-12-01 00:00:00	9999-12-31 00:00:00	2022-02-03 14:08:49
IEG	Lodgepole Pine Sawfly  (L. Neodiprion nanulus contortae)	2009-12-01 00:00:00	9999-12-31 00:00:00	2022-02-03 14:08:49
IEH	Phantom Hemlock Looper  (L. Nepytia phantasmaria)	2009-12-01 00:00:00	9999-12-31 00:00:00	2022-02-03 14:08:49
IEI	Saddleback Looper  (L. Ectropis crepuscularia)	2009-12-01 00:00:00	9999-12-31 00:00:00	2022-02-03 14:08:49
IEJ	Willow Leafminer  (L. Micrurapteryx salicifoliella)	2009-12-01 00:00:00	9999-12-31 00:00:00	2022-02-03 14:08:49
DFB	Delphinella Tip Blight  (L. Delphinella spp.)	2009-12-01 00:00:00	9999-12-31 00:00:00	2022-02-03 14:08:49
DFF	Marssonina Leaf Blights  (L. Marssonina spp.)	2009-12-01 00:00:00	9999-12-31 00:00:00	2022-02-03 14:08:49
DFG	Cottonwood Leaf Rust  (L. Melampsora occidentalis)	2009-12-01 00:00:00	9999-12-31 00:00:00	2022-02-03 14:08:49
DFI	Linospora Leaf Blotch  (L. Linospora tetraspora)	2009-12-01 00:00:00	9999-12-31 00:00:00	2022-02-03 14:08:49
DFK	Septoria Leaf Spot  (L. Septoria populicola)	2009-12-01 00:00:00	9999-12-31 00:00:00	2022-02-03 14:08:49
DFT	Sirococcus Tip Blight  (L. Sirococcus conigenus)	2002-12-19 00:00:00	2020-10-08 00:00:00	2022-02-03 14:08:49
DDA	White Mottled Rot  (L. Ganoderma applanatum)	2009-12-01 00:00:00	9999-12-31 00:00:00	2022-02-03 14:08:49
DDC	Brown Cubical Rot of Birch  (L. Piptoporus betulinus)	2009-12-01 00:00:00	9999-12-31 00:00:00	2022-02-03 14:08:49
DDG	Sterile Conk Trunk Rot of Birch  (L. Inonotus obliquus)	2009-12-01 00:00:00	9999-12-31 00:00:00	2022-02-03 14:08:49
IBH	Hylurgops Beetle  (L. Hylurgops rugipennis)	2009-12-01 00:00:00	9999-12-31 00:00:00	2022-02-03 14:08:49
IBF	Fir Engraver Beetle  (L. Scolytus ventralis)	2009-12-01 00:00:00	9999-12-31 00:00:00	2022-02-03 14:08:49
IBL	Lodgepole Pine Beetle  (L. Dendroctonus murryanae)	2009-12-01 00:00:00	9999-12-31 00:00:00	2022-02-03 14:08:49
IBE	Silver Fir Beetle  (L. Pseudohylesinus sericeus)	2009-12-01 00:00:00	9999-12-31 00:00:00	2022-02-03 14:08:49
IBR	Fir Root Bark Beetle  (L. Pseudohylesinus granulatus)	2009-12-01 00:00:00	9999-12-31 00:00:00	2022-02-03 14:08:49
ISA	Bronze Birch Borer  (L. Agrilus anxius)	2009-12-01 00:00:00	9999-12-31 00:00:00	2022-02-03 14:08:49
ISC	Poplar Borer  (L. Saperda calcarata)	2009-12-01 00:00:00	9999-12-31 00:00:00	2022-02-03 14:08:49
ISW	Poplar and Willow Borer  (L. Cryptorhynchus lapathi)	2002-12-19 00:00:00	9999-12-30 00:00:00	2022-02-03 14:08:49
ID1	Leaf Beetles  (L. Chrysomela spp.)	2009-12-01 00:00:00	9999-12-31 00:00:00	2022-02-03 14:08:49
UBT	Unknown Broken Top	2013-04-08 00:00:00	9999-12-31 00:00:00	2022-02-03 14:08:49
UCR	Unknown Crook	2013-04-08 00:00:00	9999-12-31 00:00:00	2022-02-03 14:08:49
USW	Unknown Sweep	2013-04-08 00:00:00	9999-12-31 00:00:00	2022-02-03 14:08:49
DFQ	Alpine Fir Needle Cast  (L. Isthmiella quadrispora)	2013-04-05 00:00:00	9999-12-31 00:00:00	2022-02-03 14:08:49
IEK	Rusty Tussock Moth  (L. Orgyia antiqua)	2013-04-05 00:00:00	9999-12-31 00:00:00	2022-02-03 14:08:49
NBP	Post-Burn Mortality	2013-04-05 00:00:00	9999-12-31 00:00:00	2022-02-03 14:08:49
DFW	Swiss Needle Cast  (L. Phaeocryptopus gaumanni)	2012-11-19 00:00:00	9999-12-31 00:00:00	2022-02-03 14:08:49
UF	Unknown Fork Damage	2012-11-19 00:00:00	9999-12-31 00:00:00	2022-02-03 14:08:49
PBC	Gray Mould  (L. Botrytris cinerea)	1905-01-01 00:00:00	9999-12-31 00:00:00	2022-02-03 14:08:49
PCD	Neonectria radicicola  (L. Neonectria radicicola)	1905-01-01 00:00:00	9999-12-31 00:00:00	2022-02-03 14:08:49
PCF	Seed or Cold Fungus  (L. Caloscypha fulgens)	1905-01-01 00:00:00	9999-12-31 00:00:00	2022-02-03 14:08:49
PCP	Inland Spruce Cone Rust  (L. Chrysomyxa pirolata)	1905-01-01 00:00:00	9999-12-31 00:00:00	2022-02-03 14:08:49
PDT	Cedar Leaf Blight  (L. Didymascella thujina)	1905-01-01 00:00:00	2010-12-31 00:00:00	2022-02-03 14:08:49
PFX	Fusarium spp.  (L. Fusarium spp.)	1905-01-01 00:00:00	9999-12-31 00:00:00	2022-02-03 14:08:49
PPG	Damping-off Disease  (L. Phoma glomerata)	1905-01-01 00:00:00	9999-12-31 00:00:00	2022-02-03 14:08:49
PPX	Penicillium spp.  (L. Penicillium spp.)	1905-01-01 00:00:00	9999-12-31 00:00:00	2022-02-03 14:08:49
PSS	Sirococcus Blight  (L. Sirococcus strobilinus)	1905-01-01 00:00:00	2010-12-31 00:00:00	2022-02-03 14:08:49
PTX	Trichothecium spp.  (L. Trichothecium spp.)	1905-01-01 00:00:00	9999-12-31 00:00:00	2022-02-03 14:08:49
T	Treatment Injuries	1905-01-01 00:00:00	9999-12-31 00:00:00	2022-02-03 14:08:49
TC	Chemical Injury	1905-01-01 00:00:00	9999-12-31 00:00:00	2022-02-03 14:08:49
TL	Logging Wounds	1905-01-01 00:00:00	9999-12-31 00:00:00	2022-02-03 14:08:49
TM	Other Mechanical Damage (non-logging)	1999-04-07 00:00:00	9999-12-31 00:00:00	2022-02-03 14:08:49
TP	Planting (incorrectly planted)	1905-01-01 00:00:00	9999-12-31 00:00:00	2022-02-03 14:08:49
TPM	Planting (poor microsite)	1905-01-01 00:00:00	9999-12-31 00:00:00	2022-02-03 14:08:49
TR	Pruning Wound	1905-01-01 00:00:00	9999-12-31 00:00:00	2022-02-03 14:08:49
TT	Thinning or Spacing Wound	1905-01-01 00:00:00	9999-12-31 00:00:00	2022-02-03 14:08:49
V	Problem Vegetation	1905-01-01 00:00:00	9999-12-31 00:00:00	2022-02-03 14:08:49
VH	Herbaceous Competition	1905-01-01 00:00:00	9999-12-31 00:00:00	2022-02-03 14:08:49
VP	Vegetation Press	1905-01-01 00:00:00	9999-12-31 00:00:00	2022-02-03 14:08:49
VS	Shrub Competition	1905-01-01 00:00:00	9999-12-31 00:00:00	2022-02-03 14:08:49
VT	Tree Competition	1905-01-01 00:00:00	9999-12-31 00:00:00	2022-02-03 14:08:49
IDL	Western Hemlock Looper  (L. Lambdina fiscellaria lugubrosa)	1905-01-01 00:00:00	9999-12-31 00:00:00	2022-02-03 14:08:49
IDM	Gypsy Moth  (L. Lymantria dispar)	1905-01-01 00:00:00	9999-12-31 00:00:00	2022-02-03 14:08:49
IDN	Birch Leaf Miners  (L. Fenusa pusilla and Profenusa thomsoni)	1999-04-07 00:00:00	9999-12-31 00:00:00	2022-02-03 14:08:49
IDP	Larch Sawfly  (L. Pristophora erichsoni)	1999-04-07 00:00:00	9999-12-31 00:00:00	2022-02-03 14:08:49
IDR	Alder Sawfly  (L. Eriocampa ovata)	1999-04-07 00:00:00	9999-12-31 00:00:00	2022-02-03 14:08:49
IDS	Balsam Fir Sawfly  (L. Neodiprion abietis)	1905-01-01 00:00:00	9999-12-31 00:00:00	2022-02-03 14:08:49
IDT	Douglas-fir Tussock Moth  (L. Orgyia pseudotsugata)	1905-01-01 00:00:00	9999-12-31 00:00:00	2022-02-03 14:08:49
IDU	Satin Moth  (L. Leucoma salicis)	1999-04-07 00:00:00	9999-12-31 00:00:00	2022-02-03 14:08:49
IDV	Variegated Cutworm  (L. Peridroma saucia)	1905-01-01 00:00:00	9999-12-31 00:00:00	2022-02-03 14:08:49
IDW	Western Spruce Budworm  (L. Choristoneura occidentalis)	1905-01-01 00:00:00	9999-12-31 00:00:00	2022-02-03 14:08:49
IDX	Large Aspen Tortrix  (L. Choristoneura conflictana)	1999-04-07 00:00:00	9999-12-31 00:00:00	2022-02-03 14:08:49
IDZ	Western False Hemlock Looper  (L. Nepytia freemani)	1905-01-01 00:00:00	9999-12-31 00:00:00	2022-02-03 14:08:49
IS	Shoot Insects	1905-01-01 00:00:00	9999-12-31 00:00:00	2022-02-03 14:08:49
ISB	Western Cedar Borer  (L. Trachykele blondeli)	1905-01-01 00:00:00	9999-12-31 00:00:00	2022-02-03 14:08:49
ISE	European Pine Shoot Moth  (L. Rhyacionia buoliana)	1905-01-01 00:00:00	9999-12-31 00:00:00	2022-02-03 14:08:49
ISG	Gouty Pitch Midge  (L. Cecidomyia piniinopsis)	1999-04-07 00:00:00	9999-12-31 00:00:00	2022-02-03 14:08:49
ISP	Pitch Nodule Moths  (L. Petrova species)	1905-01-01 00:00:00	9999-12-31 00:00:00	2022-02-03 14:08:49
ISQ	Sequoia Pitch Moth  (L. Vespamima sequoiae)	1999-04-07 00:00:00	9999-12-31 00:00:00	2022-02-03 14:08:49
ISS	Western Pine Shoot Borer  (L. Eucosma sonomana)	1999-04-07 00:00:00	9999-12-31 00:00:00	2022-02-03 14:08:49
IW	Weevils	1905-01-01 00:00:00	9999-12-31 00:00:00	2022-02-03 14:08:49
IWC	Conifer Seedling Weevil  (L. Steremnius carinatus)	1905-01-01 00:00:00	9999-12-31 00:00:00	2022-02-03 14:08:49
IWM	Magdalis Species  (L. Magdalis spp.)	1905-01-01 00:00:00	9999-12-31 00:00:00	2022-02-03 14:08:49
IWP	Lodgepole Pine Terminal Weevil  (L. Pissodes terminalis)	1905-01-01 00:00:00	9999-12-31 00:00:00	2022-02-03 14:08:49
IWS	White Pine Weevil (on spruce)  (L. Pissodes strobi)	1905-01-01 00:00:00	9999-12-31 00:00:00	2022-02-03 14:08:49
IWW	Warrens Root Collar Weevil  (L. Hylobius warreni)	1905-01-01 00:00:00	9999-12-31 00:00:00	2022-02-03 14:08:49
IWY	Cylindrocopturus Weevil  (L. Cylindrocopturus spp.)	1999-04-07 00:00:00	9999-12-31 00:00:00	2022-02-03 14:08:49
IWZ	Yosemite Bark Weevil  (L. Pissodes schwartzii)	1999-04-07 00:00:00	9999-12-31 00:00:00	2022-02-03 14:08:49
M	Mite Damage  (L. Trisetacus spp.)	1905-01-01 00:00:00	9999-12-31 00:00:00	2022-02-03 14:08:49
N	Non-Biological (Abiotic) Injuries	1905-01-01 00:00:00	9999-12-31 00:00:00	2022-02-03 14:08:49
NB	Fire	1905-01-01 00:00:00	9999-12-31 00:00:00	2022-02-03 14:08:49
ND	Drought	1905-01-01 00:00:00	9999-12-31 00:00:00	2022-02-03 14:08:49
NF	Flooding	1905-01-01 00:00:00	9999-12-31 00:00:00	2022-02-03 14:08:49
NG	Frost	1905-01-01 00:00:00	9999-12-31 00:00:00	2022-02-03 14:08:49
NGC	Frost Crack	1999-04-07 00:00:00	9999-12-31 00:00:00	2022-02-03 14:08:49
NGH	Frost Heaved	1905-01-01 00:00:00	9999-12-31 00:00:00	2022-02-03 14:08:49
NGK	Shoot/Bud Frost Kill	1905-01-01 00:00:00	9999-12-31 00:00:00	2022-02-03 14:08:49
NH	Hail	1905-01-01 00:00:00	9999-12-31 00:00:00	2022-02-03 14:08:49
NK	Fumekill	1905-01-01 00:00:00	9999-12-31 00:00:00	2022-02-03 14:08:49
NL	Lightning	1999-04-07 00:00:00	9999-12-31 00:00:00	2022-02-03 14:08:49
NN	Road Salt	1905-01-01 00:00:00	9999-12-31 00:00:00	2022-02-03 14:08:49
NR	Redbelt	1905-01-01 00:00:00	9999-12-31 00:00:00	2022-02-03 14:08:49
NS	Slide	1905-01-01 00:00:00	9999-12-31 00:00:00	2022-02-03 14:08:49
NW	Windthrow	1905-01-01 00:00:00	9999-12-31 00:00:00	2022-02-03 14:08:49
NWS	Windthrow - Soil Failure	1999-04-07 00:00:00	9999-12-31 00:00:00	2022-02-03 14:08:49
NWT	Windthrow - Treatment or Harvest-related	1999-04-07 00:00:00	9999-12-31 00:00:00	2022-02-03 14:08:49
NY	Snow or Ice (includes snow press)	1905-01-01 00:00:00	9999-12-31 00:00:00	2022-02-03 14:08:49
NZ	Sunscald	1905-01-01 00:00:00	9999-12-31 00:00:00	2022-02-03 14:08:49
P	Cone and Seedling Fungal Pathogens	1997-08-13 00:00:00	9999-12-31 00:00:00	2022-02-03 14:08:49
PAX	Alternaria spp.  (L. Alternaria spp.)	1905-01-01 00:00:00	9999-12-31 00:00:00	2022-02-03 14:08:49
DRL	Laminated Root Rot Fd form  (L. Inonotus sulphurascens)	1905-01-01 00:00:00	9999-12-31 00:00:00	2022-02-03 14:08:49
DRN	Annosus Root Disease  (L. Heterobasidion annosum)	1905-01-01 00:00:00	9999-12-31 00:00:00	2022-02-03 14:08:49
DRR	Rhizina Root Disease  (L. Rhizina undulata)	1905-01-01 00:00:00	9999-12-31 00:00:00	2022-02-03 14:08:49
DRT	Tomentosus Root Rot  (L. Inonotus tomentosus)	1905-01-01 00:00:00	9999-12-31 00:00:00	2022-02-03 14:08:49
DS	Stem Diseases  (L. Cankers and Rusts)	1905-01-01 00:00:00	9999-12-31 00:00:00	2022-02-03 14:08:49
DSA	Atropellis Canker  (L. Atropellis piniphila)	1905-01-01 00:00:00	9999-12-31 00:00:00	2022-02-03 14:08:49
DSB	White Pine Blister Rust  (L. Cronartium ribicola)	1905-01-01 00:00:00	9999-12-31 00:00:00	2022-02-03 14:08:49
DSC	Comandra Blister Rust  (L. Cronartium comandrae)	1905-01-01 00:00:00	9999-12-31 00:00:00	2022-02-03 14:08:49
DSE	Sooty Bark Canker  (L. Encoelia pruinosa)	1999-04-07 00:00:00	9999-12-31 00:00:00	2022-02-03 14:08:49
DSG	Western Gall Rust  (L. Endocronartium harknessii)	1905-01-01 00:00:00	9999-12-31 00:00:00	2022-02-03 14:08:49
DSH	Hypoxylon Canker  (L. Entoleuca (Hypoxylon) mammatum)	1999-04-07 00:00:00	9999-12-31 00:00:00	2022-02-03 14:08:49
DSP	Cryptosphaeria Canker  (L. Cryptosphaeria populina)	1999-04-07 00:00:00	9999-12-31 00:00:00	2022-02-03 14:08:49
DSR	Ceratocystis Canker  (L. Ceratocystis fimbriata)	1999-04-07 00:00:00	9999-12-31 00:00:00	2022-02-03 14:08:49
DSS	Stalactiform Blister Rust  (L. Cronartium coleosporioides)	1905-01-01 00:00:00	9999-12-31 00:00:00	2022-02-03 14:08:49
DST	Target Canker  (L. Nectria galligena)	1999-04-07 00:00:00	9999-12-31 00:00:00	2022-02-03 14:08:49
DSY	Cytospora Canker  (L. Cytospora chrysosperma)	1999-04-07 00:00:00	9999-12-31 00:00:00	2022-02-03 14:08:49
I	Insects	1905-01-01 00:00:00	9999-12-31 00:00:00	2022-02-03 14:08:49
IA	Aphids	1905-01-01 00:00:00	9999-12-31 00:00:00	2022-02-03 14:08:49
IAB	Balsam Woolly Adelgid  (L. Adelges piceae)	1905-01-01 00:00:00	9999-12-31 00:00:00	2022-02-03 14:08:49
IAC	Giant Conifer Aphid  (L. Cinara spp.)	1905-01-01 00:00:00	9999-12-31 00:00:00	2022-02-03 14:08:49
IAG	Cooley Spruce Gall Adelgid  (L. Adelges cooleyi)	1905-01-01 00:00:00	9999-12-31 00:00:00	2022-02-03 14:08:49
IAL	Larch (Lw) Cone Woolly Aphid  (L. Adelges lariciatus)	1905-01-01 00:00:00	9999-12-31 00:00:00	2022-02-03 14:08:49
IAS	Green Spruce Aphid  (L. Elatobium abietinum)	1905-01-01 00:00:00	9999-12-31 00:00:00	2022-02-03 14:08:49
IB	Bark Beetles	1905-01-01 00:00:00	9999-12-31 00:00:00	2022-02-03 14:08:49
IBB	Western Balsam Bark Beetle  (L. Dryocoetes confusus)	1905-01-01 00:00:00	9999-12-31 00:00:00	2022-02-03 14:08:49
IBD	Douglas-fir Beetle  (L. Dendroctonus pseudotsugae)	1905-01-01 00:00:00	9999-12-31 00:00:00	2022-02-03 14:08:49
IBI	Engraver Beetles  (L. Ips spp.)	1905-01-01 00:00:00	9999-12-31 00:00:00	2022-02-03 14:08:49
IBM	Mountain Pine Beetle  (L. Dendroctonus ponderosae)	1905-01-01 00:00:00	9999-12-31 00:00:00	2022-02-03 14:08:49
IBP	Twig Beetles  (L. Pityogenes or Pityophthorus spp.)	1999-04-07 00:00:00	9999-12-31 00:00:00	2022-02-03 14:08:49
IBS	Spruce Beetle  (L. Dendroctonus rufipennis)	1905-01-01 00:00:00	9999-12-31 00:00:00	2022-02-03 14:08:49
IBT	Red Turpentine Beetle  (L. Dendroctonus valens)	1999-04-07 00:00:00	9999-12-31 00:00:00	2022-02-03 14:08:49
IBW	Western Pine Beetle  (L. Dendroctonus brevicomis)	1999-04-07 00:00:00	9999-12-31 00:00:00	2022-02-03 14:08:49
ID	Defoliators	1905-01-01 00:00:00	9999-12-31 00:00:00	2022-02-03 14:08:49
IDA	Black Army Cutworm  (L. Actebia fennica)	1905-01-01 00:00:00	9999-12-31 00:00:00	2022-02-03 14:08:49
IDB	Two-Year Budworm  (L. Choristoneura biennis)	1905-01-01 00:00:00	9999-12-31 00:00:00	2022-02-03 14:08:49
IDC	Larch Casebearer  (L. Coleophora laricella)	1905-01-01 00:00:00	9999-12-31 00:00:00	2022-02-03 14:08:49
IDD	Western Winter Moth  (L. Erannis tiliaria vancouverensis)	1999-04-07 00:00:00	9999-12-31 00:00:00	2022-02-03 14:08:49
IDE	Eastern Spruce Budworm  (L. Choristoneura fumiferana)	1905-01-01 00:00:00	9999-12-31 00:00:00	2022-02-03 14:08:49
IDF	Forest Tent Caterpillar  (L. Malacosoma disstria)	1905-01-01 00:00:00	9999-12-31 00:00:00	2022-02-03 14:08:49
IDG	Greenstriped Forest Looper  (L. Melanolophia imitata)	1905-01-01 00:00:00	9999-12-31 00:00:00	2022-02-03 14:08:49
IDH	Western Blackheaded Budworm  (L. Acleris gloverana)	1905-01-01 00:00:00	9999-12-31 00:00:00	2022-02-03 14:08:49
IDI	Pine Needle Sheath Miner  (L. Zellaria haimbachi)	1999-04-07 00:00:00	9999-12-31 00:00:00	2022-02-03 14:08:49
CYT	Cedar (Cw) Cone Midge  (L. Mayetiola thujae)	1905-01-01 00:00:00	9999-12-31 00:00:00	2022-02-03 14:08:49
CYX	Seedworms  (L. Cydia spp.)	1905-01-01 00:00:00	9999-12-31 00:00:00	2022-02-03 14:08:49
D	Diseases	1905-01-01 00:00:00	9999-12-31 00:00:00	2022-02-03 14:08:49
DB	Broom Rusts	1999-04-07 00:00:00	9999-12-31 00:00:00	2022-02-03 14:08:49
DBF	Fir Broom Rust  (L. Melampsorella caryophyllacearum)	1999-04-07 00:00:00	9999-12-31 00:00:00	2022-02-03 14:08:49
DBS	Spruce Broom Rust  (L. Chrysomyxa arctostaphyli)	1999-04-07 00:00:00	9999-12-31 00:00:00	2022-02-03 14:08:49
DD	Stem Decay	1905-01-01 00:00:00	9999-12-31 00:00:00	2022-02-03 14:08:49
DDB	Birch Trunk Rot  (L. Fomes fomentarius)	1999-04-07 00:00:00	9999-12-31 00:00:00	2022-02-03 14:08:49
DDD	Sulfur Fungus  (L. Laetiporus sulphureus)	1999-04-07 00:00:00	9999-12-31 00:00:00	2022-02-03 14:08:49
DDE	Rust Red Stringy Rot  (L. Echindontium tinctorium)	1905-01-01 00:00:00	9999-12-31 00:00:00	2022-02-03 14:08:49
DDF	Brown Crumbly Rot  (L. Fomitopsis pinicola)	1999-04-07 00:00:00	9999-12-31 00:00:00	2022-02-03 14:08:49
DDH	Hardwood Trunk Rot  (L. Phellinus ignarius)	1999-04-07 00:00:00	9999-12-31 00:00:00	2022-02-03 14:08:49
DDO	Cedar Brown Pocket Rot  (L. Poria sericeomollis)	1999-04-07 00:00:00	9999-12-31 00:00:00	2022-02-03 14:08:49
DDP	Red Ring Rot  (L. Phellinus pini)	1905-01-01 00:00:00	9999-12-31 00:00:00	2022-02-03 14:08:49
DDQ	Quinine Conk Rot  (L. Fomitopsis officinalis)	1999-04-07 00:00:00	9999-12-31 00:00:00	2022-02-03 14:08:49
DDS	Schweinitzii Butt Rot  (L. Phaeolus schweinitzii)	1905-01-01 00:00:00	2010-12-31 00:00:00	2022-02-03 14:08:49
DDT	Aspen Trunk Rot  (L. Phellinus tremulae)	1905-01-01 00:00:00	9999-12-31 00:00:00	2022-02-03 14:08:49
DF	Foliage Diseases	1999-04-07 00:00:00	9999-12-31 00:00:00	2022-02-03 14:08:49
DFA	Western Pine Aster Rust  (L. Coleosporium asterum)	1999-04-07 00:00:00	9999-12-31 00:00:00	2022-02-03 14:08:49
DFC	Large-Spored Spruce-Labrador Tea Rust  (L. Chrysomyxa ledicola)	1999-04-07 00:00:00	9999-12-31 00:00:00	2022-02-03 14:08:49
DFD	Spruce Needle Cast  (L. Lirula macrospora)	1999-04-07 00:00:00	9999-12-31 00:00:00	2022-02-03 14:08:49
DFE	Elytroderma Needle Cast  (L. Elytroderma deformans)	1999-04-07 00:00:00	9999-12-31 00:00:00	2022-02-03 14:08:49
DFH	Larch Needle Blight  (L. Hypodermella laricis)	1999-04-07 00:00:00	9999-12-31 00:00:00	2022-02-03 14:08:49
DFL	Pine Needle Cast  (L. Lophodermella concolor)	1905-01-01 00:00:00	9999-12-31 00:00:00	2022-02-03 14:08:49
DFM	Larch Needle Cast  (L. Meria laricis)	1999-04-07 00:00:00	9999-12-31 00:00:00	2022-02-03 14:08:49
DFP	Fir Fireweed Rust  (L. Pucciniastrum epilobi)	1999-04-07 00:00:00	9999-12-31 00:00:00	2022-02-03 14:08:49
DFR	Douglas-fir Needle Cast  (L. Rhabdocline pseudotsugae)	1999-04-07 00:00:00	9999-12-31 00:00:00	2022-02-03 14:08:49
DFS	Dothistroma Needle Blight  (L. Dothistroma septosporum)	1999-04-07 00:00:00	9999-12-31 00:00:00	2022-02-03 14:08:49
DL	Disease Caused Dieback	1905-01-01 00:00:00	9999-12-31 00:00:00	2022-02-03 14:08:49
DLD	Dermea Canker  (L. Dermea pseudotsugae)	1999-04-07 00:00:00	9999-12-31 00:00:00	2022-02-03 14:08:49
DLF	Red Flag Disease  (L. Potebniamyces balsamicola)	1999-04-07 00:00:00	9999-12-31 00:00:00	2022-02-03 14:08:49
DLP	Phomopsis Canker  (L. Phomopsis lokoyae)	1999-04-07 00:00:00	9999-12-31 00:00:00	2022-02-03 14:08:49
DLS	Sydowia (Sclerophoma) Tip Dieback  (L. Sclerophoma pithyophila)	1999-04-07 00:00:00	9999-12-31 00:00:00	2022-02-03 14:08:49
DLV	Aspen-Poplar Twig Blight  (L. Venturia spp.)	1999-04-07 00:00:00	9999-12-31 00:00:00	2022-02-03 14:08:49
DM	Dwarf Mistletoe	1905-01-01 00:00:00	9999-12-31 00:00:00	2022-02-03 14:08:49
DMF	Douglas-fir Dwarf Mistletoe  (L. Arceuthobium douglasii)	1905-01-01 00:00:00	9999-12-31 00:00:00	2022-02-03 14:08:49
DMH	Hemlock Dwarf Mistletoe  (L. Arceuthobium tsugense)	1905-01-01 00:00:00	9999-12-31 00:00:00	2022-02-03 14:08:49
DML	Larch Dwarf Mistletoe  (L. Arceuthobium laricis)	1905-01-01 00:00:00	9999-12-31 00:00:00	2022-02-03 14:08:49
DMP	Lodgepole pine Dwarf Mistletoe  (L. Arceuthobium americanum)	1905-01-01 00:00:00	9999-12-31 00:00:00	2022-02-03 14:08:49
DR	Root Disease	1905-01-01 00:00:00	9999-12-31 00:00:00	2022-02-03 14:08:49
DRA	Armillaria Root Disease  (L. Armillaria ostoyae)	1905-01-01 00:00:00	9999-12-31 00:00:00	2022-02-03 14:08:49
DRB	Black Stain Root Disease  (L. Leptographium wageneri)	1905-01-01 00:00:00	9999-12-31 00:00:00	2022-02-03 14:08:49
DRC	Laminated Root Rot cedar strain  (L. Phellinus weirii)	1905-01-01 00:00:00	9999-12-31 00:00:00	2022-02-03 14:08:49
C	Cone and Seed Insects	1997-08-13 00:00:00	9999-12-31 00:00:00	2022-02-03 14:08:49
CAH	Cone Resin Midge  (L. Asynapta hopkinsi)	1905-01-01 00:00:00	9999-12-31 00:00:00	2022-02-03 14:08:49
CBC	Fir (Fd) Cone Moth  (L. Barbara colfaxiana)	1905-01-01 00:00:00	9999-12-31 00:00:00	2022-02-03 14:08:49
CBX	Fir Cone Moth  (L. Barbara spp.)	1905-01-01 00:00:00	9999-12-31 00:00:00	2022-02-03 14:08:49
CCP	Douglas-fir Cone Scale Midge  (L. Camptomyia pseudotsugae)	1905-01-01 00:00:00	9999-12-31 00:00:00	2022-02-03 14:08:49
CDC	Spruce (Sx) Cone Gall Midge  (L. Kaltenbachiola (Dasineura) canadensis)	1905-01-01 00:00:00	9999-12-31 00:00:00	2022-02-03 14:08:49
CDD	Fir Seed Midge  (L. Kaltenbachiola (Dasineura) abiesemia)	1905-01-01 00:00:00	9999-12-31 00:00:00	2022-02-03 14:08:49
CDR	Spruce (Sx) Cone Axis Midge  (L. Kaltenbachiola (Dasineura) rachiphaga)	1905-01-01 00:00:00	9999-12-31 00:00:00	2022-02-03 14:08:49
CDX	Kaltenbachiola Midges  (L. Kaltenbachiola (Dasineura) spp.)	1905-01-01 00:00:00	9999-12-31 00:00:00	2022-02-03 14:08:49
CEA	Fir Seed Maggot  (L. Earomyia abietum)	1905-01-01 00:00:00	9999-12-31 00:00:00	2022-02-03 14:08:49
CEB	Spruce Cone Maggot  (L. Earomyia barbara)	1905-01-01 00:00:00	9999-12-31 00:00:00	2022-02-03 14:08:49
CEQ	Earomyia aquilonia  (L. Earomyia aquilonia)	1905-01-01 00:00:00	9999-12-31 00:00:00	2022-02-03 14:08:49
CEX	Earomyia Maggots  (L. Earomyia spp.)	1905-01-01 00:00:00	9999-12-31 00:00:00	2022-02-03 14:08:49
CFP	Fir (Fd) Cone Beetle  (L. Ernobius punctulatus)	1905-01-01 00:00:00	9999-12-31 00:00:00	2022-02-03 14:08:49
CHX	Budworms  (L. Choristoneura spp.)	1905-01-01 00:00:00	9999-12-31 00:00:00	2022-02-03 14:08:49
CIA	Fir Coneworm  (L. Dioryctria abietivorella)	1905-01-01 00:00:00	9999-12-31 00:00:00	2022-02-03 14:08:49
CIP	Fir (Fd) Coneworm  (L. Dioryctria pseudotsugella)	1905-01-01 00:00:00	9999-12-31 00:00:00	2022-02-03 14:08:49
CIR	Spruce (Sx) Coneworm  (L. Dioryctria reniculelloides)	1905-01-01 00:00:00	9999-12-31 00:00:00	2022-02-03 14:08:49
CIS	Pine (Py)  Coneworm  (L. Dioryctria rossi)	1905-01-01 00:00:00	9999-12-31 00:00:00	2022-02-03 14:08:49
CIV	Ponderosa Pine  (Py) Coneworm  (L. Dioryctria auranticella)	1905-01-01 00:00:00	9999-12-31 00:00:00	2022-02-03 14:08:49
CIX	Coneworms  (L. Dioryctria spp.)	1905-01-01 00:00:00	9999-12-31 00:00:00	2022-02-03 14:08:49
CLO	Western Conifer Seed Bug  (L. Leptoglossus occidentalis)	1905-01-01 00:00:00	9999-12-31 00:00:00	2022-02-03 14:08:49
CMA	Ponderosa Pine (Py) Seed Chalcid  (L. Megastigmus albifrons)	1905-01-01 00:00:00	9999-12-31 00:00:00	2022-02-03 14:08:49
CMC	Spruce (Sx) Seed Chalcid  (L. Megastigmus piceae)	1905-01-01 00:00:00	9999-12-31 00:00:00	2022-02-03 14:08:49
CML	Subalpine Fir (Bl) Seed Chalcid  (L. Megastigmus lasiocarpae)	1905-01-01 00:00:00	9999-12-31 00:00:00	2022-02-03 14:08:49
CMP	Fir Seed Chalcid  (L. Megastigmus pinus)	1905-01-01 00:00:00	9999-12-31 00:00:00	2022-02-03 14:08:49
CMR	Megastigmus rafni  (L. Megastigmus rafni)	1905-01-01 00:00:00	9999-12-31 00:00:00	2022-02-03 14:08:49
CMS	Fir (Fd) Seed Chalcid  (L. Megastigmus spermotrophus)	1905-01-01 00:00:00	9999-12-31 00:00:00	2022-02-03 14:08:49
CMT	Hemlock Seed Chalcid  (L. Megastigmus tsugae)	1905-01-01 00:00:00	9999-12-31 00:00:00	2022-02-03 14:08:49
CMX	Seed Chalcids  (L. Megastigmus spp.)	1905-01-01 00:00:00	9999-12-31 00:00:00	2022-02-03 14:08:49
CNP	Pine Cone Beetle  (L. Conophthorus ponderosae)	1905-01-01 00:00:00	9999-12-31 00:00:00	2022-02-03 14:08:49
CPS	Spruce Gall Adelgid  (L. Pineus similis)	1905-01-01 00:00:00	9999-12-31 00:00:00	2022-02-03 14:08:49
CRX	Cone Scale Midges  (L. Resseliella spp.)	1905-01-01 00:00:00	9999-12-31 00:00:00	2022-02-03 14:08:49
CSN	Spiral Spruce Cone Borer  (L. Strobilomyia neanthracina)	1905-01-01 00:00:00	9999-12-31 00:00:00	2022-02-03 14:08:49
CTO	Fir (Fd) Cone Gall Midge  (L. Contarinia oregonensis)	1905-01-01 00:00:00	9999-12-31 00:00:00	2022-02-03 14:08:49
CTW	Fir (Fd) Cone Scale Midge  (L. Contarinia washingtonensis)	1905-01-01 00:00:00	9999-12-31 00:00:00	2022-02-03 14:08:49
CVP	White Pine (Pw) Cone Borer  (L. Eucosma ponderosa)	1905-01-01 00:00:00	9999-12-31 00:00:00	2022-02-03 14:08:49
CVR	Lodgepole Pine (Pl) Cone Borer  (L. Eucosma recissoriana)	1905-01-01 00:00:00	9999-12-31 00:00:00	2022-02-03 14:08:49
CYC	Spruce (Sx) Seed Midge  (L. Mayetiola carpophaga)	1905-01-01 00:00:00	9999-12-31 00:00:00	2022-02-03 14:08:49
CYP	Ponderosa Pine (Py) Seedworm  (L. Cydia piperana)	1905-01-01 00:00:00	9999-12-31 00:00:00	2022-02-03 14:08:49
CYS	Spruce (Sx) Seedworm  (L. Cydia strobilella)	1905-01-01 00:00:00	9999-12-31 00:00:00	2022-02-03 14:08:49
A	Animal Damage	1905-01-01 00:00:00	9999-12-31 00:00:00	2022-02-03 14:08:49
AB	Bear	1905-01-01 00:00:00	9999-12-31 00:00:00	2022-02-03 14:08:49
AC	Cattle	1905-01-01 00:00:00	9999-12-31 00:00:00	2022-02-03 14:08:49
AD	Deer	1905-01-01 00:00:00	9999-12-31 00:00:00	2022-02-03 14:08:49
AE	Elk	1905-01-01 00:00:00	9999-12-31 00:00:00	2022-02-03 14:08:49
AH	Hare or Rabbit	1905-01-01 00:00:00	9999-12-31 00:00:00	2022-02-03 14:08:49
AM	Moose	1905-01-01 00:00:00	9999-12-31 00:00:00	2022-02-03 14:08:49
AP	Porcupine	1905-01-01 00:00:00	9999-12-31 00:00:00	2022-02-03 14:08:49
AS	Squirrel	1905-01-01 00:00:00	9999-12-31 00:00:00	2022-02-03 14:08:49
AV	Vole	1905-01-01 00:00:00	9999-12-31 00:00:00	2022-02-03 14:08:49
AX	Birds	1905-01-01 00:00:00	9999-12-31 00:00:00	2022-02-03 14:08:49
AZ	Beaver	1905-01-01 00:00:00	9999-12-31 00:00:00	2022-02-03 14:08:49
O	Tree damage checked for but NONE exists	2000-01-26 00:00:00	9999-12-31 00:00:00	2022-02-03 14:08:49
U	Tree damage present but specific damage agent unknown	2000-01-26 00:00:00	9999-12-31 00:00:00	2022-02-03 14:08:49
IEL	Pine Needleminer  (L. Coletechnites spp.)	2014-07-29 00:00:00	9999-12-31 00:00:00	2022-02-03 14:08:49
NCF	Douglas-fir Decline	2014-07-29 00:00:00	9999-12-31 00:00:00	2022-02-03 14:08:49
NE	Cedar Flagging	2014-07-29 00:00:00	9999-12-31 00:00:00	2022-02-03 14:08:49
NI	Redheart	2014-07-29 00:00:00	9999-12-31 00:00:00	2022-02-03 14:08:49
DDR	Red Heart Rot  (L. Stereum sanguinolentum)	2014-07-29 00:00:00	9999-12-31 00:00:00	2022-02-03 14:08:49
DDU	Stringy Butt Rot  (L. Perenniporia subacida)	2014-07-29 00:00:00	9999-12-31 00:00:00	2022-02-03 14:08:49
IAP	Pine Needle Scale  (L. Chionaspis (Phenacaspis) pinifoliae)	2022-01-24 00:00:00	9999-12-31 00:00:00	2022-02-03 14:08:49
NDM	Drought - Mortality	2022-01-24 00:00:00	9999-12-31 00:00:00	2022-02-03 14:08:49
NDF	Drought - Foliage Loss/Damage	2022-01-24 00:00:00	9999-12-31 00:00:00	2022-02-03 14:08:49
AN	Horse	2022-01-24 00:00:00	9999-12-31 00:00:00	2022-02-03 14:08:49
DLC	Lodgepole Pine Dieback (Cenangium ferruginosum)	2022-01-24 00:00:00	9999-12-31 00:00:00	2022-02-03 14:08:49
DSN	Aspen Running Canker (Neodothiora populina)	2022-01-24 00:00:00	9999-12-31 00:00:00	2022-02-03 14:08:49
NYP	Snow Press	2020-04-29 00:00:00	9999-12-31 00:00:00	2022-02-03 14:08:49
NYB	Snow or Ice Breakage	2020-04-29 00:00:00	9999-12-31 00:00:00	2022-02-03 14:08:49
DLT	Sirococcus Tip Blight  (L. Sirococcus conigenus)	2020-10-08 00:00:00	9999-12-31 00:00:00	2022-02-03 14:08:49
\.


--
-- Data for Name: silv_fund_srce_code; Type: TABLE DATA; Schema: silva; Owner: postgres
--

COPY silva.silv_fund_srce_code (silv_fund_srce_code, description, effective_date, expiry_date, update_timestamp) FROM stdin;
BCP	BC Parks Funded	2020-08-07 00:00:00	9999-12-31 00:00:00	2025-01-29 13:08:55
BCT	BC Timber Sales	2003-04-01 00:00:00	9999-12-31 00:00:00	2025-01-29 13:08:55
CBI	Carbon Offset Investment	2011-09-20 00:00:00	9999-12-31 00:00:00	2025-01-29 13:08:55
CF	Community Funding and Support	2020-08-07 00:00:00	9999-12-31 00:00:00	2025-01-29 13:08:55
CFR	Office of the Chief Forester Researcher	2020-08-07 00:00:00	9999-12-31 00:00:00	2025-01-29 13:08:55
CL	Catastrophic Losses	1905-01-01 00:00:00	2007-09-30 00:00:00	2025-01-29 13:08:55
ERP	Ecosystem Restoration Program	2014-11-19 00:00:00	9999-12-31 00:00:00	2025-01-29 13:08:55
FCE	FCI under FESBC funding	2018-03-02 00:00:00	2024-09-24 00:00:00	2025-01-29 13:08:55
FCM	FCI under Ministry funding	2018-03-02 00:00:00	2024-09-24 00:00:00	2025-01-29 13:08:55
FED	Federal funding delivered by individual external agency (not BC government-led)	2023-06-15 00:00:00	9999-12-31 00:00:00	2025-01-29 13:08:55
FEP	Forest Employment Program	2020-08-07 00:00:00	9999-12-31 00:00:00	2025-01-29 13:08:55
FES	Forest Enhancement Society BC	2017-08-03 00:00:00	9999-12-31 00:00:00	2025-01-29 13:08:55
FID	Forest Investment Account - FRPA 108	2003-04-01 00:00:00	2006-09-14 00:00:00	2025-01-29 13:08:55
FIL	Forest Investment Account - licensee administered	2003-04-01 00:00:00	2012-05-07 00:00:00	2025-01-29 13:08:55
FIM	Forest Investment Account - ministry administered	2003-04-01 00:00:00	2012-05-07 00:00:00	2025-01-29 13:08:55
FIP	Forest Investment Program	2022-08-18 00:00:00	9999-12-31 00:00:00	2025-01-29 13:08:55
FIV	Forest Investment Vote	2002-04-02 00:00:00	2012-05-07 00:00:00	2025-01-29 13:08:55
FMC	COMFOR	1905-01-01 00:00:00	2007-09-30 00:00:00	2025-01-29 13:08:55
FME	Forest Worker Development Program (non-MOF funded)	1905-01-01 00:00:00	2007-09-30 00:00:00	2025-01-29 13:08:55
FMY	Youth Fund	1905-01-01 00:00:00	2007-09-30 00:00:00	2025-01-29 13:08:55
FR	FRDA I & II	1905-01-01 00:00:00	2007-09-30 00:00:00	2025-01-29 13:08:55
FRP	FRPA - Application For Relief	2005-08-01 00:00:00	9999-12-31 00:00:00	2025-01-29 13:08:55
FTL	Forests for Tomorrow Lic Admin	2005-04-01 00:00:00	2024-09-24 00:00:00	2025-01-29 13:08:55
FTM	Forests for Tomorrow MOF Admin	2005-04-01 00:00:00	2024-09-24 00:00:00	2025-01-29 13:08:55
GA	Other Agencies or Voluntary Work	1905-01-01 00:00:00	9999-12-31 00:00:00	2025-01-29 13:08:55
GAC	Corrections	1905-01-01 00:00:00	9999-12-31 00:00:00	2025-01-29 13:08:55
GEN	Genetics	2021-04-23 00:00:00	9999-12-31 00:00:00	2025-01-29 13:08:55
GFS	Forest Stand Management Fund	1905-01-01 00:00:00	9999-12-31 00:00:00	2025-01-29 13:08:55
GJF	Job Creation, Federal	1905-01-01 00:00:00	9999-12-31 00:00:00	2025-01-29 13:08:55
GJJ	Job Creation, Joint	1905-01-01 00:00:00	9999-12-31 00:00:00	2025-01-29 13:08:55
GJM	Job Creation, MOF	1905-01-01 00:00:00	9999-12-31 00:00:00	2025-01-29 13:08:55
HBF	Habitat Only ? Base funding	2020-08-07 00:00:00	9999-12-31 00:00:00	2025-01-29 13:08:55
HCA	Habitat Only - Natural Resources Canada	2020-08-07 00:00:00	9999-12-31 00:00:00	2025-01-29 13:08:55
HCB	Habitat Only - Columbia Basin Trust	2020-08-07 00:00:00	9999-12-31 00:00:00	2025-01-29 13:08:55
HCR	Habitat Only - Caribou Recovery Fund	2020-08-07 00:00:00	9999-12-31 00:00:00	2025-01-29 13:08:55
HDU	Habitat Only - Ducks Unlimited	2020-08-07 00:00:00	9999-12-31 00:00:00	2025-01-29 13:08:55
HFB	Habitat Only - Fraser Basin Council	2020-08-07 00:00:00	9999-12-31 00:00:00	2025-01-29 13:08:55
HFE	Habitat Only - Federal Government (if not Natural Resources Canada)	2020-08-07 00:00:00	9999-12-31 00:00:00	2025-01-29 13:08:55
HFF	Habitat Only ? Freshwater Fisheries Society of BC	2020-08-07 00:00:00	9999-12-31 00:00:00	2025-01-29 13:08:55
HFW	Habitat Only - Fish and Wildlife Compensation Program	2020-08-07 00:00:00	9999-12-31 00:00:00	2025-01-29 13:08:55
HHC	Habitat Only - Habitat Conservation Trust Fund	2020-08-07 00:00:00	9999-12-31 00:00:00	2025-01-29 13:08:55
HLB	Habitat Only - Land Based Investment Strategy	2020-08-07 00:00:00	9999-12-31 00:00:00	2025-01-29 13:08:55
HNC	Habitat Only - Nature Conservancy of Canada	2020-08-07 00:00:00	9999-12-31 00:00:00	2025-01-29 13:08:55
HNF	Habitat Only - Canada Nature Fund	2020-08-07 00:00:00	9999-12-31 00:00:00	2025-01-29 13:08:55
HNT	Habitat Only - Nature Trust	2020-08-07 00:00:00	9999-12-31 00:00:00	2025-01-29 13:08:55
HSR	Habitat only - Salmon Restoration and Innovation	2024-06-28 00:00:00	9999-12-31 00:00:00	2025-01-29 13:08:55
HTW	Habitat Only ? Together for Wildlife	2020-08-07 00:00:00	9999-12-31 00:00:00	2025-01-29 13:08:55
IA	Industrial Appraisal	1905-01-01 00:00:00	9999-12-31 00:00:00	2025-01-29 13:08:55
IIR	Industrial Incr., Required	1905-01-01 00:00:00	9999-12-31 00:00:00	2025-01-29 13:08:55
IIV	Industrial Incr., Voluntary	1905-01-01 00:00:00	9999-12-31 00:00:00	2025-01-29 13:08:55
IO	Industry Outstanding	1905-01-01 00:00:00	2008-08-26 00:00:00	2025-01-29 13:08:55
IR	Industry Royalties	1905-01-01 00:00:00	9999-12-31 00:00:00	2025-01-29 13:08:55
JOP	Job Opportunity Program	2009-12-09 00:00:00	9999-12-31 00:00:00	2025-01-29 13:08:55
LFP	Licensee Funded Program	1905-01-01 00:00:00	9999-12-31 00:00:00	2025-01-29 13:08:55
LPP	BC PARKS only - License Plate Program	2020-08-07 00:00:00	9999-12-31 00:00:00	2025-01-29 13:08:55
M	Ministry	1905-01-01 00:00:00	2003-03-31 00:00:00	2025-01-29 13:08:55
O	Operational	1905-01-01 00:00:00	9999-12-31 00:00:00	2025-01-29 13:08:55
RBC	Forest Renewal B.C.	1905-01-01 00:00:00	2007-09-30 00:00:00	2025-01-29 13:08:55
RBL	Forest Renewal B.C. - licensee administered	1997-08-13 00:00:00	2003-03-31 00:00:00	2025-01-29 13:08:55
RBM	Forest Renewal B.C. - ministry administered	1997-08-13 00:00:00	2003-03-31 00:00:00	2025-01-29 13:08:55
S	Section 88	1905-01-01 00:00:00	2007-09-30 00:00:00	2025-01-29 13:08:55
SBF	BC Timber Sales	1905-01-01 00:00:00	2003-03-31 00:00:00	2025-01-29 13:08:55
SMF	South Moresby Forest Replacement Account	1905-01-01 00:00:00	9999-12-31 00:00:00	2025-01-29 13:08:55
TEB	Ministry of Transportation and Transit - Environment Branch Funding	2025-01-13 00:00:00	9999-12-31 00:00:00	2025-01-29 13:08:55
TSC	Tree Seed Centre	2005-09-13 00:00:00	9999-12-31 00:00:00	2025-01-29 13:08:55
TTO	Ministry of Transportation and Transit - Other	2025-01-13 00:00:00	9999-12-31 00:00:00	2025-01-29 13:08:55
VCV	Provincial Contingency Vote (Special Use Only)	2007-08-01 00:00:00	9999-12-31 00:00:00	2025-01-29 13:08:55
VFH	Forest Health	1905-01-01 00:00:00	2003-03-31 00:00:00	2025-01-29 13:08:55
VFP	Current Reforestation	1905-01-01 00:00:00	2003-03-31 00:00:00	2025-01-29 13:08:55
VG	Ministry Outstanding	1905-01-01 00:00:00	2003-03-31 00:00:00	2025-01-29 13:08:55
VI	Provicial Incremental	1905-01-01 00:00:00	2007-09-30 00:00:00	2025-01-29 13:08:55
VOB	Ministry Vote, SBEP	1905-01-01 00:00:00	2007-09-30 00:00:00	2025-01-29 13:08:55
VOI	Industry Outstanding	1905-01-01 00:00:00	2003-03-31 00:00:00	2025-01-29 13:08:55
VRT	Afforestation	1905-01-01 00:00:00	2007-09-30 00:00:00	2025-01-29 13:08:55
WRR	Wildfire Risk Reduction	2020-08-07 00:00:00	9999-12-31 00:00:00	2025-01-29 13:08:55
XXX	No Funding Source	1905-01-01 00:00:00	9999-12-31 00:00:00	2025-01-29 13:08:55
\.


--
-- Data for Name: silv_method_code; Type: TABLE DATA; Schema: silva; Owner: postgres
--

COPY silva.silv_method_code (silv_method_code, description, effective_date, expiry_date, update_timestamp) FROM stdin;
35MM	35mm Photo	1905-01-01 00:00:00	9999-12-31 00:00:00	2024-06-04 13:03:05
70MM	70 mm Photo	1905-01-01 00:00:00	9999-12-31 00:00:00	2024-06-04 13:03:05
ASCAN	Aerial Infra-red Scanning	1905-01-01 00:00:00	9999-12-31 00:00:00	2024-06-04 13:03:05
AUGER	Auger	1905-01-01 00:00:00	9999-12-31 00:00:00	2024-06-04 13:03:05
BAGS	Gro-max Bags	1905-01-01 00:00:00	9999-12-31 00:00:00	2024-06-04 13:03:05
BASL	Basal Spray	1905-01-01 00:00:00	9999-12-31 00:00:00	2024-06-04 13:03:05
BDGRM	Bridge Removal	1905-01-01 00:00:00	9999-12-31 00:00:00	2024-06-04 13:03:05
BDGRP	Bridge Replacement	1905-01-01 00:00:00	9999-12-31 00:00:00	2024-06-04 13:03:05
BERMS	Berms	1905-01-01 00:00:00	9999-12-31 00:00:00	2024-06-04 13:03:05
BLADE	Blading	1905-01-01 00:00:00	9999-12-31 00:00:00	2024-06-04 13:03:05
BLOCK	Clearcut Block	1905-01-01 00:00:00	9999-12-31 00:00:00	2024-06-04 13:03:05
BPACK	Back Pack Application	1905-01-01 00:00:00	9999-12-31 00:00:00	2024-06-04 13:03:05
BRIP	Block Ripping	1905-01-01 00:00:00	9999-12-31 00:00:00	2024-06-04 13:03:05
BRMAT	Brush Mats	1905-01-01 00:00:00	9999-12-31 00:00:00	2024-06-04 13:03:05
BROAD	Broadcast Burn	1905-01-01 00:00:00	9999-12-31 00:00:00	2024-06-04 13:03:05
BROOT	Bareroot	1905-01-01 00:00:00	9999-12-31 00:00:00	2024-06-04 13:03:05
BRUSH	Brush Saw	1905-01-01 00:00:00	9999-12-31 00:00:00	2024-06-04 13:03:05
BURY	Bury Surface Fuels	2020-08-07 00:00:00	9999-12-31 00:00:00	2024-06-04 13:03:05
CABLE	Cable Knockdown	1905-01-01 00:00:00	9999-12-31 00:00:00	2024-06-04 13:03:05
CAGES	Cage Style Protectors	1905-01-01 00:00:00	9999-12-31 00:00:00	2024-06-04 13:03:05
CCRES	Clearcut with reserves	1905-01-01 00:00:00	9999-12-31 00:00:00	2024-06-04 13:03:05
CHAIN	Chain Drag	1905-01-01 00:00:00	9999-12-31 00:00:00	2024-06-04 13:03:05
CHAUL	Chipping and Haul from site	2020-08-07 00:00:00	9999-12-31 00:00:00	2024-06-04 13:03:05
CHEM	Chemical	2001-02-01 00:00:00	9999-12-31 00:00:00	2024-06-04 13:03:05
CHOP	Chopping	1905-01-01 00:00:00	9999-12-31 00:00:00	2024-06-04 13:03:05
CLEAR	Clearcut	1905-01-01 00:00:00	9999-12-31 00:00:00	2024-06-04 13:03:05
CLIMB	Climbing	1905-01-01 00:00:00	9999-12-31 00:00:00	2024-06-04 13:03:05
CLVBY	Culvert Bypass	1905-01-01 00:00:00	9999-12-31 00:00:00	2024-06-04 13:03:05
CLVRM	Culvert Removal	1905-01-01 00:00:00	9999-12-31 00:00:00	2024-06-04 13:03:05
CLVRP	Culvert Replacement	1905-01-01 00:00:00	9999-12-31 00:00:00	2024-06-04 13:03:05
CONE	Cone Style Protectors	1905-01-01 00:00:00	9999-12-31 00:00:00	2024-06-04 13:03:05
COPPI	Coppice	1905-01-01 00:00:00	9999-12-31 00:00:00	2024-06-04 13:03:05
COPPR	Copper Treated Plugs	1905-01-01 00:00:00	9999-12-31 00:00:00	2024-06-04 13:03:05
COVER	Cover Crop	1905-01-01 00:00:00	9999-12-31 00:00:00	2024-06-04 13:03:05
CROSS	Cross Ditching	1905-01-01 00:00:00	9999-12-31 00:00:00	2024-06-04 13:03:05
CROWN	Crowning	1905-01-01 00:00:00	9999-12-31 00:00:00	2024-06-04 13:03:05
CRUIS	Cruise	1905-01-01 00:00:00	9999-12-31 00:00:00	2024-06-04 13:03:05
CSCAT	Chipping and Scatter	2020-08-07 00:00:00	9999-12-31 00:00:00	2024-06-04 13:03:05
CSEED	Cyclone Seeder	1905-01-01 00:00:00	9999-12-31 00:00:00	2024-06-04 13:03:05
CTAIN	Container	1905-01-01 00:00:00	9999-12-31 00:00:00	2024-06-04 13:03:05
DBARK	Debarking	1905-01-01 00:00:00	9999-12-31 00:00:00	2024-06-04 13:03:05
DISC	Disc Trenching	1905-01-01 00:00:00	9999-12-31 00:00:00	2024-06-04 13:03:05
DITCH	Ditching	1905-01-01 00:00:00	9999-12-31 00:00:00	2024-06-04 13:03:05
DIVFO	Diversionary Food	1905-01-01 00:00:00	9999-12-31 00:00:00	2024-06-04 13:03:05
DRONE	Drone	2024-05-30 00:00:00	9999-12-31 00:00:00	2024-06-04 13:03:05
EXCAV	Excavator	1905-01-01 00:00:00	9999-12-31 00:00:00	2024-06-04 13:03:05
FBURN	Fall And Burn	1905-01-01 00:00:00	9999-12-31 00:00:00	2024-06-04 13:03:05
FCOLL	Fall and Collect	1905-01-01 00:00:00	9999-12-31 00:00:00	2024-06-04 13:03:05
FENCE	Fence Style Protectors	1997-09-22 00:00:00	9999-12-31 00:00:00	2024-06-04 13:03:05
FILE	File Review	1905-01-01 00:00:00	9999-12-31 00:00:00	2024-06-04 13:03:05
FIXED	Fixed Wing	1905-01-01 00:00:00	9999-12-31 00:00:00	2024-06-04 13:03:05
FORW	Forwarder	2009-11-12 00:00:00	9999-12-31 00:00:00	2024-06-04 13:03:05
FRILL	Notch or Frill Individual Trees	1905-01-01 00:00:00	9999-12-31 00:00:00	2024-06-04 13:03:05
FRLTZ	Fertilizing	1905-01-01 00:00:00	9999-12-31 00:00:00	2024-06-04 13:03:05
FULL	Full Tree	1905-01-01 00:00:00	9999-12-31 00:00:00	2024-06-04 13:03:05
FUNNE	Funnel Trapping	1905-01-01 00:00:00	9999-12-31 00:00:00	2024-06-04 13:03:05
FUROW	Furrow Seeder	1905-01-01 00:00:00	9999-12-31 00:00:00	2024-06-04 13:03:05
GPS	GPS	1905-01-01 00:00:00	9999-12-31 00:00:00	2024-06-04 13:03:05
GRADE	Grading	1905-01-01 00:00:00	9999-12-31 00:00:00	2024-06-04 13:03:05
GRANU	Granular Application	1905-01-01 00:00:00	9999-12-31 00:00:00	2024-06-04 13:03:05
GRASS	Grass Seeding	1905-01-01 00:00:00	9999-12-31 00:00:00	2024-06-04 13:03:05
GRAZE	Grazing	1905-01-01 00:00:00	9999-12-31 00:00:00	2024-06-04 13:03:05
GRCOW	Cattle Grazing	1905-01-01 00:00:00	9999-12-31 00:00:00	2024-06-04 13:03:05
GROCO	Grow Cone	1999-10-29 00:00:00	2001-11-06 00:00:00	2024-06-04 13:03:05
GRSHP	Sheep Grazing	1905-01-01 00:00:00	9999-12-31 00:00:00	2024-06-04 13:03:05
GSCAN	Ground Infra-red Scanning	1905-01-01 00:00:00	9999-12-31 00:00:00	2024-06-04 13:03:05
GUARD	Fireguard	1905-01-01 00:00:00	9999-12-31 00:00:00	2024-06-04 13:03:05
HAND	Hand Site Preparation	1905-01-01 00:00:00	9999-12-31 00:00:00	2024-06-04 13:03:05
HANDR	Hand Pulling (Removal)	1905-01-01 00:00:00	9999-12-31 00:00:00	2024-06-04 13:03:05
HANDS	Hand Saw	1905-01-01 00:00:00	9999-12-31 00:00:00	2024-06-04 13:03:05
HARV	Harvest	1905-01-01 00:00:00	9999-12-31 00:00:00	2024-06-04 13:03:05
HELI	Helicopter	1905-01-01 00:00:00	9999-12-31 00:00:00	2024-06-04 13:03:05
HYDRO	Hydro-Axe	1905-01-01 00:00:00	9999-12-31 00:00:00	2024-06-04 13:03:05
IMCUT	Intermediate cut	1905-01-01 00:00:00	9999-12-31 00:00:00	2024-06-04 13:03:05
IMPS	Intensity Measuring Pixels	1905-01-01 00:00:00	9999-12-31 00:00:00	2024-06-04 13:03:05
INSL	Insloping	1905-01-01 00:00:00	9999-12-31 00:00:00	2024-06-04 13:03:05
ISECT	Insect	1905-01-01 00:00:00	9999-12-31 00:00:00	2024-06-04 13:03:05
KNOCK	3 Metre Knock Down	1905-01-01 00:00:00	9999-12-31 00:00:00	2024-06-04 13:03:05
LAND	Landings	1905-01-01 00:00:00	9999-12-31 00:00:00	2024-06-04 13:03:05
LANDS	Landscape Level	1905-01-01 00:00:00	9999-12-31 00:00:00	2024-06-04 13:03:05
LAYOT	Layout	1905-01-01 00:00:00	9999-12-31 00:00:00	2024-06-04 13:03:05
LCLIP	Leader Clipping	1905-01-01 00:00:00	9999-12-31 00:00:00	2024-06-04 13:03:05
LETHL	Lethal Trap Trees	1905-01-01 00:00:00	9999-12-31 00:00:00	2024-06-04 13:03:05
LINE	Lines	1905-01-01 00:00:00	9999-12-31 00:00:00	2024-06-04 13:03:05
LRIP	Landing Ripping	1905-01-01 00:00:00	9999-12-31 00:00:00	2024-06-04 13:03:05
MACH	Machine	1905-01-01 00:00:00	9999-12-31 00:00:00	2024-06-04 13:03:05
MAINT	Maintenance	1905-01-01 00:00:00	9999-12-31 00:00:00	2024-06-04 13:03:05
MANCT	Manual Cutting	1905-01-01 00:00:00	9999-12-31 00:00:00	2024-06-04 13:03:05
MANGI	Manual Girdling	1905-01-01 00:00:00	9999-12-31 00:00:00	2024-06-04 13:03:05
MANSB	Manual Stem Bending	1905-01-01 00:00:00	9999-12-31 00:00:00	2024-06-04 13:03:05
MDOWN	Machine Knockdown	1905-01-01 00:00:00	9999-12-31 00:00:00	2024-06-04 13:03:05
MEAS	Measurement	1905-01-01 00:00:00	9999-12-31 00:00:00	2024-06-04 13:03:05
MESH	Mesh Style Protectors	2001-10-22 00:00:00	9999-12-31 00:00:00	2024-06-04 13:03:05
MICRO	Microorganism	1905-01-01 00:00:00	9999-12-31 00:00:00	2024-06-04 13:03:05
MOCUT	Motorized Cutting (Handheld)	1905-01-01 00:00:00	9999-12-31 00:00:00	2024-06-04 13:03:05
MOGIR	Motorized Girdling (Handheld)	1905-01-01 00:00:00	9999-12-31 00:00:00	2024-06-04 13:03:05
MOUND	Mounding	1905-01-01 00:00:00	9999-12-31 00:00:00	2024-06-04 13:03:05
MSM	MSMA Treated Area	2007-09-04 00:00:00	9999-12-31 00:00:00	2024-06-04 13:03:05
MSQ	Mean Stocked Quadrant	2005-09-28 00:00:00	9999-12-31 00:00:00	2024-06-04 13:03:05
MULCH	Mulching	1905-01-01 00:00:00	9999-12-31 00:00:00	2024-06-04 13:03:05
MULTI	Multi-layered	1905-01-01 00:00:00	9999-12-31 00:00:00	2024-06-04 13:03:05
MXPLT	Mixed Stock	1905-01-01 00:00:00	9999-12-31 00:00:00	2024-06-04 13:03:05
OUTSL	Outsloping	1905-01-01 00:00:00	9999-12-31 00:00:00	2024-06-04 13:03:05
PATCH	Machine Patch Scarification	1905-01-01 00:00:00	9999-12-31 00:00:00	2024-06-04 13:03:05
PATCT	Patch cut	1905-01-01 00:00:00	9999-12-31 00:00:00	2024-06-04 13:03:05
PBURN	Pile and Burn	1905-01-01 00:00:00	9999-12-31 00:00:00	2024-06-04 13:03:05
PHERO	Pheromone Baiting	1905-01-01 00:00:00	9999-12-31 00:00:00	2024-06-04 13:03:05
PHOTO	Air Photo Interp	1905-01-01 00:00:00	9999-12-31 00:00:00	2024-06-04 13:03:05
PILE	Piling	1905-01-01 00:00:00	9999-12-31 00:00:00	2024-06-04 13:03:05
PITA	Post Incremental Treatment Assessment	2014-05-07 00:00:00	9999-12-31 00:00:00	2024-06-04 13:03:05
PIXEL	Pixels	1905-01-01 00:00:00	9999-12-31 00:00:00	2024-06-04 13:03:05
PLOT	Plots	1905-01-01 00:00:00	9999-12-31 00:00:00	2024-06-04 13:03:05
POLE	Extension Pole	1905-01-01 00:00:00	9999-12-31 00:00:00	2024-06-04 13:03:05
POPUP	Popup	1905-01-01 00:00:00	9999-12-31 00:00:00	2024-06-04 13:03:05
POST	Blade or Strip Post-scarification	1905-01-01 00:00:00	9999-12-31 00:00:00	2024-06-04 13:03:05
POWER	Power Saw	1905-01-01 00:00:00	9999-12-31 00:00:00	2024-06-04 13:03:05
PRE	Blade or Strip Pre-scarification	1905-01-01 00:00:00	9999-12-31 00:00:00	2024-06-04 13:03:05
PREDA	Predator Enhancement	1905-01-01 00:00:00	9999-12-31 00:00:00	2024-06-04 13:03:05
PSP	Permanent Sample Plot	1905-01-01 00:00:00	9999-12-31 00:00:00	2024-06-04 13:03:05
PUSH	Pushover	1905-01-01 00:00:00	9999-12-31 00:00:00	2024-06-04 13:03:05
RAKE	Excavation Raking	2000-08-17 00:00:00	9999-12-31 00:00:00	2024-06-04 13:03:05
RANGE	Open Range	1905-01-01 00:00:00	9999-12-31 00:00:00	2024-06-04 13:03:05
RBROO	Resistant Bareroot	1905-01-01 00:00:00	9999-12-31 00:00:00	2024-06-04 13:03:05
RCOOP	Resistant Copper treated	1905-01-01 00:00:00	9999-12-31 00:00:00	2024-06-04 13:03:05
RCTAI	Resistant Container	1905-01-01 00:00:00	9999-12-31 00:00:00	2024-06-04 13:03:05
RECCE	Reconnaisance	1905-01-01 00:00:00	9999-12-31 00:00:00	2024-06-04 13:03:05
REMOV	Removal	1905-01-01 00:00:00	9999-12-31 00:00:00	2024-06-04 13:03:05
REPEL	Repelling Style Protectors	1905-01-01 00:00:00	9999-12-31 00:00:00	2024-06-04 13:03:05
RESL	Resloping	1905-01-01 00:00:00	9999-12-31 00:00:00	2024-06-04 13:03:05
RESTU	Removing Stump	1905-01-01 00:00:00	9999-12-31 00:00:00	2024-06-04 13:03:05
RETEN	Retention	1999-03-16 00:00:00	9999-12-31 00:00:00	2024-06-04 13:03:05
RIP	Fish/Riparian	2014-05-12 00:00:00	9999-12-31 00:00:00	2024-06-04 13:03:05
ROADS	Roads and Landings	1905-01-01 00:00:00	9999-12-31 00:00:00	2024-06-04 13:03:05
RPILE	Roadside Piles	1905-01-01 00:00:00	9999-12-31 00:00:00	2024-06-04 13:03:05
RRIP	Ripping Road	1905-01-01 00:00:00	9999-12-31 00:00:00	2024-06-04 13:03:05
SBARK	Stem Bark Spraying	1905-01-01 00:00:00	9999-12-31 00:00:00	2024-06-04 13:03:05
SCALP	Spot Scalping	1905-01-01 00:00:00	9999-12-31 00:00:00	2024-06-04 13:03:05
SCON	Site Construction	1905-01-01 00:00:00	9999-12-31 00:00:00	2024-06-04 13:03:05
SCONE	Spot Cone	1905-01-01 00:00:00	9999-12-31 00:00:00	2024-06-04 13:03:05
SDM	Stand Development Monitoring	2010-10-15 00:00:00	9999-12-31 00:00:00	2024-06-04 13:03:05
SEEDT	Seed tree	1905-01-01 00:00:00	9999-12-31 00:00:00	2024-06-04 13:03:05
SELEC	Selection	1905-01-01 00:00:00	9999-12-31 00:00:00	2024-06-04 13:03:05
SEPI	SEPI	1905-01-01 00:00:00	9999-12-31 00:00:00	2024-06-04 13:03:05
SHARK	Shark Fin Drag	1905-01-01 00:00:00	9999-12-31 00:00:00	2024-06-04 13:03:05
SHEAR	Pruning Shears	1905-01-01 00:00:00	9999-12-31 00:00:00	2024-06-04 13:03:05
SHELT	Shelterwood	1905-01-01 00:00:00	9999-12-31 00:00:00	2024-06-04 13:03:05
SINCO	Sinocast	1999-10-29 00:00:00	9999-12-31 00:00:00	2024-06-04 13:03:05
SINJE	Stem Injection	1905-01-01 00:00:00	9999-12-31 00:00:00	2024-06-04 13:03:05
SKID	Skid Roads	1905-01-01 00:00:00	9999-12-31 00:00:00	2024-06-04 13:03:05
SLBD	Stand Level Biodiversity	2014-05-12 00:00:00	9999-12-31 00:00:00	2024-06-04 13:03:05
SLIDE	Slide	1905-01-01 00:00:00	9999-12-31 00:00:00	2024-06-04 13:03:05
SMAIN	Site Maintenance	1905-01-01 00:00:00	9999-12-31 00:00:00	2024-06-04 13:03:05
SNAG	Snag Falling	1905-01-01 00:00:00	9999-12-31 00:00:00	2024-06-04 13:03:05
SNOW	Snow Mobile	1905-01-01 00:00:00	9999-12-31 00:00:00	2024-06-04 13:03:05
SNWRM	Snow Removal	1905-01-01 00:00:00	9999-12-31 00:00:00	2024-06-04 13:03:05
SPGUN	Spot Gun Application (Liquid)	1905-01-01 00:00:00	9999-12-31 00:00:00	2024-06-04 13:03:05
SPOT	Spot Treatment	1905-01-01 00:00:00	9999-12-31 00:00:00	2024-06-04 13:03:05
SPOTS	Spot Seeding (Hand)	1905-01-01 00:00:00	9999-12-31 00:00:00	2024-06-04 13:03:05
SPYDR	Spyder	1905-01-01 00:00:00	9999-12-31 00:00:00	2024-06-04 13:03:05
STAKE	Staking	1905-01-01 00:00:00	9999-12-31 00:00:00	2024-06-04 13:03:05
STUMP	Stump Treatment	1905-01-01 00:00:00	9999-12-31 00:00:00	2024-06-04 13:03:05
TABLT	Fertilizer Tablets	1999-03-09 00:00:00	9999-12-31 00:00:00	2024-06-04 13:03:05
TCON	Trail Construction	1905-01-01 00:00:00	9999-12-31 00:00:00	2024-06-04 13:03:05
TIGHT	Tight Chain	1905-01-01 00:00:00	9999-12-31 00:00:00	2024-06-04 13:03:05
TMAIN	Trail Maintenance	1905-01-01 00:00:00	9999-12-31 00:00:00	2024-06-04 13:03:05
TRAIL	Planting Trail Preparation	1905-01-01 00:00:00	9999-12-31 00:00:00	2024-06-04 13:03:05
TRANS	Transplanted stock	1905-01-01 00:00:00	9999-12-31 00:00:00	2024-06-04 13:03:05
TRAP	Trapping	1905-01-01 00:00:00	9999-12-31 00:00:00	2024-06-04 13:03:05
TSP	Temporary Sample Plot	1905-01-01 00:00:00	9999-12-31 00:00:00	2024-06-04 13:03:05
TUBE	Tube Style Protectors	2001-10-22 00:00:00	9999-12-31 00:00:00	2024-06-04 13:03:05
TUBEX	Tubex Tubing	1905-01-01 00:00:00	2001-11-06 00:00:00	2024-06-04 13:03:05
UNDER	Understory Burn	1905-01-01 00:00:00	9999-12-31 00:00:00	2024-06-04 13:03:05
VEHIC	Vehicle (e.g. tractor spreader or truck spraying)	1905-01-01 00:00:00	9999-12-31 00:00:00	2024-06-04 13:03:05
VEXAR	Vexar Tubing	1905-01-01 00:00:00	9999-12-31 00:00:00	2024-06-04 13:03:05
VMSFB	Vehicle Mount Sprayer (Fixed Boom)	1905-01-01 00:00:00	9999-12-31 00:00:00	2024-06-04 13:03:05
VMSGH	Vehicle Mount Sprayer (Gun & Hose)	1905-01-01 00:00:00	9999-12-31 00:00:00	2024-06-04 13:03:05
VMSLI	Vehicle Mounted Slinger	1905-01-01 00:00:00	9999-12-31 00:00:00	2024-06-04 13:03:05
VOCOL	Vole Collar	2003-07-02 00:00:00	9999-12-31 00:00:00	2024-06-04 13:03:05
WALK	Walkthrough	1905-01-01 00:00:00	9999-12-31 00:00:00	2024-06-04 13:03:05
WBAR	Water Bars	1905-01-01 00:00:00	9999-12-31 00:00:00	2024-06-04 13:03:05
WFIRE	Wildfire	1905-01-01 00:00:00	9999-12-31 00:00:00	2024-06-04 13:03:05
WHIPS	Whips	1905-01-01 00:00:00	9999-12-31 00:00:00	2024-06-04 13:03:05
WINDP	Windrow Perimiters Only	1905-01-01 00:00:00	9999-12-31 00:00:00	2024-06-04 13:03:05
WINDR	Windrow	1905-01-01 00:00:00	9999-12-31 00:00:00	2024-06-04 13:03:05
WING	Winged Tooth Sub-soiler	1905-01-01 00:00:00	9999-12-31 00:00:00	2024-06-04 13:03:05
WIPNG	Wiping Application of Herbicide(Vision with a wick)	1905-01-01 00:00:00	9999-12-31 00:00:00	2024-06-04 13:03:05
WQ	Water Quality	2014-05-12 00:00:00	9999-12-31 00:00:00	2024-06-04 13:03:05
\.


--
-- Data for Name: silv_milestone_type_code; Type: TABLE DATA; Schema: silva; Owner: postgres
--

COPY silva.silv_milestone_type_code (silv_milestone_type_code, description, effective_date, expiry_date, update_timestamp) FROM stdin;
RG	Regeneration	2003-04-10 00:00:00	9999-12-31 00:00:00	2003-12-22 13:30:06
FG	Free Growing	2003-04-10 00:00:00	9999-12-31 00:00:00	2003-12-22 13:30:06
PH	Post Harvest	2003-04-10 00:00:00	9999-12-31 00:00:00	2003-12-22 13:30:06
NR	No Regeneration	2003-04-10 00:00:00	9999-12-31 00:00:00	2003-12-22 13:30:06
\.


--
-- Data for Name: silv_objective_code; Type: TABLE DATA; Schema: silva; Owner: postgres
--

COPY silva.silv_objective_code (silv_objective_code, description, effective_date, expiry_date, update_timestamp) FROM stdin;
2BT	2 Billion Trees	2023-04-12 00:00:00	9999-12-31 00:00:00	2024-10-16 13:13:57
A	Animal Damage	1905-01-01 00:00:00	9999-12-31 00:00:00	2024-10-16 13:13:57
AC	Cattle Damage	1905-01-01 00:00:00	9999-12-31 00:00:00	2024-10-16 13:13:57
AHM	Aquatic Habitat Management	2023-05-02 00:00:00	9999-12-31 00:00:00	2024-10-16 13:13:57
ALP	Alpine Management	2020-08-07 00:00:00	9999-12-31 00:00:00	2024-10-16 13:13:57
AMD	Amendment	1905-01-01 00:00:00	9999-12-31 00:00:00	2024-10-16 13:13:57
AMP	Amphibian	2020-08-07 00:00:00	9999-12-31 00:00:00	2024-10-16 13:13:57
ARC	Archaeological Survey	2001-02-01 00:00:00	9999-12-31 00:00:00	2024-10-16 13:13:57
BIO	Biodiversity	1905-01-01 00:00:00	9999-12-31 00:00:00	2024-10-16 13:13:57
BR	Brushing	1905-01-01 00:00:00	9999-12-31 00:00:00	2024-10-16 13:13:57
BTR	Bull Trout	2020-08-07 00:00:00	9999-12-31 00:00:00	2024-10-16 13:13:57
CBU	Caribou	2020-08-07 00:00:00	9999-12-31 00:00:00	2024-10-16 13:13:57
CC	Cone Collection	1905-01-01 00:00:00	9999-12-31 00:00:00	2024-10-16 13:13:57
CE	Crop Establishment	1905-01-01 00:00:00	9999-12-31 00:00:00	2024-10-16 13:13:57
CGE	Crop Growth Enhancement	1905-01-01 00:00:00	9999-12-31 00:00:00	2024-10-16 13:13:57
COM	Compliance	1905-01-01 00:00:00	9999-12-31 00:00:00	2024-10-16 13:13:57
CON	Cone Production	1905-01-01 00:00:00	9999-12-31 00:00:00	2024-10-16 13:13:57
CR	Conifer Release	1905-01-01 00:00:00	9999-12-31 00:00:00	2024-10-16 13:13:57
CSB	Cone and Seedbed	1905-01-01 00:00:00	9999-12-31 00:00:00	2024-10-16 13:13:57
CT	Commercial Thinning	1905-01-01 00:00:00	9999-12-31 00:00:00	2024-10-16 13:13:57
CUB	Cultural Burning	2020-08-07 00:00:00	9999-12-31 00:00:00	2024-10-16 13:13:57
D	(Obsolete) Disease Control	2003-07-07 00:00:00	2002-12-17 00:00:00	2024-10-16 13:13:57
DA	Foliage Disease	1905-01-01 00:00:00	9999-12-31 00:00:00	2024-10-16 13:13:57
DAF	Broom Rust	1905-01-01 00:00:00	9999-12-31 00:00:00	2024-10-16 13:13:57
DD	Stem Rot	1905-01-01 00:00:00	9999-12-31 00:00:00	2024-10-16 13:13:57
DG	Drainage	1905-01-01 00:00:00	9999-12-31 00:00:00	2024-10-16 13:13:57
DL	Disease Caused Dieback	1905-01-01 00:00:00	9999-12-31 00:00:00	2024-10-16 13:13:57
DM	Dwarf Mistletoe	1905-01-01 00:00:00	9999-12-31 00:00:00	2024-10-16 13:13:57
DR	Root Disease	1905-01-01 00:00:00	9999-12-31 00:00:00	2024-10-16 13:13:57
DS	Stem Diseases (Cankers and Rusts)	1905-01-01 00:00:00	9999-12-31 00:00:00	2024-10-16 13:13:57
DSA	Detailed Site Assessment	2001-02-01 00:00:00	9999-12-31 00:00:00	2024-10-16 13:13:57
DTA	Danger Tree Assessment	1905-01-01 00:00:00	9999-12-31 00:00:00	2024-10-16 13:13:57
ECO	Listed Ecosystems	2020-08-07 00:00:00	9999-12-31 00:00:00	2024-10-16 13:13:57
EFF	Efficacy	2001-02-05 00:00:00	9999-12-31 00:00:00	2024-10-16 13:13:57
ER	Ecosystem Restoration	2018-06-26 00:00:00	9999-12-31 00:00:00	2024-10-16 13:13:57
ERO	Erosion Control	1905-01-01 00:00:00	9999-12-31 00:00:00	2024-10-16 13:13:57
EST	Establishment	1905-01-01 00:00:00	9999-12-31 00:00:00	2024-10-16 13:13:57
FE	Fertilization	1905-01-01 00:00:00	9999-12-31 00:00:00	2024-10-16 13:13:57
FG	Free Growing	1905-01-01 00:00:00	9999-12-31 00:00:00	2024-10-16 13:13:57
FH	(Obsolete) Forest Health	2003-07-07 00:00:00	2002-12-17 00:00:00	2024-10-16 13:13:57
FIS	Fish	2020-08-07 00:00:00	9999-12-31 00:00:00	2024-10-16 13:13:57
FM	Fisheries Management	2023-05-02 00:00:00	9999-12-31 00:00:00	2024-10-16 13:13:57
FN	Forest Nutrient	1905-01-01 00:00:00	9999-12-31 00:00:00	2024-10-16 13:13:57
FP	Fill Planting	1905-01-01 00:00:00	9999-12-31 00:00:00	2024-10-16 13:13:57
FRA	Forest Road Access	1905-01-01 00:00:00	9999-12-31 00:00:00	2024-10-16 13:13:57
FRE	Fuel Reduction	2020-08-07 00:00:00	9999-12-31 00:00:00	2024-10-16 13:13:57
FUR	Fur Bearer	2020-08-07 00:00:00	9999-12-31 00:00:00	2024-10-16 13:13:57
FWD	Four Wheel Drive Access	1905-01-01 00:00:00	9999-12-31 00:00:00	2024-10-16 13:13:57
FWF	Freshwater Fish	2023-05-02 00:00:00	9999-12-31 00:00:00	2024-10-16 13:13:57
GB	Grizzly Bear	2020-08-07 00:00:00	9999-12-31 00:00:00	2024-10-16 13:13:57
GOS	Northern Goshawk	2020-08-07 00:00:00	9999-12-31 00:00:00	2024-10-16 13:13:57
GRA	Grassland Management	2020-08-07 00:00:00	9999-12-31 00:00:00	2024-10-16 13:13:57
HAZ	Fire Hazard Abatement	1905-01-01 00:00:00	9999-12-31 00:00:00	2024-10-16 13:13:57
HER	Habitat Enhancement Restoration	2020-08-07 00:00:00	9999-12-31 00:00:00	2024-10-16 13:13:57
HPR	Habitat protection	2020-08-07 00:00:00	9999-12-31 00:00:00	2024-10-16 13:13:57
HSR	Habitat Wildlife fish species research	2020-08-07 00:00:00	9999-12-31 00:00:00	2024-10-16 13:13:57
I	(Obsolete) Insect Control	2003-07-07 00:00:00	2002-12-17 00:00:00	2024-10-16 13:13:57
IA	Aphids	1905-01-01 00:00:00	9999-12-31 00:00:00	2024-10-16 13:13:57
IB	Bark Beetles	1905-01-01 00:00:00	9999-12-31 00:00:00	2024-10-16 13:13:57
ID	Defoliators	1905-01-01 00:00:00	9999-12-31 00:00:00	2024-10-16 13:13:57
INC	Incremental	1905-01-01 00:00:00	9999-12-31 00:00:00	2024-10-16 13:13:57
INN	Innovation	2023-05-02 00:00:00	9999-12-31 00:00:00	2024-10-16 13:13:57
INS	Invasive Species	2023-05-02 00:00:00	9999-12-31 00:00:00	2024-10-16 13:13:57
IS	Shoot Insects	1905-01-01 00:00:00	9999-12-31 00:00:00	2024-10-16 13:13:57
IVT	Invertebrate	2020-08-07 00:00:00	9999-12-31 00:00:00	2024-10-16 13:13:57
IW	Weevils	1905-01-01 00:00:00	9999-12-31 00:00:00	2024-10-16 13:13:57
JS	Juvenile Spacing	1905-01-01 00:00:00	9999-12-31 00:00:00	2024-10-16 13:13:57
LPR	Large Predator	2020-08-07 00:00:00	9999-12-31 00:00:00	2024-10-16 13:13:57
LPS	Listed Species	2020-08-07 00:00:00	9999-12-31 00:00:00	2024-10-16 13:13:57
MAP	Mapping	1905-01-01 00:00:00	9999-12-31 00:00:00	2024-10-16 13:13:57
MAX	Max. Density Control	1905-01-01 00:00:00	9999-12-31 00:00:00	2024-10-16 13:13:57
MG	Mountain Goat	2020-08-07 00:00:00	9999-12-31 00:00:00	2024-10-16 13:13:57
MIG	Migratory Bird	2020-08-07 00:00:00	9999-12-31 00:00:00	2024-10-16 13:13:57
MLS	MLSIS Reporting	1905-01-01 00:00:00	9999-12-31 00:00:00	2024-10-16 13:13:57
MMU	Marbled Murre let	2020-08-07 00:00:00	9999-12-31 00:00:00	2024-10-16 13:13:57
MNT	Maintenance	2001-05-01 00:00:00	9999-12-31 00:00:00	2024-10-16 13:13:57
MON	Monitoring	1905-01-01 00:00:00	9999-12-31 00:00:00	2024-10-16 13:13:57
MOO	Moose	2020-08-07 00:00:00	9999-12-31 00:00:00	2024-10-16 13:13:57
MS	Mineral Soil Disturbance	1905-01-01 00:00:00	9999-12-31 00:00:00	2024-10-16 13:13:57
MTC	Mistletoe Control	1905-01-01 00:00:00	9999-12-31 00:00:00	2024-10-16 13:13:57
MTS	Multistory	2001-03-28 00:00:00	9999-12-31 00:00:00	2024-10-16 13:13:57
N	Non Biological (Abiotic) Injuries	1905-01-01 00:00:00	9999-12-31 00:00:00	2024-10-16 13:13:57
NAT	Natural Regeneration	1905-01-01 00:00:00	9999-12-31 00:00:00	2024-10-16 13:13:57
ND	Drought	2022-02-01 00:00:00	9999-12-31 00:00:00	2024-10-16 13:13:57
NG	Frost	2022-02-01 00:00:00	9999-12-31 00:00:00	2024-10-16 13:13:57
NOA	No Access	1905-01-01 00:00:00	9999-12-31 00:00:00	2024-10-16 13:13:57
NUT	Forest Nutrient Improvement	1905-01-01 00:00:00	9999-12-31 00:00:00	2024-10-16 13:13:57
OGF	Old Growth Forest	2020-08-07 00:00:00	9999-12-31 00:00:00	2024-10-16 13:13:57
ONC	Salmon	2023-05-02 00:00:00	9999-12-31 00:00:00	2024-10-16 13:13:57
PER	Permanent Deactivation	1905-01-01 00:00:00	9999-12-31 00:00:00	2024-10-16 13:13:57
PH	Pre Harvest Silviculture Prescription	1905-01-01 00:00:00	9999-12-31 00:00:00	2024-10-16 13:13:57
PL	Planting	1905-01-01 00:00:00	9999-12-31 00:00:00	2024-10-16 13:13:57
PLT	Planting Access	1905-01-01 00:00:00	9999-12-31 00:00:00	2024-10-16 13:13:57
POL	Pole Removal	1905-01-01 00:00:00	9999-12-31 00:00:00	2024-10-16 13:13:57
PP	Plantability Prescription	1905-01-01 00:00:00	9999-12-31 00:00:00	2024-10-16 13:13:57
PR	Pruning	1905-01-01 00:00:00	9999-12-31 00:00:00	2024-10-16 13:13:57
PRP	Prepartory	1905-01-01 00:00:00	9999-12-31 00:00:00	2024-10-16 13:13:57
PRY	Birds of Prey	2020-08-07 00:00:00	9999-12-31 00:00:00	2024-10-16 13:13:57
PVM	Pre-Harvest Vegetation Management	1905-01-01 00:00:00	9999-12-31 00:00:00	2024-10-16 13:13:57
RA	Regeneration Performance Assessment	1905-01-01 00:00:00	9999-12-31 00:00:00	2024-10-16 13:13:57
RCR	Recruitment	1905-01-01 00:00:00	9999-12-31 00:00:00	2024-10-16 13:13:57
RE	Reconnaissance	1905-01-01 00:00:00	9999-12-31 00:00:00	2024-10-16 13:13:57
REC	Recreation Access	1905-01-01 00:00:00	9999-12-31 00:00:00	2024-10-16 13:13:57
REM	Removal	1905-01-01 00:00:00	9999-12-31 00:00:00	2024-10-16 13:13:57
REP	Reptile	2020-08-07 00:00:00	9999-12-31 00:00:00	2024-10-16 13:13:57
RG	Regen Delay	1905-01-01 00:00:00	9999-12-31 00:00:00	2024-10-16 13:13:57
RH	Rehabilitation	1905-01-01 00:00:00	9999-12-31 00:00:00	2024-10-16 13:13:57
RHM	Range Habitat Management	1905-01-01 00:00:00	9999-12-31 00:00:00	2024-10-16 13:13:57
RIP	Riparian Restoration	2020-08-07 00:00:00	9999-12-31 00:00:00	2024-10-16 13:13:57
RP	Re-Planting	1905-01-01 00:00:00	9999-12-31 00:00:00	2024-10-16 13:13:57
RS	Repression Spacing	1905-01-01 00:00:00	9999-12-31 00:00:00	2024-10-16 13:13:57
RT	Root Rot	1905-01-01 00:00:00	9999-12-31 00:00:00	2024-10-16 13:13:57
SAL	Stagnant Stand Salvage	1905-01-01 00:00:00	9999-12-31 00:00:00	2024-10-16 13:13:57
SAN	Sanitation Spacing	1905-01-01 00:00:00	9999-12-31 00:00:00	2024-10-16 13:13:57
SBI	Song Bird	2020-08-07 00:00:00	9999-12-31 00:00:00	2024-10-16 13:13:57
SC	Site Disturbance/Degradation	1905-01-01 00:00:00	9999-12-31 00:00:00	2024-10-16 13:13:57
SE	Seedling Protection	1905-01-01 00:00:00	9999-12-31 00:00:00	2024-10-16 13:13:57
SEE	Seeding	1905-01-01 00:00:00	9999-12-31 00:00:00	2024-10-16 13:13:57
SEM	Semi-permanent Deactivation	1905-01-01 00:00:00	9999-12-31 00:00:00	2024-10-16 13:13:57
SH	Sheep	2020-08-07 00:00:00	9999-12-31 00:00:00	2024-10-16 13:13:57
SM	Small Mammal	2023-05-02 00:00:00	9999-12-31 00:00:00	2024-10-16 13:13:57
SMP	Stand Management Prescription	1905-01-01 00:00:00	9999-12-31 00:00:00	2024-10-16 13:13:57
SNP	Sanitation Pest	1905-01-01 00:00:00	9999-12-31 00:00:00	2024-10-16 13:13:57
SP	Site Preparation	1905-01-01 00:00:00	9999-12-31 00:00:00	2024-10-16 13:13:57
SPE	Species Composition Change	1905-01-01 00:00:00	9999-12-31 00:00:00	2024-10-16 13:13:57
SPR	Species Recovery	2023-05-02 00:00:00	9999-12-31 00:00:00	2024-10-16 13:13:57
SR	Site Rehabilitation	1905-01-01 00:00:00	9999-12-31 00:00:00	2024-10-16 13:13:57
SRI	Salmon Restoration and Innovation	2023-05-02 00:00:00	9999-12-31 00:00:00	2024-10-16 13:13:57
ST	Stocking	1905-01-01 00:00:00	9999-12-31 00:00:00	2024-10-16 13:13:57
STC	Seed Tree Control	1905-01-01 00:00:00	9999-12-31 00:00:00	2024-10-16 13:13:57
STD	Stand Tending Access	1905-01-01 00:00:00	9999-12-31 00:00:00	2024-10-16 13:13:57
STE	Steelhead	2023-05-02 00:00:00	9999-12-31 00:00:00	2024-10-16 13:13:57
STU	Sturgeon	2020-08-07 00:00:00	9999-12-31 00:00:00	2024-10-16 13:13:57
SU	Survival	1905-01-01 00:00:00	9999-12-31 00:00:00	2024-10-16 13:13:57
SUP	Suppression Release	1905-01-01 00:00:00	9999-12-31 00:00:00	2024-10-16 13:13:57
SVF	Salvage - Fire	1905-01-01 00:00:00	9999-12-31 00:00:00	2024-10-16 13:13:57
SVO	Salvage - Other	1905-01-01 00:00:00	9999-12-31 00:00:00	2024-10-16 13:13:57
SVW	Salvage - Wild	1905-01-01 00:00:00	9999-12-31 00:00:00	2024-10-16 13:13:57
SWF	Saltwater Fish	2023-05-02 00:00:00	9999-12-31 00:00:00	2024-10-16 13:13:57
TEM	Temporary Deactivation	1905-01-01 00:00:00	9999-12-31 00:00:00	2024-10-16 13:13:57
TP	Treatment Prescription	2000-02-08 00:00:00	9999-12-31 00:00:00	2024-10-16 13:13:57
TWD	Two Wheel Drive Access	1905-01-01 00:00:00	9999-12-31 00:00:00	2024-10-16 13:13:57
UNG	Ungulate	2020-08-07 00:00:00	9999-12-31 00:00:00	2024-10-16 13:13:57
UPG	Site Upgrading	1905-01-01 00:00:00	9999-12-31 00:00:00	2024-10-16 13:13:57
UR	Understory Retention	1905-01-01 00:00:00	9999-12-31 00:00:00	2024-10-16 13:13:57
VM	Vegetation Management	1905-01-01 00:00:00	9999-12-31 00:00:00	2024-10-16 13:13:57
W	Wildlife Damage	1905-01-01 00:00:00	9999-12-31 00:00:00	2024-10-16 13:13:57
WET	Wetland Management	2020-08-07 00:00:00	9999-12-31 00:00:00	2024-10-16 13:13:57
WHM	Wildlife Habitat Management	1905-01-01 00:00:00	9999-12-31 00:00:00	2024-10-16 13:13:57
WND	Wind Firming	2001-02-01 00:00:00	9999-12-31 00:00:00	2024-10-16 13:13:57
WQI	Wood Quality Improvement	1905-01-01 00:00:00	9999-12-31 00:00:00	2024-10-16 13:13:57
WT	Wildlife Tree	1905-01-01 00:00:00	9999-12-31 00:00:00	2024-10-16 13:13:57
\.


--
-- Data for Name: silv_project_comment_link; Type: TABLE DATA; Schema: silva; Owner: postgres
--

COPY silva.silv_project_comment_link (silviculture_project_id, silviculture_comment_id) FROM stdin;
\.


--
-- Data for Name: silv_project_status_code; Type: TABLE DATA; Schema: silva; Owner: postgres
--

COPY silva.silv_project_status_code (silv_project_status_code, description, effective_date, expiry_date, update_timestamp) FROM stdin;
ACT	Active	2006-08-31 00:00:00	9999-12-31 00:00:00	2007-03-11 17:50:32
CAN	Cancelled	2006-08-31 00:00:00	9999-12-31 00:00:00	2007-03-11 17:50:32
COM	Complete	2006-08-31 00:00:00	9999-12-31 00:00:00	2007-03-11 17:50:32
PLN	Planning	2006-08-31 00:00:00	9999-12-31 00:00:00	2007-03-11 17:50:32
\.


--
-- Data for Name: silv_relief_appl_status_code; Type: TABLE DATA; Schema: silva; Owner: postgres
--

COPY silva.silv_relief_appl_status_code (silv_relief_appl_status_code, description, effective_date, expiry_date, update_timestamp) FROM stdin;
APP	Approved	1905-01-01 00:00:00	9999-12-31 00:00:00	2005-05-16 10:38:55
DFT	Draft	1905-01-01 00:00:00	9999-12-31 00:00:00	2005-05-16 10:38:55
SUB	Submitted	1905-01-01 00:00:00	9999-12-31 00:00:00	2005-05-16 10:38:55
\.


--
-- Data for Name: silv_relief_application; Type: TABLE DATA; Schema: silva; Owner: postgres
--

COPY silva.silv_relief_application (silv_relief_application_id, silv_relief_application_no, activity_treatment_unit_id, silv_relief_appl_status_code, pre_event_forest_cover_date, post_event_forest_cover_date, amendment_opening_id, opening_amendment_number, obligation_relief_ind, obligation_met_ind, cause_damage_ind, officially_induced_error_ind, due_diligence_ind, authorization_checked_ind, submitted_date, submitted_by_userid, approved_date, approved_by_userid, reject_comment, entry_userid, entry_timestamp, update_userid, update_timestamp, revision_count) FROM stdin;
\.


--
-- Data for Name: silv_reserve_code; Type: TABLE DATA; Schema: silva; Owner: postgres
--

COPY silva.silv_reserve_code (silv_reserve_code, description, effective_date, expiry_date, update_timestamp) FROM stdin;
C	Carbon Offset	2011-09-20 00:00:00	9999-12-31 00:00:00	2013-09-13 09:29:41
D	Dispersed	2001-07-09 00:00:00	9999-12-31 00:00:00	2013-09-13 09:29:41
G	Group	1905-01-01 00:00:00	9999-12-31 00:00:00	2013-09-13 09:29:41
M	Mixed	1905-01-01 00:00:00	2009-11-30 00:00:00	2013-09-13 09:29:41
N	No Reserve	1905-01-01 00:00:00	9999-12-31 00:00:00	2013-09-13 09:29:41
O	Other Reserve	1999-10-15 00:00:00	2009-11-30 00:00:00	2013-09-13 09:29:41
R	Riparian Reserve	1999-10-15 00:00:00	2009-11-30 00:00:00	2013-09-13 09:29:41
U	Uniform	1905-01-01 00:00:00	2009-11-30 00:00:00	2013-09-13 09:29:41
V	Variable	1905-01-01 00:00:00	2009-11-30 00:00:00	2013-09-13 09:29:41
W	Wildlife Tree Patch Reserve	1999-10-15 00:00:00	2009-11-30 00:00:00	2013-09-13 09:29:41
\.


--
-- Data for Name: silv_reserve_objective_code; Type: TABLE DATA; Schema: silva; Owner: postgres
--

COPY silva.silv_reserve_objective_code (silv_reserve_objective_code, description, effective_date, expiry_date, update_timestamp) FROM stdin;
BIO	Biodiversity	1905-01-01 00:00:00	9999-12-31 00:00:00	2013-09-13 09:30:57
BOT	Botanical Forest Products	1905-01-01 00:00:00	9999-12-31 00:00:00	2013-09-13 09:30:57
CAR	Carbon Offset	2011-09-20 00:00:00	9999-12-31 00:00:00	2013-09-13 09:30:57
CHR	Cultural Heritage Resource	1905-01-01 00:00:00	9999-12-31 00:00:00	2013-09-13 09:30:57
CWD	Coarse Woody Debris	1905-01-01 00:00:00	9999-12-31 00:00:00	2013-09-13 09:30:57
FH	Forest health	1905-01-01 00:00:00	9999-12-31 00:00:00	2013-09-13 09:30:57
FUE	Fuel Management	1905-01-01 00:00:00	9999-12-31 00:00:00	2013-09-13 09:30:57
MSM	MSMA Treated Area	2007-09-04 00:00:00	9999-12-31 00:00:00	2013-09-13 09:30:57
OTH	Other	1905-01-01 00:00:00	9999-12-31 00:00:00	2013-09-13 09:30:57
REC	Recreation	1905-01-01 00:00:00	9999-12-31 00:00:00	2013-09-13 09:30:57
RMA	Riparian Management Area	1905-01-01 00:00:00	9999-12-31 00:00:00	2013-09-13 09:30:57
SEN	Sensitive Site	1905-01-01 00:00:00	9999-12-31 00:00:00	2013-09-13 09:30:57
TER	Terrain Stability	1905-01-01 00:00:00	9999-12-31 00:00:00	2013-09-13 09:30:57
TIM	Timber management	1905-01-01 00:00:00	9999-12-31 00:00:00	2013-09-13 09:30:57
VIS	Visual	1905-01-01 00:00:00	9999-12-31 00:00:00	2013-09-13 09:30:57
WTR	Wildlife Tree Retention Goals	1905-01-01 00:00:00	9999-12-31 00:00:00	2013-09-13 09:30:57
\.


--
-- Data for Name: silv_statute_code; Type: TABLE DATA; Schema: silva; Owner: postgres
--

COPY silva.silv_statute_code (silv_statute_code, description, effective_date, expiry_date, update_timestamp) FROM stdin;
\.


--
-- Data for Name: silv_system_code; Type: TABLE DATA; Schema: silva; Owner: postgres
--

COPY silva.silv_system_code (silv_system_code, description, effective_date, expiry_date, update_timestamp) FROM stdin;
CCRES	Clearcut with reserves	1905-01-01 00:00:00	9999-12-31 00:00:00	2003-11-15 19:24:00
CLEAR	Clearcut	1905-01-01 00:00:00	9999-12-31 00:00:00	2003-11-15 19:24:00
COPPI	Coppice	1905-01-01 00:00:00	9999-12-31 00:00:00	2003-11-15 19:24:00
IMCUT	Intermediate cut	1905-01-01 00:00:00	9999-12-31 00:00:00	2003-11-15 19:24:00
PATCT	Patch cut	1905-01-01 00:00:00	9999-12-31 00:00:00	2003-11-15 19:24:00
RETEN	Retention	1999-03-16 00:00:00	9999-12-31 00:00:00	2003-11-15 19:24:00
SEEDT	Seed tree	1905-01-01 00:00:00	9999-12-31 00:00:00	2003-11-15 19:24:00
SELEC	Selection	1905-01-01 00:00:00	9999-12-31 00:00:00	2003-11-15 19:24:00
SHELT	Shelterwood	1905-01-01 00:00:00	9999-12-31 00:00:00	2003-11-15 19:24:00
\.


--
-- Data for Name: silv_system_variant_code; Type: TABLE DATA; Schema: silva; Owner: postgres
--

COPY silva.silv_system_variant_code (silv_system_variant_code, description, effective_date, expiry_date, update_timestamp) FROM stdin;
CTN	Commercial thin	1905-01-01 00:00:00	9999-12-31 00:00:00	2003-11-15 19:24:00
GRP	Group	1905-01-01 00:00:00	9999-12-31 00:00:00	2003-11-15 19:24:00
IRR	Irregular	1905-01-01 00:00:00	9999-12-31 00:00:00	2003-11-15 19:24:00
NAT	Natural	1905-01-01 00:00:00	9999-12-31 00:00:00	2003-11-15 19:24:00
NUR	Nurse	1905-01-01 00:00:00	9999-12-31 00:00:00	2003-11-15 19:24:00
POL	Pole removal	1905-01-01 00:00:00	9999-12-31 00:00:00	2003-11-15 19:24:00
SIN	Single	1905-01-01 00:00:00	9999-12-31 00:00:00	2003-11-15 19:24:00
STR	Strip	1905-01-01 00:00:00	9999-12-31 00:00:00	2003-11-15 19:24:00
UNI	Uniform	1905-01-01 00:00:00	9999-12-31 00:00:00	2003-11-15 19:24:00
\.


--
-- Data for Name: silv_technique_code; Type: TABLE DATA; Schema: silva; Owner: postgres
--

COPY silva.silv_technique_code (silv_technique_code, description, effective_date, expiry_date, update_timestamp) FROM stdin;
AE	Aerial	1905-01-01 00:00:00	9999-12-31 00:00:00	2025-01-29 13:10:54
BI	Biological	1905-01-01 00:00:00	9999-12-31 00:00:00	2025-01-29 13:10:54
BL	Backlog Silviculture Prescription	1905-01-01 00:00:00	9999-12-31 00:00:00	2025-01-29 13:10:54
BR	Brushing	1905-01-01 00:00:00	9999-12-31 00:00:00	2025-01-29 13:10:54
BU	Burn	1905-01-01 00:00:00	9999-12-31 00:00:00	2025-01-29 13:10:54
CA	Chemical Air	1905-01-01 00:00:00	9999-12-31 00:00:00	2025-01-29 13:10:54
CB	Climb	2001-02-01 00:00:00	9999-12-31 00:00:00	2025-01-29 13:10:54
CC	Cone Collection	1905-01-01 00:00:00	9999-12-31 00:00:00	2025-01-29 13:10:54
CG	Chemical Ground	1905-01-01 00:00:00	9999-12-31 00:00:00	2025-01-29 13:10:54
CL	Road Clearing	1905-01-01 00:00:00	9999-12-31 00:00:00	2025-01-29 13:10:54
CS	Cone Survey	1905-01-01 00:00:00	9999-12-31 00:00:00	2025-01-29 13:10:54
CT	Commercial Thinning	1905-01-01 00:00:00	9999-12-31 00:00:00	2025-01-29 13:10:54
DD	Site Deg/Disturbance	1905-01-01 00:00:00	9999-12-31 00:00:00	2025-01-29 13:10:54
DE	Deactivation	1905-01-01 00:00:00	9999-12-31 00:00:00	2025-01-29 13:10:54
DR	Drainage	1905-01-01 00:00:00	9999-12-31 00:00:00	2025-01-29 13:10:54
FE	Fertilization	1905-01-01 00:00:00	9999-12-31 00:00:00	2025-01-29 13:10:54
FG	Free Growing	1905-01-01 00:00:00	9999-12-31 00:00:00	2025-01-29 13:10:54
FH	Forest Health	1905-01-01 00:00:00	9999-12-31 00:00:00	2025-01-29 13:10:54
FI	Fire	1905-01-01 00:00:00	9999-12-31 00:00:00	2025-01-29 13:10:54
FN	Forest Nutrient	1905-01-01 00:00:00	9999-12-31 00:00:00	2025-01-29 13:10:54
FP	Fill Planting	1905-01-01 00:00:00	9999-12-31 00:00:00	2025-01-29 13:10:54
GR	Ground	1905-01-01 00:00:00	9999-12-31 00:00:00	2025-01-29 13:10:54
GS	Grass Seeding	1905-01-01 00:00:00	9999-12-31 00:00:00	2025-01-29 13:10:54
HV	Harvest	1905-01-01 00:00:00	9999-12-31 00:00:00	2025-01-29 13:10:54
HZ	Hazard	1905-01-01 00:00:00	9999-12-31 00:00:00	2025-01-29 13:10:54
IN	Inventory	2021-02-25 00:00:00	9999-12-31 00:00:00	2025-01-29 13:10:54
JS	Juvenile Spacing	1905-01-01 00:00:00	9999-12-31 00:00:00	2025-01-29 13:10:54
MA	Manual	1905-01-01 00:00:00	9999-12-31 00:00:00	2025-01-29 13:10:54
ME	Mechanical	1905-01-01 00:00:00	9999-12-31 00:00:00	2025-01-29 13:10:54
MO	Monitoring	2014-05-12 00:00:00	9999-12-31 00:00:00	2025-01-29 13:10:54
MS	Mineral Soil Disturbance	1905-01-01 00:00:00	9999-12-31 00:00:00	2025-01-29 13:10:54
NA	Natural	1905-01-01 00:00:00	9999-12-31 00:00:00	2025-01-29 13:10:54
OF	Office Review	1905-01-01 00:00:00	9999-12-31 00:00:00	2025-01-29 13:10:54
OG	Organic Ground (e.g. sewage sludge, fish mort, pulp sludge, et c.)	1905-01-01 00:00:00	9999-12-31 00:00:00	2025-01-29 13:10:54
OV	Overpass	2025-01-13 00:00:00	9999-12-31 00:00:00	2025-01-29 13:10:54
PA	Pay	1905-01-01 00:00:00	9999-12-31 00:00:00	2025-01-29 13:10:54
PH	Pre-Harvest Silviculture Prescription	1905-01-01 00:00:00	9999-12-31 00:00:00	2025-01-29 13:10:54
PL	Planting	1905-01-01 00:00:00	9999-12-31 00:00:00	2025-01-29 13:10:54
PO	Post Harvest Inspection	1905-01-01 00:00:00	9999-12-31 00:00:00	2025-01-29 13:10:54
PR	Pruning	1905-01-01 00:00:00	9999-12-31 00:00:00	2025-01-29 13:10:54
RA	Regeneration Performance Assessment	1905-01-01 00:00:00	9999-12-31 00:00:00	2025-01-29 13:10:54
RE	Reconnaissance	1905-01-01 00:00:00	9999-12-31 00:00:00	2025-01-29 13:10:54
RG	Regen/Stocking	1905-01-01 00:00:00	9999-12-31 00:00:00	2025-01-29 13:10:54
RO	Roadside	1905-01-01 00:00:00	9999-12-31 00:00:00	2025-01-29 13:10:54
RP	Re-Planting	1905-01-01 00:00:00	9999-12-31 00:00:00	2025-01-29 13:10:54
RR	Road Rehab	1905-01-01 00:00:00	9999-12-31 00:00:00	2025-01-29 13:10:54
RT	Root Rot	1905-01-01 00:00:00	9999-12-31 00:00:00	2025-01-29 13:10:54
SE	Seedling Protection	1905-01-01 00:00:00	9999-12-31 00:00:00	2025-01-29 13:10:54
SG	Signage	2025-01-13 00:00:00	9999-12-31 00:00:00	2025-01-29 13:10:54
SH	Species Health	2021-02-25 00:00:00	9999-12-31 00:00:00	2025-01-29 13:10:54
SI	Silviculture Prescription	1905-01-01 00:00:00	9999-12-31 00:00:00	2025-01-29 13:10:54
SL	Slide	1905-01-01 00:00:00	9999-12-31 00:00:00	2025-01-29 13:10:54
SM	Stand Management Prescription	1905-01-01 00:00:00	9999-12-31 00:00:00	2025-01-29 13:10:54
SP	Site Preparation	1905-01-01 00:00:00	9999-12-31 00:00:00	2025-01-29 13:10:54
SR	Site Rehabilitation	1905-01-01 00:00:00	9999-12-31 00:00:00	2025-01-29 13:10:54
SU	Survival	1905-01-01 00:00:00	9999-12-31 00:00:00	2025-01-29 13:10:54
SX	Silviculture Trials	1905-01-01 00:00:00	9999-12-31 00:00:00	2025-01-29 13:10:54
TP	Trapping	1905-01-01 00:00:00	9999-12-31 00:00:00	2025-01-29 13:10:54
TR	Traverse	1905-01-01 00:00:00	9999-12-31 00:00:00	2025-01-29 13:10:54
UN	Underpass	2025-01-13 00:00:00	9999-12-31 00:00:00	2025-01-29 13:10:54
UP	Road Upgrading	1905-01-01 00:00:00	9999-12-31 00:00:00	2025-01-29 13:10:54
WF	Wire Fencing (primarily for ungulates)	2025-01-13 00:00:00	9999-12-31 00:00:00	2025-01-29 13:10:54
WT	Wildlife Tree	1905-01-01 00:00:00	9999-12-31 00:00:00	2025-01-29 13:10:54
\.


--
-- Data for Name: silv_tree_species_code; Type: TABLE DATA; Schema: silva; Owner: postgres
--

COPY silva.silv_tree_species_code (silv_tree_species_code, description, effective_date, expiry_date, update_timestamp) FROM stdin;
AC	poplar	1905-01-01 00:00:00	9999-12-31 00:00:00	2023-08-09 15:17:52
ACB	balsam poplar	1905-01-01 00:00:00	9999-12-31 00:00:00	2023-08-09 15:17:52
ACT	black cottonwood	1905-01-01 00:00:00	9999-12-31 00:00:00	2023-08-09 15:17:52
AT	trembling aspen	1905-01-01 00:00:00	9999-12-31 00:00:00	2023-08-09 15:17:52
AX	hybrid poplars	1905-01-01 00:00:00	9999-12-31 00:00:00	2023-08-09 15:17:52
BA	amabilis fir	1905-01-01 00:00:00	9999-12-31 00:00:00	2023-08-09 15:17:52
BB	balsam fir	1905-01-01 00:00:00	9999-12-31 00:00:00	2023-08-09 15:17:52
BG	grand fir	1905-01-01 00:00:00	9999-12-31 00:00:00	2023-08-09 15:17:52
BL	subalpine fir	1905-01-01 00:00:00	9999-12-31 00:00:00	2023-08-09 15:17:52
BN	Noble fir  (code replaced by Bp)	1905-01-01 00:00:00	2006-07-25 00:00:00	2023-08-09 15:17:52
BP	noble fir	2006-07-25 00:00:00	9999-12-31 00:00:00	2023-08-09 15:17:52
CW	western redcedar	1905-01-01 00:00:00	9999-12-31 00:00:00	2023-08-09 15:17:52
DM	mountain alder	1905-01-01 00:00:00	2006-07-25 00:00:00	2023-08-09 15:17:52
DR	red alder	1905-01-01 00:00:00	9999-12-31 00:00:00	2023-08-09 15:17:52
EA	Alaska paper birch	1905-01-01 00:00:00	9999-12-31 00:00:00	2023-08-09 15:17:52
EP	paper birch	1905-01-01 00:00:00	9999-12-31 00:00:00	2023-08-09 15:17:52
FDC	coastal Douglas-fir	1905-01-01 00:00:00	9999-12-31 00:00:00	2023-08-09 15:17:52
FDI	interior Douglas-fir	1905-01-01 00:00:00	9999-12-31 00:00:00	2023-08-09 15:17:52
HM	mountain hemlock	1905-01-01 00:00:00	9999-12-31 00:00:00	2023-08-09 15:17:52
HW	western hemlock	1905-01-01 00:00:00	9999-12-31 00:00:00	2023-08-09 15:17:52
LA	alpine larch	1905-01-01 00:00:00	9999-12-31 00:00:00	2023-08-09 15:17:52
LS	Siberian larch	1905-01-01 00:00:00	9999-12-31 00:00:00	2023-08-09 15:17:52
LT	tamarack	1905-01-01 00:00:00	9999-12-31 00:00:00	2023-08-09 15:17:52
LW	western larch	1905-01-01 00:00:00	9999-12-31 00:00:00	2023-08-09 15:17:52
M	Maple	1905-01-01 00:00:00	2010-06-13 00:00:00	2023-08-09 15:17:52
MB	bigleaf maple	1905-01-01 00:00:00	9999-12-31 00:00:00	2023-08-09 15:17:52
PA	whitebark pine	1905-01-01 00:00:00	9999-12-31 00:00:00	2023-08-09 15:17:52
PF	limber pine	1905-01-01 00:00:00	9999-12-31 00:00:00	2023-08-09 15:17:52
PJ	jack pine	1905-01-01 00:00:00	9999-12-31 00:00:00	2023-08-09 15:17:52
PLC	shore pine	1905-01-01 00:00:00	9999-12-31 00:00:00	2023-08-09 15:17:52
PLI	lodgepole pine	1905-01-01 00:00:00	9999-12-31 00:00:00	2023-08-09 15:17:52
PR	red pine	1905-01-01 00:00:00	9999-12-31 00:00:00	2023-08-09 15:17:52
PW	western white pine	1905-01-01 00:00:00	9999-12-31 00:00:00	2023-08-09 15:17:52
PY	ponderosa pine	1905-01-01 00:00:00	9999-12-31 00:00:00	2023-08-09 15:17:52
QG	Garry oak	1905-01-01 00:00:00	9999-12-31 00:00:00	2023-08-09 15:17:52
SA	Norway spruce (code replaced by Sn)	1905-01-01 00:00:00	2006-07-25 00:00:00	2023-08-09 15:17:52
SB	black spruce	1905-01-01 00:00:00	9999-12-31 00:00:00	2023-08-09 15:17:52
SE	Engelmann spruce	1905-01-01 00:00:00	9999-12-31 00:00:00	2023-08-09 15:17:52
SN	Norway spruce	2006-07-25 00:00:00	9999-12-31 00:00:00	2023-08-09 15:17:52
SS	Sitka spruce	1905-01-01 00:00:00	9999-12-31 00:00:00	2023-08-09 15:17:52
SW	white spruce	1905-01-01 00:00:00	9999-12-31 00:00:00	2023-08-09 15:17:52
SX	spruce hybrid	1905-01-01 00:00:00	9999-12-31 00:00:00	2023-08-09 15:17:52
SXB	white x black spruce	1905-01-01 00:00:00	2006-07-25 00:00:00	2023-08-09 15:17:52
SXE	engelmann x sitka spruce	1905-01-01 00:00:00	2006-07-25 00:00:00	2023-08-09 15:17:52
SXL	Sitka x white	1905-01-01 00:00:00	9999-12-31 00:00:00	2023-08-09 15:17:52
SXS	Sitka x unknown hybrid	1905-01-01 00:00:00	9999-12-31 00:00:00	2023-08-09 15:17:52
SXW	Engelmann x white	1905-01-01 00:00:00	9999-12-31 00:00:00	2023-08-09 15:17:52
SXX	white x engelmann x sitka spruce	1905-01-01 00:00:00	2006-07-25 00:00:00	2023-08-09 15:17:52
TW	western yew	1905-01-01 00:00:00	9999-12-31 00:00:00	2023-08-09 15:17:52
VB	bitter cherry	1905-01-01 00:00:00	9999-12-31 00:00:00	2023-08-09 15:17:52
W	Willow	1905-01-01 00:00:00	2010-06-13 00:00:00	2023-08-09 15:17:52
YC	yellow-cedar	1905-01-01 00:00:00	9999-12-31 00:00:00	2023-08-09 15:17:52
OC	coast redwood	1999-01-14 00:00:00	9999-12-31 00:00:00	2023-08-09 15:17:52
OB	giant sequoia	2023-06-29 00:00:00	9999-12-31 00:00:00	2023-08-09 15:17:52
\.


--
-- Data for Name: silviculture_comment; Type: TABLE DATA; Schema: silva; Owner: postgres
--

COPY silva.silviculture_comment (silviculture_comment_id, comment_date, silv_comment_source_code, silv_comment_type_code, comment_text, entry_userid, entry_timestamp, update_userid, update_timestamp, revision_count) FROM stdin;
1	2025-04-07 14:42:07	OPEN	GENERAL	All good so far	IDIR\\JAKETHEDOG	2025-04-07 14:42:07	IDIR\\JAKETHEDOG	2025-04-07 14:42:07	1
2	2019-04-16 13:31:46	OPEN	GENERAL	In a forest far far away	BCEID\\ASKYWALKER	2019-04-16 13:31:46	BCEID\\ASKYWALKER	2019-04-16 13:31:46	1
3	2016-01-19 13:42:26	OPEN	GENERAL	In a forest far far away	IDIR\\PANAMERICAN	2016-01-19 13:42:26	IDIR\\PANAMERICAN	2016-01-19 13:42:26	1
\.


--
-- Data for Name: silviculture_project; Type: TABLE DATA; Schema: silva; Owner: postgres
--

COPY silva.silviculture_project (silviculture_project_id, silv_base_code, fiscal_year, org_unit_no, project_sequence, project_location, silv_project_status_code, client_number, start_date, view_date, coordinator_userid, overhead_cost, crew_contract_hire_code, dist_admin_zone, unit_bid_code, entry_userid, entry_timestamp, update_userid, update_timestamp, revision_count) FROM stdin;
7	SU	2010	1	001	BurnsLake /SquareLake	COM	\N	2009-05-01 00:00:00	\N	stevens	\N	T	\N	HA	IDIR\\CSTEVENS	2009-03-23 20:05:42	BCEID\\SJONES12	2017-11-07 10:26:28	326
14	SU	2014	1	001	NRFL Square Lake area	COM	00010006	2013-05-06 00:00:00	2013-05-01 00:00:00	Stevens SU14845-001	\N	T	\N	HA	IDIR\\CSTEVENS	2009-08-18 10:18:14	IDIR\\CSTEVENS	2014-03-18 16:34:53	229
15	SU	2018	1	001	NRFL south & Square Lake area	COM	00010008	2017-06-15 00:00:00	2017-04-25 00:00:00	Stevens/DND	\N	T	\N	HA	IDIR\\CSTEVENS	2009-08-18 10:36:44	IDIR\\CSTEVENS	2018-01-12 11:21:28	471
16	BR	2011	1	001	NRFL SquareLake area	COM	00010005	2010-06-28 00:00:00	\N	Stevens	\N	T	\N	HA	IDIR\\CSTEVENS	2009-08-18 13:07:34	IDIR\\CSTEVENS	2014-02-25 11:26:04	29
25	PL	2012	1	002	square Lk	COM	00010004	2011-05-13 00:00:00	2011-05-11 00:00:00	\N	\N	D	\N	TRE	IDIR\\CSTEVENS	2011-05-11 12:43:11	IDIR\\CSTEVENS	2014-02-25 11:40:57	200
26	PL	2012	1	003	\N	COM	00010006	2011-05-13 00:00:00	2011-05-11 00:00:00	Stevens	\N	D	\N	TRE	IDIR\\CSTEVENS	2011-05-11 12:46:26	IDIR\\CSTEVENS	2014-02-25 11:40:57	106
\.


--
-- Data for Name: site_class_code; Type: TABLE DATA; Schema: silva; Owner: postgres
--

COPY silva.site_class_code (site_class_code, description, effective_date, expiry_date, update_timestamp) FROM stdin;
G	Good	1905-01-01 00:00:00	9999-12-31 00:00:00	2003-06-17 14:16:37
L	Low	1905-01-01 00:00:00	9999-12-31 00:00:00	2003-06-17 14:16:37
M	Medium	1905-01-01 00:00:00	9999-12-31 00:00:00	2003-06-17 14:16:37
P	Poor	1905-01-01 00:00:00	9999-12-31 00:00:00	2003-06-17 14:16:37
\.


--
-- Data for Name: site_index_source_code; Type: TABLE DATA; Schema: silva; Owner: postgres
--

COPY silva.site_index_source_code (site_index_source_code, description, effective_date, expiry_date, update_timestamp) FROM stdin;
A	Site index from adjacent stand	1999-03-16 00:00:00	9999-12-31 00:00:00	2003-06-17 14:16:37
C	SI from site index curve	1905-01-01 00:00:00	9999-12-31 00:00:00	2003-06-17 14:16:37
E	SI from Biogeoclimatic Ecosystem Classification	1905-01-01 00:00:00	9999-12-31 00:00:00	2003-06-17 14:16:37
H	SI from stand before harvest	1999-03-16 00:00:00	9999-12-31 00:00:00	2003-06-17 14:16:37
I	SI from growth intercept	1905-01-01 00:00:00	9999-12-31 00:00:00	2003-06-17 14:16:37
M	SI from G, M, P, L site class conversion	1905-01-01 00:00:00	9999-12-31 00:00:00	2003-06-17 14:16:37
O	SI from provincial SIBEC rollover, Nov 1998	1998-11-30 00:00:00	9999-12-31 00:00:00	2003-06-17 14:16:37
S	Site index assigned by District Silviculture Section	1999-03-16 00:00:00	9999-12-31 00:00:00	2003-06-17 14:16:37
\.


--
-- Data for Name: standards_regime; Type: TABLE DATA; Schema: silva; Owner: postgres
--

COPY silva.standards_regime (standards_regime_id, standards_regime_name, standards_regime_status_code, silv_statute_code, standards_objective, geographic_description, mof_default_standard_ind, regen_delay_offset_yrs, regen_obligation_ind, no_regen_early_offset_yrs, no_regen_late_offset_yrs, free_growing_early_offset_yrs, free_growing_late_offset_yrs, approved_by_userid, approved_date, submitted_by_userid, submitted_date, effective_date, expiry_date, additional_standards, reject_note, entry_userid, entry_timestamp, update_userid, update_timestamp, revision_count) FROM stdin;
36109	\N	APP	\N	\N	\N	N	6	Y	\N	\N	11	14	DATAFIX2006-06-07	2006-06-08 11:53:59	\N	2004-01-06 11:48:00	2003-03-17 00:00:00	\N	(ALL625) ; ALL SPECIES - minimum inter-tree spacing within the net area to be reforested may be reduced to 1.5 metres to allow the selection of the most productive microsites in areas of poor plantability due to hygric conditions and bedrock areas.; (ALL626) ; ALL SPECIES - minimum inter-tree spacing within 20 metres of either site of road centreline may be reduced to 1 metre where road construction or harvesting activities have created soil disturbance and reduced plantability.; (FDC628) ; FDC - is a preffered species on steep southerly aspects (SE to SW) or on southerly, westerly and easterly slopes where pre-harvest stand composition of Fd is >20% by merchantable volume.	\N	RESULTS_CNV	2004-01-06 11:48:00	IDIR\\SCAKERLE	2011-02-04 13:41:27	6
1010949	\N	APP	\N	\N	\N	N	4	Y	\N	\N	9	15	\N	\N	\N	\N	2007-07-13 00:00:00	\N	\N	\N	IDIR\\DOFLAMINGO	2007-07-17 11:11:27	IDIR\\DOFLAMINGO	2007-07-17 11:12:45	5
18056	Baseline - dry variant	APP	\N	\N	\N	Y	7	Y	\N	\N	12	20	RESULTS_CNV	2004-03-30 23:00:34	\N	2004-03-30 23:00:34	2003-04-02 00:00:00	\N	(FDI58) ; FDI-Arrow FD - Fd and Bg limited to planting a max 50% of WSSpa due to Armillaria root rot.  No limit following completion of mechanical innoculum removal. ; (PW31) ; PW-risk of white pine blister rust; (PW49) ; PW-applies only to rust resistant, planted stock.; (PW57) ; PW-Arrow/Columbia forest district - Pw rust-resistant stock may be considered preferred species to a max 50% of WSSpa. Pw naturals - acceptable species only to max 50% /plot, 10% WSSpa. Minimum pruning height 1.0 m applies to natural Pw 2.0 m and taller, required to meet MSSpa; (BG28) ; BG-limited by moisture deficit; (BLt) ; BL - species came from tertiary category as per the Establishment ot Free Growing Guidelines May 2000; (BL10) ; BL-restricted to northerly aspects; (BL13) ; BL-restricted to upper elevations of biogeoclimatic unit; (HWt) ; HW - species came from tertiary category as per the Establishment ot Free Growing Guidelines May 2000; (SX10) ; SX-restricted to northerly aspects; (SX13) ; SX-restricted to upper elevations of biogeoclimatic unit; Site Series 01a	\N	RESULTS_CNV	2004-03-30 23:00:34	IDIR\\JSNOW	2010-03-08 11:50:58	5
1014	\N	APP	\N	\N	\N	Y	4	Y	\N	\N	12	20	RESULTS_CNV	2005-01-15 21:04:23	\N	2005-01-15 21:04:23	2003-07-16 00:00:00	\N	(PLI72) ; PLI-Restricted to max 25% of WSS or to the extent previously found on site as a commercial species (based on cruise or scale).	\N	RESULTS_CNV	2005-01-15 21:04:23	FSP_Datafix	2008-05-15 13:19:14	2
36008	\N	APP	\N	\N	\N	N	3	Y	\N	\N	8	11	DATAFIX2006-06-07	2006-06-08 11:53:59	\N	2004-06-02 11:21:26	2004-01-09 00:00:00	\N	(ALL713) ; ALL SPECIES - MITD will be 2.0m with the following exceptions:  MITD will be 1.0m within 20m of the road centre line in areas of poor plantability associated with harvest activities.  The MITD can be reduced to 1.5m for any site series where productive and plantable sites are limited by site characteristics such as large blocky colluvium, hygric or sub hydric sites.  ; Site Series 01s.  YC based on trials near Port McNeill, limit YC leading stands to <10% of stands on this EA.  HW productivity is limited and should not exceed 20% of target stocking unless under a fertilization regime with multiple treatments, in which case HW may be preferred and S1ha standards apply.  	\N	RESULTS_CNV	2004-06-02 11:21:26	DATAFIX2006-06-07	2006-06-08 11:53:59	3
1079794	Caroline recent action Silva test	APP	\N	\N	\N	N	3	Y	\N	\N	\N	20	IDIR\\CAROWOOD	2025-02-18 13:50:31	IDIR\\CAROWOOD	2025-02-18 13:49:33	\N	\N	Test	\N	IDIR\\CAROWOOD	2025-02-18 13:47:37	IDIR\\CAROWOOD	2025-03-14 10:46:11	8
1056501	51.	APP	\N	even aged management	\N	N	3	Y	\N	\N	\N	20	\N	\N	\N	\N	2018-02-20 00:00:00	\N	31. (PW) must use blister rust resistant stock- see BC Journal of Ecosystems and Management 10(1):97-100 for supplementary information.	\N	IDIR\\KWILLIS	2018-01-29 16:48:59	IDIR\\DANTURNE	2018-03-08 15:11:04	7
1006586	TimberWest Johnstone Strait FSP	APP	\N	\N	\N	N	6	Y	\N	\N	\N	20	IDIR\\CMMACLEO	2007-05-29 16:07:08	BCEID\\CBUSS	2007-04-03 11:29:24	2006-12-13 00:00:00	\N	Elevated microsites are preferred for Fdc.	\N	BCEID\\CBUSS	2007-03-20 17:19:48	IDIR\\JDPICKFO	2008-01-03 15:20:51	9
1054256	TimberWest Johnstone Strait FSP	APP	\N	\N	\N	N	3	Y	\N	\N	\N	20	\N	\N	\N	\N	2017-09-11 00:00:00	\N	Risk of Pw blister rust; unless rust resistant Pw planted stock is used, can not contribute to MSS and limited to 10% of TSS.  Resistant stock can contribute to MSS and up to 25% of MSP and 100% of MSP for Phellinus root rot areas.	\N	BCEID\\RMMONCHAK	2017-08-09 09:22:11	IDIR\\DANTURNE	2019-06-24 09:29:32	4
1054257	TimberWest Johnstone Strait FSP	APP	\N	\N	\N	N	3	Y	\N	\N	\N	20	\N	\N	\N	\N	2017-09-11 00:00:00	\N	Hw is suitable on thick forest floors an dis preferred on northerly aspects or in situations where advanced natural regeneration of Hw precludes planting with other species and is acceptable in all other situations.\\nRisk of white pine blister rust.  Unless resistant stock is planted, Pw cannot contribute to MSS and limited to 10% of TSS.  Resistant stock can contribute to MSS and up to 25% of MSP and 100% of MSP on Phellinus root rot sites.	\N	BCEID\\RMMONCHAK	2017-08-09 09:25:43	IDIR\\DANTURNE	2019-06-24 09:29:32	9
20305	\N	APP	\N	\N	\N	Y	4	Y	\N	\N	9	15	RESULTS_CNV	2003-11-28 14:22:26	\N	2003-11-28 14:22:26	2003-02-05 00:00:00	\N	(FDI9) ; FDI-restricted to southerly aspects; (FDI18) ; FDI-restricted to eastern portion of biogeoclimatic unit in region	\N	RESULTS_CNV	2003-11-28 14:22:26	FSP_Datafix	2008-05-15 13:19:14	2
1066015	IDFdk1_104	APP	\N	Thompson Okanagan Regional Stocking Standards	\N	Y	7	Y	\N	\N	\N	20	IDIR\\LPUHALLO	2021-09-20 15:46:23	IDIR\\LPUHALLO	2021-09-15 08:57:34	2020-06-01 00:00:00	\N	Footnotes: (PY9): suitable on warm aspects, (PY14): suitable at lower elevations, (PLI201): Maximum 50% of preferred and acceptable well-spaced trees, (SX10): suitable on cool aspects, (SX13): suitable at upper elevations, (LW203): Recommended on sites for climate change adaptation	\N	IDIR\\KSTEELE	2020-03-05 11:16:22	IDIR\\LPUHALLO	2021-09-20 15:46:23	18
760	\N	APP	\N	\N	\N	N	7	Y	\N	\N	9	10	IDIR\\RESDIC07	2007-02-06 14:32:59	BCEID\\RESCANFOR20	2007-02-06 14:25:14	2007-02-14 00:00:00	\N	vgwgwgsw	\N	BCEID\\RESCANFOR20	2007-02-06 14:23:58	IDIR\\RESDIC07	2007-02-06 14:32:59	11
1535	OCIC TEST FSP STANDARD 131	APP	\N	OCIC TEST FSP STANDARD 131 objective	OCIC TEST FSP STANDARD 131 A	N	2	Y	\N	\N	5	13	IDIR\\SCAKERLE	2009-12-04 09:08:42	IDIR\\SCAKERLE	2009-12-04 09:08:14	\N	\N	addtional OCIC TEST FSP STANDARD 131 Comment	\N	IDIR\\EWONG	2008-03-25 16:09:55	IDIR\\SCAKERLE	2009-12-04 09:08:42	6
9166	\N	APP	\N	\N	\N	N	3	Y	\N	\N	8	11	RESULTS_CNV	2004-03-30 22:56:37	\N	2004-03-30 22:56:37	2003-07-07 00:00:00	\N	(ALL580) ; ALL SPECIES - Min. intertree distance will be 2.0m except as noted in FDP document (roadsides, streams, NP areas, talus, salal, floodplain sites, high brush hazard sites etc.),; (HW50) ; HW-restricted to sites where the species occurs as a major species in a pre-harvest, natural stand; (HW584) ; HW - limited to 35% of MSP; (HW585) ; HW - preferred within 30m of North facing edge	\N	RESULTS_CNV	2004-03-30 22:56:37	RESULTS_CNV	2004-03-30 22:56:37	2
9173	\N	APP	\N	\N	\N	N	3	Y	\N	\N	8	11	RESULTS_CNV	2004-03-30 22:56:38	\N	2004-03-30 22:56:38	2003-07-07 00:00:00	\N	(ALL580) ; ALL SPECIES - Min. intertree distance will be 2.0m except as noted in FDP document (roadsides, streams, NP areas, talus, salal, floodplain sites, high brush hazard sites etc.),; (HW1) ; HW-elevated microsites are preferred; (HW2) ; HW-suitable on thick forest floors; (CW1) ; CW-elevated microsites are preferred; (PW31) ; PW-risk of white pine blister rust; (PW581) ; PW - unless rust resistant planted stock, can not contribute to MSS and limited to 10% of TSS.; (SS35) ; SS-risk of weevil damage; (SS582) ; SS - unless weevil resistant planted stock, can not contribute to MSS and limited to 10% of TSS.	\N	RESULTS_CNV	2004-03-30 22:56:38	RESULTS_CNV	2004-03-30 22:56:38	2
\.


--
-- Data for Name: standards_regime_status_code; Type: TABLE DATA; Schema: silva; Owner: postgres
--

COPY silva.standards_regime_status_code (standards_regime_status_code, description, effective_date, expiry_date, update_timestamp) FROM stdin;
APP	Approved	1905-01-01 00:00:00	9999-12-31 00:00:00	2008-05-27 11:21:43
DFT	Draft	1905-01-01 00:00:00	9999-12-31 00:00:00	2008-05-27 11:21:43
EXP	Expired	2008-03-19 00:00:00	9999-12-31 00:00:00	2008-05-27 11:21:43
REJ	Rejected	2008-03-19 00:00:00	9999-12-31 00:00:00	2008-05-27 11:21:43
SUB	Submitted	1905-01-01 00:00:00	9999-12-31 00:00:00	2008-05-27 11:21:43
\.


--
-- Data for Name: stocking_class_code; Type: TABLE DATA; Schema: silva; Owner: postgres
--

COPY silva.stocking_class_code (stocking_class_code, description, effective_date, expiry_date, update_timestamp) FROM stdin;
0	Immature Stands	1905-01-01 00:00:00	9999-12-31 00:00:00	2003-06-17 14:16:37
1	Stocking Class 1	1905-01-01 00:00:00	9999-12-31 00:00:00	2003-06-17 14:16:37
2	Stocking Class 2	1905-01-01 00:00:00	9999-12-31 00:00:00	2003-06-17 14:16:37
3	Stocking Class 3	1905-01-01 00:00:00	9999-12-31 00:00:00	2003-06-17 14:16:37
4	Stocking Class 4	1905-01-01 00:00:00	9999-12-31 00:00:00	2003-06-17 14:16:37
5	Stocking Class 5	1905-01-01 00:00:00	9999-12-31 00:00:00	2003-06-17 14:16:37
R	Mature Residual	1905-01-01 00:00:00	9999-12-31 00:00:00	2003-06-17 14:16:37
\.


--
-- Data for Name: stocking_comment_link; Type: TABLE DATA; Schema: silva; Owner: postgres
--

COPY silva.stocking_comment_link (stocking_standard_unit_id, silviculture_comment_id) FROM stdin;
\.


--
-- Data for Name: stocking_ecology; Type: TABLE DATA; Schema: silva; Owner: postgres
--

COPY silva.stocking_ecology (stocking_ecology_id, opening_id, stocking_standard_unit_id, bec_region_code, bgc_zone_code, bgc_subzone_code, bgc_variant, bgc_phase, bec_site_series, bec_site_type, bec_seral, entry_userid, entry_timestamp, update_userid, update_timestamp, revision_count) FROM stdin;
1091254	101017	194837	\N	\N	\N	\N	\N	\N	\N	\N	RESULTS_CONV	2005-11-09 16:13:53	RESULTS_CONV	2005-11-09 16:13:53	1
198152	101017	194833	\N	CWH	xm	\N	\N	01	05	\N	RESULTS_CONV	2003-11-15 18:55:01	RESULTS_CONV	2003-11-15 18:55:01	1
1013948	1009974	1013720	\N	CWH	vm	1	\N	01	\N	\N	BCEID\\ASKYWALKER	2005-05-02 15:56:26	BCEID\\ASKYWALKER	2005-05-04 16:21:21	3
1895897	1541296	1894782	\N	SBS	mc	2	\N	05	\N	\N	BCEID\\OTWIST	2013-05-31 11:26:50	BCEID\\OTWIST	2013-08-27 08:40:18	2
2243559	1725701	2246575	\N	ICH	dw	1	\N	01	\N	\N	BCEID\\JTHOMPSON16	2019-11-06 16:41:23	BCEID\\JTHOMPSON16	2019-11-06 16:41:23	1
2243558	1725701	2246574	\N	ICH	dw	1	\N	01	\N	\N	BCEID\\JTHOMPSON16	2019-11-06 16:41:23	BCEID\\JTHOMPSON16	2019-11-06 16:41:23	1
2243560	1725701	2246576	\N	ICH	dw	1	\N	01	\N	\N	BCEID\\JTHOMPSON16	2019-11-06 16:41:23	BCEID\\JTHOMPSON16	2019-11-06 16:41:23	1
1159684	1092357	1153275	\N	ESSF	wc	4	\N	04	\N	\N	IDIR\\KADUFFY	2006-12-22 10:11:09	IDIR\\KCSMITH	2012-02-01 13:04:11	2
1159683	1092357	1153274	\N	ESSF	wc	4	\N	04	\N	\N	IDIR\\KADUFFY	2006-12-22 10:11:09	IDIR\\KCSMITH	2012-02-01 11:58:40	2
1796867	1480130	1795272	\N	CWH	vm	1	\N	01	\N	\N	IDIR\\SKILLAM	2012-09-26 12:08:48	IDIR\\CAROWOOD	2025-02-03 17:18:44	3
1796868	1480130	1795273	\N	CWH	mm	1	\N	05	\N	\N	IDIR\\SKILLAM	2012-09-26 12:09:10	IDIR\\SKILLAM	2012-09-26 12:09:10	1
2411568	1480130	2411888	\N	CWH	vm	1	\N	01	\N	\N	IDIR\\CAROWOOD	2025-03-14 10:46:37	IDIR\\CAROWOOD	2025-03-14 10:46:37	1
2367240	1777756	2367701	\N	CWH	xm	\N	\N	05	\N	\N	IDIR\\HFRASER	2023-06-20 16:33:25	IDIR\\DDOUBINI	2025-02-27 16:35:55	2
2331718	1761935	2333293	\N	CWH	dm	\N	\N	01	\N	\N	BCEID\\ANYA.DENNILL	2022-05-07 09:48:59	BCEID\\ANYA.DENNILL	2022-05-07 09:48:59	1
2331719	1761935	2333294	\N	CWH	dm	\N	\N	03	\N	\N	BCEID\\ANYA.DENNILL	2022-05-07 09:48:59	BCEID\\ANYA.DENNILL	2022-05-07 09:48:59	1
2331720	1761935	2333295	\N	CWH	dm	\N	\N	06	\N	\N	BCEID\\ANYA.DENNILL	2022-05-07 09:48:59	BCEID\\ANYA.DENNILL	2022-05-07 09:48:59	1
1127797	1589595	1120544	\N	SBS	dk	\N	\N	06	\N	\N	IDIR\\GKJENNIN	2006-06-20 15:19:29	BCEID\\JPRESTMODA	2014-02-26 10:46:07	3
103858	60000	101419	\N	BWBS	wk	1	\N	03	\N	\N	RESULTS_CONV	2003-11-15 18:54:41	BCEID\\DSCOTT	2006-11-27 13:38:07	2
103859	60000	101420	\N	BWBS	wk	1	\N	01	\N	\N	RESULTS_CONV	2003-11-15 18:54:41	BCEID\\DSCOTT	2006-11-27 13:38:07	2
103860	60000	101421	\N	BWBS	wk	1	\N	05	\N	\N	RESULTS_CONV	2003-11-15 18:54:41	BCEID\\DSCOTT	2006-11-27 13:38:07	2
103861	60000	101422	\N	BWBS	wk	1	\N	08	\N	\N	RESULTS_CONV	2003-11-15 18:54:41	BCEID\\DSCOTT	2006-11-27 13:38:07	2
2413036	1796497	2413381	\N	IDF	dk	1	\N	104	\N	\N	IDIR\\JZAHND	2025-03-26 13:55:49	IDIR\\JZAHND	2025-03-26 13:55:49	1
1943336	1020124	1036408	\N	CWH	mm	1	\N	01	\N	\N	IDIR\\MTSOI	2016-03-29 10:22:41	IDIR\\MTSOI	2016-03-29 10:22:41	1
1943337	1020124	1036409	\N	CWH	mm	2	\N	03	\N	\N	IDIR\\MTSOI	2016-03-29 10:22:41	IDIR\\MTSOI	2016-03-29 10:22:41	1
1006476	1004185	1006416	\N	CWH	xm	2	\N	12	\N	\N	IDIR\\adellavi	2004-12-20 11:18:00	IDIR\\EHPARSON	2005-06-27 10:27:22	2
1006477	1004185	1006417	\N	CWH	xm	2	\N	01	\N	\N	IDIR\\adellavi	2004-12-20 11:18:01	BCEID\\TCOUILLARD	2006-11-01 09:09:18	4
108206	17247	105766	\N	MS	b	1	\N	01	\N	\N	RESULTS_CONV	2003-11-15 18:54:42	RESULTS_CONV	2003-11-15 18:54:42	1
\.


--
-- Data for Name: stocking_ecology_archive; Type: TABLE DATA; Schema: silva; Owner: postgres
--

COPY silva.stocking_ecology_archive (stocking_ecology_id, stocking_event_history_id, stocking_standard_unit_id, opening_id, bec_region_code, bgc_zone_code, bgc_subzone_code, bgc_variant, bgc_phase, bec_site_series, bec_site_type, bec_seral, revision_count, entry_userid, entry_timestamp, update_userid, update_timestamp) FROM stdin;
198152	1297119	194833	101017	\N	CWH	xm	\N	\N	01	05	\N	1	RESULTS_CONV	2003-11-15 18:55:01	RESULTS_CONV	2003-11-15 18:55:01
1091254	1297119	194837	101017	\N	\N	\N	\N	\N	\N	\N	\N	1	RESULTS_CONV	2005-11-09 16:13:53	RESULTS_CONV	2005-11-09 16:13:53
1013948	1262610	1013720	1009974	\N	CWH	vm	1	\N	01	\N	\N	3	BCEID\\ASKYWALKER	2005-05-02 15:56:26	BCEID\\ASKYWALKER	2005-05-04 16:21:21
1796867	1524245	1795272	1480130	\N	CWH	mm	1	\N	01	\N	\N	1	IDIR\\JDOE	2012-09-26 12:08:48	IDIR\\JDOE	2012-09-26 12:08:48
1796868	1524245	1795273	1480130	\N	CWH	mm	1	\N	05	\N	\N	1	IDIR\\JDOE	2012-09-26 12:09:10	IDIR\\JDOE	2012-09-26 12:09:10
1796867	1739158	1795272	1480130	\N	CWH	mm	1	\N	01	\N	\N	1	IDIR\\JDOE	2012-09-26 12:08:48	IDIR\\JDOE	2012-09-26 12:08:48
1796868	1739158	1795273	1480130	\N	CWH	mm	1	\N	05	\N	\N	1	IDIR\\JDOE	2012-09-26 12:09:10	IDIR\\JDOE	2012-09-26 12:09:10
1796867	1739159	1795272	1480130	\N	CWH	vm	1	\N	01	\N	\N	3	IDIR\\JDOE	2012-09-26 12:08:48	IDIR\\JDOE	2025-02-03 17:18:44
1796868	1739159	1795273	1480130	\N	CWH	mm	1	\N	05	\N	\N	1	IDIR\\JDOE	2012-09-26 12:09:10	IDIR\\JDOE	2012-09-26 12:09:10
2411568	1741496	2411888	1480130	\N	CWH	vm	1	\N	01	\N	\N	1	IDIR\\JDOE	2025-03-14 10:46:37	IDIR\\JDOE	2025-03-14 10:46:37
1796867	1741496	1795272	1480130	\N	CWH	vm	1	\N	01	\N	\N	3	IDIR\\JDOE	2012-09-26 12:08:48	IDIR\\JDOE	2025-02-03 17:18:44
1796868	1741496	1795273	1480130	\N	CWH	mm	1	\N	05	\N	\N	1	IDIR\\JDOE	2012-09-26 12:09:10	IDIR\\JDOE	2012-09-26 12:09:10
\.


--
-- Data for Name: stocking_event_history; Type: TABLE DATA; Schema: silva; Owner: postgres
--

COPY silva.stocking_event_history (stocking_event_history_id, opening_id, opening_amendment_id, opening_amendment_number, results_audit_action_code, submitted_userid, results_submission_id, amend_event_timestamp, entry_userid, entry_timestamp, revision_count) FROM stdin;
1297119	101017	101017	1	O	Results data conversion	\N	2008-03-11 14:31:00	Results data conversion	2008-03-11 14:31:00	1
1262610	1009974	\N	\N	O	Results data conversion	\N	2008-03-11 14:28:06	Results data conversion	2008-03-11 14:28:06	1
1538937	1524010	1524010	\N	MIN	IDIR\\JDOE	1207177	2013-03-27 12:36:22	IDIR\\JDOE	2013-03-27 12:36:22	1
1544559	1541296	1541296	\N	ES	BCEID\\OTWIST	1228545	2013-05-31 11:26:50	BCEID\\OTWIST	2013-05-31 11:26:50	1
1547412	1541296	1541296	\N	VAR	BCEID\\OTWIST	1246451	2013-08-27 08:40:19	BCEID\\OTWIST	2013-08-27 08:40:19	1
1665319	1725701	1725701	\N	ES	BCEID\\JTHOMPSON16	1914074	2019-11-06 16:41:23	BCEID\\JTHOMPSON16	2019-11-06 16:41:23	1
1209699	1092357	\N	\N	O	Results data conversion	\N	2008-03-11 14:20:44	Results data conversion	2008-03-11 14:20:44	1
1505893	1092357	1092357	1	SPA	IDIR\\KCSMITH	\N	2012-02-01 11:58:33	IDIR\\KCSMITH	2012-02-01 11:58:33	1
1414610	1092357	1092357	\N	VAR	IDIR\\SMSWITZE	\N	2008-05-22 15:55:12	IDIR\\SMSWITZE	2008-05-22 15:55:12	1
1739158	1480130	1480130	1	AMD	IDIR\\SKILLAM	\N	2025-02-03 16:56:50	IDIR\\SKILLAM	2025-02-03 16:56:50	1
1739159	1480130	1480130	2	AMD	IDIR\\SKILLAM	\N	2025-02-03 17:22:17	IDIR\\SKILLAM	2025-02-03 17:22:17	1
1741496	1480130	1480130	3	SPA	IDIR\\CAROWOOD	\N	2025-03-14 10:46:37	IDIR\\CAROWOOD	2025-03-14 10:46:37	1
1524245	1480130	1480130	\N	COR	IDIR\\SKILLAM	\N	2012-09-26 12:08:48	IDIR\\SKILLAM	2012-09-26 12:08:48	1
1740378	1777756	1777756	1	SPA	IDIR\\DDOUBINI	2413805	2025-02-27 16:35:55	IDIR\\DDOUBINI	2025-02-27 16:35:55	1
1719915	1777756	1777756	\N	ES	IDIR\\HFRASER	2267940	2023-06-20 16:33:25	IDIR\\HFRASER	2023-06-20 16:33:25	1
1704826	1761935	1761935	\N	ES	BCEID\\ANYA.DENNILL	2153182	2022-05-07 09:48:59	BCEID\\ANYA.DENNILL	2022-05-07 09:48:59	1
1271072	1589595	1589595	50	O	Results data conversion	\N	2008-03-11 14:28:51	Results data conversion	2008-03-11 14:28:51	1
1262899	1589595	1589595	20	O	Results data conversion	\N	2008-03-11 14:28:08	Results data conversion	2008-03-11 14:28:08	1
1262902	1589595	1589595	190	O	Results data conversion	\N	2008-03-11 14:28:08	Results data conversion	2008-03-11 14:28:08	1
1247747	1589595	1589595	100	O	Results data conversion	\N	2008-03-11 14:26:41	Results data conversion	2008-03-11 14:26:41	1
1251335	1589595	1589595	110	O	Results data conversion	\N	2008-03-11 14:27:03	Results data conversion	2008-03-11 14:27:03	1
1228133	1589595	1589595	70	O	Results data conversion	\N	2008-03-11 14:24:13	Results data conversion	2008-03-11 14:24:13	1
1228134	1589595	1589595	150	O	Results data conversion	\N	2008-03-11 14:24:13	Results data conversion	2008-03-11 14:24:13	1
1228135	1589595	1589595	180	O	Results data conversion	\N	2008-03-11 14:24:13	Results data conversion	2008-03-11 14:24:13	1
1228136	1589595	1589595	200	O	Results data conversion	\N	2008-03-11 14:24:13	Results data conversion	2008-03-11 14:24:13	1
1556490	1589595	1589595	211	SPA	BCEID\\JPRESTMODA	1293417	2014-02-26 10:46:08	BCEID\\JPRESTMODA	2014-02-26 10:46:08	1
1481874	1589595	1589595	50	VAR	IDIR\\JCBALLAR	874607	2011-01-18 16:34:20	IDIR\\JCBALLAR	2011-01-18 16:34:20	1
1481875	1589595	1589595	40	VAR	IDIR\\JCBALLAR	874607	2011-01-18 16:34:21	IDIR\\JCBALLAR	2011-01-18 16:34:21	1
1481876	1589595	1589595	30	VAR	IDIR\\JCBALLAR	874607	2011-01-18 16:34:22	IDIR\\JCBALLAR	2011-01-18 16:34:22	1
1481877	1589595	1589595	20	VAR	IDIR\\JCBALLAR	874607	2011-01-18 16:34:22	IDIR\\JCBALLAR	2011-01-18 16:34:22	1
1481878	1589595	1589595	110	VAR	IDIR\\JCBALLAR	874607	2011-01-18 16:34:23	IDIR\\JCBALLAR	2011-01-18 16:34:23	1
1481879	1589595	1589595	100	VAR	IDIR\\JCBALLAR	874607	2011-01-18 16:34:23	IDIR\\JCBALLAR	2011-01-18 16:34:23	1
1481883	1589595	1589595	1	VAR	IDIR\\JCBALLAR	874607	2011-01-18 16:34:25	IDIR\\JCBALLAR	2011-01-18 16:34:25	1
1481884	1589595	1589595	60	VAR	IDIR\\JCBALLAR	874607	2011-01-18 16:34:26	IDIR\\JCBALLAR	2011-01-18 16:34:26	1
1481885	1589595	1589595	70	VAR	IDIR\\JCBALLAR	874607	2011-01-18 16:34:26	IDIR\\JCBALLAR	2011-01-18 16:34:26	1
1481886	1589595	1589595	80	VAR	IDIR\\JCBALLAR	874607	2011-01-18 16:34:27	IDIR\\JCBALLAR	2011-01-18 16:34:27	1
1481887	1589595	1589595	90	VAR	IDIR\\JCBALLAR	874607	2011-01-18 16:34:27	IDIR\\JCBALLAR	2011-01-18 16:34:27	1
1483064	1589595	1589595	170	VAR	IDIR\\JCBALLAR	878220	2011-01-26 16:36:55	IDIR\\JCBALLAR	2011-01-26 16:36:55	1
1483065	1589595	1589595	180	VAR	IDIR\\JCBALLAR	878220	2011-01-26 16:36:56	IDIR\\JCBALLAR	2011-01-26 16:36:56	1
1483066	1589595	1589595	190	VAR	IDIR\\JCBALLAR	878220	2011-01-26 16:36:58	IDIR\\JCBALLAR	2011-01-26 16:36:58	1
1483069	1589595	1589595	200	VAR	IDIR\\JCBALLAR	878220	2011-01-26 16:37:02	IDIR\\JCBALLAR	2011-01-26 16:37:02	1
1483563	1589595	1589595	140	VAR	IDIR\\JCBALLAR	879451	2011-01-31 10:53:08	IDIR\\JCBALLAR	2011-01-31 10:53:08	1
1483564	1589595	1589595	150	VAR	IDIR\\JCBALLAR	879451	2011-01-31 10:53:09	IDIR\\JCBALLAR	2011-01-31 10:53:09	1
1483565	1589595	1589595	160	VAR	IDIR\\JCBALLAR	879451	2011-01-31 10:53:10	IDIR\\JCBALLAR	2011-01-31 10:53:10	1
1451077	1589595	1589595	200	VAR	IDIR\\KJZELENY	669334	2009-07-16 17:07:12	IDIR\\KJZELENY	2009-07-16 17:07:12	1
1451078	1589595	1589595	190	VAR	IDIR\\KJZELENY	669334	2009-07-16 17:07:14	IDIR\\KJZELENY	2009-07-16 17:07:14	1
1451079	1589595	1589595	170	VAR	IDIR\\KJZELENY	669334	2009-07-16 17:07:15	IDIR\\KJZELENY	2009-07-16 17:07:15	1
1451080	1589595	1589595	150	VAR	IDIR\\KJZELENY	669334	2009-07-16 17:07:17	IDIR\\KJZELENY	2009-07-16 17:07:17	1
1451081	1589595	1589595	140	VAR	IDIR\\KJZELENY	669334	2009-07-16 17:07:18	IDIR\\KJZELENY	2009-07-16 17:07:18	1
1451082	1589595	1589595	160	VAR	IDIR\\KJZELENY	669334	2009-07-16 17:07:19	IDIR\\KJZELENY	2009-07-16 17:07:19	1
1451083	1589595	1589595	210	MIN	IDIR\\KJZELENY	669352	2009-07-16 17:44:43	IDIR\\KJZELENY	2009-07-16 17:44:43	1
1452442	1589595	1589595	130	VAR	IDIR\\JCBALLAR	689218	2009-08-24 16:30:37	IDIR\\JCBALLAR	2009-08-24 16:30:37	1
1452451	1589595	1589595	120	VAR	IDIR\\JCBALLAR	689221	2009-08-24 16:34:44	IDIR\\JCBALLAR	2009-08-24 16:34:44	1
1441486	1589595	1589595	60	VAR	IDIR\\KJZELENY	568258	2009-03-25 14:19:15	IDIR\\KJZELENY	2009-03-25 14:19:15	1
1441487	1589595	1589595	70	VAR	IDIR\\KJZELENY	568258	2009-03-25 14:19:16	IDIR\\KJZELENY	2009-03-25 14:19:16	1
1441488	1589595	1589595	80	VAR	IDIR\\KJZELENY	568258	2009-03-25 14:19:16	IDIR\\KJZELENY	2009-03-25 14:19:16	1
1441489	1589595	1589595	100	VAR	IDIR\\KJZELENY	568258	2009-03-25 14:19:17	IDIR\\KJZELENY	2009-03-25 14:19:17	1
1441490	1589595	1589595	110	VAR	IDIR\\KJZELENY	568258	2009-03-25 14:19:17	IDIR\\KJZELENY	2009-03-25 14:19:17	1
1441492	1589595	1589595	20	VAR	IDIR\\KJZELENY	568258	2009-03-25 14:19:19	IDIR\\KJZELENY	2009-03-25 14:19:19	1
1441493	1589595	1589595	30	VAR	IDIR\\KJZELENY	568258	2009-03-25 14:19:19	IDIR\\KJZELENY	2009-03-25 14:19:19	1
1441494	1589595	1589595	40	VAR	IDIR\\KJZELENY	568258	2009-03-25 14:19:20	IDIR\\KJZELENY	2009-03-25 14:19:20	1
1441495	1589595	1589595	50	VAR	IDIR\\KJZELENY	568258	2009-03-25 14:19:21	IDIR\\KJZELENY	2009-03-25 14:19:21	1
1441522	1589595	1589595	1	VAR	IDIR\\KJZELENY	568258	2009-03-25 14:19:45	IDIR\\KJZELENY	2009-03-25 14:19:45	1
1448786	1589595	1589595	120	VAR	IDIR\\KJZELENY	605872	2009-05-28 15:42:51	IDIR\\KJZELENY	2009-05-28 15:42:51	1
1448787	1589595	1589595	130	VAR	IDIR\\KJZELENY	605872	2009-05-28 15:42:51	IDIR\\KJZELENY	2009-05-28 15:42:51	1
1448796	1589595	1589595	90	VAR	IDIR\\KJZELENY	605903	2009-05-28 16:35:41	IDIR\\KJZELENY	2009-05-28 16:35:41	1
1448806	1589595	1589595	1	VAR	IDIR\\KJZELENY	605903	2009-05-28 16:35:51	IDIR\\KJZELENY	2009-05-28 16:35:51	1
1448807	1589595	1589595	60	VAR	IDIR\\KJZELENY	605903	2009-05-28 16:35:51	IDIR\\KJZELENY	2009-05-28 16:35:51	1
1448808	1589595	1589595	70	VAR	IDIR\\KJZELENY	605903	2009-05-28 16:35:52	IDIR\\KJZELENY	2009-05-28 16:35:52	1
1448809	1589595	1589595	80	VAR	IDIR\\KJZELENY	605903	2009-05-28 16:35:53	IDIR\\KJZELENY	2009-05-28 16:35:53	1
1448810	1589595	1589595	100	VAR	IDIR\\KJZELENY	605903	2009-05-28 16:35:53	IDIR\\KJZELENY	2009-05-28 16:35:53	1
1448811	1589595	1589595	110	VAR	IDIR\\KJZELENY	605903	2009-05-28 16:35:54	IDIR\\KJZELENY	2009-05-28 16:35:54	1
1448813	1589595	1589595	20	VAR	IDIR\\KJZELENY	605903	2009-05-28 16:35:56	IDIR\\KJZELENY	2009-05-28 16:35:56	1
1448814	1589595	1589595	30	VAR	IDIR\\KJZELENY	605903	2009-05-28 16:35:56	IDIR\\KJZELENY	2009-05-28 16:35:56	1
1448815	1589595	1589595	40	VAR	IDIR\\KJZELENY	605903	2009-05-28 16:35:57	IDIR\\KJZELENY	2009-05-28 16:35:57	1
1448816	1589595	1589595	50	VAR	IDIR\\KJZELENY	605903	2009-05-28 16:35:58	IDIR\\KJZELENY	2009-05-28 16:35:58	1
1403815	1589595	1589595	30	O	Results data conversion	\N	2008-03-11 14:37:49	Results data conversion	2008-03-11 14:37:49	1
1380698	1589595	1589595	130	O	Results data conversion	\N	2008-03-11 14:36:24	Results data conversion	2008-03-11 14:36:24	1
1365813	1589595	1589595	160	O	Results data conversion	\N	2008-03-11 14:35:17	Results data conversion	2008-03-11 14:35:17	1
1369215	1589595	1589595	60	O	Results data conversion	\N	2008-03-11 14:35:32	Results data conversion	2008-03-11 14:35:32	1
1346119	1589595	1589595	140	O	Results data conversion	\N	2008-03-11 14:33:54	Results data conversion	2008-03-11 14:33:54	1
1330994	1589595	1589595	90	O	Results data conversion	\N	2008-03-11 14:32:56	Results data conversion	2008-03-11 14:32:56	1
1330995	1589595	1589595	120	O	Results data conversion	\N	2008-03-11 14:32:56	Results data conversion	2008-03-11 14:32:56	1
1330997	1589595	1589595	210	O	Results data conversion	\N	2008-03-11 14:32:56	Results data conversion	2008-03-11 14:32:56	1
1319375	1589595	1589595	40	O	Results data conversion	\N	2008-03-11 14:32:05	Results data conversion	2008-03-11 14:32:05	1
1319379	1589595	1589595	80	O	Results data conversion	\N	2008-03-11 14:32:05	Results data conversion	2008-03-11 14:32:05	1
1322825	1589595	1589595	170	O	Results data conversion	\N	2008-03-11 14:32:20	Results data conversion	2008-03-11 14:32:20	1
1297679	1589595	1589595	1	O	Results data conversion	\N	2008-03-11 14:31:04	Results data conversion	2008-03-11 14:31:04	1
1344961	60000	60000	2	O	Results data conversion	\N	2008-03-11 14:33:51	Results data conversion	2008-03-11 14:33:51	1
1742359	1796497	1796497	\N	COR	IDIR\\JZAHND	2423178	2025-03-26 13:55:49	IDIR\\JZAHND	2025-03-26 13:55:49	1
686257	1020124	1020124	\N	ES	IDIR\\MTSOI	57129	2016-03-29 10:22:41	IDIR\\MTSOI	2016-03-29 10:22:41	1
1368807	1004185	1004185	3	O	Results data conversion	\N	2008-03-11 14:35:29	Results data conversion	2008-03-11 14:35:29	1
1264421	17247	\N	\N	O	Results data conversion	\N	2008-03-11 14:28:15	Results data conversion	2008-03-11 14:28:15	1
\.


--
-- Data for Name: stocking_layer; Type: TABLE DATA; Schema: silva; Owner: postgres
--

COPY silva.stocking_layer (stocking_layer_id, stocking_standard_unit_id, opening_id, stocking_layer_code, target_stocking, residual_basal_area, min_horizontal_distance, min_pref_stocking_standard, min_post_spacing, min_stocking_standard, max_post_spacing, max_conifer, hght_relative_to_comp, tree_size_unit_code, entry_userid, entry_timestamp, update_userid, update_timestamp, revision_count) FROM stdin;
267809	194833	101017	I	800	\N	2.0	400	\N	500	\N	10000	150	%	RESULTS_CONV	2003-11-16 08:43:46	RESULTS_CONV	2003-11-16 08:43:46	1
267813	194837	101017	I	\N	\N	2.0	\N	\N	\N	\N	0	\N	\N	RESULTS_CONV	2003-11-16 08:43:46	RESULTS_CONV	2003-11-16 08:43:46	1
1012145	1013720	1009974	I	900	\N	2.0	400	800	500	2000	10000	150	%	BCEID\\ASKYWALKER	2005-05-02 15:56:26	BCEID\\ASKYWALKER	2005-05-02 16:53:58	2
1839703	1894782	1541296	I	1200	\N	2.0	600	\N	700	\N	10000	150	%	BCEID\\OTWIST	2013-08-27 08:40:19	BCEID\\OTWIST	2013-08-27 08:40:19	1
2078466	2246575	1725701	I	1200	\N	2.0	600	\N	700	\N	\N	150	%	BCEID\\JTHOMPSON16	2019-11-06 16:41:23	BCEID\\JTHOMPSON16	2019-11-06 16:41:23	1
2078467	2246574	1725701	I	1200	\N	2.0	600	\N	700	\N	\N	150	%	BCEID\\JTHOMPSON16	2019-11-06 16:41:23	BCEID\\JTHOMPSON16	2019-11-06 16:41:23	1
2078468	2246576	1725701	I	1200	\N	2.0	600	\N	700	\N	\N	150	%	BCEID\\JTHOMPSON16	2019-11-06 16:41:23	BCEID\\JTHOMPSON16	2019-11-06 16:41:23	1
1092938	1153275	1092357	I	\N	\N	\N	\N	\N	\N	\N	\N	\N	\N	IDIR\\KADUFFY	2006-12-22 10:11:09	IDIR\\KCSMITH	2012-02-01 13:04:55	3
1092939	1153274	1092357	I	\N	\N	\N	\N	\N	\N	\N	\N	\N	\N	IDIR\\KADUFFY	2006-12-22 10:11:09	IDIR\\KCSMITH	2012-02-01 11:58:59	3
2185039	1795272	1480130	I	900	\N	2.0	400	800	500	1200	10000	150	%	IDIR\\CAROWOOD	2025-02-03 17:18:00	IDIR\\CAROWOOD	2025-02-03 17:18:00	1
1739328	1795273	1480130	I	\N	\N	\N	\N	\N	\N	\N	\N	\N	\N	IDIR\\SKILLAM	2012-09-26 12:09:10	IDIR\\SKILLAM	2012-09-26 12:09:10	1
2187601	2411888	1480130	I	900	\N	1.5	600	\N	\N	\N	\N	180	CM	IDIR\\CAROWOOD	2025-03-14 10:46:37	IDIR\\CAROWOOD	2025-03-14 10:46:37	1
2157570	2367701	1777756	I	900	\N	2.0	400	\N	500	\N	\N	150	%	IDIR\\HFRASER	2023-06-20 16:33:25	IDIR\\DDOUBINI	2025-02-27 16:35:55	2
2133350	2333293	1761935	I	900	\N	2.0	400	\N	500	\N	\N	\N	\N	BCEID\\ANYA.DENNILL	2022-05-07 09:48:59	BCEID\\ANYA.DENNILL	2022-05-07 09:48:59	1
2133351	2333294	1761935	I	800	\N	2.0	400	\N	400	\N	\N	\N	\N	BCEID\\ANYA.DENNILL	2022-05-07 09:48:59	BCEID\\ANYA.DENNILL	2022-05-07 09:48:59	1
2133352	2333295	1761935	I	900	\N	2.0	400	\N	500	\N	\N	\N	\N	BCEID\\ANYA.DENNILL	2022-05-07 09:48:59	BCEID\\ANYA.DENNILL	2022-05-07 09:48:59	1
1888509	1120544	1589595	I	1200	\N	1.5	600	\N	700	\N	10000	150	%	BCEID\\JPRESTMODA	2014-02-26 10:46:07	BCEID\\JPRESTMODA	2014-02-26 10:46:07	1
1086386	101419	60000	I	1200	\N	2.0	600	\N	700	\N	\N	150	%	BCEID\\DSCOTT	2006-11-27 13:51:55	BCEID\\DSCOTT	2006-11-27 13:51:55	1
1086388	101420	60000	I	1200	\N	2.0	600	\N	700	\N	\N	150	%	BCEID\\DSCOTT	2006-11-27 13:53:17	BCEID\\DSCOTT	2006-11-27 13:53:17	1
1086389	101421	60000	I	1200	\N	2.0	600	\N	700	\N	\N	150	%	BCEID\\DSCOTT	2006-11-27 13:54:30	BCEID\\DSCOTT	2006-11-27 13:54:30	1
1086390	101422	60000	I	400	\N	1.0	200	\N	200	\N	\N	150	%	BCEID\\DSCOTT	2006-11-27 13:55:45	BCEID\\DSCOTT	2006-11-27 13:55:45	1
2188683	2413381	1796497	I	1000	\N	2.0	400	\N	500	\N	\N	125	%	IDIR\\JZAHND	2025-03-26 13:55:49	IDIR\\JZAHND	2025-03-26 13:55:49	1
2014801	1036408	1020124	1	\N	\N	\N	\N	\N	\N	\N	\N	\N	\N	IDIR\\MTSOI	2016-03-29 10:22:41	IDIR\\MTSOI	2016-03-29 10:22:41	1
2014800	1036408	1020124	4	1200	45	2.0	150	4890	1500	9900	5120	150	%	IDIR\\MTSOI	2016-03-29 10:22:41	IDIR\\MTSOI	2016-03-29 10:22:41	1
2014802	1036408	1020124	2	\N	\N	\N	\N	\N	\N	\N	\N	\N	\N	IDIR\\MTSOI	2016-03-29 10:22:41	IDIR\\MTSOI	2016-03-29 10:22:41	1
2014803	1036408	1020124	3	\N	\N	\N	\N	\N	\N	\N	\N	\N	\N	IDIR\\MTSOI	2016-03-29 10:22:41	IDIR\\MTSOI	2016-03-29 10:22:41	1
2014804	1036409	1020124	I	1303	153	2.3	803	903	703	1303	15000	153	%	IDIR\\MTSOI	2016-03-29 10:22:41	IDIR\\MTSOI	2016-03-29 10:22:41	1
1028203	1006417	1004185	4	800	\N	2.0	400	\N	500	\N	\N	150	%	IDIR\\EHPARSON	2005-06-27 09:48:44	IDIR\\EHPARSON	2005-06-27 10:18:12	2
1028207	1006416	1004185	4	800	\N	1.0	400	\N	400	\N	\N	150	%	IDIR\\EHPARSON	2005-06-27 10:27:23	IDIR\\EHPARSON	2005-06-27 10:36:18	2
174329	105766	17247	I	1400	\N	1.7	\N	\N	800	\N	6000	120	%	RESULTS_CONV	2003-11-16 08:36:02	RESULTS_CONV	2003-11-16 08:36:02	1
\.


--
-- Data for Name: stocking_layer_archive; Type: TABLE DATA; Schema: silva; Owner: postgres
--

COPY silva.stocking_layer_archive (stocking_layer_id, stocking_event_history_id, stocking_standard_unit_id, opening_id, stocking_layer_code, min_horizontal_distance, min_pref_stocking_standard, min_stocking_standard, min_post_spacing, residual_basal_area, target_stocking, hght_relative_to_comp, tree_size_unit_code, max_conifer, max_post_spacing, entry_userid, entry_timestamp, update_userid, update_timestamp, revision_count) FROM stdin;
267809	1297119	194833	101017	I	2.0	400	500	\N	\N	800	150	%	10000	\N	RESULTS_CONV	2003-11-16 08:43:46	RESULTS_CONV	2003-11-16 08:43:46	1
267813	1297119	194837	101017	I	2.0	\N	\N	\N	\N	\N	\N	\N	0	\N	RESULTS_CONV	2003-11-16 08:43:46	RESULTS_CONV	2003-11-16 08:43:46	1
1012145	1262610	1013720	1009974	I	2.0	400	500	800	\N	900	150	%	10000	2000	BCEID\\ASKYWALKER	2005-05-02 15:56:26	BCEID\\ASKYWALKER	2005-05-02 16:53:58	2
1739327	1524245	1795272	1480130	I	\N	\N	\N	\N	\N	\N	\N	\N	\N	\N	IDIR\\JDOE	2012-09-26 12:08:48	IDIR\\JDOE	2012-09-26 12:08:48	1
1739328	1524245	1795273	1480130	I	\N	\N	\N	\N	\N	\N	\N	\N	\N	\N	IDIR\\JDOE	2012-09-26 12:09:10	IDIR\\JDOE	2012-09-26 12:09:10	1
1739327	1739158	1795272	1480130	I	\N	\N	\N	\N	\N	\N	\N	\N	\N	\N	IDIR\\JDOE	2012-09-26 12:08:48	IDIR\\JDOE	2012-09-26 12:08:48	1
1739328	1739158	1795273	1480130	I	\N	\N	\N	\N	\N	\N	\N	\N	\N	\N	IDIR\\JDOE	2012-09-26 12:09:10	IDIR\\JDOE	2012-09-26 12:09:10	1
2185039	1739159	1795272	1480130	I	2.0	400	500	800	\N	900	150	%	10000	1200	IDIR\\JDOE	2025-02-03 17:18:00	IDIR\\JDOE	2025-02-03 17:18:00	1
1739328	1739159	1795273	1480130	I	\N	\N	\N	\N	\N	\N	\N	\N	\N	\N	IDIR\\JDOE	2012-09-26 12:09:10	IDIR\\JDOE	2012-09-26 12:09:10	1
2187601	1741496	2411888	1480130	I	1.5	600	\N	\N	\N	900	180	CM	\N	\N	IDIR\\JDOE	2025-03-14 10:46:37	IDIR\\JDOE	2025-03-14 10:46:37	1
2185039	1741496	1795272	1480130	I	2.0	400	500	800	\N	900	150	%	10000	1200	IDIR\\JDOE	2025-02-03 17:18:00	IDIR\\JDOE	2025-02-03 17:18:00	1
1739328	1741496	1795273	1480130	I	\N	\N	\N	\N	\N	\N	\N	\N	\N	\N	IDIR\\JDOE	2012-09-26 12:09:10	IDIR\\JDOE	2012-09-26 12:09:10	1
\.


--
-- Data for Name: stocking_layer_code; Type: TABLE DATA; Schema: silva; Owner: postgres
--

COPY silva.stocking_layer_code (stocking_layer_code, description, effective_date, expiry_date, update_timestamp) FROM stdin;
1	Mature	1905-01-01 00:00:00	9999-12-31 00:00:00	2003-11-15 19:24:01
2	Pole	1905-01-01 00:00:00	9999-12-31 00:00:00	2003-11-15 19:24:01
3	Sapling	1905-01-01 00:00:00	9999-12-31 00:00:00	2003-11-15 19:24:01
4	Regen	1905-01-01 00:00:00	9999-12-31 00:00:00	2003-11-15 19:24:01
I	Inventory Layer	2003-05-30 00:00:00	9999-12-31 00:00:00	2003-11-15 19:24:01
\.


--
-- Data for Name: stocking_layer_species; Type: TABLE DATA; Schema: silva; Owner: postgres
--

COPY silva.stocking_layer_species (stocking_layer_id, silv_tree_species_code, species_order, preferred_ind, min_height, entry_userid, entry_timestamp, update_userid, update_timestamp, revision_count) FROM stdin;
267809	CW	3	Y	\N	RESULTS_CONV	2003-11-16 08:43:46	RESULTS_CONV	2003-11-16 08:43:46	1
267809	FDC	1	Y	\N	RESULTS_CONV	2003-11-16 08:43:46	RESULTS_CONV	2003-11-16 08:43:46	1
267809	HW	2	Y	\N	RESULTS_CONV	2003-11-16 08:43:46	RESULTS_CONV	2003-11-16 08:43:46	1
267809	PW	1	N	\N	RESULTS_CONV	2003-11-16 08:43:46	RESULTS_CONV	2003-11-16 08:43:46	1
1012145	BA	4	N	1.8	BCEID\\ASKYWALKER	2005-05-02 15:56:26	BCEID\\ASKYWALKER	2005-05-02 15:56:26	1
1012145	CW	1	Y	1.5	BCEID\\ASKYWALKER	2005-05-02 15:56:26	BCEID\\ASKYWALKER	2005-05-02 15:56:26	1
1012145	FDC	3	Y	3.0	BCEID\\ASKYWALKER	2005-05-02 15:56:26	BCEID\\ASKYWALKER	2005-05-02 15:56:26	1
1012145	HW	2	Y	3.0	BCEID\\ASKYWALKER	2005-05-02 15:56:26	BCEID\\ASKYWALKER	2005-05-02 15:56:26	1
1839703	BL	1	N	0.8	BCEID\\OTWIST	2013-08-27 08:40:19	BCEID\\OTWIST	2013-08-27 08:40:19	1
1839703	PLI	1	Y	1.6	BCEID\\OTWIST	2013-08-27 08:40:19	BCEID\\OTWIST	2013-08-27 08:40:19	1
1839703	SX	2	Y	0.8	BCEID\\OTWIST	2013-08-27 08:40:19	BCEID\\OTWIST	2013-08-27 08:40:19	1
2078466	BG	1	N	1.0	BCEID\\JTHOMPSON16	2019-11-06 16:41:23	BCEID\\JTHOMPSON16	2019-11-06 16:41:23	1
2078466	BL	2	N	1.0	BCEID\\JTHOMPSON16	2019-11-06 16:41:23	BCEID\\JTHOMPSON16	2019-11-06 16:41:23	1
2078466	CW	3	N	1.0	BCEID\\JTHOMPSON16	2019-11-06 16:41:23	BCEID\\JTHOMPSON16	2019-11-06 16:41:23	1
2078466	FDI	1	Y	1.4	BCEID\\JTHOMPSON16	2019-11-06 16:41:23	BCEID\\JTHOMPSON16	2019-11-06 16:41:23	1
2078466	HW	4	N	1.0	BCEID\\JTHOMPSON16	2019-11-06 16:41:23	BCEID\\JTHOMPSON16	2019-11-06 16:41:23	1
2078466	LW	2	Y	2.0	BCEID\\JTHOMPSON16	2019-11-06 16:41:23	BCEID\\JTHOMPSON16	2019-11-06 16:41:23	1
2078466	PLI	5	N	2.0	BCEID\\JTHOMPSON16	2019-11-06 16:41:23	BCEID\\JTHOMPSON16	2019-11-06 16:41:23	1
2078466	PW	3	Y	2.0	BCEID\\JTHOMPSON16	2019-11-06 16:41:23	BCEID\\JTHOMPSON16	2019-11-06 16:41:23	1
2078466	PY	4	Y	1.0	BCEID\\JTHOMPSON16	2019-11-06 16:41:23	BCEID\\JTHOMPSON16	2019-11-06 16:41:23	1
2078466	SX	6	N	1.0	BCEID\\JTHOMPSON16	2019-11-06 16:41:23	BCEID\\JTHOMPSON16	2019-11-06 16:41:23	1
2078467	BG	1	N	1.0	BCEID\\JTHOMPSON16	2019-11-06 16:41:23	BCEID\\JTHOMPSON16	2019-11-06 16:41:23	1
2078467	BL	2	N	1.0	BCEID\\JTHOMPSON16	2019-11-06 16:41:23	BCEID\\JTHOMPSON16	2019-11-06 16:41:23	1
2078467	CW	3	N	1.0	BCEID\\JTHOMPSON16	2019-11-06 16:41:23	BCEID\\JTHOMPSON16	2019-11-06 16:41:23	1
2078467	FDI	1	Y	1.4	BCEID\\JTHOMPSON16	2019-11-06 16:41:23	BCEID\\JTHOMPSON16	2019-11-06 16:41:23	1
2078467	HW	4	N	1.0	BCEID\\JTHOMPSON16	2019-11-06 16:41:23	BCEID\\JTHOMPSON16	2019-11-06 16:41:23	1
2078467	LW	2	Y	2.0	BCEID\\JTHOMPSON16	2019-11-06 16:41:23	BCEID\\JTHOMPSON16	2019-11-06 16:41:23	1
2078467	PLI	5	N	2.0	BCEID\\JTHOMPSON16	2019-11-06 16:41:23	BCEID\\JTHOMPSON16	2019-11-06 16:41:23	1
2078467	PW	3	Y	2.0	BCEID\\JTHOMPSON16	2019-11-06 16:41:23	BCEID\\JTHOMPSON16	2019-11-06 16:41:23	1
2078467	PY	4	Y	1.0	BCEID\\JTHOMPSON16	2019-11-06 16:41:23	BCEID\\JTHOMPSON16	2019-11-06 16:41:23	1
2078467	SX	6	N	1.0	BCEID\\JTHOMPSON16	2019-11-06 16:41:23	BCEID\\JTHOMPSON16	2019-11-06 16:41:23	1
2078468	BG	1	N	1.0	BCEID\\JTHOMPSON16	2019-11-06 16:41:23	BCEID\\JTHOMPSON16	2019-11-06 16:41:23	1
2078468	BL	2	N	1.0	BCEID\\JTHOMPSON16	2019-11-06 16:41:23	BCEID\\JTHOMPSON16	2019-11-06 16:41:23	1
2078468	CW	3	N	1.0	BCEID\\JTHOMPSON16	2019-11-06 16:41:23	BCEID\\JTHOMPSON16	2019-11-06 16:41:23	1
2078468	FDI	1	Y	1.4	BCEID\\JTHOMPSON16	2019-11-06 16:41:23	BCEID\\JTHOMPSON16	2019-11-06 16:41:23	1
2078468	HW	4	N	1.0	BCEID\\JTHOMPSON16	2019-11-06 16:41:23	BCEID\\JTHOMPSON16	2019-11-06 16:41:23	1
2078468	LW	2	Y	2.0	BCEID\\JTHOMPSON16	2019-11-06 16:41:23	BCEID\\JTHOMPSON16	2019-11-06 16:41:23	1
2078468	PLI	5	N	2.0	BCEID\\JTHOMPSON16	2019-11-06 16:41:23	BCEID\\JTHOMPSON16	2019-11-06 16:41:23	1
2078468	PW	3	Y	2.0	BCEID\\JTHOMPSON16	2019-11-06 16:41:23	BCEID\\JTHOMPSON16	2019-11-06 16:41:23	1
2078468	PY	4	Y	1.0	BCEID\\JTHOMPSON16	2019-11-06 16:41:23	BCEID\\JTHOMPSON16	2019-11-06 16:41:23	1
2078468	SX	6	N	1.0	BCEID\\JTHOMPSON16	2019-11-06 16:41:23	BCEID\\JTHOMPSON16	2019-11-06 16:41:23	1
2185039	CW	1	Y	1.5	IDIR\\CAROWOOD	2025-02-03 17:18:00	IDIR\\CAROWOOD	2025-02-03 17:18:00	1
2185039	HW	1	N	2.0	IDIR\\CAROWOOD	2025-02-03 17:18:00	IDIR\\CAROWOOD	2025-02-03 17:18:00	1
2185039	YC	2	Y	1.5	IDIR\\CAROWOOD	2025-02-03 17:18:00	IDIR\\CAROWOOD	2025-02-03 17:18:00	1
2187601	CW	1	Y	1.5	IDIR\\CAROWOOD	2025-03-14 10:46:37	IDIR\\CAROWOOD	2025-03-14 10:46:37	1
2187601	FDC	2	Y	1.8	IDIR\\CAROWOOD	2025-03-14 10:46:37	IDIR\\CAROWOOD	2025-03-14 10:46:37	1
2157570	CW	1	Y	2.0	IDIR\\HFRASER	2023-06-20 16:33:25	IDIR\\DDOUBINI	2025-02-27 16:35:55	2
2157570	FDC	2	Y	4.0	IDIR\\HFRASER	2023-06-20 16:33:25	IDIR\\DDOUBINI	2025-02-27 16:35:55	2
2157570	PW	1	N	2.5	IDIR\\HFRASER	2023-06-20 16:33:25	IDIR\\DDOUBINI	2025-02-27 16:35:55	2
2133350	CW	1	Y	1.5	BCEID\\ANYA.DENNILL	2022-05-07 09:48:59	BCEID\\ANYA.DENNILL	2022-05-07 09:48:59	1
2133350	FDC	2	Y	3.0	BCEID\\ANYA.DENNILL	2022-05-07 09:48:59	BCEID\\ANYA.DENNILL	2022-05-07 09:48:59	1
2133350	HW	3	Y	3.0	BCEID\\ANYA.DENNILL	2022-05-07 09:48:59	BCEID\\ANYA.DENNILL	2022-05-07 09:48:59	1
2133350	PW	1	N	2.5	BCEID\\ANYA.DENNILL	2022-05-07 09:48:59	BCEID\\ANYA.DENNILL	2022-05-07 09:48:59	1
2133351	CW	1	N	1.0	BCEID\\ANYA.DENNILL	2022-05-07 09:48:59	BCEID\\ANYA.DENNILL	2022-05-07 09:48:59	1
2133351	FDC	1	Y	2.0	BCEID\\ANYA.DENNILL	2022-05-07 09:48:59	BCEID\\ANYA.DENNILL	2022-05-07 09:48:59	1
2133351	HW	2	Y	2.0	BCEID\\ANYA.DENNILL	2022-05-07 09:48:59	BCEID\\ANYA.DENNILL	2022-05-07 09:48:59	1
2133351	PW	2	N	2.0	BCEID\\ANYA.DENNILL	2022-05-07 09:48:59	BCEID\\ANYA.DENNILL	2022-05-07 09:48:59	1
2133352	CW	1	Y	1.5	BCEID\\ANYA.DENNILL	2022-05-07 09:48:59	BCEID\\ANYA.DENNILL	2022-05-07 09:48:59	1
2133352	FDC	1	N	3.0	BCEID\\ANYA.DENNILL	2022-05-07 09:48:59	BCEID\\ANYA.DENNILL	2022-05-07 09:48:59	1
2133352	HW	2	Y	3.0	BCEID\\ANYA.DENNILL	2022-05-07 09:48:59	BCEID\\ANYA.DENNILL	2022-05-07 09:48:59	1
1888509	FDI	1	N	1.0	BCEID\\JPRESTMODA	2014-02-26 10:46:07	BCEID\\JPRESTMODA	2014-02-26 10:46:07	1
1888509	PLI	1	Y	2.0	BCEID\\JPRESTMODA	2014-02-26 10:46:07	BCEID\\JPRESTMODA	2014-02-26 10:46:07	1
1888509	SX	2	Y	1.0	BCEID\\JPRESTMODA	2014-02-26 10:46:07	BCEID\\JPRESTMODA	2014-02-26 10:46:07	1
1086386	PLI	1	Y	2.0	BCEID\\DSCOTT	2006-11-27 13:52:23	BCEID\\DSCOTT	2006-11-27 13:52:23	1
1086386	SW	2	Y	1.0	BCEID\\DSCOTT	2006-11-27 13:52:35	BCEID\\DSCOTT	2006-11-27 13:52:35	1
1086388	PLI	1	Y	2.0	BCEID\\DSCOTT	2006-11-27 13:53:31	BCEID\\DSCOTT	2006-11-27 13:53:31	1
1086388	SW	2	Y	1.0	BCEID\\DSCOTT	2006-11-27 13:53:47	BCEID\\DSCOTT	2006-11-27 13:53:47	1
1086389	PLI	2	Y	2.0	BCEID\\DSCOTT	2006-11-27 13:55:18	BCEID\\DSCOTT	2006-11-27 13:55:18	1
1086389	SW	1	Y	1.0	BCEID\\DSCOTT	2006-11-27 13:55:01	BCEID\\DSCOTT	2006-11-27 13:55:01	1
1086390	PLI	2	Y	1.4	BCEID\\DSCOTT	2006-11-27 13:56:13	BCEID\\DSCOTT	2006-11-27 13:56:13	1
1086390	SW	1	Y	0.8	BCEID\\DSCOTT	2006-11-27 13:55:58	BCEID\\DSCOTT	2006-11-27 13:55:58	1
2188683	FDI	1	Y	0.8	IDIR\\JZAHND	2025-03-26 13:55:49	IDIR\\JZAHND	2025-03-26 13:55:49	1
2188683	LW	1	N	1.0	IDIR\\JZAHND	2025-03-26 13:55:49	IDIR\\JZAHND	2025-03-26 13:55:49	1
2188683	PLI	2	Y	1.0	IDIR\\JZAHND	2025-03-26 13:55:49	IDIR\\JZAHND	2025-03-26 13:55:49	1
2188683	PY	2	N	0.6	IDIR\\JZAHND	2025-03-26 13:55:49	IDIR\\JZAHND	2025-03-26 13:55:49	1
2188683	SX	3	N	0.6	IDIR\\JZAHND	2025-03-26 13:55:49	IDIR\\JZAHND	2025-03-26 13:55:49	1
2014800	HM	1	N	4.0	IDIR\\MTSOI	2016-03-29 10:22:41	IDIR\\MTSOI	2016-03-29 10:22:41	1
2014800	LW	1	Y	2.0	IDIR\\MTSOI	2016-03-29 10:22:41	IDIR\\MTSOI	2016-03-29 10:22:41	1
2014800	M	2	Y	3.0	IDIR\\MTSOI	2016-03-29 10:22:41	IDIR\\MTSOI	2016-03-29 10:22:41	1
2014800	OC	2	N	3.0	IDIR\\MTSOI	2016-03-29 10:22:41	IDIR\\MTSOI	2016-03-29 10:22:41	1
2014804	OC	1	Y	2.5	IDIR\\MTSOI	2016-03-29 10:22:41	IDIR\\MTSOI	2016-03-29 10:22:41	1
2014804	PW	1	N	14.8	IDIR\\MTSOI	2016-03-29 10:22:41	IDIR\\MTSOI	2016-03-29 10:22:41	1
1028203	BG	3	Y	3.5	IDIR\\EHPARSON	2005-06-27 09:48:44	IDIR\\EHPARSON	2005-06-27 09:48:44	1
1028203	CW	1	Y	2.0	IDIR\\EHPARSON	2005-06-27 09:48:44	IDIR\\EHPARSON	2005-06-27 09:48:44	1
1028203	FDC	2	Y	4.0	IDIR\\EHPARSON	2005-06-27 09:48:44	IDIR\\EHPARSON	2005-06-27 09:48:44	1
1028203	HW	4	Y	3.0	IDIR\\EHPARSON	2005-06-27 09:48:44	IDIR\\EHPARSON	2005-06-27 09:48:44	1
1028203	PW	5	N	2.5	IDIR\\EHPARSON	2005-06-27 09:48:44	IDIR\\EHPARSON	2005-06-27 09:48:44	1
1028207	CW	2	Y	1.0	IDIR\\EHPARSON	2005-06-27 10:27:23	IDIR\\EHPARSON	2005-06-27 10:27:23	1
1028207	HW	1	Y	2.0	IDIR\\EHPARSON	2005-06-27 10:27:23	IDIR\\EHPARSON	2005-06-27 10:27:23	1
1028207	PW	3	N	2.5	IDIR\\EHPARSON	2005-06-27 10:27:23	IDIR\\EHPARSON	2005-06-27 10:27:23	1
1028207	SS	4	N	1.5	IDIR\\EHPARSON	2005-06-27 10:27:23	IDIR\\EHPARSON	2005-06-27 10:27:23	1
174329	FDI	1	Y	\N	RESULTS_CONV	2003-11-16 08:36:02	RESULTS_CONV	2003-11-16 08:36:02	1
174329	PLI	1	N	\N	RESULTS_CONV	2003-11-16 08:36:02	RESULTS_CONV	2003-11-16 08:36:02	1
174329	SE	2	Y	\N	RESULTS_CONV	2003-11-16 08:36:02	RESULTS_CONV	2003-11-16 08:36:02	1
\.


--
-- Data for Name: stocking_layer_species_archive; Type: TABLE DATA; Schema: silva; Owner: postgres
--

COPY silva.stocking_layer_species_archive (stocking_layer_id, stocking_event_history_id, stocking_standard_unit_id, species_order, silv_tree_species_code, preferred_ind, min_height, entry_userid, entry_timestamp, update_userid, update_timestamp, revision_count) FROM stdin;
267809	1297119	194833	3	CW	Y	\N	RESULTS_CONV	2003-11-16 08:43:46	RESULTS_CONV	2003-11-16 08:43:46	1
267809	1297119	194833	1	FDC	Y	\N	RESULTS_CONV	2003-11-16 08:43:46	RESULTS_CONV	2003-11-16 08:43:46	1
267809	1297119	194833	2	HW	Y	\N	RESULTS_CONV	2003-11-16 08:43:46	RESULTS_CONV	2003-11-16 08:43:46	1
267809	1297119	194833	1	PW	N	\N	RESULTS_CONV	2003-11-16 08:43:46	RESULTS_CONV	2003-11-16 08:43:46	1
1012145	1262610	1013720	4	BA	N	1.8	BCEID\\ASKYWALKER	2005-05-02 15:56:26	BCEID\\ASKYWALKER	2005-05-02 15:56:26	1
1012145	1262610	1013720	1	CW	Y	1.5	BCEID\\ASKYWALKER	2005-05-02 15:56:26	BCEID\\ASKYWALKER	2005-05-02 15:56:26	1
1012145	1262610	1013720	3	FDC	Y	3.0	BCEID\\ASKYWALKER	2005-05-02 15:56:26	BCEID\\ASKYWALKER	2005-05-02 15:56:26	1
1012145	1262610	1013720	2	HW	Y	3.0	BCEID\\ASKYWALKER	2005-05-02 15:56:26	BCEID\\ASKYWALKER	2005-05-02 15:56:26	1
1739327	1739158	1795272	1	PLC	Y	1.5	IDIR\\JDOE	2025-02-03 16:31:35	IDIR\\JDOE	2025-02-03 16:31:35	1
2185039	1739159	1795272	1	CW	Y	1.5	IDIR\\JDOE	2025-02-03 17:18:00	IDIR\\JDOE	2025-02-03 17:18:00	1
2185039	1739159	1795272	1	HW	N	2.0	IDIR\\JDOE	2025-02-03 17:18:00	IDIR\\JDOE	2025-02-03 17:18:00	1
2185039	1739159	1795272	2	YC	Y	1.5	IDIR\\JDOE	2025-02-03 17:18:00	IDIR\\JDOE	2025-02-03 17:18:00	1
2185039	1741496	1795272	1	CW	Y	1.5	IDIR\\JDOE	2025-02-03 17:18:00	IDIR\\JDOE	2025-02-03 17:18:00	1
2185039	1741496	1795272	1	HW	N	2.0	IDIR\\JDOE	2025-02-03 17:18:00	IDIR\\JDOE	2025-02-03 17:18:00	1
2185039	1741496	1795272	2	YC	Y	1.5	IDIR\\JDOE	2025-02-03 17:18:00	IDIR\\JDOE	2025-02-03 17:18:00	1
2187601	1741496	2411888	1	CW	Y	1.5	IDIR\\JDOE	2025-03-14 10:46:37	IDIR\\JDOE	2025-03-14 10:46:37	1
2187601	1741496	2411888	2	FDC	Y	1.8	IDIR\\JDOE	2025-03-14 10:46:37	IDIR\\JDOE	2025-03-14 10:46:37	1
\.


--
-- Data for Name: stocking_milestone; Type: TABLE DATA; Schema: silva; Owner: postgres
--

COPY silva.stocking_milestone (stocking_standard_unit_id, silv_milestone_type_code, results_submission_id, declared_date, declared_userid, declare_ind, declaration_submitted_date, early_offset_years, late_offset_years, due_early_date, due_late_date, entry_userid, entry_timestamp, update_userid, update_timestamp, revision_count, extent_feasible_declared_ind) FROM stdin;
194833	FG	\N	2012-04-30 00:00:00	BCEID\\JWICK	Y	2012-04-30 14:40:19	8	11	2009-09-18 00:00:00	2012-09-18 00:00:00	RESULTS_CONV	2003-11-15 19:45:06	BCEID\\JWICK	2014-04-02 11:37:09	31	N
194833	PH	\N	\N	\N	N	\N	\N	\N	\N	\N	RESULTS_CONV	2003-11-15 19:45:06	BCEID\\JWICK	2014-04-02 11:37:09	30	N
194833	RG	\N	\N	\N	N	\N	\N	3	\N	2004-09-18 00:00:00	RESULTS_CONV	2003-11-15 19:45:06	BCEID\\JWICK	2014-04-02 11:37:09	30	N
194837	FG	\N	2012-04-30 00:00:00	BCEID\\JWICK	Y	2012-04-30 14:41:30	0	0	2001-09-18 00:00:00	2001-09-18 00:00:00	RESULTS_CONV	2003-11-15 19:45:06	BCEID\\JWICK	2014-04-02 11:37:09	31	N
194837	PH	\N	\N	\N	N	\N	\N	\N	\N	\N	RESULTS_CONV	2003-11-15 19:45:06	BCEID\\JWICK	2014-04-02 11:37:09	30	N
194837	RG	\N	\N	\N	N	\N	\N	0	\N	2001-09-18 00:00:00	RESULTS_CONV	2003-11-15 19:45:06	BCEID\\JWICK	2014-04-02 11:37:09	30	N
1013720	FG	1738903	2017-05-30 00:00:00	BCEID\\ASKYWALKER	Y	2018-01-26 09:33:02	11	14	2015-01-19 00:00:00	2018-01-19 00:00:00	BCEID\\ASKYWALKER	2005-05-02 15:56:26	IDIR\\OKENOBI	2018-10-09 11:29:23	19	N
1013720	PH	68609	2005-01-24 00:00:00	BCEID\\ASKYWALKER	Y	2005-05-04 16:21:21	\N	\N	\N	\N	BCEID\\ASKYWALKER	2005-05-02 15:56:26	IDIR\\OKENOBI	2018-10-09 11:29:23	19	N
1013720	RG	501684	2007-06-15 00:00:00	BCEID\\ASKYWALKER	Y	2008-09-12 14:02:43	\N	6	\N	2010-01-19 00:00:00	BCEID\\ASKYWALKER	2005-05-02 15:56:26	IDIR\\OKENOBI	2018-10-09 11:29:23	19	N
1894782	FG	\N	\N	\N	\N	\N	9	15	2021-12-12 00:00:00	2027-12-12 00:00:00	BCEID\\OTWIST	2013-05-31 11:26:50	BCEID\\ALOBSTER	2021-12-07 15:30:44	18	N
1894782	PH	1228929	2013-03-27 00:00:00	BCEID\\JWALKER	Y	2013-05-31 14:41:09	\N	\N	\N	\N	BCEID\\OTWIST	2013-05-31 11:26:50	BCEID\\ALOBSTER	2021-12-07 15:30:44	19	N
1894782	RG	1717697	2017-06-24 00:00:00	BCEID\\MBRANDOS	Y	2017-11-16 11:35:43	\N	4	\N	2016-12-12 00:00:00	BCEID\\OTWIST	2013-05-31 11:26:50	BCEID\\ALOBSTER	2021-12-07 15:30:44	19	N
2246575	FG	\N	\N	\N	\N	\N	12	20	2030-06-01 00:00:00	2038-06-01 00:00:00	BCEID\\JTHOMPSON16	2019-11-06 16:41:23	BCEID\\LMCVETTY	2023-12-12 12:31:25	13	N
2246575	PH	\N	2018-06-20 00:00:00	BCEID\\JTHOMPSON16	Y	2019-11-06 16:46:41	\N	\N	\N	\N	BCEID\\JTHOMPSON16	2019-11-06 16:41:23	BCEID\\LMCVETTY	2023-12-12 12:31:25	14	N
2246575	RG	1914074	2019-05-17 00:00:00	BCEID\\JTHOMPSON16	Y	2019-11-06 16:41:25	\N	7	\N	2025-06-01 00:00:00	BCEID\\JTHOMPSON16	2019-11-06 16:41:23	BCEID\\LMCVETTY	2023-12-12 12:31:25	14	N
2246574	FG	\N	\N	\N	\N	\N	12	20	2030-06-01 00:00:00	2038-06-01 00:00:00	BCEID\\JTHOMPSON16	2019-11-06 16:41:23	BCEID\\LMCVETTY	2023-12-12 12:31:25	13	N
2246574	PH	\N	2018-06-20 00:00:00	BCEID\\JTHOMPSON16	Y	2019-11-06 16:46:59	\N	\N	\N	\N	BCEID\\JTHOMPSON16	2019-11-06 16:41:23	BCEID\\LMCVETTY	2023-12-12 12:31:25	14	N
2246574	RG	1914074	2019-05-17 00:00:00	BCEID\\JTHOMPSON16	Y	2019-11-06 16:41:25	\N	7	\N	2025-06-01 00:00:00	BCEID\\JTHOMPSON16	2019-11-06 16:41:23	BCEID\\LMCVETTY	2023-12-12 12:31:25	14	N
2246576	FG	\N	\N	\N	\N	\N	12	20	2030-06-01 00:00:00	2038-06-01 00:00:00	BCEID\\JTHOMPSON16	2019-11-06 16:41:23	BCEID\\LMCVETTY	2023-12-12 12:31:25	13	N
2246576	PH	\N	2018-06-20 00:00:00	BCEID\\JTHOMPSON16	Y	2019-11-06 16:47:16	\N	\N	\N	\N	BCEID\\JTHOMPSON16	2019-11-06 16:41:23	BCEID\\LMCVETTY	2023-12-12 12:31:25	14	N
2246576	RG	1914074	2019-05-17 00:00:00	BCEID\\JTHOMPSON16	Y	2019-11-06 16:41:25	\N	7	\N	2025-06-01 00:00:00	BCEID\\JTHOMPSON16	2019-11-06 16:41:23	BCEID\\LMCVETTY	2023-12-12 12:31:25	14	N
1153275	NR	\N	\N	\N	\N	\N	0	0	\N	\N	IDIR\\KCSMITH	2012-02-01 13:04:11	IDIR\\KCSMITH	2012-02-01 13:04:11	1	N
1153275	PH	360843	2007-05-01 00:00:00	IDIR\\SMSWITZE	Y	2007-07-23 00:00:00	\N	\N	\N	\N	IDIR\\KADUFFY	2006-12-22 10:11:09	IDIR\\KCSMITH	2012-02-01 13:04:11	41	N
1153274	NR	\N	\N	\N	\N	\N	0	0	\N	\N	IDIR\\KCSMITH	2012-02-01 11:58:40	IDIR\\KCSMITH	2012-02-01 11:58:40	1	N
1153274	PH	360843	2007-05-01 00:00:00	IDIR\\SMSWITZE	Y	2007-07-23 00:00:00	\N	\N	\N	\N	IDIR\\KADUFFY	2006-12-22 10:11:09	IDIR\\KCSMITH	2012-02-01 11:58:40	41	N
2411888	FG	\N	\N	\N	\N	\N	\N	20	\N	2032-09-26 00:00:00	IDIR\\CAROWOOD	2025-03-14 10:46:37	IDIR\\CAROWOOD	2025-03-14 10:48:32	4	N
2411888	PH	\N	\N	\N	\N	\N	\N	\N	\N	\N	IDIR\\CAROWOOD	2025-03-14 10:46:37	IDIR\\CAROWOOD	2025-03-14 10:48:32	4	N
2411888	RG	\N	\N	\N	\N	\N	\N	3	\N	2015-09-26 00:00:00	IDIR\\CAROWOOD	2025-03-14 10:46:37	IDIR\\CAROWOOD	2025-03-14 10:48:32	4	N
1795272	FG	\N	\N	\N	\N	\N	8	11	2020-09-26 00:00:00	2023-09-26 00:00:00	IDIR\\SKILLAM	2012-09-26 12:08:48	IDIR\\CAROWOOD	2025-03-14 10:48:32	13	N
1795272	PH	\N	2002-01-16 00:00:00	IDIR\\CAROWOOD	Y	2025-01-27 10:50:57	\N	\N	\N	\N	IDIR\\SKILLAM	2012-09-26 12:08:48	IDIR\\CAROWOOD	2025-03-14 10:56:07	15	N
1795272	RG	\N	2016-01-01 00:00:00	IDIR\\CAROWOOD	Y	2025-03-14 10:57:29	\N	3	\N	2015-09-26 00:00:00	IDIR\\SKILLAM	2012-09-26 12:08:48	IDIR\\CAROWOOD	2025-03-14 10:58:08	15	N
1795273	FG	\N	\N	\N	\N	\N	\N	20	\N	2032-09-26 00:00:00	IDIR\\SKILLAM	2012-09-26 12:09:10	IDIR\\CAROWOOD	2025-03-14 10:48:32	13	N
1795273	PH	\N	\N	\N	\N	\N	\N	\N	\N	\N	IDIR\\SKILLAM	2012-09-26 12:09:10	IDIR\\CAROWOOD	2025-03-14 10:48:32	13	N
1795273	RG	\N	2017-07-01 00:00:00	IDIR\\CAROWOOD	Y	2025-04-02 12:06:47	\N	5	\N	2017-09-26 00:00:00	IDIR\\SKILLAM	2012-09-26 12:09:10	IDIR\\CAROWOOD	2025-04-02 12:06:47	14	N
2367701	FG	\N	\N	\N	\N	\N	0	20	2023-04-07 00:00:00	2043-04-07 00:00:00	IDIR\\HFRASER	2023-06-20 16:33:25	IDIR\\DDOUBINI	2025-02-27 16:35:55	15	N
2367701	PH	\N	\N	\N	\N	\N	\N	\N	\N	\N	IDIR\\HFRASER	2023-06-20 16:33:25	IDIR\\DDOUBINI	2025-02-27 16:35:55	15	N
2367701	RG	2366349	2024-03-13 00:00:00	IDIR\\CENNIS	Y	2024-09-04 14:09:59	\N	3	\N	2026-04-07 00:00:00	IDIR\\HFRASER	2023-06-20 16:33:25	IDIR\\DDOUBINI	2025-02-27 16:35:55	16	N
2333293	FG	\N	\N	\N	\N	\N	\N	20	\N	2041-01-07 00:00:00	BCEID\\ANYA.DENNILL	2022-05-07 09:48:59	BCEID\\ALEXANDRA.VALLEE	2025-04-16 10:31:20	20	N
2333293	PH	2153194	2021-04-14 00:00:00	BCEID\\ANYA.DENNILL	Y	2022-05-07 10:10:56	\N	\N	\N	\N	BCEID\\ANYA.DENNILL	2022-05-07 09:48:59	BCEID\\ALEXANDRA.VALLEE	2025-04-16 10:31:20	21	N
2333293	RG	2247022	2022-10-26 00:00:00	BCEID\\ALEXANDRA.VALLEE	Y	2023-03-23 13:58:32	\N	3	\N	2024-01-07 00:00:00	BCEID\\ANYA.DENNILL	2022-05-07 09:48:59	BCEID\\ALEXANDRA.VALLEE	2025-04-16 10:31:20	21	N
2333294	FG	\N	\N	\N	\N	\N	\N	20	\N	2041-01-07 00:00:00	BCEID\\ANYA.DENNILL	2022-05-07 09:48:59	BCEID\\ALEXANDRA.VALLEE	2025-04-16 10:31:20	20	N
2333294	PH	2153194	2021-04-14 00:00:00	BCEID\\ANYA.DENNILL	Y	2022-05-07 10:10:56	\N	\N	\N	\N	BCEID\\ANYA.DENNILL	2022-05-07 09:48:59	BCEID\\ALEXANDRA.VALLEE	2025-04-16 10:31:20	21	N
2333294	RG	2247022	2022-10-26 00:00:00	BCEID\\ALEXANDRA.VALLEE	Y	2023-03-23 13:58:32	\N	3	\N	2024-01-07 00:00:00	BCEID\\ANYA.DENNILL	2022-05-07 09:48:59	BCEID\\ALEXANDRA.VALLEE	2025-04-16 10:31:20	21	N
2333295	FG	\N	\N	\N	\N	\N	\N	20	\N	2041-01-07 00:00:00	BCEID\\ANYA.DENNILL	2022-05-07 09:48:59	BCEID\\ALEXANDRA.VALLEE	2025-04-16 10:31:20	20	N
2333295	PH	2153194	2021-04-14 00:00:00	BCEID\\ANYA.DENNILL	Y	2022-05-07 10:10:56	\N	\N	\N	\N	BCEID\\ANYA.DENNILL	2022-05-07 09:48:59	BCEID\\ALEXANDRA.VALLEE	2025-04-16 10:31:20	21	N
2333295	RG	2247022	2022-10-26 00:00:00	BCEID\\ALEXANDRA.VALLEE	Y	2023-03-23 13:58:32	\N	6	\N	2027-01-07 00:00:00	BCEID\\ANYA.DENNILL	2022-05-07 09:48:59	BCEID\\ALEXANDRA.VALLEE	2025-04-16 10:31:20	21	N
1120544	FG	\N	2017-07-26 00:00:00	BCEID\\SJONES12	Y	2017-10-06 12:53:24	9	15	2011-12-01 00:00:00	2017-12-01 00:00:00	IDIR\\GKJENNIN	2006-06-20 15:20:00	IDIR\\CSTEVENS	2017-11-30 12:15:34	199	N
1120544	PH	\N	2003-03-01 00:00:00	IDIR\\GKJENNIN	Y	2006-06-20 15:22:55	\N	\N	\N	\N	IDIR\\GKJENNIN	2006-06-20 15:20:00	IDIR\\CSTEVENS	2017-11-30 12:15:34	199	N
1120544	RG	\N	2011-06-15 00:00:00	IDIR\\CSTEVENS	Y	2011-09-06 16:17:21	\N	4	\N	2006-12-01 00:00:00	IDIR\\GKJENNIN	2006-06-20 15:20:00	IDIR\\CSTEVENS	2017-11-30 12:15:34	199	N
101419	FG	1106043	2011-05-25 00:00:00	BCEID\\DSCOTT	Y	2012-04-16 08:37:33	12	15	2010-06-01 00:00:00	2013-06-01 00:00:00	RESULTS_CONV	2003-11-15 19:43:53	BCEID\\DSCOTT	2012-04-16 08:37:33	6	N
101419	PH	\N	\N	\N	N	\N	\N	\N	\N	\N	RESULTS_CONV	2003-11-15 19:43:53	BCEID\\DSCOTT	2012-04-16 08:37:33	6	N
101419	RG	\N	2001-10-11 00:00:00	LKSTRAND	Y	2003-11-15 19:43:53	\N	7	\N	2005-06-01 00:00:00	RESULTS_CONV	2003-11-15 19:43:53	BCEID\\DSCOTT	2012-04-16 08:37:33	5	N
101420	FG	1106043	2011-05-25 00:00:00	BCEID\\DSCOTT	Y	2012-04-16 08:37:33	9	15	2007-06-01 00:00:00	2013-06-01 00:00:00	RESULTS_CONV	2003-11-15 19:43:53	BCEID\\DSCOTT	2012-04-16 08:37:33	6	N
101420	PH	\N	\N	\N	N	\N	\N	\N	\N	\N	RESULTS_CONV	2003-11-15 19:43:53	BCEID\\DSCOTT	2012-04-16 08:37:33	6	N
101420	RG	\N	2001-10-11 00:00:00	LKSTRAND	Y	2003-11-15 19:43:53	\N	4	\N	2002-06-01 00:00:00	RESULTS_CONV	2003-11-15 19:43:53	BCEID\\DSCOTT	2012-04-16 08:37:33	5	N
101421	FG	1106043	2011-05-25 00:00:00	BCEID\\DSCOTT	Y	2012-04-16 08:37:33	12	15	2010-06-01 00:00:00	2013-06-01 00:00:00	RESULTS_CONV	2003-11-15 19:43:53	BCEID\\DSCOTT	2012-04-16 08:37:33	6	N
101421	PH	\N	\N	\N	N	\N	\N	\N	\N	\N	RESULTS_CONV	2003-11-15 19:43:53	BCEID\\DSCOTT	2012-04-16 08:37:33	6	N
101421	RG	\N	2001-10-11 00:00:00	LKSTRAND	Y	2003-11-15 19:43:53	\N	7	\N	2005-06-01 00:00:00	RESULTS_CONV	2003-11-15 19:43:53	BCEID\\DSCOTT	2012-04-16 08:37:33	5	N
101422	FG	1106043	2011-05-25 00:00:00	BCEID\\DSCOTT	Y	2012-04-16 08:37:33	9	15	2007-06-01 00:00:00	2013-06-01 00:00:00	RESULTS_CONV	2003-11-15 19:43:53	BCEID\\DSCOTT	2012-04-16 08:37:33	6	N
101422	PH	\N	\N	\N	N	\N	\N	\N	\N	\N	RESULTS_CONV	2003-11-15 19:43:53	BCEID\\DSCOTT	2012-04-16 08:37:33	6	N
101422	RG	\N	2001-10-11 00:00:00	LKSTRAND	Y	2003-11-15 19:43:53	\N	4	\N	2002-06-01 00:00:00	RESULTS_CONV	2003-11-15 19:43:53	BCEID\\DSCOTT	2012-04-16 08:37:33	5	N
2413381	FG	\N	\N	\N	\N	\N	\N	20	\N	2044-10-31 00:00:00	IDIR\\JZAHND	2025-03-26 13:55:49	IDIR\\JZAHND	2025-03-26 14:48:23	7	N
2413381	PH	\N	\N	\N	\N	\N	\N	\N	\N	\N	IDIR\\JZAHND	2025-03-26 13:55:49	IDIR\\JZAHND	2025-03-26 14:48:23	7	N
2413381	RG	\N	\N	\N	\N	\N	\N	7	\N	2031-10-31 00:00:00	IDIR\\JZAHND	2025-03-26 13:55:49	IDIR\\JZAHND	2025-03-26 14:48:23	7	N
1036408	FG	\N	\N	\N	\N	\N	9	10	2025-03-01 00:00:00	2026-03-01 00:00:00	IDIR\\MTSOI	2016-03-29 10:22:41	IDIR\\SCUSACK	2025-04-10 14:30:31	4	N
1036408	PH	\N	\N	\N	\N	\N	\N	\N	\N	\N	IDIR\\MTSOI	2016-03-29 10:22:41	IDIR\\SCUSACK	2025-04-10 14:30:31	4	N
1036408	RG	\N	\N	\N	\N	\N	\N	7	\N	2023-03-01 00:00:00	IDIR\\MTSOI	2016-03-29 10:22:41	IDIR\\SCUSACK	2025-04-10 14:30:31	4	N
1036409	FG	\N	\N	\N	\N	\N	5	13	2021-03-01 00:00:00	2029-03-01 00:00:00	IDIR\\MTSOI	2016-03-29 10:22:41	IDIR\\SCUSACK	2025-04-10 14:30:31	4	N
1036409	PH	\N	\N	\N	\N	\N	\N	\N	\N	\N	IDIR\\MTSOI	2016-03-29 10:22:41	IDIR\\SCUSACK	2025-04-10 14:30:31	4	N
1036409	RG	\N	\N	\N	\N	\N	\N	2	\N	2018-03-01 00:00:00	IDIR\\MTSOI	2016-03-29 10:22:41	IDIR\\SCUSACK	2025-04-10 14:30:31	4	N
1006416	FG	\N	2015-04-16 00:00:00	BCEID\\RMMONCHAK	Y	2015-11-25 17:21:26	8	11	2012-09-08 00:00:00	2015-09-08 00:00:00	IDIR\\EHPARSON	2005-06-27 10:27:23	BCEID\\DUGASA	2017-12-19 10:03:56	41	N
1006416	PH	\N	\N	\N	\N	\N	\N	\N	\N	\N	IDIR\\EHPARSON	2005-06-27 10:27:23	BCEID\\DUGASA	2017-12-19 10:03:56	40	N
1006416	RG	\N	2007-10-30 00:00:00	BCEID\\RMMONCHAK	Y	2007-10-30 11:23:26	\N	3	\N	2007-09-08 00:00:00	IDIR\\EHPARSON	2005-06-27 10:27:23	BCEID\\DUGASA	2017-12-19 10:03:56	41	N
1006417	FG	\N	2015-04-16 00:00:00	BCEID\\RMMONCHAK	Y	2015-11-25 17:21:13	8	11	2012-09-08 00:00:00	2015-09-08 00:00:00	IDIR\\EHPARSON	2005-06-27 09:48:44	BCEID\\DUGASA	2017-12-19 10:03:56	41	N
1006417	PH	\N	\N	\N	\N	\N	\N	\N	\N	\N	IDIR\\EHPARSON	2005-06-27 09:48:44	BCEID\\DUGASA	2017-12-19 10:03:56	40	N
1006417	RG	\N	2007-10-30 00:00:00	BCEID\\RMMONCHAK	Y	2007-10-30 11:23:15	\N	3	\N	2007-09-08 00:00:00	IDIR\\EHPARSON	2005-06-27 09:48:44	BCEID\\DUGASA	2017-12-19 10:03:56	41	N
105766	FG	\N	2001-04-30 00:00:00	BCOLBOUR	Y	2003-11-15 19:43:56	11	15	2004-02-01 00:00:00	2008-02-01 00:00:00	RESULTS_CONV	2003-11-15 19:43:56	RESULTS_CONV	2003-11-15 19:43:56	1	N
105766	PH	\N	\N	\N	N	\N	0	0	\N	\N	RESULTS_CONV	2003-11-15 19:43:56	RESULTS_CONV	2003-11-15 19:43:56	1	N
105766	RG	\N	1995-01-01 00:00:00	LDAVIDSO	Y	2003-11-15 19:43:56	0	6	1993-02-01 00:00:00	1999-02-01 00:00:00	RESULTS_CONV	2003-11-15 19:43:56	RESULTS_CONV	2003-11-15 19:43:56	1	N
\.


--
-- Data for Name: stocking_milestone_cmt_link; Type: TABLE DATA; Schema: silva; Owner: postgres
--

COPY silva.stocking_milestone_cmt_link (stocking_standard_unit_id, silv_milestone_type_code, silviculture_comment_id) FROM stdin;
\.


--
-- Data for Name: stocking_standard_unit; Type: TABLE DATA; Schema: silva; Owner: postgres
--

COPY silva.stocking_standard_unit (stocking_standard_unit_id, opening_id, standards_unit_id, standards_regime_id, net_area, max_allow_soil_disturbance_pct, variance_ind, entry_userid, entry_timestamp, update_userid, update_timestamp, revision_count) FROM stdin;
194833	101017	A	\N	7.9	5.0	\N	RESULTS_CONV	2003-11-15 19:46:23	RESULTS_CONV	2003-11-15 19:46:23	4
194837	101017	B	\N	1.1	0.0	\N	RESULTS_CONV	2003-11-15 19:46:23	RESULTS_CONV	2003-11-15 19:46:23	4
1013720	1009974	A	36109	25.5	5.0	Y	BCEID\\ASKYWALKER	2005-05-02 15:56:26	BCEID\\ASKYWALKER	2005-05-04 16:21:21	3
1894782	1541296	1	1010949	5.2	5.0	Y	BCEID\\OTWIST	2013-05-31 11:26:50	BCEID\\OTWIST	2013-08-27 08:40:18	2
2246575	1725701	A	18056	13.4	10.0	N	BCEID\\JTHOMPSON16	2019-11-06 16:41:23	BCEID\\JTHOMPSON16	2019-11-06 16:41:23	1
2246574	1725701	B	18056	9.7	10.0	N	BCEID\\JTHOMPSON16	2019-11-06 16:41:23	BCEID\\JTHOMPSON16	2019-11-06 16:41:23	1
2246576	1725701	C	18056	6.0	10.0	N	BCEID\\JTHOMPSON16	2019-11-06 16:41:23	BCEID\\JTHOMPSON16	2019-11-06 16:41:23	1
1153275	1092357	1	1014	28.8	10.0	Y	IDIR\\KADUFFY	2006-12-22 10:11:09	IDIR\\KCSMITH	2012-02-01 13:04:11	5
1153274	1092357	2	1014	22.1	5.0	Y	IDIR\\KADUFFY	2006-12-22 10:11:09	IDIR\\KCSMITH	2012-02-01 11:58:40	5
2411888	1480130	C	1079794	5.0	5.0	N	IDIR\\CAROWOOD	2025-03-14 10:46:37	IDIR\\CAROWOOD	2025-03-14 10:46:37	1
1795272	1480130	A	36008	140.0	2.0	Y	IDIR\\SKILLAM	2012-09-26 12:08:47	IDIR\\CAROWOOD	2025-02-03 17:18:44	3
1795273	1480130	B	\N	140.0	2.0	N	IDIR\\SKILLAM	2012-09-26 12:09:10	IDIR\\SKILLAM	2012-09-26 12:09:10	3
2367701	1777756	1	1056501	6.3	5.0	Y	IDIR\\HFRASER	2023-06-20 16:33:25	IDIR\\DDOUBINI	2025-02-27 16:35:55	2
2333293	1761935	A	1054256	22.0	10.0	N	BCEID\\ANYA.DENNILL	2022-05-07 09:48:59	BCEID\\ANYA.DENNILL	2022-05-07 09:48:59	1
2333294	1761935	B	1054257	3.4	10.0	N	BCEID\\ANYA.DENNILL	2022-05-07 09:48:59	BCEID\\ANYA.DENNILL	2022-05-07 09:48:59	1
2333295	1761935	C	1006586	1.2	10.0	N	BCEID\\ANYA.DENNILL	2022-05-07 09:48:59	BCEID\\ANYA.DENNILL	2022-05-07 09:48:59	1
1120544	1589595	1	20305	61.7	5.0	Y	IDIR\\GKJENNIN	2006-06-20 15:19:29	BCEID\\JPRESTMODA	2014-02-26 10:46:07	4
101419	60000	1	\N	13.3	10.0	\N	RESULTS_CONV	2003-11-15 19:46:02	BCEID\\DSCOTT	2006-11-27 13:58:18	7
101420	60000	2	\N	10.1	10.0	\N	RESULTS_CONV	2003-11-15 19:46:02	BCEID\\DSCOTT	2006-11-27 13:38:07	6
101421	60000	3	\N	10.5	5.0	\N	RESULTS_CONV	2003-11-15 19:46:02	BCEID\\DSCOTT	2006-11-27 13:38:07	7
101422	60000	4	\N	1.9	10.0	\N	RESULTS_CONV	2003-11-15 19:46:02	BCEID\\DSCOTT	2006-11-27 13:38:07	7
2413381	1796497	1	1066015	6.3	7.0	N	IDIR\\JZAHND	2025-03-26 13:55:49	IDIR\\JZAHND	2025-03-26 13:55:49	1
1036408	1020124	1	760	10.0	3.0	N	IDIR\\MTSOI	2016-03-29 10:22:41	IDIR\\MTSOI	2016-03-29 10:22:41	1
1036409	1020124	2	1535	20.0	4.0	N	IDIR\\MTSOI	2016-03-29 10:22:41	IDIR\\MTSOI	2016-03-29 10:22:41	1
1006416	1004185	B	9173	2.0	0.0	Y	IDIR\\adellavi	2004-12-20 11:18:00	IDIR\\EHPARSON	2005-06-27 10:34:46	5
1006417	1004185	A	9166	28.7	0.0	Y	IDIR\\adellavi	2004-12-20 11:18:01	BCEID\\TCOUILLARD	2006-11-01 09:09:18	7
105766	17247	A	\N	43.2	\N	\N	RESULTS_CONV	2003-11-15 19:46:03	RESULTS_CONV	2003-11-15 19:46:03	2
\.


--
-- Data for Name: stocking_standard_unit_amd; Type: TABLE DATA; Schema: silva; Owner: postgres
--

COPY silva.stocking_standard_unit_amd (stocking_standard_unit_id, opening_id, standards_unit_id, standards_regime_id, net_area, max_allow_soil_disturbance_pct, variance_ind, regen_delay_offset_yrs, regen_obligation_ind, no_regen_early_offset_yrs, no_regen_late_offset_yrs, free_growing_early_offset_yrs, free_growing_late_offset_yrs, amendment_rationale_comment, entry_userid, entry_timestamp, update_userid, update_timestamp, revision_count) FROM stdin;
\.


--
-- Data for Name: stocking_standard_unit_archive; Type: TABLE DATA; Schema: silva; Owner: postgres
--

COPY silva.stocking_standard_unit_archive (stocking_standard_unit_id, stocking_event_history_id, opening_id, standards_unit_id, standards_regime_id, net_area, max_allow_soil_disturbance_pct, variance_ind, regen_delay_offset_yrs, regen_obligation_ind, no_regen_early_offset_yrs, no_regen_late_offset_yrs, free_growing_early_offset_yrs, free_growing_late_offset_yrs, amendment_rationale_comment, entry_userid, entry_timestamp, update_userid, update_timestamp, revision_count) FROM stdin;
194833	1297119	101017	A	\N	7.9	5.0	\N	3	Y	\N	\N	8	11	\N	RESULTS_CONV	2003-11-15 19:46:23	RESULTS_CONV	2003-11-15 19:46:23	4
194837	1297119	101017	B	\N	1.1	0.0	\N	0	Y	\N	\N	0	0	\N	RESULTS_CONV	2003-11-15 19:46:23	RESULTS_CONV	2003-11-15 19:46:23	4
1013720	1262610	1009974	A	36109	25.5	5.0	Y	6	Y	\N	\N	11	14	\N	BCEID\\ASKYWALKER	2005-05-02 15:56:26	BCEID\\ASKYWALKER	2005-05-04 16:21:21	3
1795272	1524245	1480130	A	\N	140.0	2.0	N	5	Y	\N	\N	\N	20	\N	IDIR\\JDOE	2012-09-26 12:08:47	IDIR\\JDOE	2012-09-26 12:08:47	1
1795273	1524245	1480130	B	\N	140.0	2.0	N	5	Y	\N	\N	\N	20	\N	IDIR\\JDOE	2012-09-26 12:09:10	IDIR\\JDOE	2012-09-26 12:09:10	1
1795273	1739159	1480130	B	\N	140.0	2.0	N	5	Y	\N	\N	\N	20	\N	IDIR\\JDOE	2012-09-26 12:09:10	IDIR\\JDOE	2012-09-26 12:09:10	3
1795272	1739158	1480130	A	\N	140.0	2.0	Y	5	Y	\N	\N	\N	20	\N	IDIR\\JDOE	2012-09-26 12:08:47	IDIR\\JDOE	2012-09-26 12:08:47	2
1795273	1739158	1480130	B	\N	140.0	2.0	N	5	Y	\N	\N	\N	20	\N	IDIR\\JDOE	2012-09-26 12:09:10	IDIR\\JDOE	2012-09-26 12:09:10	2
1795272	1739159	1480130	A	36008	140.0	2.0	Y	3	Y	\N	\N	8	11	\N	IDIR\\JDOE	2012-09-26 12:08:47	IDIR\\JDOE	2025-02-03 17:18:44	3
2411888	1741496	1480130	C	1079794	5.0	5.0	N	3	Y	\N	\N	\N	20	\N	IDIR\\JDOE	2025-03-14 10:46:37	IDIR\\JDOE	2025-03-14 10:46:37	1
1795272	1741496	1480130	A	36008	140.0	2.0	Y	3	Y	\N	\N	8	11	\N	IDIR\\JDOE	2012-09-26 12:08:47	IDIR\\JDOE	2025-02-03 17:18:44	3
1795273	1741496	1480130	B	\N	140.0	2.0	N	5	Y	\N	\N	\N	20	\N	IDIR\\JDOE	2012-09-26 12:09:10	IDIR\\JDOE	2012-09-26 12:09:10	3
\.


--
-- Data for Name: stocking_status_code; Type: TABLE DATA; Schema: silva; Owner: postgres
--

COPY silva.stocking_status_code (stocking_status_code, description, effective_date, expiry_date, update_timestamp) FROM stdin;
A	Alpine	1905-01-01 00:00:00	9999-12-31 00:00:00	2012-05-08 16:20:22
AF	Alpine Forest	1905-01-01 00:00:00	9999-12-31 00:00:00	2012-05-08 16:20:22
C	Cultivated	1905-01-01 00:00:00	9999-12-31 00:00:00	2012-05-08 16:20:22
DSD	Disturbed Stocking Doubtful	2003-07-07 00:00:00	2002-12-17 00:00:00	2012-05-08 16:20:22
G	Gravel Bar	1905-01-01 00:00:00	9999-12-31 00:00:00	2012-05-08 16:20:22
IMM	Immature	1905-01-01 00:00:00	9999-12-31 00:00:00	2012-05-08 16:20:22
L	Lake	1905-01-01 00:00:00	9999-12-31 00:00:00	2012-05-08 16:20:22
M	Meadow	1905-01-01 00:00:00	9999-12-31 00:00:00	2012-05-08 16:20:22
MAT	Mature	1905-01-01 00:00:00	9999-12-31 00:00:00	2012-05-08 16:20:22
NC	Non-commercial	1905-01-01 00:00:00	9999-12-31 00:00:00	2012-05-08 16:20:22
NF	Non-forest	1905-01-01 00:00:00	9999-12-31 00:00:00	2012-05-08 16:20:22
NP	Non-productive	1905-01-01 00:00:00	9999-12-31 00:00:00	2012-05-08 16:20:22
NSR	Not Satisfactorily Restocked	1905-01-01 00:00:00	9999-12-31 00:00:00	2012-05-08 16:20:22
OR	Open Range	1905-01-01 00:00:00	9999-12-31 00:00:00	2012-05-08 16:20:22
R	Rock	1905-01-01 00:00:00	9999-12-31 00:00:00	2012-05-08 16:20:22
RES	Residual	1905-01-01 00:00:00	2012-05-07 00:00:00	2012-05-08 16:20:22
S	Swamp	1905-01-01 00:00:00	9999-12-31 00:00:00	2012-05-08 16:20:22
U	Urban	1905-01-01 00:00:00	9999-12-31 00:00:00	2012-05-08 16:20:22
\.


--
-- Data for Name: stocking_type_code; Type: TABLE DATA; Schema: silva; Owner: postgres
--

COPY silva.stocking_type_code (stocking_type_code, description, effective_date, expiry_date, update_timestamp) FROM stdin;
 	No stocking type required	1905-01-01 00:00:00	9999-12-31 00:00:00	2003-11-15 19:24:02
ART	Artificial	1905-01-01 00:00:00	9999-12-31 00:00:00	2003-11-15 19:24:02
BR	Brush	1905-01-01 00:00:00	9999-12-31 00:00:00	2003-11-15 19:24:02
FOR	Forested	1905-01-01 00:00:00	9999-12-31 00:00:00	2003-11-15 19:24:02
NAT	Natural	1905-01-01 00:00:00	9999-12-31 00:00:00	2003-11-15 19:24:02
NPL	Non-plantable	1905-01-01 00:00:00	9999-12-31 00:00:00	2003-11-15 19:24:02
PL	Plantable	1905-01-01 00:00:00	9999-12-31 00:00:00	2003-11-15 19:24:02
RD	Road	1905-01-01 00:00:00	9999-12-31 00:00:00	2003-11-15 19:24:02
RHR	Rehabilitated Roads	2001-02-05 00:00:00	9999-12-31 00:00:00	2003-11-15 19:24:02
UNN	Unnatural	1905-01-01 00:00:00	9999-12-31 00:00:00	2003-11-15 19:24:02
\.


--
-- Data for Name: storage_files; Type: TABLE DATA; Schema: silva; Owner: postgres
--

COPY silva.storage_files (group_name_cd, name, local_directory, tile_size, data_maturity_cd, steward_org_unit_cd, update_responsibility, entry_timestamp, entry_userid, update_timestamp, update_userid, description, special_concerns, data_availability) FROM stdin;
\.


--
-- Data for Name: tenure_file_status_code; Type: TABLE DATA; Schema: silva; Owner: postgres
--

COPY silva.tenure_file_status_code (tenure_file_status_code, description, effective_date, expiry_date, update_timestamp) FROM stdin;
A	Active	2003-04-15 00:00:00	9999-12-31 00:00:00	2014-12-01 08:35:44
ACT	Operations Active	2003-04-15 00:00:00	9999-12-31 00:00:00	2014-12-01 08:35:44
AH	Active (HDBS)	2003-04-15 00:00:00	9999-12-31 00:00:00	2014-12-01 08:35:44
AN	Active - Map Notation	2003-04-15 00:00:00	9999-12-31 00:00:00	2014-12-01 08:35:44
AP	Appeal Pending	2003-04-15 00:00:00	9999-12-31 00:00:00	2014-12-01 08:35:44
AR	Archived	2003-04-15 00:00:00	9999-12-31 00:00:00	2014-12-01 08:35:44
AS	Active - Suspended	2003-04-15 00:00:00	9999-12-31 00:00:00	2014-12-01 08:35:44
AT	Archived - Transferred	2003-04-15 00:00:00	9999-12-31 00:00:00	2014-12-01 08:35:44
AY	Active - Abeyance	2003-04-15 00:00:00	9999-12-31 00:00:00	2014-12-01 08:35:44
CA	Cancelled	2003-04-15 00:00:00	9999-12-31 00:00:00	2014-12-01 08:35:44
CL	Clearance	2003-04-15 00:00:00	9999-12-31 00:00:00	2014-12-01 08:35:44
D	Disallowed	2003-04-15 00:00:00	9999-12-31 00:00:00	2014-12-01 08:35:44
DD	Disallowed by District	2003-04-15 00:00:00	9999-12-31 00:00:00	2014-12-01 08:35:44
DE	Designation	2003-04-15 00:00:00	9999-12-31 00:00:00	2014-12-01 08:35:44
DR	Disallowed by Region	2003-04-15 00:00:00	9999-12-31 00:00:00	2014-12-01 08:35:44
DV	Disallowed by Victoria	2003-04-15 00:00:00	9999-12-31 00:00:00	2014-12-01 08:35:44
EE	Entered In Error	2003-04-15 00:00:00	9999-12-31 00:00:00	2014-12-01 08:35:44
HA	Awarded for Harvesting	2003-04-15 00:00:00	9999-12-31 00:00:00	2014-12-01 08:35:44
HB	Approved for Harvesting	2003-04-15 00:00:00	9999-12-31 00:00:00	2014-12-01 08:35:44
HC	Closed	2003-04-15 00:00:00	9999-12-31 00:00:00	2014-12-01 08:35:44
HD	Harvesting Deferred	2003-04-15 00:00:00	9999-12-31 00:00:00	2014-12-01 08:35:44
HH	HDBS - Harvest Database	2003-04-15 00:00:00	9999-12-31 00:00:00	2014-12-01 08:35:44
HI	Issued	2003-04-15 00:00:00	9999-12-31 00:00:00	2014-12-01 08:35:44
HN	Issued but Not Printed	2003-04-15 00:00:00	9999-12-31 00:00:00	2014-12-01 08:35:44
HOC	Final Report - Harvesting Obligations Completed	2003-04-15 00:00:00	9999-12-31 00:00:00	2014-12-01 08:35:44
HP	Harvesting Postponement	2013-06-12 00:00:00	9999-12-31 00:00:00	2014-12-01 08:35:44
HRS	Harvesting Rights Surrendered	2013-06-11 00:00:00	9999-12-31 00:00:00	2014-12-01 08:35:44
HS	Suspended	2003-04-15 00:00:00	9999-12-31 00:00:00	2014-12-01 08:35:44
HX	Cancelled	2003-04-15 00:00:00	9999-12-31 00:00:00	2014-12-01 08:35:44
I	Inactive	2003-04-15 00:00:00	9999-12-31 00:00:00	2014-12-01 08:35:44
IC	Inactive - Completed	2003-04-15 00:00:00	9999-12-31 00:00:00	2014-12-01 08:35:44
ID	Inactive - Closed (Deactivated)	2003-04-15 00:00:00	9999-12-31 00:00:00	2014-12-01 08:35:44
IH	Inactive - HDBS	2003-04-15 00:00:00	9999-12-31 00:00:00	2014-12-01 08:35:44
IX	Inactive - Cancelled	2003-04-15 00:00:00	9999-12-31 00:00:00	2014-12-01 08:35:44
LC	Logging Complete	2003-04-15 00:00:00	9999-12-31 00:00:00	2014-12-01 08:35:44
NC	No Clearance or Designation	2003-04-15 00:00:00	9999-12-31 00:00:00	2014-12-01 08:35:44
NLG	No Logging to Date	2003-04-15 00:00:00	9999-12-31 00:00:00	2014-12-01 08:35:44
P	Pending	2003-04-15 00:00:00	9999-12-31 00:00:00	2014-12-01 08:35:44
PA	Pending Application	2003-04-15 00:00:00	9999-12-31 00:00:00	2014-12-01 08:35:44
PD	Pending Deferred	2003-04-15 00:00:00	9999-12-31 00:00:00	2014-12-01 08:35:44
PE	Pending Electronic	2003-04-15 00:00:00	9999-12-31 00:00:00	2014-12-01 08:35:44
PHC	Primary Harvest Completed	2003-04-15 00:00:00	9999-12-31 00:00:00	2014-12-01 08:35:44
PI	Pending Issuance	2003-04-15 00:00:00	9999-12-31 00:00:00	2014-12-01 08:35:44
PL	Planned TSL	2003-04-15 00:00:00	9999-12-31 00:00:00	2014-12-01 08:35:44
PLI	Part Logged - now inactive	2003-04-15 00:00:00	9999-12-31 00:00:00	2014-12-01 08:35:44
PP	Proposed	2003-04-15 00:00:00	9999-12-31 00:00:00	2014-12-01 08:35:44
PR	Pending Review	2003-04-15 00:00:00	9999-12-31 00:00:00	2014-12-01 08:35:44
PS	Pending Status	2003-04-15 00:00:00	9999-12-31 00:00:00	2014-12-01 08:35:44
RRS	Range Rights Surrendered	2014-10-23 00:00:00	9999-12-31 00:00:00	2014-12-01 08:35:44
S	Silviculture	2003-04-15 00:00:00	9999-12-31 00:00:00	2014-12-01 08:35:44
SP	SP only, no application received	2003-04-15 00:00:00	9999-12-31 00:00:00	2014-12-01 08:35:44
SU	Suspended	2003-04-15 00:00:00	9999-12-31 00:00:00	2014-12-01 08:35:44
TC	Trespass Investigation Complete	2003-04-15 00:00:00	9999-12-31 00:00:00	2014-12-01 08:35:44
TU	Trespass Under Investigation	2003-04-15 00:00:00	9999-12-31 00:00:00	2014-12-01 08:35:44
\.


--
-- Data for Name: timber_mark; Type: TABLE DATA; Schema: silva; Owner: postgres
--

COPY silva.timber_mark (timber_mark, forest_file_id, cutting_permit_id, forest_district, geographic_distrct, cascade_split_code, quota_type_code, deciduous_ind, catastrophic_ind, crown_granted_ind, cruise_based_ind, certificate, hdbs_timber_mark, vm_timber_mark, tenure_term, bcaa_folio_number, activated_userid, amended_userid, district_admn_zone, granted_acqrd_date, lands_region, crown_granted_acq_desc, mark_status_st, mark_status_date, mark_amend_date, mark_appl_date, mark_cancel_date, mark_extend_date, mark_extend_rsn_cd, mark_extend_count, mark_issue_date, mark_expiry_date, markng_instrmnt_cd, marking_method_cd, entry_userid, entry_timestamp, update_userid, update_timestamp, revision_count, small_patch_salvage_ind, salvage_type_code) FROM stdin;
47/12K	TFL47	12K	1	1	W	A	N	N	N	N	\N	\N	47/12K	24	\N	\N	\N	C6	\N	\N	\N	HC	2004-09-07 00:00:00	\N	\N	\N	\N	\N	0	2001-07-03 00:00:00	2003-07-02 00:00:00	H	S	LDALEXAN	2001-06-07 16:06:57	IDIR\\SBONNETT	2005-09-22 14:41:06	2	N	\N
44/270	TFL44	270	2	2	W	A	N	N	N	N	\N	\N	44/270	36	\N	\N	\N	1	\N	\N	\N	HC	2008-12-04 00:00:00	\N	\N	\N	\N	\N	0	2003-11-19 00:00:00	2006-11-18 00:00:00	H	S	JAKETHEDOG	2003-11-04 10:30:08	IDIR\\JAKETHEDOG	2008-12-04 10:52:21	2	N	\N
K1AEEE	K1A	EEE	2	2	E	A	N	N	N	N	\N	\N	\N	48	\N	\N	\N	A	\N	\N	\N	HC	2019-06-13 00:00:00	\N	\N	\N	\N	\N	0	2012-11-02 00:00:00	2016-11-01 00:00:00	H	1	BCEID\\OTWIST	2012-10-25 10:55:10	IDIR\\MUGIWARA	2021-08-31 12:20:37	3	N	\N
EZ7210	A20212	210	14	14	E	A	N	N	Y	N	\N	\N	\N	48	\N	\N	\N	1	\N	4	\N	HC	2021-11-23 00:00:00	\N	\N	\N	\N	\N	0	2017-11-24 00:00:00	2021-11-23 00:00:00	H	4	BCEID\\LOLA	2017-10-19 06:49:49	IDIR\\FRANKY	2023-01-26 11:47:11	3	N	\N
77623	A77623	 	14	12	E	D	N	N	N	N	\N	77623	77623	12	\N	\N	\N	1	\N	4	\N	HC	2008-07-28 00:00:00	\N	\N	\N	2007-12-14 00:00:00	X	1	2005-12-15 00:00:00	2006-12-14 00:00:00	H	4	IDIR\\DMcMulli	2005-11-03 13:18:10	IDIR\\HEDOMINE	2008-07-28 13:16:27	12	N	\N
A1687	TA1687	 	2	2	W	D	N	N	N	N	\N	\N	\N	24	\N	\N	\N	CR1	\N	1	\N	LC	2023-06-26 00:00:00	\N	\N	\N	\N	\N	0	2022-12-12 00:00:00	2024-12-11 00:00:00	H	S	IDIR\\JPINDROC	2022-08-03 13:31:21	IDIR\\JKENNING	2023-09-27 12:01:10	6	N	\N
47/6AK	TFL47	6AK	2	15	W	A	N	N	N	N	\N	\N	\N	48	\N	\N	\N	C&E	\N	1	\N	HI	2020-05-27 13:55:39	\N	\N	\N	\N	\N	0	2020-05-25 00:00:00	2024-05-24 00:00:00	H	S	BCEID\\TRACYNG	2020-03-10 14:22:26	IDIR\\LOSTASHE	2020-05-27 13:50:24	1	N	\N
AU6001	A70881	001	1	13	E	A	N	Y	N	N	\N	\N	AU6001	24	\N	\N	\N	A	\N	\N	\N	HC	2005-07-26 00:00:00	\N	\N	\N	\N	\N	0	2003-12-03 00:00:00	2005-12-02 00:00:00	H	5	IDIR\\jcballar	2004-01-07 14:28:53	IDIR\\JSILLES	2005-07-26 10:22:13	4	N	\N
AY5001	A72929	001	1	13	E	A	N	Y	N	N	\N	\N	AY5001	24	\N	\N	\N	A	\N	\N	\N	HC	2005-07-26 00:00:00	\N	\N	\N	\N	\N	0	2003-12-03 00:00:00	2005-12-02 00:00:00	H	5	IDIR\\jcballar	2004-01-07 14:33:24	IDIR\\JSILLES	2005-07-26 11:14:34	4	N	\N
FA9145	A13840	145	2	12	E	A	N	N	N	N	\N	\N	FA9145	24	\N	\N	\N	DEAD	\N	8	\N	HC	2000-03-09 00:00:00	\N	\N	\N	\N	\N	0	1997-06-15 00:00:00	1999-06-14 00:00:00	P	4	TECUTLER	1996-12-06 08:20:54	BHENNEY	2003-10-24 14:36:10	1	N	\N
39/27Y	TFL39	27Y	1	1	W	A	N	N	Y	N	\N	\N	\N	48	\N	\N	\N	S	\N	\N	\N	HI	2008-08-19 00:00:00	\N	\N	\N	\N	\N	0	2007-08-19 00:00:00	2011-08-18 00:00:00	H	4	IDIR\\RYEE	2008-08-19 14:12:46	IDIR\\RYEE	2008-08-19 16:14:38	2	N	\N
47/12U	TFL47	12U	1	1	W	A	N	N	N	N	\N	\N	47/12U	48	\N	\N	\N	C6	\N	1	\N	HC	2005-11-10 00:00:00	\N	\N	\N	\N	\N	0	2004-02-24 00:00:00	2008-02-23 00:00:00	H	S	IDIR\\cloggie	2004-02-23 14:23:09	IDIR\\SBONNETT	2006-04-05 16:05:41	4	N	\N
ER4055	A18667	55	1	1	E	A	N	N	Y	Y	\N	ER4055	ER4055	12	\N	\N	\N	RIVE	\N	\N	\N	HC	1997-02-12 00:00:00	\N	\N	\N	1996-09-30 00:00:00	X	4	1990-10-01 00:00:00	1991-09-30 00:00:00	H	S	RDMILLER	9999-12-31 00:00:00	SLZUPP	2003-11-13 08:56:23	1	N	\N
\.


--
-- Data for Name: tree_cover_pattern_code; Type: TABLE DATA; Schema: silva; Owner: postgres
--

COPY silva.tree_cover_pattern_code (tree_cover_pattern_code, description, effective_date, expiry_date, update_timestamp) FROM stdin;
1	Single to very few (<4) occurrences of limited extent, circular to irregular shape.	1998-12-03 00:00:00	9999-12-31 00:00:00	2003-11-15 19:24:02
2	Single to very few (<4) occurrences of limited extent, linear or elongated shape.	1998-12-03 00:00:00	9999-12-31 00:00:00	2003-11-15 19:24:02
3	Several (>3) sporadic occurrences of limited extent, circular to irregular shape.	1998-12-03 00:00:00	9999-12-31 00:00:00	2003-11-15 19:24:02
4	Several (>3) sporadic occurrences of limited extent, linear or elongated shape.	1998-12-03 00:00:00	9999-12-31 00:00:00	2003-11-15 19:24:02
5	Intimately intermixed units, often with gradiational transitions from one to the other.	1998-12-03 00:00:00	9999-12-31 00:00:00	2003-11-15 19:24:02
6	Discontinuous but extensive occurrences, parallel to sub-parallel elongated in shape.	1998-12-03 00:00:00	9999-12-31 00:00:00	2003-11-15 19:24:02
7	Limited continuous occurrence with few inclusions.	1998-12-03 00:00:00	9999-12-31 00:00:00	2003-11-15 19:24:02
8	Continuous occurrence with several inclusions.	1998-12-03 00:00:00	9999-12-31 00:00:00	2003-11-15 19:24:02
9	Continuous occurrence with very few inclusions.	1998-12-03 00:00:00	9999-12-31 00:00:00	2003-11-15 19:24:02
\.


--
-- Data for Name: tree_size_unit_code; Type: TABLE DATA; Schema: silva; Owner: postgres
--

COPY silva.tree_size_unit_code (tree_size_unit_code, description, effective_date, expiry_date, update_timestamp) FROM stdin;
%	Percent	1905-01-01 00:00:00	9999-12-31 00:00:00	2003-11-15 19:24:02
CM	Centimeters	1905-01-01 00:00:00	9999-12-31 00:00:00	2003-11-15 19:24:02
\.


--
-- Data for Name: tree_species_code; Type: TABLE DATA; Schema: silva; Owner: postgres
--

COPY silva.tree_species_code (tree_species_code, description, effective_date, expiry_date, update_timestamp) FROM stdin;
BP	noble fir	2006-07-25 00:00:00	9999-12-31 00:00:00	2023-07-17 09:06:00
OB	giant sequoia	2023-06-29 00:00:00	9999-12-31 00:00:00	2023-07-17 09:06:00
OC	coast redwood	2006-07-25 00:00:00	9999-12-31 00:00:00	2023-07-17 09:06:00
SN	Norway spruce	2006-07-25 00:00:00	9999-12-31 00:00:00	2023-07-17 09:06:00
A	Aspen, Cottonwood or Poplar	1905-01-01 00:00:00	2010-06-13 00:00:00	2023-07-17 09:06:00
AC	poplar	1905-01-01 00:00:00	9999-12-31 00:00:00	2023-07-17 09:06:00
ACB	balsam poplar	1905-01-01 00:00:00	9999-12-31 00:00:00	2023-07-17 09:06:00
ACT	black cottonwood	1905-01-01 00:00:00	9999-12-31 00:00:00	2023-07-17 09:06:00
AT	trembling aspen	1905-01-01 00:00:00	9999-12-31 00:00:00	2023-07-17 09:06:00
AX	hybrid poplars	1905-01-01 00:00:00	9999-12-31 00:00:00	2023-07-17 09:06:00
B	Fir (Balsam)	1905-01-01 00:00:00	2010-06-13 00:00:00	2023-07-17 09:06:00
BA	amabilis fir	1905-01-01 00:00:00	9999-12-31 00:00:00	2023-07-17 09:06:00
BB	balsam fir	1905-01-01 00:00:00	9999-12-31 00:00:00	2023-07-17 09:06:00
BG	grand fir	1905-01-01 00:00:00	9999-12-31 00:00:00	2023-07-17 09:06:00
BL	subalpine fir	1905-01-01 00:00:00	9999-12-31 00:00:00	2023-07-17 09:06:00
BN	Noble fir  (code replaced by Bp)	1905-01-01 00:00:00	2006-07-25 00:00:00	2023-07-17 09:06:00
C	Cedar	1905-01-01 00:00:00	2010-06-13 00:00:00	2023-07-17 09:06:00
CW	western redcedar	1905-01-01 00:00:00	9999-12-31 00:00:00	2023-07-17 09:06:00
D	Alder	1905-01-01 00:00:00	2010-06-13 00:00:00	2023-07-17 09:06:00
DG	green/Sitka alder	1905-01-01 00:00:00	2006-07-25 00:00:00	2023-07-17 09:06:00
DM	mountain alder	1905-01-01 00:00:00	2006-07-25 00:00:00	2023-07-17 09:06:00
DR	red alder	1905-01-01 00:00:00	9999-12-31 00:00:00	2023-07-17 09:06:00
E	Birch	1905-01-01 00:00:00	2010-06-13 00:00:00	2023-07-17 09:06:00
EA	Alaska paper birch	1905-01-01 00:00:00	9999-12-31 00:00:00	2023-07-17 09:06:00
EB	scrub birch	1905-01-01 00:00:00	2006-07-25 00:00:00	2023-07-17 09:06:00
EP	paper birch	1905-01-01 00:00:00	9999-12-31 00:00:00	2023-07-17 09:06:00
ES	silver birch	1905-01-01 00:00:00	9999-12-31 00:00:00	2023-07-17 09:06:00
EW	water birch	1905-01-01 00:00:00	9999-12-31 00:00:00	2023-07-17 09:06:00
EX	birch hybrid	1905-01-01 00:00:00	2006-07-25 00:00:00	2023-07-17 09:06:00
EXP	Alaska x paper birch hybrid	1905-01-01 00:00:00	9999-12-31 00:00:00	2023-07-17 09:06:00
EXW	Water x paper birch	1905-01-01 00:00:00	2006-07-25 00:00:00	2023-07-17 09:06:00
F	Douglas-fir	1905-01-01 00:00:00	2010-06-13 00:00:00	2023-07-17 09:06:00
FD	Douglas-fir	1905-01-01 00:00:00	2010-06-13 00:00:00	2023-07-17 09:06:00
FDC	coastal Douglas-fir	1905-01-01 00:00:00	9999-12-31 00:00:00	2023-07-17 09:06:00
FDI	interior Douglas-fir	1905-01-01 00:00:00	9999-12-31 00:00:00	2023-07-17 09:06:00
G	Dogwood	1905-01-01 00:00:00	2010-06-13 00:00:00	2023-07-17 09:06:00
GP	Pacific dogwood	1905-01-01 00:00:00	9999-12-31 00:00:00	2023-07-17 09:06:00
GR	red-osier dogwood	1905-01-01 00:00:00	2006-07-25 00:00:00	2023-07-17 09:06:00
H	Hemlock	1905-01-01 00:00:00	2010-06-13 00:00:00	2023-07-17 09:06:00
HM	mountain hemlock	1905-01-01 00:00:00	9999-12-31 00:00:00	2023-07-17 09:06:00
HW	western hemlock	1905-01-01 00:00:00	9999-12-31 00:00:00	2023-07-17 09:06:00
HX	hemlock hybrid	1905-01-01 00:00:00	2006-07-25 00:00:00	2023-07-17 09:06:00
HXM	mountain x western hemlock hybrid	1905-01-01 00:00:00	9999-12-31 00:00:00	2023-07-17 09:06:00
J	Juniper	1905-01-01 00:00:00	2010-06-13 00:00:00	2023-07-17 09:06:00
JD	common juniper	1905-01-01 00:00:00	2006-07-25 00:00:00	2023-07-17 09:06:00
JH	creeping juniper	1905-01-01 00:00:00	2006-07-25 00:00:00	2023-07-17 09:06:00
JR	Rocky Mtn. juniper	1905-01-01 00:00:00	9999-12-31 00:00:00	2023-07-17 09:06:00
K	Cascara	1905-01-01 00:00:00	2010-06-13 00:00:00	2023-07-17 09:06:00
KC	cascara	1905-01-01 00:00:00	9999-12-31 00:00:00	2023-07-17 09:06:00
L	Larch	1905-01-01 00:00:00	2010-06-13 00:00:00	2023-07-17 09:06:00
LA	alpine larch	1905-01-01 00:00:00	9999-12-31 00:00:00	2023-07-17 09:06:00
LD	Dahurian larch	2002-02-13 00:00:00	9999-12-31 00:00:00	2023-07-17 09:06:00
LS	Siberian larch	1905-01-01 00:00:00	9999-12-31 00:00:00	2023-07-17 09:06:00
LT	tamarack	1905-01-01 00:00:00	9999-12-31 00:00:00	2023-07-17 09:06:00
LW	western larch	1905-01-01 00:00:00	9999-12-31 00:00:00	2023-07-17 09:06:00
M	Maple	1905-01-01 00:00:00	2010-06-13 00:00:00	2023-07-17 09:06:00
MB	bigleaf maple	1905-01-01 00:00:00	9999-12-31 00:00:00	2023-07-17 09:06:00
MR	Douglas maple	1905-01-01 00:00:00	2006-07-25 00:00:00	2023-07-17 09:06:00
MV	vine maple	1905-01-01 00:00:00	9999-12-31 00:00:00	2023-07-17 09:06:00
P	Pine	1905-01-01 00:00:00	2010-06-13 00:00:00	2023-07-17 09:06:00
PA	whitebark pine	1905-01-01 00:00:00	9999-12-31 00:00:00	2023-07-17 09:06:00
PF	limber pine	1905-01-01 00:00:00	9999-12-31 00:00:00	2023-07-17 09:06:00
PJ	jack pine	1905-01-01 00:00:00	9999-12-31 00:00:00	2023-07-17 09:06:00
PL	lodgepole pine	1905-01-01 00:00:00	9999-12-31 00:00:00	2023-07-17 09:06:00
PLC	shore pine	1905-01-01 00:00:00	9999-12-31 00:00:00	2023-07-17 09:06:00
PLI	lodgepole pine	1905-01-01 00:00:00	9999-12-31 00:00:00	2023-07-17 09:06:00
PR	red pine	1905-01-01 00:00:00	9999-12-31 00:00:00	2023-07-17 09:06:00
PW	western white pine	1905-01-01 00:00:00	9999-12-31 00:00:00	2023-07-17 09:06:00
PX	pine hybrid	1905-01-01 00:00:00	2006-07-25 00:00:00	2023-07-17 09:06:00
PXJ	lodgepole x jack pine hybrid	1905-01-01 00:00:00	9999-12-31 00:00:00	2023-07-17 09:06:00
PY	ponderosa pine	1905-01-01 00:00:00	9999-12-31 00:00:00	2023-07-17 09:06:00
Q	Oak	1905-01-01 00:00:00	2010-06-13 00:00:00	2023-07-17 09:06:00
QG	Garry oak	1905-01-01 00:00:00	9999-12-31 00:00:00	2023-07-17 09:06:00
RA	Arbutus	1905-01-01 00:00:00	9999-12-31 00:00:00	2023-07-17 09:06:00
S	Spruce	1905-01-01 00:00:00	2010-06-13 00:00:00	2023-07-17 09:06:00
SA	Norway spruce (code replaced by Sn)	1905-01-01 00:00:00	2006-07-25 00:00:00	2023-07-17 09:06:00
SB	black spruce	1905-01-01 00:00:00	9999-12-31 00:00:00	2023-07-17 09:06:00
SE	Engelmann spruce	1905-01-01 00:00:00	9999-12-31 00:00:00	2023-07-17 09:06:00
SS	Sitka spruce	1905-01-01 00:00:00	9999-12-31 00:00:00	2023-07-17 09:06:00
SW	white spruce	1905-01-01 00:00:00	9999-12-31 00:00:00	2023-07-17 09:06:00
SX	spruce hybrid	1905-01-01 00:00:00	9999-12-31 00:00:00	2023-07-17 09:06:00
SXB	white x black spruce	1905-01-01 00:00:00	2006-07-25 00:00:00	2023-07-17 09:06:00
SXE	engelmann x sitka spruce	1905-01-01 00:00:00	2006-07-25 00:00:00	2023-07-17 09:06:00
SXL	Sitka x white	1905-01-01 00:00:00	9999-12-31 00:00:00	2023-07-17 09:06:00
SXS	Sitka x unknown hybrid	1905-01-01 00:00:00	9999-12-31 00:00:00	2023-07-17 09:06:00
SXW	Engelmann x white	1905-01-01 00:00:00	9999-12-31 00:00:00	2023-07-17 09:06:00
SXX	white x engelmann x sitka spruce	1905-01-01 00:00:00	2006-07-25 00:00:00	2023-07-17 09:06:00
T	Yew	1905-01-01 00:00:00	2010-06-13 00:00:00	2023-07-17 09:06:00
TW	western yew	1905-01-01 00:00:00	9999-12-31 00:00:00	2023-07-17 09:06:00
UP	Pacific crab apple	1905-01-01 00:00:00	9999-12-31 00:00:00	2023-07-17 09:06:00
V	Cherry	1905-01-01 00:00:00	2010-06-13 00:00:00	2023-07-17 09:06:00
VB	bitter cherry	1905-01-01 00:00:00	9999-12-31 00:00:00	2023-07-17 09:06:00
VP	pin cherry	1905-01-01 00:00:00	9999-12-31 00:00:00	2023-07-17 09:06:00
VW	choke cherry (code replaced by Vv)	1905-01-01 00:00:00	2006-07-25 00:00:00	2023-07-17 09:06:00
W	Willow	1905-01-01 00:00:00	2010-06-13 00:00:00	2023-07-17 09:06:00
WA	peachleaf willow	1905-01-01 00:00:00	9999-12-31 00:00:00	2023-07-17 09:06:00
WB	Bebb's willow	1905-01-01 00:00:00	9999-12-31 00:00:00	2023-07-17 09:06:00
WD	pussy willow	1905-01-01 00:00:00	9999-12-31 00:00:00	2023-07-17 09:06:00
WS	Scouler's willow	1905-01-01 00:00:00	9999-12-31 00:00:00	2023-07-17 09:06:00
WT	Sitka willow	1905-01-01 00:00:00	9999-12-31 00:00:00	2023-07-17 09:06:00
Y	Cypress	1905-01-01 00:00:00	2010-06-13 00:00:00	2023-07-17 09:06:00
YC	yellow-cedar	1905-01-01 00:00:00	9999-12-31 00:00:00	2023-07-17 09:06:00
\.


--
-- Data for Name: tsb_number_code; Type: TABLE DATA; Schema: silva; Owner: postgres
--

COPY silva.tsb_number_code (tsb_number_code, description, effective_date, expiry_date, update_timestamp) FROM stdin;
01B	Arrow TSA Block B	1905-01-01 00:00:00	9999-12-31 00:00:00	2024-09-13 15:41:44
01D	Arrow TSA Block D	1905-01-01 00:00:00	9999-12-31 00:00:00	2024-09-13 15:41:44
01E	Arrow TSA Block E	1905-01-01 00:00:00	9999-12-31 00:00:00	2024-09-13 15:41:44
01F	Arrow TSA Block F	1905-01-01 00:00:00	9999-12-31 00:00:00	2024-09-13 15:41:44
01G	Arrow TSA Block G	1905-01-01 00:00:00	9999-12-31 00:00:00	2024-09-13 15:41:44
01H	Arrow TSA Block H	1905-01-01 00:00:00	9999-12-31 00:00:00	2024-09-13 15:41:44
01I	Arrow TSA Block I	1905-01-01 00:00:00	9999-12-31 00:00:00	2024-09-13 15:41:44
01K	Arrow TSA Block K	1905-01-01 00:00:00	9999-12-31 00:00:00	2024-09-13 15:41:44
01L	Arrow TSA Block L	1905-01-01 00:00:00	9999-12-31 00:00:00	2024-09-13 15:41:44
01M	Arrow TSA Block M	1905-01-01 00:00:00	9999-12-31 00:00:00	2024-09-13 15:41:44
02A	Boundary Block A (To Be Confirmed)	1905-01-01 00:00:00	9999-12-31 00:00:00	2024-09-13 15:41:44
02B	Boundary Block B (To Be Confirmed)	1905-01-01 00:00:00	9999-12-31 00:00:00	2024-09-13 15:41:44
02C	Boundary TSA Block C	1905-01-01 00:00:00	9999-12-31 00:00:00	2024-09-13 15:41:44
02D	Boundary TSA Block D	1905-01-01 00:00:00	9999-12-31 00:00:00	2024-09-13 15:41:44
02E	Boundary TSA Block E	1905-01-01 00:00:00	9999-12-31 00:00:00	2024-09-13 15:41:44
02F	Boundary TSA Block F	1905-01-01 00:00:00	9999-12-31 00:00:00	2024-09-13 15:41:44
02G	Boundary TSA Block G	1905-01-01 00:00:00	9999-12-31 00:00:00	2024-09-13 15:41:44
03A	Bulkley TSA Block A	1905-01-01 00:00:00	9999-12-31 00:00:00	2024-09-13 15:41:44
03B	Bulkley TSA Block B	1905-01-01 00:00:00	9999-12-31 00:00:00	2024-09-13 15:41:44
03C	Bulkley TSA Block C	1905-01-01 00:00:00	9999-12-31 00:00:00	2024-09-13 15:41:44
04A	Cassiar TSA Block A	1905-01-01 00:00:00	9999-12-31 00:00:00	2024-09-13 15:41:44
04B	Cassiar TSA Block B	1905-01-01 00:00:00	9999-12-31 00:00:00	2024-09-13 15:41:44
04C	Cassiar TSA Block C	1905-01-01 00:00:00	9999-12-31 00:00:00	2024-09-13 15:41:44
04D	Cassiar TSA Block D	1905-01-01 00:00:00	9999-12-31 00:00:00	2024-09-13 15:41:44
04E	Cassiar TSA Block E	1905-01-01 00:00:00	9999-12-31 00:00:00	2024-09-13 15:41:44
04F	Cassiar TSA Block F	1905-01-01 00:00:00	9999-12-31 00:00:00	2024-09-13 15:41:44
05A	Cranbrook TSA Block A	1905-01-01 00:00:00	9999-12-31 00:00:00	2024-09-13 15:41:44
05B	Cranbrook TSA Block B	1905-01-01 00:00:00	9999-12-31 00:00:00	2024-09-13 15:41:44
05C	Cranbrook TSA Block C	1905-01-01 00:00:00	9999-12-31 00:00:00	2024-09-13 15:41:44
05D	Cranbrook TSA Block D	1905-01-01 00:00:00	9999-12-31 00:00:00	2024-09-13 15:41:44
05E	Cranbrook TSA Block E	1905-01-01 00:00:00	9999-12-31 00:00:00	2024-09-13 15:41:44
05F	Cranbrook TSA Block F	1905-01-01 00:00:00	9999-12-31 00:00:00	2024-09-13 15:41:44
05G	Cranbrook TSA Block G	1905-01-01 00:00:00	9999-12-31 00:00:00	2024-09-13 15:41:44
05H	Cranbrook TSA Block H	1905-01-01 00:00:00	9999-12-31 00:00:00	2024-09-13 15:41:44
05I	Cranbrook TSA Block I	1905-01-01 00:00:00	9999-12-31 00:00:00	2024-09-13 15:41:44
05J	Cranbrook TSA Block J	1905-01-01 00:00:00	9999-12-31 00:00:00	2024-09-13 15:41:44
05K	Cranbrook TSA Block K	1905-01-01 00:00:00	9999-12-31 00:00:00	2024-09-13 15:41:44
05L	Cranbrook TSA Block L	1905-01-01 00:00:00	9999-12-31 00:00:00	2024-09-13 15:41:44
07A	Golden TSA Block A	1905-01-01 00:00:00	9999-12-31 00:00:00	2024-09-13 15:41:44
07B	Golden TSA Block B	1905-01-01 00:00:00	9999-12-31 00:00:00	2024-09-13 15:41:44
07C	Golden TSA Block C	1905-01-01 00:00:00	9999-12-31 00:00:00	2024-09-13 15:41:44
07D	Golden TSA Block D	1905-01-01 00:00:00	9999-12-31 00:00:00	2024-09-13 15:41:44
07E	Golden TSA Block E	1905-01-01 00:00:00	9999-12-31 00:00:00	2024-09-13 15:41:44
07F	Golden TSA Block F	1905-01-01 00:00:00	9999-12-31 00:00:00	2024-09-13 15:41:44
07G	Golden TSA Block G	1905-01-01 00:00:00	9999-12-31 00:00:00	2024-09-13 15:41:44
08A	Fort Nelson TSA Liard Block	1905-01-01 00:00:00	9999-12-31 00:00:00	2024-09-13 15:41:44
08B	Fort Nelson TSA Ft Nelson Blk	1905-01-01 00:00:00	9999-12-31 00:00:00	2024-09-13 15:41:44
08C	Fort Nelson TSA Sikanni Block	1905-01-01 00:00:00	9999-12-31 00:00:00	2024-09-13 15:41:44
08D	Fort Nelson TSA Kotcho Block	1905-01-01 00:00:00	9999-12-31 00:00:00	2024-09-13 15:41:44
08E	Fort Nelson TSA Kechika Block	2000-08-01 00:00:00	9999-12-31 00:00:00	2024-09-13 15:41:44
09A	Invermere TSA Block A	1905-01-01 00:00:00	9999-12-31 00:00:00	2024-09-13 15:41:44
09B	Invermere TSA Block B	1905-01-01 00:00:00	9999-12-31 00:00:00	2024-09-13 15:41:44
09C	Invermere TSA Block C	1905-01-01 00:00:00	9999-12-31 00:00:00	2024-09-13 15:41:44
09D	Invermere TSA Block D	1905-01-01 00:00:00	9999-12-31 00:00:00	2024-09-13 15:41:44
09E	Invermere TSA Block E	1905-01-01 00:00:00	9999-12-31 00:00:00	2024-09-13 15:41:44
09F	Invermere TSA Block F	1905-01-01 00:00:00	9999-12-31 00:00:00	2024-09-13 15:41:44
09G	Invermere TSA Block G	1905-01-01 00:00:00	9999-12-31 00:00:00	2024-09-13 15:41:44
10A	Kalum TSA Block A	1905-01-01 00:00:00	9999-12-31 00:00:00	2024-09-13 15:41:44
10B	Kalum TSA Block B	1905-01-01 00:00:00	9999-12-31 00:00:00	2024-09-13 15:41:44
10C	Kalum TSA Block C	1905-01-01 00:00:00	9999-12-31 00:00:00	2024-09-13 15:41:44
10D	Kalum TSA Block D	1905-01-01 00:00:00	9999-12-31 00:00:00	2024-09-13 15:41:44
10F	Kalum TSA Block F	1905-01-01 00:00:00	9999-12-31 00:00:00	2024-09-13 15:41:44
11A	Kamloops TSA Block 1	1905-01-01 00:00:00	9999-12-31 00:00:00	2024-09-13 15:41:44
11B	Kamloops TSA Block 2	1905-01-01 00:00:00	9999-12-31 00:00:00	2024-09-13 15:41:44
11C	Kamloops TSA Block 3	1905-01-01 00:00:00	9999-12-31 00:00:00	2024-09-13 15:41:44
11D	Kamloops TSA Block 4	1905-01-01 00:00:00	9999-12-31 00:00:00	2024-09-13 15:41:44
12A	Kispiox TSA Block A	1905-01-01 00:00:00	9999-12-31 00:00:00	2024-09-13 15:41:44
12B	Kispiox TSA Block B	1905-01-01 00:00:00	9999-12-31 00:00:00	2024-09-13 15:41:44
12C	Kispiox TSA Block C	1905-01-01 00:00:00	9999-12-31 00:00:00	2024-09-13 15:41:44
13B	Kootenay Lake TSA Block B	1905-01-01 00:00:00	9999-12-31 00:00:00	2024-09-13 15:41:44
12D	Kispiox TSA Block D	1905-01-01 00:00:00	9999-12-31 00:00:00	2024-09-13 15:41:44
12E	Kispiox TSA Block E	1905-01-01 00:00:00	9999-12-31 00:00:00	2024-09-13 15:41:44
12F	Kispiox TSA Block F	1905-01-01 00:00:00	9999-12-31 00:00:00	2024-09-13 15:41:44
13A	Kootenay Lake TSA Block A	1905-01-01 00:00:00	9999-12-31 00:00:00	2024-09-13 15:41:44
12G	Kispiox TSA Block G	2024-08-21 00:00:00	9999-12-31 00:00:00	2024-09-13 15:41:44
13C	Kootenay Lake TSA Block C	1905-01-01 00:00:00	9999-12-31 00:00:00	2024-09-13 15:41:44
13D	Kootenay Lake TSA Block D	1905-01-01 00:00:00	9999-12-31 00:00:00	2024-09-13 15:41:44
13E	Kootenay Lake TSA Block E	1905-01-01 00:00:00	9999-12-31 00:00:00	2024-09-13 15:41:44
13F	Kootenay Lake TSA Block F	1905-01-01 00:00:00	9999-12-31 00:00:00	2024-09-13 15:41:44
13G	Kootenay Lake TSA Block G	1905-01-01 00:00:00	9999-12-31 00:00:00	2024-09-13 15:41:44
13H	Kootenay Lake TSA Block H	1905-01-01 00:00:00	9999-12-31 00:00:00	2024-09-13 15:41:44
13I	Kootenay Lake TSA Block I	1905-01-01 00:00:00	9999-12-31 00:00:00	2024-09-13 15:41:44
13J	Kootenay Lake TSA Block J	1905-01-01 00:00:00	9999-12-31 00:00:00	2024-09-13 15:41:44
14A	Lakes TSA Block A	1905-01-01 00:00:00	9999-12-31 00:00:00	2024-09-13 15:41:44
14B	Lakes TSA Block B	1905-01-01 00:00:00	9999-12-31 00:00:00	2024-09-13 15:41:44
14C	Lakes TSA Block C	1905-01-01 00:00:00	9999-12-31 00:00:00	2024-09-13 15:41:44
14D	Lakes TSA Block D	1905-01-01 00:00:00	9999-12-31 00:00:00	2024-09-13 15:41:44
14E	Lakes TSA Block E	1905-01-01 00:00:00	9999-12-31 00:00:00	2024-09-13 15:41:44
14F	Lakes TSA Block F	1905-01-01 00:00:00	9999-12-31 00:00:00	2024-09-13 15:41:44
14G	Lakes TSA Block G	1905-01-01 00:00:00	9999-12-31 00:00:00	2024-09-13 15:41:44
15A	Lillooet TSA Block 1	1905-01-01 00:00:00	9999-12-31 00:00:00	2024-09-13 15:41:44
15B	Lillooet TSA Block 2	1905-01-01 00:00:00	9999-12-31 00:00:00	2024-09-13 15:41:44
16A	Mackenzie TSA Block A	1905-01-01 00:00:00	9999-12-31 00:00:00	2024-09-13 15:41:44
16B	Mackenzie TSA Block B	1905-01-01 00:00:00	9999-12-31 00:00:00	2024-09-13 15:41:44
16C	Mackenzie TSA Block C	1905-01-01 00:00:00	9999-12-31 00:00:00	2024-09-13 15:41:44
16D	Mackenzie TSA Block D	1905-01-01 00:00:00	9999-12-31 00:00:00	2024-09-13 15:41:44
16E	Mackenzie TSA Block E	1905-01-01 00:00:00	9999-12-31 00:00:00	2024-09-13 15:41:44
16F	Mackenzie TSA Block F	1905-01-01 00:00:00	9999-12-31 00:00:00	2024-09-13 15:41:44
16G	Mackenzie TSA Block G	1905-01-01 00:00:00	9999-12-31 00:00:00	2024-09-13 15:41:44
16H	Mackenzie TSA Block H	1905-01-01 00:00:00	9999-12-31 00:00:00	2024-09-13 15:41:44
16I	Mackenzie TSA Block I	1905-01-01 00:00:00	9999-12-31 00:00:00	2024-09-13 15:41:44
16J	Mackenzie TSA Block J	1905-01-01 00:00:00	9999-12-31 00:00:00	2024-09-13 15:41:44
16K	Mackenzie TSA Block K	1905-01-01 00:00:00	9999-12-31 00:00:00	2024-09-13 15:41:44
16L	Mackenzie TSA Block L	1905-01-01 00:00:00	9999-12-31 00:00:00	2024-09-13 15:41:44
16M	Mackenzie TSA Block M	1905-01-01 00:00:00	9999-12-31 00:00:00	2024-09-13 15:41:44
16N	Mackenzie TSA Block N	1905-01-01 00:00:00	9999-12-31 00:00:00	2024-09-13 15:41:44
16O	Mackenzie TSA Block O	1905-01-01 00:00:00	9999-12-31 00:00:00	2024-09-13 15:41:44
16P	Mackenzie TSA Block P	1905-01-01 00:00:00	9999-12-31 00:00:00	2024-09-13 15:41:44
17A	McBride TSA Block A	1905-01-01 00:00:00	9999-12-31 00:00:00	2024-09-13 15:41:44
17B	McBride TSA Block B	1905-01-01 00:00:00	9999-12-31 00:00:00	2024-09-13 15:41:44
17C	McBride TSA Block C	1905-01-01 00:00:00	9999-12-31 00:00:00	2024-09-13 15:41:44
17D	McBride TSA Block D	1905-01-01 00:00:00	9999-12-31 00:00:00	2024-09-13 15:41:44
17E	McBride TSA Block E	1905-01-01 00:00:00	9999-12-31 00:00:00	2024-09-13 15:41:44
17F	McBride TSA Block F	1905-01-01 00:00:00	9999-12-31 00:00:00	2024-09-13 15:41:44
17G	McBride TSA Block G	1905-01-01 00:00:00	9999-12-31 00:00:00	2024-09-13 15:41:44
17H	McBride TSA Block H	1905-01-01 00:00:00	9999-12-31 00:00:00	2024-09-13 15:41:44
17I	McBride TSA Block I	1905-01-01 00:00:00	9999-12-31 00:00:00	2024-09-13 15:41:44
17J	McBride TSA Block J	1905-01-01 00:00:00	9999-12-31 00:00:00	2024-09-13 15:41:44
18A	Merritt TSA Block 1	1905-01-01 00:00:00	9999-12-31 00:00:00	2024-09-13 15:41:44
18B	Merritt TSA Block 2	1905-01-01 00:00:00	9999-12-31 00:00:00	2024-09-13 15:41:44
18C	Merritt TSA Block 3	1905-01-01 00:00:00	9999-12-31 00:00:00	2024-09-13 15:41:44
18D	Merritt TSA Block 4	1905-01-01 00:00:00	9999-12-31 00:00:00	2024-09-13 15:41:44
18E	Merritt TSA Block 5	1905-01-01 00:00:00	9999-12-31 00:00:00	2024-09-13 15:41:44
18F	Merritt TSA Block 6	1905-01-01 00:00:00	9999-12-31 00:00:00	2024-09-13 15:41:44
18G	Merritt TSA Block 7	1905-01-01 00:00:00	9999-12-31 00:00:00	2024-09-13 15:41:44
18H	Merritt TSA Block 8	1905-01-01 00:00:00	9999-12-31 00:00:00	2024-09-13 15:41:44
18I	Merritt TSA Block 9	1905-01-01 00:00:00	9999-12-31 00:00:00	2024-09-13 15:41:44
19A	Mid-Coast TSA Block A	1905-01-01 00:00:00	9999-12-31 00:00:00	2024-09-13 15:41:44
19B	Mid-Coast TSA Block B	1905-01-01 00:00:00	9999-12-31 00:00:00	2024-09-13 15:41:44
19C	Mid-Coast TSA Block C	1905-01-01 00:00:00	9999-12-31 00:00:00	2024-09-13 15:41:44
19D	Mid-Coast TSA Block D	1905-01-01 00:00:00	9999-12-31 00:00:00	2024-09-13 15:41:44
19E	Mid-Coast TSA Block E	1905-01-01 00:00:00	9999-12-31 00:00:00	2024-09-13 15:41:44
19F	Mid-Coast TSA Block F	1905-01-01 00:00:00	9999-12-31 00:00:00	2024-09-13 15:41:44
20A	Morice TSA Block A	1905-01-01 00:00:00	9999-12-31 00:00:00	2024-09-13 15:41:44
20B	Morice TSA Block B	1905-01-01 00:00:00	9999-12-31 00:00:00	2024-09-13 15:41:44
20C	Morice TSA Block C	1905-01-01 00:00:00	9999-12-31 00:00:00	2024-09-13 15:41:44
20D	Morice TSA Block D	1905-01-01 00:00:00	9999-12-31 00:00:00	2024-09-13 15:41:44
20E	Morice TSA Block E	1905-01-01 00:00:00	9999-12-31 00:00:00	2024-09-13 15:41:44
21A	North Coast TSA Stewart Block	1905-01-01 00:00:00	9999-12-31 00:00:00	2024-09-13 15:41:44
21B	North Coast TSA Alice Arm Blk	1905-01-01 00:00:00	9999-12-31 00:00:00	2024-09-13 15:41:44
21C	North Coast TSA Skeena Block	1905-01-01 00:00:00	9999-12-31 00:00:00	2024-09-13 15:41:44
21D	N. Coast TSA Outer Coast Blk	1905-01-01 00:00:00	9999-12-31 00:00:00	2024-09-13 15:41:44
21E	North Coast TSA Douglas Block	1905-01-01 00:00:00	9999-12-31 00:00:00	2024-09-13 15:41:44
22A	Okanagan TSA Block 1	1905-01-01 00:00:00	9999-12-31 00:00:00	2024-09-13 15:41:44
22B	Okanagan TSA Block 2	1905-01-01 00:00:00	9999-12-31 00:00:00	2024-09-13 15:41:44
22C	Okanagan TSA Block 3	1905-01-01 00:00:00	9999-12-31 00:00:00	2024-09-13 15:41:44
22D	Okanagan TSA Block 4	1905-01-01 00:00:00	9999-12-31 00:00:00	2024-09-13 15:41:44
22E	Okanagan TSA Block 5	1905-01-01 00:00:00	9999-12-31 00:00:00	2024-09-13 15:41:44
22F	Okanagan TSA Block 6	1905-01-01 00:00:00	9999-12-31 00:00:00	2024-09-13 15:41:44
22G	Okanagan TSA Block 7	1905-01-01 00:00:00	9999-12-31 00:00:00	2024-09-13 15:41:44
22H	Okanagan TSA Block 8	1905-01-01 00:00:00	9999-12-31 00:00:00	2024-09-13 15:41:44
22I	Okanagan TSA Block 9	1905-01-01 00:00:00	9999-12-31 00:00:00	2024-09-13 15:41:44
23A	100 Mile House TSA Meadow Blk	1905-01-01 00:00:00	9999-12-31 00:00:00	2024-09-13 15:41:44
23B	100 Mile House TSA Loon Block	1905-01-01 00:00:00	9999-12-31 00:00:00	2024-09-13 15:41:44
23C	100 Mile House Bonaparte Blk	1905-01-01 00:00:00	9999-12-31 00:00:00	2024-09-13 15:41:44
23D	100 Mile House Sheridan Blk	1905-01-01 00:00:00	9999-12-31 00:00:00	2024-09-13 15:41:44
23E	100 Mile House Holden Block	1905-01-01 00:00:00	9999-12-31 00:00:00	2024-09-13 15:41:44
23F	100 Mile House Rail Block	1905-01-01 00:00:00	9999-12-31 00:00:00	2024-09-13 15:41:44
23G	100 Mile House Ruth Block	1905-01-01 00:00:00	9999-12-31 00:00:00	2024-09-13 15:41:44
23H	100 Mile House Canim Block	1905-01-01 00:00:00	9999-12-31 00:00:00	2024-09-13 15:41:44
24A	Prince George TSA Block A	1905-01-01 00:00:00	9999-12-31 00:00:00	2024-09-13 15:41:44
24B	Prince George TSA Block B	1905-01-01 00:00:00	9999-12-31 00:00:00	2024-09-13 15:41:44
24C	Prince George TSA Block C	1905-01-01 00:00:00	9999-12-31 00:00:00	2024-09-13 15:41:44
24D	Prince George TSA Block D	1905-01-01 00:00:00	9999-12-31 00:00:00	2024-09-13 15:41:44
24E	Prince George TSA Block E	1905-01-01 00:00:00	9999-12-31 00:00:00	2024-09-13 15:41:44
24F	Prince George TSA Block F	1905-01-01 00:00:00	9999-12-31 00:00:00	2024-09-13 15:41:44
24G	Prince George TSA Block G	1905-01-01 00:00:00	9999-12-31 00:00:00	2024-09-13 15:41:44
24H	Prince George TSA Block H	1905-01-01 00:00:00	9999-12-31 00:00:00	2024-09-13 15:41:44
24I	Prince George TSA Block I	1905-01-01 00:00:00	9999-12-31 00:00:00	2024-09-13 15:41:44
25A	Haida Gwaii TSA Block A (Inactive; kept for historical purposes)	1905-01-01 00:00:00	9999-12-31 00:00:00	2024-09-13 15:41:44
25B	Haida Gwaii TSA Block B (Inactive; kept for historical purposes)	1905-01-01 00:00:00	9999-12-31 00:00:00	2024-09-13 15:41:44
25C	Haida Gwaii TSA Block C (Inactive; kept for historical purposes)	1905-01-01 00:00:00	9999-12-31 00:00:00	2024-09-13 15:41:44
25D	Haida Gwaii TSA Block D (Inactive; kept for historical purposes)	1905-01-01 00:00:00	9999-12-31 00:00:00	2024-09-13 15:41:44
26A	Quesnel TSA South Kluskus Blk	1905-01-01 00:00:00	9999-12-31 00:00:00	2024-09-13 15:41:44
26B	Quesnel TSA Narcosli West Blk	1905-01-01 00:00:00	9999-12-31 00:00:00	2024-09-13 15:41:44
26C	Quesnel TSA Narcosli East Blk	1905-01-01 00:00:00	9999-12-31 00:00:00	2024-09-13 15:41:44
26D	Quesnel TSA S.S.A. Block	1905-01-01 00:00:00	9999-12-31 00:00:00	2024-09-13 15:41:44
26E	Quesnel TSA Cottonwood Block	1905-01-01 00:00:00	9999-12-31 00:00:00	2024-09-13 15:41:44
26F	Quesnel TSA Big Valley Block	1905-01-01 00:00:00	9999-12-31 00:00:00	2024-09-13 15:41:44
26G	Quesnel TSA Bowron Block	1905-01-01 00:00:00	9999-12-31 00:00:00	2024-09-13 15:41:44
26H	Quesnel TSA Cunningham Block	1905-01-01 00:00:00	9999-12-31 00:00:00	2024-09-13 15:41:44
26I	Bowron (UNREG)	1905-01-01 00:00:00	9999-12-31 00:00:00	2024-09-13 15:41:44
27A	Revelstoke TSA Block A	1905-01-01 00:00:00	9999-12-31 00:00:00	2024-09-13 15:41:44
27D	Revelstoke TSA Block D	1905-01-01 00:00:00	9999-12-31 00:00:00	2024-09-13 15:41:44
27E	Revelstoke TSA Block E	1905-01-01 00:00:00	9999-12-31 00:00:00	2024-09-13 15:41:44
27F	Revelstoke TSA Block F	1905-01-01 00:00:00	9999-12-31 00:00:00	2024-09-13 15:41:44
27G	Revelstoke TSA Block G	1905-01-01 00:00:00	9999-12-31 00:00:00	2024-09-13 15:41:44
27U	Revelstoke TSA Block U	1905-01-01 00:00:00	9999-12-31 00:00:00	2024-09-13 15:41:44
27V	Revelstoke TSA Block V	1905-01-01 00:00:00	9999-12-31 00:00:00	2024-09-13 15:41:44
29B	Wms Lk TSA Chezacut Block	1905-01-01 00:00:00	9999-12-31 00:00:00	2024-09-13 15:41:44
25E	Haida Gwaii TSA Block E	2017-10-01 00:00:00	9999-12-31 00:00:00	2024-09-13 15:41:44
27W	Revelstoke TSA Block W	1905-01-01 00:00:00	9999-12-31 00:00:00	2024-09-13 15:41:44
27X	Revelstoke TSA Block X	1905-01-01 00:00:00	9999-12-31 00:00:00	2024-09-13 15:41:44
27Y	Revelstoke TSA Block Y	1905-01-01 00:00:00	9999-12-31 00:00:00	2024-09-13 15:41:44
29A	Wms Lk TSA Anahim Block	1905-01-01 00:00:00	9999-12-31 00:00:00	2024-09-13 15:41:44
29C	Wms Lk TSA Tatla Block	1905-01-01 00:00:00	9999-12-31 00:00:00	2024-09-13 15:41:44
29D	Wms Lk TSA Chilcotin Block	1905-01-01 00:00:00	9999-12-31 00:00:00	2024-09-13 15:41:44
29E	Wms Lk TSA Kloacut Block	1905-01-01 00:00:00	9999-12-31 00:00:00	2024-09-13 15:41:44
29F	Wms Lk TSA Gaspard Block	1905-01-01 00:00:00	9999-12-31 00:00:00	2024-09-13 15:41:44
29G	Wms Lk TSA Churn Block	1905-01-01 00:00:00	9999-12-31 00:00:00	2024-09-13 15:41:44
29H	Wms Lk TSA Springhouse Block	1905-01-01 00:00:00	9999-12-31 00:00:00	2024-09-13 15:41:44
29I	Wms Lk TSA Palmer Lake Block	1905-01-01 00:00:00	9999-12-31 00:00:00	2024-09-13 15:41:44
29J	Wms Lk TSA Skelton Block	1905-01-01 00:00:00	9999-12-31 00:00:00	2024-09-13 15:41:44
29K	Wms Lk TSA Moffat Block	1905-01-01 00:00:00	9999-12-31 00:00:00	2024-09-13 15:41:44
29L	Wms Lk TSA Cariboo Block	1905-01-01 00:00:00	9999-12-31 00:00:00	2024-09-13 15:41:44
29M	Wms Lk TSA Upper Horsefly Blk	1905-01-01 00:00:00	9999-12-31 00:00:00	2024-09-13 15:41:44
29N	Wms Lk TSA Junction Block	1905-01-01 00:00:00	9999-12-31 00:00:00	2024-09-13 15:41:44
30B	Fraser TSA Chilliwack Block (Inactive; kept for historical purposes)	1905-01-01 00:00:00	9999-12-31 00:00:00	2024-09-13 15:41:44
30C	Fraser TSA Harrison Block	1905-01-01 00:00:00	9999-12-31 00:00:00	2024-09-13 15:41:44
30D	Fraser TSA Yale Block (Inactive; kept for historical purposes)	1905-01-01 00:00:00	9999-12-31 00:00:00	2024-09-13 15:41:44
30E	Fraser TSA Nahatlatch Block	1905-01-01 00:00:00	9999-12-31 00:00:00	2024-09-13 15:41:44
30F	Fraser TSA Stave Block	1905-01-01 00:00:00	9999-12-31 00:00:00	2024-09-13 15:41:44
30G	Fraser TSA Upper Pitt Block	1905-01-01 00:00:00	9999-12-31 00:00:00	2024-09-13 15:41:44
30H	Fraser TSA Maple Ridge Block	1905-01-01 00:00:00	9999-12-31 00:00:00	2024-09-13 15:41:44
30I	Fraser TSA Chilliwack-Yale Block	2017-10-01 00:00:00	9999-12-31 00:00:00	2024-09-13 15:41:44
31A	Soo TSA Squamish BlockSoo TSA Squamish Block (Inactive; kept for historical purposes)	1905-01-01 00:00:00	9999-12-31 00:00:00	2024-09-13 15:41:44
31B	Soo TSA Port Douglas Block	1905-01-01 00:00:00	9999-12-31 00:00:00	2024-09-13 15:41:44
31C	Soo TSA Pemberton Block (Inactive; kept for historical purposes)	1905-01-01 00:00:00	9999-12-31 00:00:00	2024-09-13 15:41:44
31D	Soo TSA Squamish-Pemberton Block	2017-10-01 00:00:00	9999-12-31 00:00:00	2024-09-13 15:41:44
33A	Kingcome TSA Brooks Block	1905-01-01 00:00:00	9999-12-31 00:00:00	2024-09-13 15:41:44
33B	Kingcome TSA Cape Scott Block	1905-01-01 00:00:00	9999-12-31 00:00:00	2024-09-13 15:41:44
33C	Kingcome TSA Seymour Block	1905-01-01 00:00:00	9999-12-31 00:00:00	2024-09-13 15:41:44
33D	Kingcome TSA Broughton Block	1905-01-01 00:00:00	9999-12-31 00:00:00	2024-09-13 15:41:44
33F	Kingcome TSA Klinaklini Block	1905-01-01 00:00:00	9999-12-31 00:00:00	2024-09-13 15:41:44
37A	Strathcona TSA Sayward Block	1905-01-01 00:00:00	9999-12-31 00:00:00	2024-09-13 15:41:44
37B	Strathcona TSA Kyuquot Block	1905-01-01 00:00:00	9999-12-31 00:00:00	2024-09-13 15:41:44
37D	Strath. TSA Loughborough Blk	1905-01-01 00:00:00	9999-12-31 00:00:00	2024-09-13 15:41:44
38A	Arrowsmith TSA, Barkley S.B.	1905-01-01 00:00:00	9999-12-31 00:00:00	2024-09-13 15:41:44
38B	Arrowsmith TSA Nanaimo Block	1905-01-01 00:00:00	9999-12-31 00:00:00	2024-09-13 15:41:44
38C	Arrowsmith TSA Cowichan Block	1905-01-01 00:00:00	9999-12-31 00:00:00	2024-09-13 15:41:44
39B	Sunsh Coast TSA Sechelt Block	1905-01-01 00:00:00	9999-12-31 00:00:00	2024-09-13 15:41:44
39C	Sunsh Coast TSA Powell R. Blk	1905-01-01 00:00:00	9999-12-31 00:00:00	2024-09-13 15:41:44
40A	Fort St John TSA Block A	1905-01-01 00:00:00	9999-12-31 00:00:00	2024-09-13 15:41:44
40B	Fort St John TSA Block B	1905-01-01 00:00:00	9999-12-31 00:00:00	2024-09-13 15:41:44
40C	Fort St John TSA Block C	1905-01-01 00:00:00	9999-12-31 00:00:00	2024-09-13 15:41:44
40D	Fort St John TSA Block D	1905-01-01 00:00:00	9999-12-31 00:00:00	2024-09-13 15:41:44
40E	Fort St John TSA Block E	1905-01-01 00:00:00	9999-12-31 00:00:00	2024-09-13 15:41:44
40F	Fort St John TSA Block F	1905-01-01 00:00:00	9999-12-31 00:00:00	2024-09-13 15:41:44
41A	Dawson Creek TSA Block A	1905-01-01 00:00:00	9999-12-31 00:00:00	2024-09-13 15:41:44
41B	Dawson Creek TSA Block B	1905-01-01 00:00:00	9999-12-31 00:00:00	2024-09-13 15:41:44
41C	Dawson Creek TSA Block C	1905-01-01 00:00:00	9999-12-31 00:00:00	2024-09-13 15:41:44
41D	Dawson Creek TSA Block D	1905-01-01 00:00:00	9999-12-31 00:00:00	2024-09-13 15:41:44
41E	Dawson Creek TSA Block E	1905-01-01 00:00:00	9999-12-31 00:00:00	2024-09-13 15:41:44
41F	Dawson Creek TSA Block F	1905-01-01 00:00:00	9999-12-31 00:00:00	2024-09-13 15:41:44
42A	Cranberry Creek TSA Block A	1905-01-01 00:00:00	2009-03-31 00:00:00	2024-09-13 15:41:44
43A	Nass TSA Stewart Block	2000-08-01 00:00:00	9999-12-31 00:00:00	2024-09-13 15:41:44
43E	Nass TSA Block E	1905-01-01 00:00:00	9999-12-31 00:00:00	2024-09-13 15:41:44
46C	GBR North TSA Block C	2016-07-01 00:00:00	9999-12-31 00:00:00	2024-09-13 15:41:44
44N	Pacific TSA Block N	2011-02-11 00:00:00	9999-12-31 00:00:00	2024-09-13 15:41:44
44W	Pacific TSA Block W	2011-02-11 00:00:00	9999-12-31 00:00:00	2024-09-13 15:41:44
44Z	Pacific TSA Block Z	2010-04-07 00:00:00	9999-12-31 00:00:00	2024-09-13 15:41:44
45C	Cascadia TSA Cariboo-Chilcotin Block	2010-09-28 00:00:00	9999-12-31 00:00:00	2024-09-13 15:41:44
45K	Cascadia TSA Kootenay Block	2010-09-28 00:00:00	9999-12-31 00:00:00	2024-09-13 15:41:44
45O	Cascadia TSA Okanagan-Columbia Block	2010-09-28 00:00:00	9999-12-31 00:00:00	2024-09-13 15:41:44
45S	Cascadia TSA Skeena Block	2010-09-28 00:00:00	9999-12-31 00:00:00	2024-09-13 15:41:44
46A	GBR North TSA Block A	2016-07-01 00:00:00	9999-12-31 00:00:00	2024-09-13 15:41:44
46B	GBR North TSA Block B	2016-07-01 00:00:00	9999-12-31 00:00:00	2024-09-13 15:41:44
46I	GBR North TSA Skeena Block	2016-07-01 00:00:00	9999-12-31 00:00:00	2024-09-13 15:41:44
46D	GBR North TSA Block D	2016-07-01 00:00:00	9999-12-31 00:00:00	2024-09-13 15:41:44
46F	GBR North TSA Block F	2016-07-01 00:00:00	9999-12-31 00:00:00	2024-09-13 15:41:44
46G	GBR North TSA Stewart Block	2016-07-01 00:00:00	9999-12-31 00:00:00	2024-09-13 15:41:44
46H	GBR North TSA Alice Arm Blk	2016-07-01 00:00:00	9999-12-31 00:00:00	2024-09-13 15:41:44
46E	GBR North TSA Block E	2016-07-01 00:00:00	9999-12-31 00:00:00	2024-09-13 15:41:44
46J	GBR North TSA Outer Coast Blk	2016-07-01 00:00:00	9999-12-31 00:00:00	2024-09-13 15:41:44
46K	GBR North TSA Douglas Block	2016-07-01 00:00:00	9999-12-31 00:00:00	2024-09-13 15:41:44
47A	GBR South TSA Seymour Block	2016-07-01 00:00:00	9999-12-31 00:00:00	2024-09-13 15:41:44
47B	GBR South TSA Broughton Block	2016-07-01 00:00:00	9999-12-31 00:00:00	2024-09-13 15:41:44
47C	GBR South TSA Klinaklini Block	2016-07-01 00:00:00	9999-12-31 00:00:00	2024-09-13 15:41:44
47D	GBR South TSA Loughborough Blk	2016-07-01 00:00:00	9999-12-31 00:00:00	2024-09-13 15:41:44
48A	North Island TSA Brooks Block	2016-07-01 00:00:00	9999-12-31 00:00:00	2024-09-13 15:41:44
48B	North Island TSA Cape Scott Block	2016-07-01 00:00:00	9999-12-31 00:00:00	2024-09-13 15:41:44
48C	North Island TSA Broughton Block	2016-07-01 00:00:00	9999-12-31 00:00:00	2024-09-13 15:41:44
48D	North Island TSA Sayward Block	2016-07-01 00:00:00	9999-12-31 00:00:00	2024-09-13 15:41:44
48E	North Island TSA Kyuquot Block	2016-07-01 00:00:00	9999-12-31 00:00:00	2024-09-13 15:41:44
\.


--
-- Data for Name: unit_bid_code; Type: TABLE DATA; Schema: silva; Owner: postgres
--

COPY silva.unit_bid_code (unit_bid_code, description, effective_date, expiry_date, update_timestamp) FROM stdin;
DY	Days	2006-08-31 00:00:00	9999-12-31 00:00:00	2007-03-11 17:50:54
HA	Hectares	2006-08-31 00:00:00	9999-12-31 00:00:00	2007-03-11 17:50:54
HL	Hectolitres	2006-08-31 00:00:00	9999-12-31 00:00:00	2007-03-11 17:50:54
HR	Hours	2006-08-31 00:00:00	9999-12-31 00:00:00	2007-03-11 17:50:54
KG	Kilograms	2006-08-31 00:00:00	9999-12-31 00:00:00	2007-03-11 17:50:54
KM	Kilometers	2006-08-31 00:00:00	9999-12-31 00:00:00	2007-03-11 17:50:54
PT	Plots	2006-08-31 00:00:00	9999-12-31 00:00:00	2007-03-11 17:50:54
TC	Total Cost per Unit Area	2006-08-31 00:00:00	9999-12-31 00:00:00	2007-03-11 17:50:54
TRE	Trees	2006-08-31 00:00:00	9999-12-31 00:00:00	2007-03-11 17:50:54
\.


--
-- Name: atu_atu_i; Type: INDEX; Schema: silva; Owner: postgres
--

CREATE INDEX atu_atu_i ON silva.activity_treatment_unit USING btree (opening_id, silv_base_code, silv_method_code, silv_technique_code, treatment_amount);


--
-- Name: atu_base_i; Type: INDEX; Schema: silva; Owner: postgres
--

CREATE INDEX atu_base_i ON silva.activity_treatment_unit USING btree (silv_base_code, results_ind);


--
-- Name: atu_cboa_fk_i; Type: INDEX; Schema: silva; Owner: postgres
--

CREATE INDEX atu_cboa_fk_i ON silva.activity_treatment_unit USING btree (cut_block_open_admin_id);


--
-- Name: atu_licensee_i; Type: INDEX; Schema: silva; Owner: postgres
--

CREATE INDEX atu_licensee_i ON silva.activity_treatment_unit USING btree (activity_licensee_id);


--
-- Name: atu_o_fk_i; Type: INDEX; Schema: silva; Owner: postgres
--

CREATE INDEX atu_o_fk_i ON silva.activity_treatment_unit USING btree (opening_id);


--
-- Name: atu_proj_fk_i; Type: INDEX; Schema: silva; Owner: postgres
--

CREATE INDEX atu_proj_fk_i ON silva.activity_treatment_unit USING btree (silviculture_project_id);


--
-- Name: atu_project_i; Type: INDEX; Schema: silva; Owner: postgres
--

CREATE INDEX atu_project_i ON silva.activity_treatment_unit USING btree (fia_project_id, results_ind);


--
-- Name: cbc_cb_fk_i; Type: INDEX; Schema: silva; Owner: postgres
--

CREATE INDEX cbc_cb_fk_i ON silva.cut_block_client USING btree (cb_skey);


--
-- Name: cbc_cl_fk_i; Type: INDEX; Schema: silva; Owner: postgres
--

CREATE INDEX cbc_cl_fk_i ON silva.cut_block_client USING btree (client_number, client_locn_code);


--
-- Name: cblk1_i; Type: INDEX; Schema: silva; Owner: postgres
--

CREATE INDEX cblk1_i ON silva.cut_block USING btree (forest_file_id, cutting_permit_id, cut_block_id);


--
-- Name: cblk2_i; Type: INDEX; Schema: silva; Owner: postgres
--

CREATE INDEX cblk2_i ON silva.cut_block USING btree (timber_mark, cut_block_id);


--
-- Name: cblk_ff_tm_cb_i; Type: INDEX; Schema: silva; Owner: postgres
--

CREATE INDEX cblk_ff_tm_cb_i ON silva.cut_block USING btree (forest_file_id, timber_mark, cut_block_id);


--
-- Name: cblk_i; Type: INDEX; Schema: silva; Owner: postgres
--

CREATE INDEX cblk_i ON silva.cut_block USING btree (timber_mark, forest_file_id, cutting_permit_id, cut_block_id);


--
-- Name: cboa_cblk_fk_i; Type: INDEX; Schema: silva; Owner: postgres
--

CREATE INDEX cboa_cblk_fk_i ON silva.cut_block_open_admin USING btree (cut_block_id, timber_mark, forest_file_id);


--
-- Name: cboa_cbskey_i; Type: INDEX; Schema: silva; Owner: postgres
--

CREATE INDEX cboa_cbskey_i ON silva.cut_block_open_admin USING btree (cb_skey);


--
-- Name: cboa_ffid_mark_blk_i; Type: INDEX; Schema: silva; Owner: postgres
--

CREATE INDEX cboa_ffid_mark_blk_i ON silva.cut_block_open_admin USING btree (forest_file_id, timber_mark, cut_block_id);


--
-- Name: cboa_mark_blk_i; Type: INDEX; Schema: silva; Owner: postgres
--

CREATE INDEX cboa_mark_blk_i ON silva.cut_block_open_admin USING btree (timber_mark, cut_block_id);


--
-- Name: cboa_o_fk_i; Type: INDEX; Schema: silva; Owner: postgres
--

CREATE INDEX cboa_o_fk_i ON silva.cut_block_open_admin USING btree (opening_id);


--
-- Name: cl_fc_fk_i; Type: INDEX; Schema: silva; Owner: postgres
--

CREATE INDEX cl_fc_fk_i ON silva.client_location USING btree (client_number);


--
-- Name: cl_ou_fk_i; Type: INDEX; Schema: silva; Owner: postgres
--

CREATE INDEX cl_ou_fk_i ON silva.client_location USING btree (update_org_unit);


--
-- Name: cl_ou_is_created_by_fk_i; Type: INDEX; Schema: silva; Owner: postgres
--

CREATE INDEX cl_ou_is_created_by_fk_i ON silva.client_location USING btree (add_org_unit);


--
-- Name: fc_acronym_i; Type: INDEX; Schema: silva; Owner: postgres
--

CREATE UNIQUE INDEX fc_acronym_i ON silva.forest_client USING btree (client_acronym);


--
-- Name: fc_citc_fk_i; Type: INDEX; Schema: silva; Owner: postgres
--

CREATE INDEX fc_citc_fk_i ON silva.forest_client USING btree (client_id_type_code);


--
-- Name: fc_csc_fk_i; Type: INDEX; Schema: silva; Owner: postgres
--

CREATE INDEX fc_csc_fk_i ON silva.forest_client USING btree (client_status_code);


--
-- Name: fc_ctcx_fk_i; Type: INDEX; Schema: silva; Owner: postgres
--

CREATE INDEX fc_ctcx_fk_i ON silva.forest_client USING btree (client_type_code, registry_company_type_code);


--
-- Name: fc_o_fk_i; Type: INDEX; Schema: silva; Owner: postgres
--

CREATE INDEX fc_o_fk_i ON silva.forest_cover USING btree (opening_id);


--
-- Name: fc_ou_fk_i; Type: INDEX; Schema: silva; Owner: postgres
--

CREATE INDEX fc_ou_fk_i ON silva.forest_client USING btree (add_org_unit);


--
-- Name: fc_ou_is_updated_by_fk_i; Type: INDEX; Schema: silva; Owner: postgres
--

CREATE INDEX fc_ou_is_updated_by_fk_i ON silva.forest_client USING btree (update_org_unit);


--
-- Name: fca_o_fk_i; Type: INDEX; Schema: silva; Owner: postgres
--

CREATE INDEX fca_o_fk_i ON silva.forest_cover_archive USING btree (opening_id);


--
-- Name: fcag_geometry_i; Type: INDEX; Schema: silva; Owner: postgres
--

CREATE INDEX fcag_geometry_i ON silva.forest_cover_archive_geometry USING gist (geometry);


--
-- Name: fcg_geometry_i; Type: INDEX; Schema: silva; Owner: postgres
--

CREATE INDEX fcg_geometry_i ON silva.forest_cover_geometry USING gist (geometry);


--
-- Name: fcl_i1; Type: INDEX; Schema: silva; Owner: postgres
--

CREATE INDEX fcl_i1 ON silva.for_client_link USING btree (forest_file_id);


--
-- Name: fcnma1_fca_fk_i; Type: INDEX; Schema: silva; Owner: postgres
--

CREATE INDEX fcnma1_fca_fk_i ON silva.forest_cover_non_mapped_arc USING btree (forest_cover_id, archive_date);


--
-- Name: fcnma1_ssc6_fk_i; Type: INDEX; Schema: silva; Owner: postgres
--

CREATE INDEX fcnma1_ssc6_fk_i ON silva.forest_cover_non_mapped_arc USING btree (stocking_status_code);


--
-- Name: fcnma1_stc3_fk_i; Type: INDEX; Schema: silva; Owner: postgres
--

CREATE INDEX fcnma1_stc3_fk_i ON silva.forest_cover_non_mapped_arc USING btree (stocking_type_code);


--
-- Name: fcnma_fc_fk_i; Type: INDEX; Schema: silva; Owner: postgres
--

CREATE INDEX fcnma_fc_fk_i ON silva.forest_cover_non_mapped_area USING btree (forest_cover_id);


--
-- Name: fcnma_ssc6_fk_i; Type: INDEX; Schema: silva; Owner: postgres
--

CREATE INDEX fcnma_ssc6_fk_i ON silva.forest_cover_non_mapped_area USING btree (stocking_status_code);


--
-- Name: fcnma_stc3_fk_i; Type: INDEX; Schema: silva; Owner: postgres
--

CREATE INDEX fcnma_stc3_fk_i ON silva.forest_cover_non_mapped_area USING btree (stocking_type_code);


--
-- Name: ffc_i2; Type: INDEX; Schema: silva; Owner: postgres
--

CREATE INDEX ffc_i2 ON silva.forest_file_client USING btree (forest_file_id, forest_file_client_type_code);


--
-- Name: fr_fclr_fk_i; Type: INDEX; Schema: silva; Owner: postgres
--

CREATE INDEX fr_fclr_fk_i ON silva.forhealth_rslt USING btree (forest_cover_id, forest_cover_layer_id);


--
-- Name: fr_o_fk_i; Type: INDEX; Schema: silva; Owner: postgres
--

CREATE INDEX fr_o_fk_i ON silva.forhealth_rslt USING btree (opening_id);


--
-- Name: fra_fcla_fk_i; Type: INDEX; Schema: silva; Owner: postgres
--

CREATE INDEX fra_fcla_fk_i ON silva.forhealth_rslt_archive USING btree (forest_cover_id, forest_cover_archive_date, forest_cover_layer_id);


--
-- Name: fsp_fspsc_fk_i; Type: INDEX; Schema: silva; Owner: postgres
--

CREATE INDEX fsp_fspsc_fk_i ON silva.forest_stewardship_plan USING btree (fsp_status_code);


--
-- Name: fspsrx_fsp_fk_i; Type: INDEX; Schema: silva; Owner: postgres
--

CREATE INDEX fspsrx_fsp_fk_i ON silva.fsp_standards_regime_xref USING btree (fsp_amendment_number, fsp_id);


--
-- Name: fspsrx_sr_fk_i; Type: INDEX; Schema: silva; Owner: postgres
--

CREATE INDEX fspsrx_sr_fk_i ON silva.fsp_standards_regime_xref USING btree (standards_regime_id);


--
-- Name: haa_ff_i; Type: INDEX; Schema: silva; Owner: postgres
--

CREATE INDEX haa_ff_i ON silva.hauling_authority USING btree (forest_file_id);


--
-- Name: haa_micd_fk_i; Type: INDEX; Schema: silva; Owner: postgres
--

CREATE INDEX haa_micd_fk_i ON silva.hauling_authority USING btree (marking_instrument_code);


--
-- Name: haa_mmcd_fk_i; Type: INDEX; Schema: silva; Owner: postgres
--

CREATE INDEX haa_mmcd_fk_i ON silva.hauling_authority USING btree (marking_method_code);


--
-- Name: hs_pmcd_fk_i; Type: INDEX; Schema: silva; Owner: postgres
--

CREATE INDEX hs_pmcd_fk_i ON silva.harvest_sale USING btree (payment_method_cd);


--
-- Name: hs_psccd_fk_i; Type: INDEX; Schema: silva; Owner: postgres
--

CREATE INDEX hs_psccd_fk_i ON silva.harvest_sale USING btree (plnd_sb_cat_code);


--
-- Name: hs_smcd_fk_i; Type: INDEX; Schema: silva; Owner: postgres
--

CREATE INDEX hs_smcd_fk_i ON silva.harvest_sale USING btree (sale_method_code);


--
-- Name: hs_ssccd_fk_i; Type: INDEX; Schema: silva; Owner: postgres
--

CREATE INDEX hs_ssccd_fk_i ON silva.harvest_sale USING btree (sold_sb_cat_code);


--
-- Name: hs_stcd_fk_i; Type: INDEX; Schema: silva; Owner: postgres
--

CREATE INDEX hs_stcd_fk_i ON silva.harvest_sale USING btree (sale_type_cd);


--
-- Name: hva_ff_cp_i; Type: INDEX; Schema: silva; Owner: postgres
--

CREATE INDEX hva_ff_cp_i ON silva.harvesting_authority USING btree (forest_file_id, cutting_permit_id);


--
-- Name: hva_i1; Type: INDEX; Schema: silva; Owner: postgres
--

CREATE INDEX hva_i1 ON silva.harvesting_authority USING btree (forest_file_id, forest_district, harvest_auth_status_code);


--
-- Name: hva_ltccd_fk_i; Type: INDEX; Schema: silva; Owner: postgres
--

CREATE INDEX hva_ltccd_fk_i ON silva.harvesting_authority USING btree (licence_to_cut_code);


--
-- Name: hva_ou_fk_i; Type: INDEX; Schema: silva; Owner: postgres
--

CREATE INDEX hva_ou_fk_i ON silva.harvesting_authority USING btree (forest_district);


--
-- Name: i1$_for_client_link; Type: INDEX; Schema: silva; Owner: postgres
--

CREATE UNIQUE INDEX "i1$_for_client_link" ON silva.for_client_link USING btree (client_number, client_locn_code, file_client_type, forest_file_id, cutting_permit_id, cut_block_id, licensee_start_dt);


--
-- Name: i1$_request_item; Type: INDEX; Schema: silva; Owner: postgres
--

CREATE UNIQUE INDEX "i1$_request_item" ON silva.request_item USING btree (nrsry_cli_number, nrsry_cli_locn_cd, request_skey, item_id);


--
-- Name: i2$_client_location; Type: INDEX; Schema: silva; Owner: postgres
--

CREATE INDEX "i2$_client_location" ON silva.client_location USING btree (hdbs_company_code);


--
-- Name: i2$_featur_cls; Type: INDEX; Schema: silva; Owner: postgres
--

CREATE UNIQUE INDEX "i2$_featur_cls" ON silva.feature_classes USING btree (name);


--
-- Name: i2$_forest_client; Type: INDEX; Schema: silva; Owner: postgres
--

CREATE UNIQUE INDEX "i2$_forest_client" ON silva.forest_client USING btree (client_name, legal_first_name, legal_middle_name, client_number);


--
-- Name: i2$_org_unit; Type: INDEX; Schema: silva; Owner: postgres
--

CREATE UNIQUE INDEX "i2$_org_unit" ON silva.org_unit USING btree (org_unit_code, org_unit_no);


--
-- Name: i2$_request_item; Type: INDEX; Schema: silva; Owner: postgres
--

CREATE UNIQUE INDEX "i2$_request_item" ON silva.request_item USING btree (tender_number, tender_bid_group, request_skey, item_id);


--
-- Name: i3$_featur_cls; Type: INDEX; Schema: silva; Owner: postgres
--

CREATE INDEX "i3$_featur_cls" ON silva.feature_classes USING btree (group_name_cd);


--
-- Name: i3$_org_unit; Type: INDEX; Schema: silva; Owner: postgres
--

CREATE UNIQUE INDEX "i3$_org_unit" ON silva.org_unit USING btree (org_unit_code);


--
-- Name: i3$_request_item; Type: INDEX; Schema: silva; Owner: postgres
--

CREATE INDEX "i3$_request_item" ON silva.request_item USING btree (request_skey);


--
-- Name: i4$_forest_client; Type: INDEX; Schema: silva; Owner: postgres
--

CREATE INDEX "i4$_forest_client" ON silva.forest_client USING btree (ocg_supplier_nmbr);


--
-- Name: i4$_org_unit; Type: INDEX; Schema: silva; Owner: postgres
--

CREATE UNIQUE INDEX "i4$_org_unit" ON silva.org_unit USING btree (org_unit_no, org_unit_code, org_unit_name, location_code, telephone_no, org_level_code, office_name_code);


--
-- Name: i4$_request_item; Type: INDEX; Schema: silva; Owner: postgres
--

CREATE INDEX "i4$_request_item" ON silva.request_item USING btree (standard_workplan_skey);


--
-- Name: i5$_forest_client; Type: INDEX; Schema: silva; Owner: postgres
--

CREATE INDEX "i5$_forest_client" ON silva.forest_client USING btree (corp_regn_nmbr);


--
-- Name: i5$_org_unit; Type: INDEX; Schema: silva; Owner: postgres
--

CREATE INDEX "i5$_org_unit" ON silva.org_unit USING btree (rollup_dist_code, rollup_region_code);


--
-- Name: i5$_request_item; Type: INDEX; Schema: silva; Owner: postgres
--

CREATE INDEX "i5$_request_item" ON silva.request_item USING btree (family_lot_number);


--
-- Name: i6$_org_unit; Type: INDEX; Schema: silva; Owner: postgres
--

CREATE INDEX "i6$_org_unit" ON silva.org_unit USING btree (rollup_region_no, rollup_dist_no);


--
-- Name: i7$_org_unit; Type: INDEX; Schema: silva; Owner: postgres
--

CREATE INDEX "i7$_org_unit" ON silva.org_unit USING btree (rollup_region_code, rollup_dist_code);


--
-- Name: i8$_org_unit; Type: INDEX; Schema: silva; Owner: postgres
--

CREATE UNIQUE INDEX "i8$_org_unit" ON silva.org_unit USING btree (org_unit_no, org_unit_code);


--
-- Name: i9$_org_unit; Type: INDEX; Schema: silva; Owner: postgres
--

CREATE UNIQUE INDEX "i9$_org_unit" ON silva.org_unit USING btree (org_unit_code, org_level_code, org_unit_no, org_unit_name);


--
-- Name: o_licensee_id_i; Type: INDEX; Schema: silva; Owner: postgres
--

CREATE INDEX o_licensee_id_i ON silva.opening USING btree (licensee_opening_id);


--
-- Name: o_open_category_code_i; Type: INDEX; Schema: silva; Owner: postgres
--

CREATE INDEX o_open_category_code_i ON silva.opening USING btree (open_category_code);


--
-- Name: o_opening_number_i; Type: INDEX; Schema: silva; Owner: postgres
--

CREATE INDEX o_opening_number_i ON silva.opening USING btree (mapsheet_grid, mapsheet_letter, mapsheet_quad, mapsheet_square, mapsheet_sub_quad, opening_number);


--
-- Name: o_ou_fk_i; Type: INDEX; Schema: silva; Owner: postgres
--

CREATE INDEX o_ou_fk_i ON silva.opening USING btree (admin_district_no);


--
-- Name: o_status_i; Type: INDEX; Schema: silva; Owner: postgres
--

CREATE INDEX o_status_i ON silva.opening USING btree (opening_status_code);


--
-- Name: oa_mtc_fk_i; Type: INDEX; Schema: silva; Owner: postgres
--

CREATE INDEX oa_mtc_fk_i ON silva.opening_attachment USING btree (mime_type_code);


--
-- Name: oa_o_fk_i; Type: INDEX; Schema: silva; Owner: postgres
--

CREATE INDEX oa_o_fk_i ON silva.opening_attachment USING btree (opening_id);


--
-- Name: og_geometry_i; Type: INDEX; Schema: silva; Owner: postgres
--

CREATE INDEX og_geometry_i ON silva.opening_geometry USING gist (geometry);


--
-- Name: pfu_fsc_fk_i; Type: INDEX; Schema: silva; Owner: postgres
--

CREATE INDEX pfu_fsc_fk_i ON silva.prov_forest_use USING btree (file_status_st);


--
-- Name: pfu_ftcd_fk_i; Type: INDEX; Schema: silva; Owner: postgres
--

CREATE INDEX pfu_ftcd_fk_i ON silva.prov_forest_use USING btree (file_type_code);


--
-- Name: pfu_i2; Type: INDEX; Schema: silva; Owner: postgres
--

CREATE INDEX pfu_i2 ON silva.prov_forest_use USING btree (forest_file_id, file_type_code, file_status_st);


--
-- Name: pfu_ou_fk_i; Type: INDEX; Schema: silva; Owner: postgres
--

CREATE INDEX pfu_ou_fk_i ON silva.prov_forest_use USING btree (forest_region);


--
-- Name: pr_sparri_fk_i; Type: INDEX; Schema: silva; Owner: postgres
--

CREATE INDEX pr_sparri_fk_i ON silva.planting_rslt USING btree (request_skey, item_id);


--
-- Name: pr_vl_fk_i; Type: INDEX; Schema: silva; Owner: postgres
--

CREATE INDEX pr_vl_fk_i ON silva.planting_rslt USING btree (veg_lot_id);


--
-- Name: proj_cchcd_fk_i; Type: INDEX; Schema: silva; Owner: postgres
--

CREATE INDEX proj_cchcd_fk_i ON silva.silviculture_project USING btree (crew_contract_hire_code);


--
-- Name: proj_fc2_fk_i; Type: INDEX; Schema: silva; Owner: postgres
--

CREATE INDEX proj_fc2_fk_i ON silva.silviculture_project USING btree (client_number);


--
-- Name: proj_pscd_fk_i; Type: INDEX; Schema: silva; Owner: postgres
--

CREATE INDEX proj_pscd_fk_i ON silva.silviculture_project USING btree (silv_project_status_code);


--
-- Name: proj_saz_fk_i; Type: INDEX; Schema: silva; Owner: postgres
--

CREATE INDEX proj_saz_fk_i ON silva.silviculture_project USING btree (org_unit_no, dist_admin_zone);


--
-- Name: proj_sbc_fk_i; Type: INDEX; Schema: silva; Owner: postgres
--

CREATE INDEX proj_sbc_fk_i ON silva.silviculture_project USING btree (silv_base_code);


--
-- Name: proj_ubcd_fk_i; Type: INDEX; Schema: silva; Owner: postgres
--

CREATE INDEX proj_ubcd_fk_i ON silva.silviculture_project USING btree (unit_bid_code);


--
-- Name: rad_rae_fk_i; Type: INDEX; Schema: silva; Owner: postgres
--

CREATE INDEX rad_rae_fk_i ON silva.results_audit_detail USING btree (results_audit_event_id);


--
-- Name: rae_o_fk_i; Type: INDEX; Schema: silva; Owner: postgres
--

CREATE INDEX rae_o_fk_i ON silva.results_audit_event USING btree (opening_id, action_date, results_audit_action_code);


--
-- Name: rae_proj_i; Type: INDEX; Schema: silva; Owner: postgres
--

CREATE INDEX rae_proj_i ON silva.results_audit_event USING btree (silviculture_project_id);


--
-- Name: rae_sr_fk_i; Type: INDEX; Schema: silva; Owner: postgres
--

CREATE INDEX rae_sr_fk_i ON silva.results_audit_event USING btree (standards_regime_id, action_date, results_audit_action_code);


--
-- Name: se_o_fk_i; Type: INDEX; Schema: silva; Owner: postgres
--

CREATE INDEX se_o_fk_i ON silva.stocking_ecology USING btree (opening_id);


--
-- Name: searc_ssuarc_fk_i; Type: INDEX; Schema: silva; Owner: postgres
--

CREATE INDEX searc_ssuarc_fk_i ON silva.stocking_ecology_archive USING btree (stocking_event_history_id, stocking_standard_unit_id);


--
-- Name: seh_o_fk_i; Type: INDEX; Schema: silva; Owner: postgres
--

CREATE INDEX seh_o_fk_i ON silva.stocking_event_history USING btree (opening_id);


--
-- Name: seh_oah_fk_i; Type: INDEX; Schema: silva; Owner: postgres
--

CREATE INDEX seh_oah_fk_i ON silva.stocking_event_history USING btree (opening_amendment_id, opening_amendment_number);


--
-- Name: sl_o_fk_i; Type: INDEX; Schema: silva; Owner: postgres
--

CREATE INDEX sl_o_fk_i ON silva.stocking_layer USING btree (opening_id);


--
-- Name: sl_ssu_fk_i; Type: INDEX; Schema: silva; Owner: postgres
--

CREATE INDEX sl_ssu_fk_i ON silva.stocking_layer USING btree (stocking_standard_unit_id);


--
-- Name: slarc_ssuarc_fk_i; Type: INDEX; Schema: silva; Owner: postgres
--

CREATE INDEX slarc_ssuarc_fk_i ON silva.stocking_layer_archive USING btree (stocking_event_history_id, stocking_standard_unit_id);


--
-- Name: slsarc_slarc_fk_i; Type: INDEX; Schema: silva; Owner: postgres
--

CREATE INDEX slsarc_slarc_fk_i ON silva.stocking_layer_species_archive USING btree (stocking_layer_id, stocking_event_history_id, stocking_standard_unit_id);


--
-- Name: sm_ded_i; Type: INDEX; Schema: silva; Owner: postgres
--

CREATE INDEX sm_ded_i ON silva.stocking_milestone USING btree (due_early_date);


--
-- Name: sm_dld_i; Type: INDEX; Schema: silva; Owner: postgres
--

CREATE INDEX sm_dld_i ON silva.stocking_milestone USING btree (due_late_date);


--
-- Name: spr_ri_sqatscd_fk_i; Type: INDEX; Schema: silva; Owner: postgres
--

CREATE INDEX spr_ri_sqatscd_fk_i ON silva.request_item USING btree (seedlot_qa_test_status_code);


--
-- Name: sr_srsc_fk_i; Type: INDEX; Schema: silva; Owner: postgres
--

CREATE INDEX sr_srsc_fk_i ON silva.standards_regime USING btree (standards_regime_status_code);


--
-- Name: sr_sstcd_fk_i; Type: INDEX; Schema: silva; Owner: postgres
--

CREATE INDEX sr_sstcd_fk_i ON silva.standards_regime USING btree (silv_statute_code);


--
-- Name: sra_atu_fk_i; Type: INDEX; Schema: silva; Owner: postgres
--

CREATE INDEX sra_atu_fk_i ON silva.silv_relief_application USING btree (activity_treatment_unit_id);


--
-- Name: sra_oah_fk_i; Type: INDEX; Schema: silva; Owner: postgres
--

CREATE INDEX sra_oah_fk_i ON silva.silv_relief_application USING btree (amendment_opening_id, opening_amendment_number);


--
-- Name: sra_srascd_fk_i; Type: INDEX; Schema: silva; Owner: postgres
--

CREATE INDEX sra_srascd_fk_i ON silva.silv_relief_application USING btree (silv_relief_appl_status_code);


--
-- Name: ssu_o_fk_i; Type: INDEX; Schema: silva; Owner: postgres
--

CREATE INDEX ssu_o_fk_i ON silva.stocking_standard_unit USING btree (opening_id);


--
-- Name: ssu_sr_fk_i; Type: INDEX; Schema: silva; Owner: postgres
--

CREATE INDEX ssu_sr_fk_i ON silva.stocking_standard_unit USING btree (standards_regime_id);


--
-- Name: ssu_su_i; Type: INDEX; Schema: silva; Owner: postgres
--

CREATE INDEX ssu_su_i ON silva.stocking_standard_unit USING btree (opening_id, standards_unit_id);


--
-- Name: ssuarc_seh_fk_i; Type: INDEX; Schema: silva; Owner: postgres
--

CREATE INDEX ssuarc_seh_fk_i ON silva.stocking_standard_unit_archive USING btree (stocking_event_history_id);


--
-- Name: tfalling_geographically_wit__i; Type: INDEX; Schema: silva; Owner: postgres
--

CREATE INDEX tfalling_geographically_wit__i ON silva.timber_mark USING btree (geographic_distrct);


--
-- Name: tm1_i; Type: INDEX; Schema: silva; Owner: postgres
--

CREATE INDEX tm1_i ON silva.timber_mark USING btree (vm_timber_mark);


--
-- Name: tm2_i; Type: INDEX; Schema: silva; Owner: postgres
--

CREATE INDEX tm2_i ON silva.timber_mark USING btree (hdbs_timber_mark);


--
-- Name: tm3_i; Type: INDEX; Schema: silva; Owner: postgres
--

CREATE INDEX tm3_i ON silva.timber_mark USING btree (timber_mark, forest_file_id, forest_district);


--
-- Name: tm_ou_fk_i; Type: INDEX; Schema: silva; Owner: postgres
--

CREATE INDEX tm_ou_fk_i ON silva.timber_mark USING btree (forest_district);


--
-- Name: tm_pfu_fk_i; Type: INDEX; Schema: silva; Owner: postgres
--

CREATE INDEX tm_pfu_fk_i ON silva.timber_mark USING btree (forest_file_id);


--
-- PostgreSQL database dump complete
--

\unrestrict qSWDy1UGDxYHEuOOz04H3PCMh4FJ74etSuwYPtbUgBlI2GeDpXVZaZifidPsXb2

