INSERT INTO silva.results_electronic_submission (results_submission_id, submission_timestamp, submitted_by, client_number, client_locn_code, org_unit_no, user_filename, user_reference, entry_userid, entry_timestamp, update_userid, update_timestamp, revision_count) VALUES
	 (876882,TIMESTAMP'2011-01-24 00:00:00','BCEID\JWICK','00010002','03',1,'JS activity 2011-01-24.xml',NULL,'BCEID\JWICK',TIMESTAMP'2011-01-24 15:47:41','BCEID\JWICK',TIMESTAMP'2011-01-24 15:47:41',1),
	 (1101086,TIMESTAMP'2012-03-27 00:00:00','BCEID\JWICK','00010004','00',1,'Quadra Activities 2012-03-27.xml',NULL,'BCEID\JWICK',TIMESTAMP'2012-03-27 12:54:59','BCEID\JWICK',TIMESTAMP'2012-03-27 12:54:59',1),
	 (1170543,TIMESTAMP'2012-12-21 00:00:00','BCEID\JWICK','00010004','00',1,'December 2012-12-21.xml',NULL,'BCEID\JWICK',TIMESTAMP'2012-12-21 10:59:05','BCEID\JWICK',TIMESTAMP'2012-12-21 10:59:05',1),
	 (73674,TIMESTAMP'2005-05-18 00:00:00','BCEID\JWICK',NULL,NULL,1,'original file name',NULL,'BCEID\JWICK',TIMESTAMP'2005-05-18 14:17:38','BCEID\JWICK',TIMESTAMP'2005-05-18 14:17:38',1),
	 (520772,TIMESTAMP'2008-12-04 00:00:00','BCEID\JWICK','00010002','03',1,'Quadra activity.xml',NULL,'BCEID\JWICK',TIMESTAMP'2008-12-04 13:27:20','BCEID\JWICK',TIMESTAMP'2008-12-04 13:27:20',1),
	 (1127146,TIMESTAMP'2012-07-06 00:00:00','BCEID\JWICK','00010004','00',1,'Quadra Activity July 2012-07-06.xml',NULL,'BCEID\JWICK',TIMESTAMP'2012-07-06 10:24:51','BCEID\JWICK',TIMESTAMP'2012-07-06 10:24:51',1),
	 (1110983,TIMESTAMP'2012-05-02 00:00:00','BCEID\JWICK','00010004','00',1,'12-11 FG Forest Cover 2012-05-01.xml',NULL,'BCEID\JWICK',TIMESTAMP'2012-05-02 10:41:28','BCEID\JWICK',TIMESTAMP'2012-05-02 10:41:28',1),
	 (108276,TIMESTAMP'2005-08-16 00:00:00','BCEID\JWICK',NULL,NULL,1,'original file name',NULL,'BCEID\JWICK',TIMESTAMP'2005-08-16 14:09:39','BCEID\JWICK',TIMESTAMP'2005-08-16 14:09:39',1),
	 (181939,TIMESTAMP'2006-03-10 00:00:00','BCEID\JWICK',NULL,NULL,1,'ACTIVITY_2006-03-10_01_14_07_PM.xml',NULL,'BCEID\JWICK',TIMESTAMP'2006-03-10 13:14:53','BCEID\JWICK',TIMESTAMP'2006-03-10 13:14:53',1),
	 (1307933,TIMESTAMP'2014-04-02 00:00:00','BCEID\JWICK','00010004','00',1,'cones chonat 2014-04-02.xml',NULL,'BCEID\JWICK',TIMESTAMP'2014-04-02 11:37:09','BCEID\JWICK',TIMESTAMP'2014-04-02 11:37:09',1),
	 (908604,TIMESTAMP'2011-05-02 00:00:00','BCEID\JWICK','00010002','03',1,'disturbance May 2011-05-02.xml',NULL,'BCEID\JWICK',TIMESTAMP'2011-05-02 08:39:01','BCEID\JWICK',TIMESTAMP'2011-05-02 08:39:01',1),
	 (788660,TIMESTAMP'2010-02-01 00:00:00','BCEID\JWICK','00010002','03',1,'Quadra activity 2010-02-01.xml',NULL,'BCEID\JWICK',TIMESTAMP'2010-02-01 15:21:26','BCEID\JWICK',TIMESTAMP'2010-02-01 15:21:26',1),
	 (7050,TIMESTAMP'2004-06-09 00:00:00','BCEID\JWICK','00010003','13',1,'ACTIVITY_2004-06-09_12_45_45_PM.xml',NULL,'BCEID\JWICK',TIMESTAMP'2004-06-09 12:49:59','BCEID\JWICK',TIMESTAMP'2004-06-09 12:49:59',1),
	 (245827,TIMESTAMP'2006-08-08 00:00:00','BCEID\JWICK',NULL,NULL,1,'ACTIVITY_2006_08_08-10_46_02.xml',NULL,'BCEID\JWICK',TIMESTAMP'2006-08-08 10:47:37','BCEID\JWICK',TIMESTAMP'2006-08-08 10:47:37',1),
	 (245854,TIMESTAMP'2006-08-08 00:00:00','BCEID\JWICK',NULL,NULL,1,'ACTIVITY_2006_08_08-11_38_05.xml',NULL,'BCEID\JWICK',TIMESTAMP'2006-08-08 11:39:39','BCEID\JWICK',TIMESTAMP'2006-08-08 11:39:39',1);

INSERT INTO silva.opening (opening_id, geo_district_no, admin_district_no, mapsheet_grid, mapsheet_letter, mapsheet_square, mapsheet_quad, mapsheet_sub_quad, opening_number, opening_locn_name, open_category_code, licensee_opening_id, tsb_number_code, opening_status_code, org_unit_no, dist_admin_zone, max_allow_permnt_access_pct, prev_age_class_code, prev_site_index, prev_site_index_source_code, prev_height_class_code, prev_site_class_code, prev_stocking_class_code, prev_stocking_status_code, prev_tree_spp1_code, prev_tree_spp2_code, app_ent_by_userid, approve_date, amendment_ind, results_submission_id, entry_userid, entry_timestamp, update_userid, update_timestamp, revision_count) VALUES
(101017,1,1,' 92','K','014','0','0',' 514','QUADRA ISLAND','FTML',NULL,NULL,'FG',1,'ER',7.8,NULL,0,NULL,NULL,NULL,NULL,NULL,NULL,NULL,'WICKJ',TIMESTAMP '2001-05-21 00:00:00','A',NULL,'BABAYAGA',TIMESTAMP '2001-06-07 16:13:16','BCEID\JWICK',TIMESTAMP '2014-04-02 11:37:09',19);

INSERT INTO silva.timber_mark (timber_mark, forest_file_id, cutting_permit_id, forest_district, geographic_distrct, cascade_split_code, quota_type_code, deciduous_ind, catastrophic_ind, crown_granted_ind, cruise_based_ind, certificate, hdbs_timber_mark, vm_timber_mark, tenure_term, bcaa_folio_number, activated_userid, amended_userid, district_admn_zone, granted_acqrd_date, lands_region, crown_granted_acq_desc, mark_status_st, mark_status_date, mark_amend_date, mark_appl_date, mark_cancel_date, mark_extend_date, mark_extend_rsn_cd, mark_extend_count, mark_issue_date, mark_expiry_date, markng_instrmnt_cd, marking_method_cd, entry_userid, entry_timestamp, update_userid, update_timestamp, revision_count, small_patch_salvage_ind, salvage_type_code)
VALUES('47/12K', 'TFL47', '12K', 1, 1, 'W', 'A', 'N', 'N', 'N', 'N', NULL, NULL, '47/12K', 24, NULL, NULL, NULL, 'C6', NULL, NULL, NULL, 'HC', TIMESTAMP '2004-09-07 00:00:00', NULL, NULL, NULL, NULL, NULL, 0, TIMESTAMP '2001-07-03 00:00:00', TIMESTAMP '2003-07-02 00:00:00', 'H', 'S', 'LDALEXAN', TIMESTAMP '2001-06-07 16:06:57', 'IDIR\SBONNETT', TIMESTAMP '2005-09-22 14:41:06', 2, 'N', NULL);

INSERT INTO silva.cut_block (cb_skey, hva_skey, forest_file_id, cutting_permit_id, timber_mark, cut_block_id, sp_exempt_ind, block_status_date, cut_block_description, cut_regulation_code, block_status_st, reforest_declare_type_code, revision_count, entry_userid, entry_timestamp, update_userid, update_timestamp, is_waste_assessment_required, cut_block_guid, fire_harvesting_reason_code, is_under_partition_order, reported_fire_date) VALUES
(189922, 116838, 'TFL47', '12K', '47/12K', '12-11', 'N', TIMESTAMP '2003-04-15 00:00:00', NULL, NULL, 'S', NULL, 1, 'FTA_CONV', TIMESTAMP '2003-11-15 10:48:41', 'FTA 4.0 DATA CONVERSION', TIMESTAMP '2007-06-02 11:15:37', 'U', 'B9B090A0B2E1645AE05332B3228EA5A5', NULL, NULL, NULL);

INSERT INTO silva.cut_block_open_admin (cut_block_open_admin_id, forest_file_id, timber_mark, cut_block_id, cutting_permit_id, disturbance_gross_area, disturbance_start_date, disturbance_end_date, opening_id, opening_gross_area, planned_harvest_date, planned_gross_block_area, planned_net_block_area, opening_prime_licence_ind, cb_skey, revision_count, entry_userid, entry_timestamp, update_userid, update_timestamp) VALUES
(131854,'TFL47','47/12K','12-11','12K',16.6,TIMESTAMP '2001-09-18 00:00:00',TIMESTAMP '2002-04-30 00:00:00',101017,16.6,TIMESTAMP '2001-07-03 00:00:00',16.6,9,'Y',189922,2,'RESULTS_CONV',TIMESTAMP '9999-12-31 00:00:00','FTA 4.0 DATA CONVERSION',TIMESTAMP '2007-06-02 11:17:23');

INSERT INTO silva.opening_amendment_history (opening_id, opening_amendment_number, amendment_userid, amendment_date, submitted_by_userid, submitted_date, app_ent_by_userid, approve_date, entry_userid, entry_timestamp, update_userid, update_timestamp, revision_count) VALUES
(101017,1,'BABAYAGA',TIMESTAMP '2002-04-16 00:00:00','The baba yaga',TIMESTAMP '2003-11-15 18:27:56','BABAYAGA',TIMESTAMP '2002-03-08 00:00:00','RESULTS_CONV',TIMESTAMP '2003-11-15 18:27:56','RESULTS_CONV',TIMESTAMP '2003-11-15 18:27:56',1);

INSERT INTO silva.stocking_event_history (stocking_event_history_id, opening_id, opening_amendment_id, opening_amendment_number, results_audit_action_code, submitted_userid, results_submission_id, amend_event_timestamp, entry_userid, entry_timestamp, revision_count) VALUES
(1297119,101017,101017,1,'O','Results data conversion',NULL,TIMESTAMP '2008-03-11 14:31:00','Results data conversion',TIMESTAMP '2008-03-11 14:31:00',1);

INSERT INTO silva.results_audit_event (results_audit_event_id, opening_id, standards_regime_id, silviculture_project_id, results_audit_action_code, action_date, description, user_id, email_sent_ind, xml_submission_id, opening_amendment_number, entry_userid, entry_timestamp) VALUES
(29121,101017,NULL,NULL,'SUB',TIMESTAMP '2004-06-09 12:49:59','Inserting Activity: Activity Id = 1614524, Activity Base = ''PC''',NULL,'Y',7050,NULL,'BCEID\JWICK',TIMESTAMP '2004-06-09 12:49:59'),
(29122,101017,NULL,NULL,'SUB',TIMESTAMP '2004-06-09 12:49:59','Inserting Activity: Activity Id = 1614525, Activity Base = ''PL''',NULL,'Y',7050,NULL,'BCEID\JWICK',TIMESTAMP '2004-06-09 12:49:59'),
(29123,101017,NULL,NULL,'SUB',TIMESTAMP '2004-06-09 12:49:59','Inserting Activity: Activity Id = 1614526, Activity Base = ''SU''',NULL,'Y',7050,NULL,'BCEID\JWICK',TIMESTAMP '2004-06-09 12:49:59'),
(61757,101017,NULL,NULL,'ES',TIMESTAMP '2004-11-29 10:08:00','Forest Cover 1021182',NULL,'Y',23925,NULL,'IDIR\BOWERY',TIMESTAMP '2004-11-29 10:08:00'),
(61758,101017,NULL,NULL,'ES',TIMESTAMP '2004-11-29 10:08:00','Forest Cover 1021183',NULL,'Y',23925,NULL,'IDIR\BOWERY',TIMESTAMP '2004-11-29 10:08:00'),
(61759,101017,NULL,NULL,'ES',TIMESTAMP '2004-11-29 10:08:00','Forest Cover 1021184',NULL,'Y',23925,NULL,'IDIR\BOWERY',TIMESTAMP '2004-11-29 10:08:00'),
(61760,101017,NULL,NULL,'ES',TIMESTAMP '2004-11-29 10:08:00','Forest Cover 1021185',NULL,'Y',23925,NULL,'IDIR\BOWERY',TIMESTAMP '2004-11-29 10:08:00'),
(61761,101017,NULL,NULL,'ES',TIMESTAMP '2004-11-29 10:08:00','Forest Cover 1021186',NULL,'Y',23925,NULL,'IDIR\BOWERY',TIMESTAMP '2004-11-29 10:08:00'),
(61762,101017,NULL,NULL,'ES',TIMESTAMP '2004-11-29 10:08:00','Forest Cover 1021187',NULL,'Y',23925,NULL,'IDIR\BOWERY',TIMESTAMP '2004-11-29 10:08:00'),
(199964,101017,NULL,NULL,'ES',TIMESTAMP '2005-05-18 14:17:38','Inserting Activity: Activity Id = 1688846, Activity Base = ''PL''',NULL,'Y',73674,NULL,'BCEID\JWICK',TIMESTAMP '2005-05-18 14:17:38'),
(1765472,101017,NULL,NULL,'ES',TIMESTAMP '2010-02-01 15:21:35','Inserting Activity: Activity Id = 2394795, Activity Base = ''BR''',NULL,'Y',788660,NULL,'BCEID\JWICK',TIMESTAMP '2010-02-01 15:21:35'),
(277496,101017,NULL,NULL,'ES',TIMESTAMP '2005-08-16 14:09:39','Inserting Activity: Activity Id = 1717514, Activity Base = ''BR''',NULL,'Y',108276,NULL,'BCEID\JWICK',TIMESTAMP '2005-08-16 14:09:39'),
(459780,101017,NULL,NULL,'ES',TIMESTAMP '2006-03-10 13:14:53','Inserting Activity: Activity Id = 1760811, Activity Base = ''SU''',NULL,'Y',181939,NULL,'BCEID\JWICK',TIMESTAMP '2006-03-10 13:14:53'),
(614917,101017,NULL,NULL,'ES',TIMESTAMP '2006-08-08 10:47:37','Inserting Activity: Activity Id = 1806920, Activity Base = ''BR''',NULL,'Y',245827,NULL,'BCEID\JWICK',TIMESTAMP '2006-08-08 10:47:37'),
(615012,101017,NULL,NULL,'ES',TIMESTAMP '2006-08-08 11:39:40','Inserting Activity: Activity Id = 1806987, Activity Base = ''PL''',NULL,'Y',245854,NULL,'BCEID\JWICK',TIMESTAMP '2006-08-08 11:39:40'),
(1316170,101017,NULL,NULL,'ES',TIMESTAMP '2008-12-04 13:27:23','Inserting Activity: Activity Id = 2200184, Activity Base = ''PC''',NULL,'Y',520772,NULL,'BCEID\JWICK',TIMESTAMP '2008-12-04 13:27:23'),
(1316171,101017,NULL,NULL,'ES',TIMESTAMP '2008-12-04 13:27:23','Inserting Activity: Activity Id = 2200185, Activity Base = ''BR''',NULL,'Y',520772,NULL,'BCEID\JWICK',TIMESTAMP '2008-12-04 13:27:23'),
(1316172,101017,NULL,NULL,'ES',TIMESTAMP '2008-12-04 13:27:23','Inserting Activity: Activity Id = 2200186, Activity Base = ''BR''',NULL,'Y',520772,NULL,'BCEID\JWICK',TIMESTAMP '2008-12-04 13:27:23'),
(1316173,101017,NULL,NULL,'ES',TIMESTAMP '2008-12-04 13:27:23','Inserting Activity: Activity Id = 2200187, Activity Base = ''BR''',NULL,'Y',520772,NULL,'BCEID\JWICK',TIMESTAMP '2008-12-04 13:27:23'),
(1765471,101017,NULL,NULL,'ES',TIMESTAMP '2010-02-01 15:21:35','Inserting Activity: Activity Id = 2394794, Activity Base = ''PC''',NULL,'Y',788660,NULL,'BCEID\JWICK',TIMESTAMP '2010-02-01 15:21:35'),
(2499368,101017,NULL,NULL,'ES',TIMESTAMP '2012-05-02 10:41:30','Forest Cover Polygon No. 2 (Id=2648985)',NULL,'Y',1110983,NULL,'BCEID\JWICK',TIMESTAMP '2012-05-02 10:41:30'),
(2066156,101017,NULL,NULL,'ES',TIMESTAMP '2011-01-24 15:49:27','Inserting Activity: Activity Id = 2541614, Activity Base = ''PC''',NULL,'Y',876882,NULL,'BCEID\JWICK',TIMESTAMP '2011-01-24 15:49:27'),
(2066157,101017,NULL,NULL,'ES',TIMESTAMP '2011-01-24 15:49:27','Inserting Activity: Activity Id = 2541615, Activity Base = ''BR''',NULL,'Y',876882,NULL,'BCEID\JWICK',TIMESTAMP '2011-01-24 15:49:27'),
(2193943,101017,NULL,NULL,'ES',TIMESTAMP '2011-05-02 08:39:03','Inserting Activity: Activity Id = 2598871, Activity Base = ''SU''',NULL,'Y',908604,NULL,'BCEID\JWICK',TIMESTAMP '2011-05-02 08:39:03'),
(2464881,101017,NULL,NULL,'ES',TIMESTAMP '2012-03-27 12:55:03','Inserting Activity: Activity Id = 2744529, Activity Base = ''BR''',NULL,'Y',1101086,NULL,'BCEID\JWICK',TIMESTAMP '2012-03-27 12:55:03'),
(2497525,101017,NULL,NULL,'MIL',TIMESTAMP '2012-04-30 14:40:19','Milestone was modified.',NULL,'N',NULL,NULL,'BCEID\JWICK',TIMESTAMP '2012-04-30 14:40:19'),
(2497527,101017,NULL,NULL,'MIL',TIMESTAMP '2012-04-30 14:41:30','Milestone was modified.',NULL,'N',NULL,NULL,'BCEID\JWICK',TIMESTAMP '2012-04-30 14:41:30'),
(2499365,101017,NULL,NULL,'ES',TIMESTAMP '2012-05-02 10:41:30','Forest Cover Polygon No. A1 (Id=2648982)',NULL,'Y',1110983,NULL,'BCEID\JWICK',TIMESTAMP '2012-05-02 10:41:30'),
(2499366,101017,NULL,NULL,'ES',TIMESTAMP '2012-05-02 10:41:30','Forest Cover Polygon No. B2 (Id=2648983)',NULL,'Y',1110983,NULL,'BCEID\JWICK',TIMESTAMP '2012-05-02 10:41:30'),
(2499367,101017,NULL,NULL,'ES',TIMESTAMP '2012-05-02 10:41:30','Forest Cover Polygon No. 1 (Id=2648984)',NULL,'Y',1110983,NULL,'BCEID\JWICK',TIMESTAMP '2012-05-02 10:41:30'),
(2499369,101017,NULL,NULL,'ES',TIMESTAMP '2012-05-02 10:41:30','Forest Cover Polygon No. 3 (Id=2648986)',NULL,'Y',1110983,NULL,'BCEID\JWICK',TIMESTAMP '2012-05-02 10:41:30'),
(3080031,101017,NULL,NULL,'ES',TIMESTAMP '2014-04-02 11:37:09','Inserting Activity: Activity Id = 3094188, Activity Base = ''PC''',NULL,'Y',1307933,NULL,'BCEID\JWICK',TIMESTAMP '2014-04-02 11:37:09'),
(2544310,101017,NULL,NULL,'ES',TIMESTAMP '2012-07-06 10:24:55','Inserting Activity: Activity Id = 2787017, Activity Base = ''SU''',NULL,'Y',1127146,NULL,'BCEID\JWICK',TIMESTAMP '2012-07-06 10:24:55'),
(2651122,101017,NULL,NULL,'ES',TIMESTAMP '2012-12-21 10:59:21','Inserting Activity: Activity Id = 2871301, Activity Base = ''BR''',NULL,'Y',1170543,NULL,'BCEID\JWICK',TIMESTAMP '2012-12-21 10:59:21');

INSERT INTO silva.activity_treatment_unit (activity_treatment_unit_id, activity_tu_seq_no, org_unit_no, opening_id, silviculture_project_id, project_unit_id, silv_base_code, silv_technique_code, silv_method_code, silv_objective_code_1, silv_objective_code_2, silv_objective_code_3, silv_fund_srce_code, silv_activity_measurement_code, activity_licensee_id, treatment_amount, actual_treatment_cost, act_planted_no, plan_silv_technique_code, plan_silv_method_code, plan_silv_fund_srce_code, planned_date, planned_treatment_amount, planned_treatment_cost, plan_silv_objective_code_1, plan_silv_objective_code_2, plan_silv_objective_code_3, target_prepared_spots, pruning_min_crown_pct, prune_height, stems_to_prune, min_acceptable_density, total_stems_per_ha, inter_tree_target_distance, inter_tree_variation, inter_tree_min_distance, max_trees_per_plot, max_trees_per_ha, survey_planned_num_plots, survey_actual_num_plots, survey_min_plots_per_stratum, silv_tree_species_code, atu_start_date, atu_completion_date, results_ind, unit_bid_price, fia_project_id, results_submission_id, disturbance_code, silv_system_code, silv_system_variant_code, silv_cut_phase_code, cut_block_open_admin_id, disturbance_completed_ind, entry_userid, entry_timestamp, update_userid, update_timestamp, revision_count) VALUES
(891373,2,1,101017,NULL,NULL,'PL','PL','CTAIN','CGE',NULL,NULL,'IA','HA',NULL,3.4,NULL,3460,NULL,NULL,NULL,NULL,NULL,NULL,NULL,NULL,NULL,NULL,NULL,NULL,NULL,NULL,NULL,NULL,NULL,NULL,NULL,NULL,NULL,NULL,NULL,NULL,NULL,TIMESTAMP'2002-04-04 00:00:00','Y',NULL,NULL,NULL,NULL,NULL,NULL,NULL,NULL,NULL,'ASKYWALKER',TIMESTAMP'2002-07-30 08:21:17','ASKYWALKER',TIMESTAMP'2003-07-11 12:55:29',2),
(891374,3,1,101017,NULL,NULL,'PL','CG','BAGS','CGE',NULL,NULL,'IA','HA',NULL,3,NULL,0,NULL,NULL,NULL,NULL,NULL,NULL,NULL,NULL,NULL,NULL,NULL,NULL,NULL,NULL,NULL,NULL,NULL,NULL,NULL,NULL,NULL,NULL,NULL,NULL,NULL,TIMESTAMP'2002-04-04 00:00:00','Y',NULL,NULL,NULL,NULL,NULL,NULL,NULL,NULL,NULL,'ASKYWALKER',TIMESTAMP'2002-07-30 08:21:19','ASKYWALKER',TIMESTAMP'2003-07-11 12:55:29',2),
(891375,4,1,101017,NULL,NULL,'PL','SE','GROCO','CE',NULL,NULL,'IA','HA',NULL,0.5,NULL,0,NULL,NULL,NULL,NULL,NULL,NULL,NULL,NULL,NULL,NULL,NULL,NULL,NULL,NULL,NULL,NULL,NULL,NULL,NULL,NULL,NULL,NULL,NULL,NULL,NULL,TIMESTAMP'2002-04-04 00:00:00','Y',NULL,NULL,NULL,NULL,NULL,NULL,NULL,NULL,NULL,'ASKYWALKER',TIMESTAMP'2002-07-30 08:21:20','ASKYWALKER',TIMESTAMP'2003-07-11 12:55:29',2),
(951118,5,1,101017,NULL,NULL,'PC','SE','REPEL','A',NULL,NULL,'IA','HA',NULL,8.1,NULL,0,NULL,NULL,NULL,NULL,NULL,NULL,NULL,NULL,NULL,NULL,NULL,NULL,NULL,NULL,NULL,NULL,NULL,NULL,NULL,NULL,NULL,NULL,NULL,NULL,NULL,TIMESTAMP'2003-05-02 00:00:00','Y',NULL,NULL,NULL,NULL,NULL,NULL,NULL,NULL,NULL,'ASKYWALKER',TIMESTAMP'2003-05-29 15:11:03','ASKYWALKER',TIMESTAMP'2003-07-11 12:55:29',2),
(956614,6,1,101017,NULL,NULL,'SP','MA','POWER','CE',NULL,NULL,'IA','HA',NULL,0.9,NULL,0,NULL,NULL,NULL,NULL,NULL,NULL,NULL,NULL,NULL,NULL,NULL,NULL,NULL,NULL,NULL,NULL,NULL,NULL,NULL,NULL,NULL,NULL,NULL,NULL,NULL,TIMESTAMP'2003-03-20 00:00:00','Y',NULL,NULL,NULL,NULL,NULL,NULL,NULL,NULL,NULL,'ASKYWALKER',TIMESTAMP'2003-06-20 10:09:19','ASKYWALKER',TIMESTAMP'2003-07-11 12:55:29',2),
(881032,1,1,101017,NULL,NULL,'DN','HV',NULL,NULL,NULL,NULL,'IA','HA',NULL,16.6,NULL,0,NULL,NULL,NULL,NULL,NULL,NULL,NULL,NULL,NULL,NULL,NULL,NULL,NULL,NULL,NULL,NULL,NULL,NULL,NULL,NULL,NULL,NULL,NULL,NULL,TIMESTAMP'2001-09-18 00:00:00',TIMESTAMP'2002-04-30 00:00:00','Y',NULL,NULL,NULL,'L','CLEAR',NULL,'REMOV',NULL,NULL,'ASKYWALKER',TIMESTAMP'2002-05-31 13:41:47','ASKYWALKER',TIMESTAMP'2003-07-11 12:55:29',2),
(958915,7,1,101017,NULL,NULL,'SU','RG','WALK','RG',NULL,NULL,'IA','HA',NULL,0.5,NULL,0,NULL,NULL,NULL,NULL,NULL,NULL,NULL,NULL,NULL,NULL,NULL,NULL,NULL,NULL,NULL,NULL,NULL,NULL,NULL,NULL,NULL,NULL,NULL,NULL,NULL,TIMESTAMP'2003-06-23 00:00:00','Y',NULL,NULL,NULL,NULL,NULL,NULL,NULL,NULL,NULL,'ASKYWALKER',TIMESTAMP'2003-07-07 08:57:59','ASKYWALKER',TIMESTAMP'2003-07-11 12:55:29',2),
(961024,8,1,101017,NULL,NULL,'FE','CG','GRANU','CGE',NULL,NULL,'FIV','HA',NULL,5.7,NULL,0,'CG','GRANU','FIV',TIMESTAMP'2003-03-01 00:00:00',5.7,NULL,'CGE',NULL,NULL,NULL,NULL,NULL,NULL,NULL,NULL,NULL,NULL,NULL,NULL,NULL,NULL,NULL,NULL,NULL,NULL,TIMESTAMP'2003-03-16 00:00:00','Y',NULL,'0006080004',NULL,NULL,NULL,NULL,NULL,NULL,NULL,'ASKYWALKER',TIMESTAMP'2003-07-11 12:55:29','ASKYWALKER',TIMESTAMP'2003-07-11 12:55:53',2),
(977091,9,1,101017,NULL,NULL,'SP','BU','PBURN','CE',NULL,NULL,'IA','HA',NULL,0.2,NULL,0,NULL,NULL,NULL,NULL,NULL,NULL,NULL,NULL,NULL,NULL,NULL,NULL,NULL,NULL,NULL,NULL,NULL,NULL,NULL,NULL,NULL,NULL,NULL,NULL,NULL,TIMESTAMP'2002-11-12 00:00:00','Y',NULL,NULL,NULL,NULL,NULL,NULL,NULL,NULL,NULL,'ASKYWALKER',TIMESTAMP'2003-10-09 12:55:41','ASKYWALKER',TIMESTAMP'2003-10-09 12:55:41',1),
(1688846,13,1,101017,NULL,NULL,'PL','SE','CONE','CE',NULL,NULL,'IA','HA','08819 08819',0.1,NULL,NULL,NULL,NULL,NULL,NULL,NULL,NULL,NULL,NULL,NULL,NULL,NULL,NULL,NULL,NULL,NULL,NULL,NULL,NULL,NULL,NULL,NULL,NULL,NULL,NULL,NULL,TIMESTAMP'2005-03-03 00:00:00','Y',NULL,NULL,73674,NULL,NULL,NULL,NULL,NULL,NULL,'BCEID\ASKYWALKER',TIMESTAMP'2005-05-18 14:17:38','BCEID\ASKYWALKER',TIMESTAMP'2005-05-18 14:17:38',2),
(1717514,14,1,101017,NULL,NULL,'BR','MA','STAKE','CGE',NULL,NULL,'IA','HA','09152 09152',0.6,NULL,NULL,NULL,NULL,NULL,NULL,NULL,NULL,NULL,NULL,NULL,NULL,NULL,NULL,NULL,NULL,NULL,NULL,NULL,NULL,NULL,NULL,NULL,NULL,NULL,NULL,NULL,TIMESTAMP'2005-07-08 00:00:00','Y',NULL,NULL,108276,NULL,NULL,NULL,NULL,NULL,NULL,'BCEID\ASKYWALKER',TIMESTAMP'2005-08-16 14:09:39','BCEID\ASKYWALKER',TIMESTAMP'2005-08-16 14:09:39',2),
(2541614,24,1,101017,NULL,NULL,'PC','SE','MAINT',NULL,NULL,NULL,'IA','HA','549851',2,NULL,NULL,NULL,NULL,NULL,NULL,NULL,NULL,NULL,NULL,NULL,NULL,NULL,NULL,NULL,NULL,NULL,NULL,NULL,NULL,NULL,NULL,NULL,NULL,NULL,NULL,NULL,TIMESTAMP'2010-12-02 00:00:00','Y',NULL,NULL,876882,NULL,NULL,NULL,NULL,NULL,NULL,'BCEID\ASKYWALKER',TIMESTAMP'2011-01-24 15:49:27','BCEID\ASKYWALKER',TIMESTAMP'2011-01-24 15:49:27',1),
(2541615,25,1,101017,NULL,NULL,'BR','MA','MANSB',NULL,NULL,NULL,'IA','HA','549850',1.3,NULL,NULL,NULL,NULL,NULL,NULL,NULL,NULL,NULL,NULL,NULL,NULL,NULL,NULL,NULL,NULL,NULL,NULL,NULL,NULL,NULL,NULL,NULL,NULL,NULL,NULL,NULL,TIMESTAMP'2010-06-14 00:00:00','Y',NULL,NULL,876882,NULL,NULL,NULL,NULL,NULL,NULL,'BCEID\ASKYWALKER',TIMESTAMP'2011-01-24 15:49:27','BCEID\ASKYWALKER',TIMESTAMP'2011-01-24 15:49:27',1),
(1614524,10,1,101017,NULL,NULL,'PC','SE','REPEL','A',NULL,NULL,'IA','HA',NULL,8.1,NULL,NULL,NULL,NULL,NULL,NULL,NULL,NULL,NULL,NULL,NULL,NULL,NULL,NULL,NULL,NULL,NULL,NULL,NULL,NULL,NULL,NULL,NULL,NULL,NULL,NULL,NULL,TIMESTAMP'2004-04-26 00:00:00','Y',NULL,NULL,7050,NULL,NULL,NULL,NULL,NULL,NULL,'bceid\ASKYWALKER',TIMESTAMP'2004-06-09 12:49:59','DATAFIX77247',TIMESTAMP'2004-10-22 16:04:28',2),
(1614525,11,1,101017,NULL,NULL,'PL','FP','CTAIN','CE',NULL,NULL,'IA','HA',NULL,7.2,NULL,3240,NULL,NULL,NULL,NULL,NULL,NULL,NULL,NULL,NULL,NULL,NULL,NULL,NULL,NULL,NULL,NULL,NULL,NULL,NULL,NULL,NULL,NULL,NULL,NULL,NULL,TIMESTAMP'2004-04-07 00:00:00','Y',NULL,NULL,7050,NULL,NULL,NULL,NULL,NULL,NULL,'bceid\ASKYWALKER',TIMESTAMP'2004-06-09 12:49:59','DATAFIX77247',TIMESTAMP'2004-10-22 16:04:28',2),
(1614526,12,1,101017,NULL,NULL,'SU','RG','PLOT','RG','SU','BR','IA','HA',NULL,8.1,NULL,NULL,NULL,NULL,NULL,NULL,NULL,NULL,NULL,NULL,NULL,NULL,NULL,NULL,NULL,NULL,NULL,NULL,NULL,NULL,NULL,NULL,NULL,NULL,NULL,NULL,NULL,TIMESTAMP'2004-02-20 00:00:00','Y',NULL,NULL,7050,NULL,NULL,NULL,NULL,NULL,NULL,'bceid\ASKYWALKER',TIMESTAMP'2004-06-09 12:49:59','DATAFIX77247',TIMESTAMP'2004-10-22 16:04:21',2),
(1806920,16,1,101017,NULL,NULL,'BR','MA','MANCT','CGE',NULL,NULL,'IA','HA','09986 09986',1,NULL,NULL,NULL,NULL,NULL,NULL,NULL,NULL,NULL,NULL,NULL,NULL,NULL,NULL,NULL,NULL,NULL,NULL,NULL,NULL,NULL,NULL,NULL,NULL,NULL,NULL,NULL,TIMESTAMP'2006-07-12 00:00:00','Y',NULL,NULL,245827,NULL,NULL,NULL,NULL,NULL,NULL,'BCEID\ASKYWALKER',TIMESTAMP'2006-08-08 10:47:38','BCEID\ASKYWALKER',TIMESTAMP'2006-08-08 10:47:38',2),
(1806987,17,1,101017,NULL,NULL,'PL','FP','CTAIN','CE',NULL,NULL,'IA','HA','10006 02534',0.7,NULL,250,NULL,NULL,NULL,NULL,NULL,NULL,NULL,NULL,NULL,NULL,NULL,NULL,NULL,NULL,NULL,NULL,NULL,NULL,NULL,NULL,NULL,NULL,NULL,NULL,NULL,TIMESTAMP'2006-03-24 00:00:00','Y',NULL,NULL,245854,NULL,NULL,NULL,NULL,NULL,NULL,'BCEID\ASKYWALKER',TIMESTAMP'2006-08-08 11:39:40','BCEID\ASKYWALKER',TIMESTAMP'2006-08-08 11:39:41',2),
(2394794,22,1,101017,NULL,NULL,'PC','SE','MAINT',NULL,NULL,NULL,'IA','HA','547485',1.7,NULL,NULL,NULL,NULL,NULL,NULL,NULL,NULL,NULL,NULL,NULL,NULL,NULL,NULL,NULL,NULL,NULL,NULL,NULL,NULL,NULL,NULL,NULL,NULL,NULL,NULL,NULL,TIMESTAMP'2009-10-27 00:00:00','Y',NULL,NULL,788660,NULL,NULL,NULL,NULL,NULL,NULL,'BCEID\ASKYWALKER',TIMESTAMP'2010-02-01 15:21:35','BCEID\ASKYWALKER',TIMESTAMP'2010-02-01 15:21:35',1),
(2394795,23,1,101017,NULL,NULL,'BR','MA','MANSB',NULL,NULL,NULL,'IA','HA','547484',1.4,NULL,NULL,NULL,NULL,NULL,NULL,NULL,NULL,NULL,NULL,NULL,NULL,NULL,NULL,NULL,NULL,NULL,NULL,NULL,NULL,NULL,NULL,NULL,NULL,NULL,NULL,NULL,TIMESTAMP'2009-06-09 00:00:00','Y',NULL,NULL,788660,NULL,NULL,NULL,NULL,NULL,NULL,'BCEID\ASKYWALKER',TIMESTAMP'2010-02-01 15:21:35','BCEID\ASKYWALKER',TIMESTAMP'2010-02-01 15:21:35',1);
INSERT INTO silva.activity_treatment_unit (activity_treatment_unit_id, activity_tu_seq_no, org_unit_no, opening_id, silviculture_project_id, project_unit_id, silv_base_code, silv_technique_code, silv_method_code, silv_objective_code_1, silv_objective_code_2, silv_objective_code_3, silv_fund_srce_code, silv_activity_measurement_code, activity_licensee_id, treatment_amount, actual_treatment_cost, act_planted_no, plan_silv_technique_code, plan_silv_method_code, plan_silv_fund_srce_code, planned_date, planned_treatment_amount, planned_treatment_cost, plan_silv_objective_code_1, plan_silv_objective_code_2, plan_silv_objective_code_3, target_prepared_spots, pruning_min_crown_pct, prune_height, stems_to_prune, min_acceptable_density, total_stems_per_ha, inter_tree_target_distance, inter_tree_variation, inter_tree_min_distance, max_trees_per_plot, max_trees_per_ha, survey_planned_num_plots, survey_actual_num_plots, survey_min_plots_per_stratum, silv_tree_species_code, atu_start_date, atu_completion_date, results_ind, unit_bid_price, fia_project_id, results_submission_id, disturbance_code, silv_system_code, silv_system_variant_code, silv_cut_phase_code, cut_block_open_admin_id, disturbance_completed_ind, entry_userid, entry_timestamp, update_userid, update_timestamp, revision_count) VALUES
(1760811,15,1,101017,NULL,NULL,'SU','RA','PLOT','RA',NULL,NULL,'IA','HA','09703 09703',8.1,NULL,NULL,NULL,NULL,NULL,NULL,NULL,NULL,NULL,NULL,NULL,NULL,NULL,NULL,NULL,NULL,NULL,NULL,NULL,NULL,NULL,NULL,NULL,NULL,NULL,NULL,NULL,TIMESTAMP'2006-01-12 00:00:00','Y',NULL,'L',181939,NULL,NULL,NULL,NULL,NULL,NULL,'BCEID\ASKYWALKER',TIMESTAMP'2006-03-10 13:14:53','BCEID\ASKYWALKER',TIMESTAMP'2006-03-10 13:14:53',2),
(2200184,18,1,101017,NULL,NULL,'PC','SE','MAINT',NULL,NULL,NULL,'IA','HA','544440',3,NULL,NULL,NULL,NULL,NULL,NULL,NULL,NULL,NULL,NULL,NULL,NULL,NULL,NULL,NULL,NULL,NULL,NULL,NULL,NULL,NULL,NULL,NULL,NULL,NULL,NULL,NULL,TIMESTAMP'2008-10-24 00:00:00','Y',NULL,NULL,520772,NULL,NULL,NULL,NULL,NULL,NULL,'BCEID\ASKYWALKER',TIMESTAMP'2008-12-04 13:27:23','BCEID\ASKYWALKER',TIMESTAMP'2008-12-04 13:27:23',1),
(2200185,19,1,101017,NULL,NULL,'BR','MA','MANSB',NULL,NULL,NULL,'IA','HA','544439',2.5,NULL,NULL,NULL,NULL,NULL,NULL,NULL,NULL,NULL,NULL,NULL,NULL,NULL,NULL,NULL,NULL,NULL,NULL,NULL,NULL,NULL,NULL,NULL,NULL,NULL,NULL,NULL,TIMESTAMP'2008-07-06 00:00:00','Y',NULL,NULL,520772,NULL,NULL,NULL,NULL,NULL,NULL,'BCEID\ASKYWALKER',TIMESTAMP'2008-12-04 13:27:23','BCEID\ASKYWALKER',TIMESTAMP'2008-12-04 13:27:23',1),
(2200186,20,1,101017,NULL,NULL,'BR','MA','POWER','CGE',NULL,NULL,'IA','HA','496924',5.5,NULL,NULL,NULL,NULL,NULL,NULL,NULL,NULL,NULL,NULL,NULL,NULL,NULL,NULL,NULL,NULL,NULL,NULL,NULL,NULL,NULL,NULL,NULL,NULL,NULL,NULL,NULL,TIMESTAMP'2008-11-13 00:00:00','Y',NULL,NULL,520772,NULL,NULL,NULL,NULL,NULL,NULL,'BCEID\ASKYWALKER',TIMESTAMP'2008-12-04 13:27:23','BCEID\ASKYWALKER',TIMESTAMP'2008-12-04 13:27:23',1),
(2200187,21,1,101017,NULL,NULL,'BR','MA','MANGI',NULL,NULL,NULL,'IA','HA','544438',1,NULL,NULL,NULL,NULL,NULL,NULL,NULL,NULL,NULL,NULL,NULL,NULL,NULL,NULL,NULL,NULL,NULL,NULL,NULL,NULL,NULL,NULL,NULL,NULL,NULL,NULL,NULL,TIMESTAMP'2008-11-07 00:00:00','Y',NULL,NULL,520772,NULL,NULL,NULL,NULL,NULL,NULL,'BCEID\ASKYWALKER',TIMESTAMP'2008-12-04 13:27:23','BCEID\ASKYWALKER',TIMESTAMP'2008-12-04 13:27:23',1),
(3094188,30,1,101017,NULL,NULL,'PC','SE','MAINT',NULL,NULL,NULL,'IA','HA','560342',1.3,NULL,NULL,NULL,NULL,NULL,NULL,NULL,NULL,NULL,NULL,NULL,NULL,NULL,NULL,NULL,NULL,NULL,NULL,NULL,NULL,NULL,NULL,NULL,NULL,NULL,NULL,NULL,TIMESTAMP'2013-10-24 00:00:00','Y',NULL,NULL,1307933,NULL,NULL,NULL,NULL,NULL,NULL,'BCEID\ASKYWALKER',TIMESTAMP'2014-04-02 11:37:09','BCEID\ASKYWALKER',TIMESTAMP'2014-04-02 11:37:09',1),
(2744529,27,1,101017,NULL,NULL,'BR','MA','POWER',NULL,NULL,NULL,'IA','HA','553249',4.8,NULL,NULL,NULL,NULL,NULL,NULL,NULL,NULL,NULL,NULL,NULL,NULL,NULL,NULL,NULL,NULL,NULL,NULL,NULL,NULL,NULL,NULL,NULL,NULL,NULL,NULL,NULL,TIMESTAMP'2011-05-24 00:00:00','Y',NULL,NULL,1101086,NULL,NULL,NULL,NULL,NULL,NULL,'BCEID\ASKYWALKER',TIMESTAMP'2012-03-27 12:55:03','BCEID\ASKYWALKER',TIMESTAMP'2012-03-27 12:55:03',1),
(2787017,28,1,101017,NULL,NULL,'SU','FG','PLOT',NULL,NULL,NULL,'IA','HA','545767',8.9,NULL,NULL,NULL,NULL,NULL,NULL,NULL,NULL,NULL,NULL,NULL,NULL,NULL,NULL,NULL,NULL,NULL,NULL,NULL,NULL,NULL,NULL,NULL,NULL,NULL,NULL,NULL,TIMESTAMP'2012-01-06 00:00:00','Y',NULL,NULL,1127146,NULL,NULL,NULL,NULL,NULL,NULL,'BCEID\ASKYWALKER',TIMESTAMP'2012-07-06 10:24:55','BCEID\ASKYWALKER',TIMESTAMP'2012-07-06 10:24:55',1),
(2871301,29,1,101017,NULL,NULL,'BR','MA','MANSB',NULL,NULL,NULL,'IA','HA','556415',0.7,NULL,NULL,NULL,NULL,NULL,NULL,NULL,NULL,NULL,NULL,NULL,NULL,NULL,NULL,NULL,NULL,NULL,NULL,NULL,NULL,NULL,NULL,NULL,NULL,NULL,NULL,NULL,TIMESTAMP'2012-06-22 00:00:00','Y',NULL,NULL,1170543,NULL,NULL,NULL,NULL,NULL,NULL,'BCEID\ASKYWALKER',TIMESTAMP'2012-12-21 10:59:21','BCEID\ASKYWALKER',TIMESTAMP'2012-12-21 10:59:21',1),
(2598871,26,1,101017,NULL,NULL,'SU','RA','WALK',NULL,NULL,NULL,'IA','HA','550167',8.9,NULL,NULL,NULL,NULL,NULL,NULL,NULL,NULL,NULL,NULL,NULL,NULL,NULL,NULL,NULL,NULL,NULL,NULL,NULL,NULL,NULL,NULL,NULL,NULL,NULL,NULL,NULL,TIMESTAMP'2010-10-01 00:00:00','Y',NULL,NULL,908604,NULL,NULL,NULL,NULL,NULL,NULL,'BCEID\ASKYWALKER',TIMESTAMP'2011-05-02 08:39:03','BCEID\ASKYWALKER',TIMESTAMP'2011-05-02 08:39:03',1);

INSERT INTO silva.stocking_standard_unit (stocking_standard_unit_id, opening_id, standards_unit_id, standards_regime_id, net_area, max_allow_soil_disturbance_pct, variance_ind, entry_userid, entry_timestamp, update_userid, update_timestamp, revision_count) VALUES
(194833,101017,'A',NULL,7.9,5,NULL,'RESULTS_CONV',TIMESTAMP '2003-11-15 19:46:23','RESULTS_CONV',TIMESTAMP '2003-11-15 19:46:23',4),
(194837,101017,'B',NULL,1.1,0,NULL,'RESULTS_CONV',TIMESTAMP '2003-11-15 19:46:23','RESULTS_CONV',TIMESTAMP '2003-11-15 19:46:23',4);

INSERT INTO silva.stocking_milestone (stocking_standard_unit_id, silv_milestone_type_code, results_submission_id, declared_date, declared_userid, declare_ind, declaration_submitted_date, early_offset_years, late_offset_years, due_early_date, due_late_date, entry_userid, entry_timestamp, update_userid, update_timestamp, revision_count, extent_feasible_declared_ind) VALUES
(194833,'FG',NULL,TIMESTAMP '2012-04-30 00:00:00','BCEID\JWICK','Y',TIMESTAMP '2012-04-30 14:40:19',8,11,TIMESTAMP '2009-09-18 00:00:00',TIMESTAMP '2012-09-18 00:00:00','RESULTS_CONV',TIMESTAMP '2003-11-15 19:45:06','BCEID\JWICK',TIMESTAMP '2014-04-02 11:37:09',31,'N'),
(194833,'PH',NULL,NULL,NULL,'N',NULL,NULL,NULL,NULL,NULL,'RESULTS_CONV',TIMESTAMP '2003-11-15 19:45:06','BCEID\JWICK',TIMESTAMP '2014-04-02 11:37:09',30,'N'),
(194833,'RG',NULL,NULL,NULL,'N',NULL,NULL,3,NULL,TIMESTAMP '2004-09-18 00:00:00','RESULTS_CONV',TIMESTAMP '2003-11-15 19:45:06','BCEID\JWICK',TIMESTAMP '2014-04-02 11:37:09',30,'N'),
(194837,'FG',NULL,TIMESTAMP '2012-04-30 00:00:00','BCEID\JWICK','Y',TIMESTAMP '2012-04-30 14:41:30',0,0,TIMESTAMP '2001-09-18 00:00:00',TIMESTAMP '2001-09-18 00:00:00','RESULTS_CONV',TIMESTAMP '2003-11-15 19:45:06','BCEID\JWICK',TIMESTAMP '2014-04-02 11:37:09',31,'N'),
(194837,'PH',NULL,NULL,NULL,'N',NULL,NULL,NULL,NULL,NULL,'RESULTS_CONV',TIMESTAMP '2003-11-15 19:45:06','BCEID\JWICK',TIMESTAMP '2014-04-02 11:37:09',30,'N'),
(194837,'RG',NULL,NULL,NULL,'N',NULL,NULL,0,NULL,TIMESTAMP '2001-09-18 00:00:00','RESULTS_CONV',TIMESTAMP '2003-11-15 19:45:06','BCEID\JWICK',TIMESTAMP '2014-04-02 11:37:09',30,'N');

INSERT INTO silva.silviculture_comment (silviculture_comment_id, comment_date, silv_comment_source_code, silv_comment_type_code, comment_text, entry_userid, entry_timestamp, update_userid, update_timestamp, revision_count) VALUES
(1, TIMESTAMP'2025-04-07 14:42:07', 'OPEN', 'GENERAL', 'All good so far', 'IDIR\JAKETHEDOG', TIMESTAMP'2025-04-07 14:42:07', 'IDIR\JAKETHEDOG', TIMESTAMP'2025-04-07 14:42:07', 1);

INSERT INTO silva.opening_comment_link (opening_id, silviculture_comment_id) VALUES
(101017, 1);

INSERT INTO silva.stocking_ecology (stocking_ecology_id, opening_id, stocking_standard_unit_id, bec_region_code, bgc_zone_code, bgc_subzone_code, bgc_variant, bgc_phase, bec_site_series, bec_site_type, bec_seral, entry_userid, entry_timestamp, update_userid, update_timestamp, revision_count) VALUES
(1091254, 101017, 194837, NULL, NULL, NULL, NULL, NULL, NULL, NULL, NULL, 'RESULTS_CONV', TIMESTAMP '2005-11-09 16:13:53', 'RESULTS_CONV', TIMESTAMP '2005-11-09 16:13:53', 1),
(198152, 101017, 194833, NULL, 'CWH', 'xm', NULL, NULL, '01', '05', NULL, 'RESULTS_CONV', TIMESTAMP '2003-11-15 18:55:01', 'RESULTS_CONV', TIMESTAMP '2003-11-15 18:55:01', 1);

INSERT INTO silva.stocking_layer (stocking_layer_id, stocking_standard_unit_id, opening_id, stocking_layer_code, target_stocking, residual_basal_area, min_horizontal_distance, min_pref_stocking_standard, min_post_spacing, min_stocking_standard, max_post_spacing, max_conifer, hght_relative_to_comp, tree_size_unit_code, entry_userid, entry_timestamp, update_userid, update_timestamp, revision_count) VALUES
(267809, 194833, 101017, 'I', 800, NULL, 2, 400, NULL, 500, NULL, 10000, 150, '%', 'RESULTS_CONV', TIMESTAMP '2003-11-16 08:43:46', 'RESULTS_CONV', TIMESTAMP '2003-11-16 08:43:46', 1),
(267813, 194837, 101017, 'I', NULL, NULL, 2, NULL, NULL, NULL, NULL, 0, NULL, NULL, 'RESULTS_CONV', TIMESTAMP '2003-11-16 08:43:46', 'RESULTS_CONV', TIMESTAMP '2003-11-16 08:43:46', 1);

INSERT INTO silva.stocking_layer_species (stocking_layer_id, silv_tree_species_code, species_order, preferred_ind, min_height, entry_userid, entry_timestamp, update_userid, update_timestamp, revision_count) VALUES
	 (267809,'CW',3,'Y',NULL,'RESULTS_CONV',TIMESTAMP'2003-11-16 08:43:46','RESULTS_CONV',TIMESTAMP'2003-11-16 08:43:46',1),
	 (267809,'FDC',1,'Y',NULL,'RESULTS_CONV',TIMESTAMP'2003-11-16 08:43:46','RESULTS_CONV',TIMESTAMP'2003-11-16 08:43:46',1),
	 (267809,'HW',2,'Y',NULL,'RESULTS_CONV',TIMESTAMP'2003-11-16 08:43:46','RESULTS_CONV',TIMESTAMP'2003-11-16 08:43:46',1),
	 (267809,'PW',1,'N',NULL,'RESULTS_CONV',TIMESTAMP'2003-11-16 08:43:46','RESULTS_CONV',TIMESTAMP'2003-11-16 08:43:46',1);

INSERT INTO silva.planting_rslt (activity_treatment_unit_id, results_ind, plant_rslt_seq_no, silv_tree_species_code, number_planted, planted_no_beyond_xfer_limit, bid_price_per_tree, seedlot_number, veg_lot_id, request_skey, item_id, entry_userid, entry_timestamp, update_userid, update_timestamp, revision_count, climate_based_seed_xfer_ind) VALUES
	 (891373,'Y',1,'FDC',3000,NULL,NULL,'60641',NULL,NULL,NULL,'RESULTS_CONV',TIMESTAMP'2003-11-16 08:55:22','MLSEDT',TIMESTAMP'2002-07-30 08:21:18',1,'N'),
	 (891373,'Y',2,'CW',460,NULL,NULL,'45014',NULL,NULL,NULL,'RESULTS_CONV',TIMESTAMP'2003-11-16 08:55:22','MLSEDT',TIMESTAMP'2002-07-30 08:21:18',1,'N'),
	 (1614525,'Y',1,'FDC',3240,NULL,NULL,'61076',NULL,NULL,NULL,'bceid\tcouillard',TIMESTAMP'2004-06-09 12:49:59','bceid\tcouillard',TIMESTAMP'2004-06-09 12:49:59',1,'N'),
	 (1806987,'Y',1,'FDC',140,NULL,NULL,'61071',NULL,NULL,NULL,'BCEID\TCOUILLARD',TIMESTAMP'2006-08-08 11:39:41','BCEID\TCOUILLARD',TIMESTAMP'2006-08-08 11:39:41',1,'N'),
	 (1806987,'Y',2,'FDC',110,NULL,NULL,'61076',NULL,NULL,NULL,'BCEID\TCOUILLARD',TIMESTAMP'2006-08-08 11:39:41','BCEID\TCOUILLARD',TIMESTAMP'2006-08-08 11:39:41',1,'N');

INSERT INTO silva.forest_cover (forest_cover_id, opening_id, stocking_standard_unit_id, silv_polygon_no, silv_polygon_area, silv_polygon_net_area, stocking_class_code, stocking_status_code, stocking_type_code, reference_year, reentry_year, site_class_code, site_index, site_index_source_code, silv_reserve_code, silv_reserve_objective_code, tree_species_code, tree_cover_pattern_code, results_submission_id, entry_userid, entry_timestamp, update_userid, update_timestamp, revision_count) VALUES
	 (2648982,101017,194833,'A1',9.1,8.1,NULL,'IMM','ART',2012,NULL,NULL,33,'H',NULL,NULL,'HW',NULL,1110983,'BCEID\ASKYWALKER',TIMESTAMP'2004-11-29 10:08:00','BCEID\ASKYWALKER',TIMESTAMP'2012-05-02 10:41:30',6),
	 (2648983,101017,194837,'B2',1,1,NULL,'IMM','ART',2012,NULL,NULL,33,'H',NULL,NULL,'HW',NULL,1110983,'BCEID\ASKYWALKER',TIMESTAMP'2004-11-29 10:08:00','BCEID\ASKYWALKER',TIMESTAMP'2012-05-02 10:41:30',5),
	 (2648984,101017,NULL,'1',1.3,1.3,NULL,'IMM','NAT',2000,NULL,NULL,27,'H','G','RMA',NULL,NULL,1110983,'BCEID\ASKYWALKER',TIMESTAMP'2004-11-29 10:08:00','BCEID\ASKYWALKER',TIMESTAMP'2012-05-02 10:41:30',1),
	 (2648985,101017,NULL,'2',1.4,1.4,NULL,'IMM','NAT',2000,NULL,NULL,33,'H','G','TIM',NULL,NULL,1110983,'BCEID\ASKYWALKER',TIMESTAMP'2004-11-29 10:08:00','BCEID\ASKYWALKER',TIMESTAMP'2012-05-02 10:41:30',1),
	 (2648986,101017,NULL,'3',3.9,3.9,NULL,'IMM','NAT',2000,NULL,NULL,39,'H','G','WTR',NULL,NULL,1110983,'BCEID\ASKYWALKER',TIMESTAMP'2004-11-29 10:08:00','BCEID\ASKYWALKER',TIMESTAMP'2012-05-02 10:41:30',1);

INSERT INTO silva.forest_cover_non_mapped_area (forest_cover_id, non_mapped_area_id, non_mapped_area, stocking_status_code, stocking_type_code, revision_count) VALUES
	 (2648982,'A1',1,'NP','UNN',1);

INSERT INTO silva.forest_cover_layer (forest_cover_id, forest_cover_layer_id, forest_cover_layer_code, stocking_type_code, stocking_status_code, total_stems_per_ha, total_well_spaced_stems_per_ha, well_spaced_stems_per_ha, free_growing_stems_per_ha, crown_closure_pct, basal_area, entry_userid, entry_timestamp, update_userid, update_timestamp, revision_count) VALUES
	 (2648982,3106815,'I',NULL,NULL,2889,NULL,NULL,NULL,1,NULL,'BCEID\TCOUILLARD',TIMESTAMP'2012-05-02 10:41:30','BCEID\TCOUILLARD',TIMESTAMP'2012-05-02 10:41:30',1),
	 (2648982,3106816,'S',NULL,NULL,NULL,1044,800,533,NULL,NULL,'BCEID\TCOUILLARD',TIMESTAMP'2012-05-02 10:41:30','BCEID\TCOUILLARD',TIMESTAMP'2012-05-02 10:41:30',1),
	 (2648983,3106817,'S',NULL,NULL,NULL,933,800,800,NULL,NULL,'BCEID\TCOUILLARD',TIMESTAMP'2012-05-02 10:41:30','BCEID\TCOUILLARD',TIMESTAMP'2012-05-02 10:41:30',1),
	 (2648983,3106818,'I',NULL,NULL,2400,NULL,NULL,NULL,65,NULL,'BCEID\TCOUILLARD',TIMESTAMP'2012-05-02 10:41:30','BCEID\TCOUILLARD',TIMESTAMP'2012-05-02 10:41:30',1);

INSERT INTO silva.forest_cover_layer_species (forest_cover_id, forest_cover_layer_id, species_order, tree_species_code, tree_species_pct, avg_age, avg_height, entry_userid, entry_timestamp, update_userid, update_timestamp, revision_count) VALUES
	 (2648982,3106815,1,'HW',60,8,2.2,'BCEID\TCOUILLARD',TIMESTAMP'2012-05-02 10:41:30','BCEID\TCOUILLARD',TIMESTAMP'2012-05-02 10:41:30',1),
	 (2648982,3106815,2,'FDC',40,10,2.5,'BCEID\TCOUILLARD',TIMESTAMP'2012-05-02 10:41:30','BCEID\TCOUILLARD',TIMESTAMP'2012-05-02 10:41:30',1),
	 (2648982,3106816,1,'HW',54,8,3,'BCEID\TCOUILLARD',TIMESTAMP'2012-05-02 10:41:30','BCEID\TCOUILLARD',TIMESTAMP'2012-05-02 10:41:30',1),
	 (2648982,3106816,2,'FDC',27,10,4,'BCEID\TCOUILLARD',TIMESTAMP'2012-05-02 10:41:30','BCEID\TCOUILLARD',TIMESTAMP'2012-05-02 10:41:30',1),
	 (2648982,3106816,3,'CW',19,10,3.6,'BCEID\TCOUILLARD',TIMESTAMP'2012-05-02 10:41:30','BCEID\TCOUILLARD',TIMESTAMP'2012-05-02 10:41:30',1),
	 (2648983,3106817,1,'HW',57,13,5.8,'BCEID\TCOUILLARD',TIMESTAMP'2012-05-02 10:41:30','BCEID\TCOUILLARD',TIMESTAMP'2012-05-02 10:41:30',1),
	 (2648983,3106817,2,'FDC',43,75,35.3,'BCEID\TCOUILLARD',TIMESTAMP'2012-05-02 10:41:30','BCEID\TCOUILLARD',TIMESTAMP'2012-05-02 10:41:30',1),
	 (2648983,3106818,1,'HW',80,23,9.2,'BCEID\TCOUILLARD',TIMESTAMP'2012-05-02 10:41:30','BCEID\TCOUILLARD',TIMESTAMP'2012-05-02 10:41:30',1),
	 (2648983,3106818,2,'FDC',20,75,35.3,'BCEID\TCOUILLARD',TIMESTAMP'2012-05-02 10:41:30','BCEID\TCOUILLARD',TIMESTAMP'2012-05-02 10:41:30',1);

INSERT INTO silva.opening_land_status (opening_id, opening_land_status_date, np_unn_area, np_nat_area, np_for_area, nsr_npl_area, nsr_nat_area, nsr_pl_area, sr_art_area, sr_nat_area, mat_area, fg_norm_area, nc_br_area, entry_userid, entry_timestamp, update_userid, update_timestamp, revision_count) VALUES(101017, TIMESTAMP '2002-06-03 00:00:00', 1.3, 0, 0, 0, 0, 7.9, 0, 7.4, 0, 0, 0, 'RESULTS_CONV', TIMESTAMP '2003-11-15 18:53:39', 'RESULTS_CONV', TIMESTAMP '2003-11-15 18:53:39', 1);
INSERT INTO silva.opening_land_status (opening_id, opening_land_status_date, np_unn_area, np_nat_area, np_for_area, nsr_npl_area, nsr_nat_area, nsr_pl_area, sr_art_area, sr_nat_area, mat_area, fg_norm_area, nc_br_area, entry_userid, entry_timestamp, update_userid, update_timestamp, revision_count) VALUES(101017, TIMESTAMP '2002-06-04 00:00:00', 1.3, 0, 0, 0, 0, 7.9, 0, 7.4, 0, 0, 0, 'RESULTS_CONV', TIMESTAMP '2003-11-15 18:53:39', 'RESULTS_CONV', TIMESTAMP '2003-11-15 18:53:39', 1);
INSERT INTO silva.opening_land_status (opening_id, opening_land_status_date, np_unn_area, np_nat_area, np_for_area, nsr_npl_area, nsr_nat_area, nsr_pl_area, sr_art_area, sr_nat_area, mat_area, fg_norm_area, nc_br_area, entry_userid, entry_timestamp, update_userid, update_timestamp, revision_count) VALUES(101017, TIMESTAMP '2002-06-11 00:00:00', 1.3, 0, 0, 0, 0, 7.9, 0, 7.4, 0, 0, 0, 'RESULTS_CONV', TIMESTAMP '2003-11-15 18:53:39', 'RESULTS_CONV', TIMESTAMP '2003-11-15 18:53:39', 1);
INSERT INTO silva.opening_land_status (opening_id, opening_land_status_date, np_unn_area, np_nat_area, np_for_area, nsr_npl_area, nsr_nat_area, nsr_pl_area, sr_art_area, sr_nat_area, mat_area, fg_norm_area, nc_br_area, entry_userid, entry_timestamp, update_userid, update_timestamp, revision_count) VALUES(101017, TIMESTAMP '2004-10-01 00:00:01', 1, 0, 0, 0, 0, 0, 8.1, 7.5, 0, 0, 0, 'PT12345', TIMESTAMP '2005-08-30 15:08:50', 'PT12345', TIMESTAMP '2005-08-30 15:08:50', 1);
INSERT INTO silva.opening_land_status (opening_id, opening_land_status_date, np_unn_area, np_nat_area, np_for_area, nsr_npl_area, nsr_nat_area, nsr_pl_area, sr_art_area, sr_nat_area, mat_area, fg_norm_area, nc_br_area, entry_userid, entry_timestamp, update_userid, update_timestamp, revision_count) VALUES(101017, TIMESTAMP '2012-05-02 00:00:00', 1, 0, 0, 0, 0, 0, 9.1, 6.6, 0, 9, 0, 'BCEID\ASKYWALKER', TIMESTAMP '2012-05-02 10:41:30', 'BCEID\ASKYWALKER', TIMESTAMP '2012-05-02 10:41:30', 1);
INSERT INTO silva.opening_land_status (opening_id, opening_land_status_date, np_unn_area, np_nat_area, np_for_area, nsr_npl_area, nsr_nat_area, nsr_pl_area, sr_art_area, sr_nat_area, mat_area, fg_norm_area, nc_br_area, entry_userid, entry_timestamp, update_userid, update_timestamp, revision_count) VALUES(101017, TIMESTAMP '2004-11-29 10:08:00', 1, 0, 0, 0, 0, 0, 8.1, 7.5, 0, 9, 0, 'IDIR\JDOE', TIMESTAMP '2004-11-29 10:08:00', 'PT#54321', TIMESTAMP '2005-06-23 16:01:15', 2);

INSERT INTO silva.forest_cover_archive (forest_cover_id, archive_date, opening_id, stocking_standard_unit_id, silv_polygon_no, silv_polygon_area, silv_polygon_net_area, stocking_class_code, stocking_type_code, stocking_status_code, reference_year, reentry_year, site_class_code, site_index, site_index_source_code, silv_reserve_code, silv_reserve_objective_code, tree_species_code, tree_cover_pattern_code, results_submission_id, entry_userid, entry_timestamp, update_userid, update_timestamp, revision_count) VALUES(1021182, TIMESTAMP '2012-05-02 00:00:00', 101017, 194833, 'A', 8.1, 8.1, NULL, 'ART', 'IMM', 2004, NULL, NULL, 32, 'H', 'N', NULL, 'FDC', NULL, 23925, 'IDIR\JDOE', TIMESTAMP '2004-11-29 10:08:00', 'IDIR\JDOE', TIMESTAMP '2004-11-29 10:08:00', 8);
INSERT INTO silva.forest_cover_archive (forest_cover_id, archive_date, opening_id, stocking_standard_unit_id, silv_polygon_no, silv_polygon_area, silv_polygon_net_area, stocking_class_code, stocking_type_code, stocking_status_code, reference_year, reentry_year, site_class_code, site_index, site_index_source_code, silv_reserve_code, silv_reserve_objective_code, tree_species_code, tree_cover_pattern_code, results_submission_id, entry_userid, entry_timestamp, update_userid, update_timestamp, revision_count) VALUES(1021183, TIMESTAMP '2012-05-02 00:00:00', 101017, 194837, 'B', 1.1, 1.1, NULL, 'NAT', 'IMM', 2000, NULL, NULL, 36, 'H', 'U', NULL, 'FDC', NULL, 23925, 'IDIR\JDOE', TIMESTAMP '2004-11-29 10:08:00', 'IDIR\JDOE', TIMESTAMP '2004-11-29 10:08:00', 4);
INSERT INTO silva.forest_cover_archive (forest_cover_id, archive_date, opening_id, stocking_standard_unit_id, silv_polygon_no, silv_polygon_area, silv_polygon_net_area, stocking_class_code, stocking_type_code, stocking_status_code, reference_year, reentry_year, site_class_code, site_index, site_index_source_code, silv_reserve_code, silv_reserve_objective_code, tree_species_code, tree_cover_pattern_code, results_submission_id, entry_userid, entry_timestamp, update_userid, update_timestamp, revision_count) VALUES(1021184, TIMESTAMP '2012-05-02 00:00:00', 101017, NULL, 'C', 1.4, 1.4, NULL, 'NAT', 'IMM', 2000, NULL, NULL, 36, 'H', 'G', NULL, 'FDC', NULL, 23925, 'IDIR\JDOE', TIMESTAMP '2004-11-29 10:08:00', 'IDIR\JDOE', TIMESTAMP '2004-11-29 10:08:00', 4);
INSERT INTO silva.forest_cover_archive (forest_cover_id, archive_date, opening_id, stocking_standard_unit_id, silv_polygon_no, silv_polygon_area, silv_polygon_net_area, stocking_class_code, stocking_type_code, stocking_status_code, reference_year, reentry_year, site_class_code, site_index, site_index_source_code, silv_reserve_code, silv_reserve_objective_code, tree_species_code, tree_cover_pattern_code, results_submission_id, entry_userid, entry_timestamp, update_userid, update_timestamp, revision_count) VALUES(1021185, TIMESTAMP '2012-05-02 00:00:00', 101017, NULL, 'D', 1.3, 1.3, NULL, 'NAT', 'IMM', 2000, NULL, NULL, 32, 'H', 'G', NULL, 'FDC', NULL, 23925, 'IDIR\JDOE', TIMESTAMP '2004-11-29 10:08:00', 'IDIR\JDOE', TIMESTAMP '2004-11-29 10:08:00', 3);
INSERT INTO silva.forest_cover_archive (forest_cover_id, archive_date, opening_id, stocking_standard_unit_id, silv_polygon_no, silv_polygon_area, silv_polygon_net_area, stocking_class_code, stocking_type_code, stocking_status_code, reference_year, reentry_year, site_class_code, site_index, site_index_source_code, silv_reserve_code, silv_reserve_objective_code, tree_species_code, tree_cover_pattern_code, results_submission_id, entry_userid, entry_timestamp, update_userid, update_timestamp, revision_count) VALUES(1021186, TIMESTAMP '2012-05-02 00:00:00', 101017, NULL, 'E', 3.7, 3.7, NULL, 'NAT', 'IMM', 2000, NULL, NULL, 30, 'H', 'G', NULL, 'FDC', NULL, 23925, 'IDIR\JDOE', TIMESTAMP '2004-11-29 10:08:00', 'IDIR\JDOE', TIMESTAMP '2004-11-29 10:08:00', 3);
INSERT INTO silva.forest_cover_archive (forest_cover_id, archive_date, opening_id, stocking_standard_unit_id, silv_polygon_no, silv_polygon_area, silv_polygon_net_area, stocking_class_code, stocking_type_code, stocking_status_code, reference_year, reentry_year, site_class_code, site_index, site_index_source_code, silv_reserve_code, silv_reserve_objective_code, tree_species_code, tree_cover_pattern_code, results_submission_id, entry_userid, entry_timestamp, update_userid, update_timestamp, revision_count) VALUES(1021187, TIMESTAMP '2012-05-02 00:00:00', 101017, NULL, 'F', 1, 1, NULL, 'UNN', 'NP', 2001, NULL, NULL, NULL, NULL, 'N', NULL, NULL, NULL, 23925, 'IDIR\JDOE', TIMESTAMP '2004-11-29 10:08:00', 'IDIR\JDOE', TIMESTAMP '2004-11-29 10:08:00', 1);
INSERT INTO silva.forest_cover_archive (forest_cover_id, archive_date, opening_id, stocking_standard_unit_id, silv_polygon_no, silv_polygon_area, silv_polygon_net_area, stocking_class_code, stocking_type_code, stocking_status_code, reference_year, reentry_year, site_class_code, site_index, site_index_source_code, silv_reserve_code, silv_reserve_objective_code, tree_species_code, tree_cover_pattern_code, results_submission_id, entry_userid, entry_timestamp, update_userid, update_timestamp, revision_count) VALUES(681567, TIMESTAMP '2004-11-29 00:00:00', 101017, NULL, 'B', 1, 1, NULL, 'NAT', 'IMM', 2000, NULL, NULL, 36, 'H', 'U', NULL, 'FDC', NULL, NULL, 'RESULTS_CONV', TIMESTAMP '2003-11-16 16:18:30', 'MLSEDT', TIMESTAMP '2002-06-11 11:22:51', 1);
INSERT INTO silva.forest_cover_archive (forest_cover_id, archive_date, opening_id, stocking_standard_unit_id, silv_polygon_no, silv_polygon_area, silv_polygon_net_area, stocking_class_code, stocking_type_code, stocking_status_code, reference_year, reentry_year, site_class_code, site_index, site_index_source_code, silv_reserve_code, silv_reserve_objective_code, tree_species_code, tree_cover_pattern_code, results_submission_id, entry_userid, entry_timestamp, update_userid, update_timestamp, revision_count) VALUES(681568, TIMESTAMP '2004-11-29 00:00:00', 101017, NULL, 'C', 1.4, 1.4, NULL, 'NAT', 'IMM', 2000, NULL, NULL, 36, 'H', 'G', NULL, 'FDC', NULL, NULL, 'RESULTS_CONV', TIMESTAMP '2003-11-16 16:18:30', 'MLSEDT', TIMESTAMP '2002-06-11 11:22:52', 1);
INSERT INTO silva.forest_cover_archive (forest_cover_id, archive_date, opening_id, stocking_standard_unit_id, silv_polygon_no, silv_polygon_area, silv_polygon_net_area, stocking_class_code, stocking_type_code, stocking_status_code, reference_year, reentry_year, site_class_code, site_index, site_index_source_code, silv_reserve_code, silv_reserve_objective_code, tree_species_code, tree_cover_pattern_code, results_submission_id, entry_userid, entry_timestamp, update_userid, update_timestamp, revision_count) VALUES(681569, TIMESTAMP '2004-11-29 00:00:00', 101017, NULL, 'D', 1.3, 1.3, NULL, 'NAT', 'IMM', 2000, NULL, NULL, 32, 'H', 'G', NULL, 'FDC', NULL, NULL, 'RESULTS_CONV', TIMESTAMP '2003-11-16 16:18:30', 'MLSEDT', TIMESTAMP '2002-06-11 11:22:53', 1);
INSERT INTO silva.forest_cover_archive (forest_cover_id, archive_date, opening_id, stocking_standard_unit_id, silv_polygon_no, silv_polygon_area, silv_polygon_net_area, stocking_class_code, stocking_type_code, stocking_status_code, reference_year, reentry_year, site_class_code, site_index, site_index_source_code, silv_reserve_code, silv_reserve_objective_code, tree_species_code, tree_cover_pattern_code, results_submission_id, entry_userid, entry_timestamp, update_userid, update_timestamp, revision_count) VALUES(681570, TIMESTAMP '2004-11-29 00:00:00', 101017, NULL, 'A', 7.9, 7.9, NULL, 'PL', 'NSR', 2001, NULL, NULL, NULL, NULL, 'N', NULL, NULL, NULL, NULL, 'RESULTS_CONV', TIMESTAMP '2003-11-16 16:18:30', 'MLSEDT', TIMESTAMP '2002-06-11 11:22:54', 1);
INSERT INTO silva.forest_cover_archive (forest_cover_id, archive_date, opening_id, stocking_standard_unit_id, silv_polygon_no, silv_polygon_area, silv_polygon_net_area, stocking_class_code, stocking_type_code, stocking_status_code, reference_year, reentry_year, site_class_code, site_index, site_index_source_code, silv_reserve_code, silv_reserve_objective_code, tree_species_code, tree_cover_pattern_code, results_submission_id, entry_userid, entry_timestamp, update_userid, update_timestamp, revision_count) VALUES(681571, TIMESTAMP '2004-11-29 00:00:00', 101017, NULL, 'E', 3.7, 3.7, NULL, 'NAT', 'IMM', 2000, NULL, NULL, 30, 'H', 'G', NULL, 'FDC', NULL, NULL, 'RESULTS_CONV', TIMESTAMP '2003-11-16 16:18:30', 'MLSEDT', TIMESTAMP '2002-06-11 11:22:54', 1);
INSERT INTO silva.forest_cover_archive (forest_cover_id, archive_date, opening_id, stocking_standard_unit_id, silv_polygon_no, silv_polygon_area, silv_polygon_net_area, stocking_class_code, stocking_type_code, stocking_status_code, reference_year, reentry_year, site_class_code, site_index, site_index_source_code, silv_reserve_code, silv_reserve_objective_code, tree_species_code, tree_cover_pattern_code, results_submission_id, entry_userid, entry_timestamp, update_userid, update_timestamp, revision_count) VALUES(681572, TIMESTAMP '2004-11-29 00:00:00', 101017, NULL, 'F', 1.3, 1.3, NULL, 'UNN', 'NP', 2001, NULL, NULL, NULL, NULL, 'N', NULL, NULL, NULL, NULL, 'RESULTS_CONV', TIMESTAMP '2003-11-16 16:18:30', 'MLSEDT', TIMESTAMP '2002-06-11 11:22:55', 1);

INSERT INTO silva.forest_cover_layer_archive (forest_cover_id, forest_cover_layer_id, archive_date, forest_cover_layer_code, stocking_status_code, stocking_type_code, total_stems_per_ha, total_well_spaced_stems_per_ha, well_spaced_stems_per_ha, free_growing_stems_per_ha, crown_closure_pct, basal_area, entry_userid, entry_timestamp, update_userid, update_timestamp, revision_count) VALUES(1021187, 1032932, TIMESTAMP '2012-05-02 00:00:00', 'I', NULL, NULL, NULL, NULL, NULL, NULL, NULL, NULL, 'IDIR\JDOE', TIMESTAMP '2004-11-29 10:08:00', 'IDIR\JDOE', TIMESTAMP '2004-11-29 10:08:00', 1);
INSERT INTO silva.forest_cover_layer_archive (forest_cover_id, forest_cover_layer_id, archive_date, forest_cover_layer_code, stocking_status_code, stocking_type_code, total_stems_per_ha, total_well_spaced_stems_per_ha, well_spaced_stems_per_ha, free_growing_stems_per_ha, crown_closure_pct, basal_area, entry_userid, entry_timestamp, update_userid, update_timestamp, revision_count) VALUES(1021186, 1032931, TIMESTAMP '2012-05-02 00:00:00', 'I', NULL, NULL, 500, NULL, NULL, NULL, 100, NULL, 'IDIR\JDOE', TIMESTAMP '2004-11-29 10:08:00', 'IDIR\JDOE', TIMESTAMP '2004-11-29 10:08:00', 1);
INSERT INTO silva.forest_cover_layer_archive (forest_cover_id, forest_cover_layer_id, archive_date, forest_cover_layer_code, stocking_status_code, stocking_type_code, total_stems_per_ha, total_well_spaced_stems_per_ha, well_spaced_stems_per_ha, free_growing_stems_per_ha, crown_closure_pct, basal_area, entry_userid, entry_timestamp, update_userid, update_timestamp, revision_count) VALUES(1021185, 1032930, TIMESTAMP '2012-05-02 00:00:00', 'I', NULL, NULL, NULL, NULL, NULL, NULL, NULL, NULL, 'IDIR\JDOE', TIMESTAMP '2004-11-29 10:08:00', 'IDIR\JDOE', TIMESTAMP '2004-11-29 10:08:00', 1);
INSERT INTO silva.forest_cover_layer_archive (forest_cover_id, forest_cover_layer_id, archive_date, forest_cover_layer_code, stocking_status_code, stocking_type_code, total_stems_per_ha, total_well_spaced_stems_per_ha, well_spaced_stems_per_ha, free_growing_stems_per_ha, crown_closure_pct, basal_area, entry_userid, entry_timestamp, update_userid, update_timestamp, revision_count) VALUES(1021184, 1032929, TIMESTAMP '2012-05-02 00:00:00', 'I', NULL, NULL, 500, NULL, NULL, NULL, 100, NULL, 'IDIR\JDOE', TIMESTAMP '2004-11-29 10:08:00', 'IDIR\JDOE', TIMESTAMP '2004-11-29 10:08:00', 1);
INSERT INTO silva.forest_cover_layer_archive (forest_cover_id, forest_cover_layer_id, archive_date, forest_cover_layer_code, stocking_status_code, stocking_type_code, total_stems_per_ha, total_well_spaced_stems_per_ha, well_spaced_stems_per_ha, free_growing_stems_per_ha, crown_closure_pct, basal_area, entry_userid, entry_timestamp, update_userid, update_timestamp, revision_count) VALUES(1021183, 1032928, TIMESTAMP '2012-05-02 00:00:00', 'I', NULL, NULL, 500, NULL, NULL, NULL, 90, NULL, 'IDIR\JDOE', TIMESTAMP '2004-11-29 10:08:00', 'IDIR\JDOE', TIMESTAMP '2004-11-29 10:08:00', 1);
INSERT INTO silva.forest_cover_layer_archive (forest_cover_id, forest_cover_layer_id, archive_date, forest_cover_layer_code, stocking_status_code, stocking_type_code, total_stems_per_ha, total_well_spaced_stems_per_ha, well_spaced_stems_per_ha, free_growing_stems_per_ha, crown_closure_pct, basal_area, entry_userid, entry_timestamp, update_userid, update_timestamp, revision_count) VALUES(1021182, 1032926, TIMESTAMP '2012-05-02 00:00:00', 'I', NULL, NULL, 1136, NULL, NULL, NULL, NULL, NULL, 'IDIR\JDOE', TIMESTAMP '2004-11-29 10:08:00', 'IDIR\JDOE', TIMESTAMP '2004-11-29 10:08:00', 1);
INSERT INTO silva.forest_cover_layer_archive (forest_cover_id, forest_cover_layer_id, archive_date, forest_cover_layer_code, stocking_status_code, stocking_type_code, total_stems_per_ha, total_well_spaced_stems_per_ha, well_spaced_stems_per_ha, free_growing_stems_per_ha, crown_closure_pct, basal_area, entry_userid, entry_timestamp, update_userid, update_timestamp, revision_count) VALUES(1021182, 1032927, TIMESTAMP '2012-05-02 00:00:00', 'S', NULL, NULL, NULL, NULL, 582, NULL, NULL, NULL, 'IDIR\JDOE', TIMESTAMP '2004-11-29 10:08:00', 'IDIR\JDOE', TIMESTAMP '2004-11-29 10:08:00', 1);
INSERT INTO silva.forest_cover_layer_archive (forest_cover_id, forest_cover_layer_id, archive_date, forest_cover_layer_code, stocking_status_code, stocking_type_code, total_stems_per_ha, total_well_spaced_stems_per_ha, well_spaced_stems_per_ha, free_growing_stems_per_ha, crown_closure_pct, basal_area, entry_userid, entry_timestamp, update_userid, update_timestamp, revision_count) VALUES(681572, 822993, TIMESTAMP '2004-11-29 00:00:00', 'I', 'NP', 'UNN', NULL, NULL, NULL, NULL, NULL, NULL, 'RESULTS_CONV', TIMESTAMP '2003-11-16 16:18:30', 'MLSEDT', TIMESTAMP '2002-06-11 11:22:55', 1);
INSERT INTO silva.forest_cover_layer_archive (forest_cover_id, forest_cover_layer_id, archive_date, forest_cover_layer_code, stocking_status_code, stocking_type_code, total_stems_per_ha, total_well_spaced_stems_per_ha, well_spaced_stems_per_ha, free_growing_stems_per_ha, crown_closure_pct, basal_area, entry_userid, entry_timestamp, update_userid, update_timestamp, revision_count) VALUES(681571, 822992, TIMESTAMP '2004-11-29 00:00:00', 'I', 'IMM', 'NAT', 500, NULL, NULL, NULL, 100, NULL, 'RESULTS_CONV', TIMESTAMP '2003-11-16 16:18:30', 'MLSEDT', TIMESTAMP '2002-06-11 11:22:54', 1);
INSERT INTO silva.forest_cover_layer_archive (forest_cover_id, forest_cover_layer_id, archive_date, forest_cover_layer_code, stocking_status_code, stocking_type_code, total_stems_per_ha, total_well_spaced_stems_per_ha, well_spaced_stems_per_ha, free_growing_stems_per_ha, crown_closure_pct, basal_area, entry_userid, entry_timestamp, update_userid, update_timestamp, revision_count) VALUES(681570, 822988, TIMESTAMP '2004-11-29 00:00:00', 'I', 'NSR', 'PL', NULL, NULL, NULL, NULL, NULL, NULL, 'RESULTS_CONV', TIMESTAMP '2003-11-16 16:18:30', 'MLSEDT', TIMESTAMP '2002-06-11 11:22:54', 1);
INSERT INTO silva.forest_cover_layer_archive (forest_cover_id, forest_cover_layer_id, archive_date, forest_cover_layer_code, stocking_status_code, stocking_type_code, total_stems_per_ha, total_well_spaced_stems_per_ha, well_spaced_stems_per_ha, free_growing_stems_per_ha, crown_closure_pct, basal_area, entry_userid, entry_timestamp, update_userid, update_timestamp, revision_count) VALUES(681569, 822991, TIMESTAMP '2004-11-29 00:00:00', 'I', 'IMM', 'NAT', NULL, NULL, NULL, NULL, NULL, NULL, 'RESULTS_CONV', TIMESTAMP '2003-11-16 16:18:30', 'MLSEDT', TIMESTAMP '2002-06-11 11:22:53', 1);
INSERT INTO silva.forest_cover_layer_archive (forest_cover_id, forest_cover_layer_id, archive_date, forest_cover_layer_code, stocking_status_code, stocking_type_code, total_stems_per_ha, total_well_spaced_stems_per_ha, well_spaced_stems_per_ha, free_growing_stems_per_ha, crown_closure_pct, basal_area, entry_userid, entry_timestamp, update_userid, update_timestamp, revision_count) VALUES(681568, 822990, TIMESTAMP '2004-11-29 00:00:00', 'I', 'IMM', 'NAT', 500, NULL, NULL, NULL, 100, NULL, 'RESULTS_CONV', TIMESTAMP '2003-11-16 16:18:30', 'MLSEDT', TIMESTAMP '2002-06-11 11:22:52', 1);
INSERT INTO silva.forest_cover_layer_archive (forest_cover_id, forest_cover_layer_id, archive_date, forest_cover_layer_code, stocking_status_code, stocking_type_code, total_stems_per_ha, total_well_spaced_stems_per_ha, well_spaced_stems_per_ha, free_growing_stems_per_ha, crown_closure_pct, basal_area, entry_userid, entry_timestamp, update_userid, update_timestamp, revision_count) VALUES(681567, 822989, TIMESTAMP '2004-11-29 00:00:00', 'I', 'IMM', 'NAT', 500, NULL, NULL, NULL, 90, NULL, 'RESULTS_CONV', TIMESTAMP '2003-11-16 16:18:30', 'MLSEDT', TIMESTAMP '2002-06-11 11:22:51', 1);

INSERT INTO silva.forest_cover_layer_species_arc (forest_cover_id, forest_cover_layer_id, archive_date, species_order, tree_species_code, tree_species_pct, avg_age, avg_height, entry_userid, entry_timestamp, update_userid, update_timestamp, revision_count) VALUES(681567, 822989, TIMESTAMP '2004-11-29 00:00:00', 1, 'FDC', 85, 70, 38.8, 'RESULTS_CONV', TIMESTAMP '2003-11-16 16:18:30', 'MLSEDT', TIMESTAMP '2002-06-11 11:22:51', 1);
INSERT INTO silva.forest_cover_layer_species_arc (forest_cover_id, forest_cover_layer_id, archive_date, species_order, tree_species_code, tree_species_pct, avg_age, avg_height, entry_userid, entry_timestamp, update_userid, update_timestamp, revision_count) VALUES(681567, 822989, TIMESTAMP '2004-11-29 00:00:00', 2, 'HW', 11, NULL, NULL, 'RESULTS_CONV', TIMESTAMP '2003-11-16 16:18:30', 'MLSEDT', TIMESTAMP '2002-06-11 11:22:51', 1);
INSERT INTO silva.forest_cover_layer_species_arc (forest_cover_id, forest_cover_layer_id, archive_date, species_order, tree_species_code, tree_species_pct, avg_age, avg_height, entry_userid, entry_timestamp, update_userid, update_timestamp, revision_count) VALUES(681567, 822989, TIMESTAMP '2004-11-29 00:00:00', 3, 'DR', 4, NULL, NULL, 'RESULTS_CONV', TIMESTAMP '2003-11-16 16:18:30', 'MLSEDT', TIMESTAMP '2002-06-11 11:22:51', 1);
INSERT INTO silva.forest_cover_layer_species_arc (forest_cover_id, forest_cover_layer_id, archive_date, species_order, tree_species_code, tree_species_pct, avg_age, avg_height, entry_userid, entry_timestamp, update_userid, update_timestamp, revision_count) VALUES(681568, 822990, TIMESTAMP '2004-11-29 00:00:00', 1, 'FDC', 60, 70, 35, 'RESULTS_CONV', TIMESTAMP '2003-11-16 16:18:30', 'MLSEDT', TIMESTAMP '2002-06-11 11:22:52', 1);
INSERT INTO silva.forest_cover_layer_species_arc (forest_cover_id, forest_cover_layer_id, archive_date, species_order, tree_species_code, tree_species_pct, avg_age, avg_height, entry_userid, entry_timestamp, update_userid, update_timestamp, revision_count) VALUES(681568, 822990, TIMESTAMP '2004-11-29 00:00:00', 2, 'DR', 30, NULL, NULL, 'RESULTS_CONV', TIMESTAMP '2003-11-16 16:18:30', 'MLSEDT', TIMESTAMP '2002-06-11 11:22:52', 1);
INSERT INTO silva.forest_cover_layer_species_arc (forest_cover_id, forest_cover_layer_id, archive_date, species_order, tree_species_code, tree_species_pct, avg_age, avg_height, entry_userid, entry_timestamp, update_userid, update_timestamp, revision_count) VALUES(681568, 822990, TIMESTAMP '2004-11-29 00:00:00', 3, 'HW', 10, NULL, NULL, 'RESULTS_CONV', TIMESTAMP '2003-11-16 16:18:30', 'MLSEDT', TIMESTAMP '2002-06-11 11:22:52', 1);
INSERT INTO silva.forest_cover_layer_species_arc (forest_cover_id, forest_cover_layer_id, archive_date, species_order, tree_species_code, tree_species_pct, avg_age, avg_height, entry_userid, entry_timestamp, update_userid, update_timestamp, revision_count) VALUES(681569, 822991, TIMESTAMP '2004-11-29 00:00:00', 1, 'FDC', 85, 70, 38, 'RESULTS_CONV', TIMESTAMP '2003-11-16 16:18:30', 'MLSEDT', TIMESTAMP '2002-06-11 11:22:53', 1);
INSERT INTO silva.forest_cover_layer_species_arc (forest_cover_id, forest_cover_layer_id, archive_date, species_order, tree_species_code, tree_species_pct, avg_age, avg_height, entry_userid, entry_timestamp, update_userid, update_timestamp, revision_count) VALUES(681569, 822991, TIMESTAMP '2004-11-29 00:00:00', 2, 'HW', 15, NULL, NULL, 'RESULTS_CONV', TIMESTAMP '2003-11-16 16:18:30', 'MLSEDT', TIMESTAMP '2002-06-11 11:22:53', 1);
INSERT INTO silva.forest_cover_layer_species_arc (forest_cover_id, forest_cover_layer_id, archive_date, species_order, tree_species_code, tree_species_pct, avg_age, avg_height, entry_userid, entry_timestamp, update_userid, update_timestamp, revision_count) VALUES(681571, 822992, TIMESTAMP '2004-11-29 00:00:00', 1, 'FDC', 85, 70, 38, 'RESULTS_CONV', TIMESTAMP '2003-11-16 16:18:30', 'MLSEDT', TIMESTAMP '2002-06-11 11:22:54', 1);
INSERT INTO silva.forest_cover_layer_species_arc (forest_cover_id, forest_cover_layer_id, archive_date, species_order, tree_species_code, tree_species_pct, avg_age, avg_height, entry_userid, entry_timestamp, update_userid, update_timestamp, revision_count) VALUES(681571, 822992, TIMESTAMP '2004-11-29 00:00:00', 2, 'HW', 15, NULL, NULL, 'RESULTS_CONV', TIMESTAMP '2003-11-16 16:18:30', 'MLSEDT', TIMESTAMP '2002-06-11 11:22:54', 1);
INSERT INTO silva.forest_cover_layer_species_arc (forest_cover_id, forest_cover_layer_id, archive_date, species_order, tree_species_code, tree_species_pct, avg_age, avg_height, entry_userid, entry_timestamp, update_userid, update_timestamp, revision_count) VALUES(1021182, 1032926, TIMESTAMP '2012-05-02 00:00:00', 1, 'FDC', 49, 3, 0.2, 'IDIR\JDOE', TIMESTAMP '2004-11-29 10:08:00', 'IDIR\JDOE', TIMESTAMP '2004-11-29 10:08:00', 1);
INSERT INTO silva.forest_cover_layer_species_arc (forest_cover_id, forest_cover_layer_id, archive_date, species_order, tree_species_code, tree_species_pct, avg_age, avg_height, entry_userid, entry_timestamp, update_userid, update_timestamp, revision_count) VALUES(1021182, 1032926, TIMESTAMP '2012-05-02 00:00:00', 2, 'DR', 29, NULL, NULL, 'IDIR\JDOE', TIMESTAMP '2004-11-29 10:08:00', 'IDIR\JDOE', TIMESTAMP '2004-11-29 10:08:00', 1);
INSERT INTO silva.forest_cover_layer_species_arc (forest_cover_id, forest_cover_layer_id, archive_date, species_order, tree_species_code, tree_species_pct, avg_age, avg_height, entry_userid, entry_timestamp, update_userid, update_timestamp, revision_count) VALUES(1021182, 1032926, TIMESTAMP '2012-05-02 00:00:00', 3, 'HW', 14, NULL, NULL, 'IDIR\JDOE', TIMESTAMP '2004-11-29 10:08:00', 'IDIR\JDOE', TIMESTAMP '2004-11-29 10:08:00', 1);
INSERT INTO silva.forest_cover_layer_species_arc (forest_cover_id, forest_cover_layer_id, archive_date, species_order, tree_species_code, tree_species_pct, avg_age, avg_height, entry_userid, entry_timestamp, update_userid, update_timestamp, revision_count) VALUES(1021182, 1032926, TIMESTAMP '2012-05-02 00:00:00', 4, 'CW', 8, NULL, NULL, 'IDIR\JDOE', TIMESTAMP '2004-11-29 10:08:00', 'IDIR\JDOE', TIMESTAMP '2004-11-29 10:08:00', 1);
INSERT INTO silva.forest_cover_layer_species_arc (forest_cover_id, forest_cover_layer_id, archive_date, species_order, tree_species_code, tree_species_pct, avg_age, avg_height, entry_userid, entry_timestamp, update_userid, update_timestamp, revision_count) VALUES(1021182, 1032927, TIMESTAMP '2012-05-02 00:00:00', 1, 'FDC', 76, 3, 0.3, 'IDIR\JDOE', TIMESTAMP '2004-11-29 10:08:00', 'IDIR\JDOE', TIMESTAMP '2004-11-29 10:08:00', 1);
INSERT INTO silva.forest_cover_layer_species_arc (forest_cover_id, forest_cover_layer_id, archive_date, species_order, tree_species_code, tree_species_pct, avg_age, avg_height, entry_userid, entry_timestamp, update_userid, update_timestamp, revision_count) VALUES(1021182, 1032927, TIMESTAMP '2012-05-02 00:00:00', 2, 'CW', 13, NULL, NULL, 'IDIR\JDOE', TIMESTAMP '2004-11-29 10:08:00', 'IDIR\JDOE', TIMESTAMP '2004-11-29 10:08:00', 1);
INSERT INTO silva.forest_cover_layer_species_arc (forest_cover_id, forest_cover_layer_id, archive_date, species_order, tree_species_code, tree_species_pct, avg_age, avg_height, entry_userid, entry_timestamp, update_userid, update_timestamp, revision_count) VALUES(1021182, 1032927, TIMESTAMP '2012-05-02 00:00:00', 3, 'HW', 11, NULL, NULL, 'IDIR\JDOE', TIMESTAMP '2004-11-29 10:08:00', 'IDIR\JDOE', TIMESTAMP '2004-11-29 10:08:00', 1);
INSERT INTO silva.forest_cover_layer_species_arc (forest_cover_id, forest_cover_layer_id, archive_date, species_order, tree_species_code, tree_species_pct, avg_age, avg_height, entry_userid, entry_timestamp, update_userid, update_timestamp, revision_count) VALUES(1021183, 1032928, TIMESTAMP '2012-05-02 00:00:00', 1, 'FDC', 85, 70, 38.8, 'IDIR\JDOE', TIMESTAMP '2004-11-29 10:08:00', 'IDIR\JDOE', TIMESTAMP '2004-11-29 10:08:00', 1);
INSERT INTO silva.forest_cover_layer_species_arc (forest_cover_id, forest_cover_layer_id, archive_date, species_order, tree_species_code, tree_species_pct, avg_age, avg_height, entry_userid, entry_timestamp, update_userid, update_timestamp, revision_count) VALUES(1021183, 1032928, TIMESTAMP '2012-05-02 00:00:00', 2, 'HW', 11, NULL, NULL, 'IDIR\JDOE', TIMESTAMP '2004-11-29 10:08:00', 'IDIR\JDOE', TIMESTAMP '2004-11-29 10:08:00', 1);
INSERT INTO silva.forest_cover_layer_species_arc (forest_cover_id, forest_cover_layer_id, archive_date, species_order, tree_species_code, tree_species_pct, avg_age, avg_height, entry_userid, entry_timestamp, update_userid, update_timestamp, revision_count) VALUES(1021183, 1032928, TIMESTAMP '2012-05-02 00:00:00', 3, 'DR', 4, NULL, NULL, 'IDIR\JDOE', TIMESTAMP '2004-11-29 10:08:00', 'IDIR\JDOE', TIMESTAMP '2004-11-29 10:08:00', 1);
INSERT INTO silva.forest_cover_layer_species_arc (forest_cover_id, forest_cover_layer_id, archive_date, species_order, tree_species_code, tree_species_pct, avg_age, avg_height, entry_userid, entry_timestamp, update_userid, update_timestamp, revision_count) VALUES(1021184, 1032929, TIMESTAMP '2012-05-02 00:00:00', 1, 'FDC', 60, 70, 35, 'IDIR\JDOE', TIMESTAMP '2004-11-29 10:08:00', 'IDIR\JDOE', TIMESTAMP '2004-11-29 10:08:00', 1);
INSERT INTO silva.forest_cover_layer_species_arc (forest_cover_id, forest_cover_layer_id, archive_date, species_order, tree_species_code, tree_species_pct, avg_age, avg_height, entry_userid, entry_timestamp, update_userid, update_timestamp, revision_count) VALUES(1021184, 1032929, TIMESTAMP '2012-05-02 00:00:00', 2, 'DR', 30, NULL, NULL, 'IDIR\JDOE', TIMESTAMP '2004-11-29 10:08:00', 'IDIR\JDOE', TIMESTAMP '2004-11-29 10:08:00', 1);
INSERT INTO silva.forest_cover_layer_species_arc (forest_cover_id, forest_cover_layer_id, archive_date, species_order, tree_species_code, tree_species_pct, avg_age, avg_height, entry_userid, entry_timestamp, update_userid, update_timestamp, revision_count) VALUES(1021184, 1032929, TIMESTAMP '2012-05-02 00:00:00', 3, 'HW', 10, NULL, NULL, 'IDIR\JDOE', TIMESTAMP '2004-11-29 10:08:00', 'IDIR\JDOE', TIMESTAMP '2004-11-29 10:08:00', 1);
INSERT INTO silva.forest_cover_layer_species_arc (forest_cover_id, forest_cover_layer_id, archive_date, species_order, tree_species_code, tree_species_pct, avg_age, avg_height, entry_userid, entry_timestamp, update_userid, update_timestamp, revision_count) VALUES(1021185, 1032930, TIMESTAMP '2012-05-02 00:00:00', 1, 'FDC', 85, 70, 38, 'IDIR\JDOE', TIMESTAMP '2004-11-29 10:08:00', 'IDIR\JDOE', TIMESTAMP '2004-11-29 10:08:00', 1);
INSERT INTO silva.forest_cover_layer_species_arc (forest_cover_id, forest_cover_layer_id, archive_date, species_order, tree_species_code, tree_species_pct, avg_age, avg_height, entry_userid, entry_timestamp, update_userid, update_timestamp, revision_count) VALUES(1021185, 1032930, TIMESTAMP '2012-05-02 00:00:00', 2, 'HW', 15, NULL, NULL, 'IDIR\JDOE', TIMESTAMP '2004-11-29 10:08:00', 'IDIR\JDOE', TIMESTAMP '2004-11-29 10:08:00', 1);
INSERT INTO silva.forest_cover_layer_species_arc (forest_cover_id, forest_cover_layer_id, archive_date, species_order, tree_species_code, tree_species_pct, avg_age, avg_height, entry_userid, entry_timestamp, update_userid, update_timestamp, revision_count) VALUES(1021186, 1032931, TIMESTAMP '2012-05-02 00:00:00', 1, 'FDC', 85, 70, 38, 'IDIR\JDOE', TIMESTAMP '2004-11-29 10:08:00', 'IDIR\JDOE', TIMESTAMP '2004-11-29 10:08:00', 1);
INSERT INTO silva.forest_cover_layer_species_arc (forest_cover_id, forest_cover_layer_id, archive_date, species_order, tree_species_code, tree_species_pct, avg_age, avg_height, entry_userid, entry_timestamp, update_userid, update_timestamp, revision_count) VALUES(1021186, 1032931, TIMESTAMP '2012-05-02 00:00:00', 2, 'HW', 15, NULL, NULL, 'IDIR\JDOE', TIMESTAMP '2004-11-29 10:08:00', 'IDIR\JDOE', TIMESTAMP '2004-11-29 10:08:00', 1);

INSERT INTO silva.stocking_standard_unit_archive (stocking_standard_unit_id, stocking_event_history_id, opening_id, standards_unit_id, standards_regime_id, net_area, max_allow_soil_disturbance_pct, variance_ind, regen_delay_offset_yrs, regen_obligation_ind, no_regen_early_offset_yrs, no_regen_late_offset_yrs, free_growing_early_offset_yrs, free_growing_late_offset_yrs, amendment_rationale_comment, entry_userid, entry_timestamp, update_userid, update_timestamp, revision_count) VALUES(194833, 1297119, 101017, 'A', NULL, 7.9, 5, NULL, 3, 'Y', NULL, NULL, 8, 11, NULL, 'RESULTS_CONV', TIMESTAMP '2003-11-15 19:46:23', 'RESULTS_CONV', TIMESTAMP '2003-11-15 19:46:23', 4);
INSERT INTO silva.stocking_standard_unit_archive (stocking_standard_unit_id, stocking_event_history_id, opening_id, standards_unit_id, standards_regime_id, net_area, max_allow_soil_disturbance_pct, variance_ind, regen_delay_offset_yrs, regen_obligation_ind, no_regen_early_offset_yrs, no_regen_late_offset_yrs, free_growing_early_offset_yrs, free_growing_late_offset_yrs, amendment_rationale_comment, entry_userid, entry_timestamp, update_userid, update_timestamp, revision_count) VALUES(194837, 1297119, 101017, 'B', NULL, 1.1, 0, NULL, 0, 'Y', NULL, NULL, 0, 0, NULL, 'RESULTS_CONV', TIMESTAMP '2003-11-15 19:46:23', 'RESULTS_CONV', TIMESTAMP '2003-11-15 19:46:23', 4);

INSERT INTO silva.stocking_ecology_archive (stocking_ecology_id, stocking_event_history_id, stocking_standard_unit_id, opening_id, bec_region_code, bgc_zone_code, bgc_subzone_code, bgc_variant, bgc_phase, bec_site_series, bec_site_type, bec_seral, revision_count, entry_userid, entry_timestamp, update_userid, update_timestamp) VALUES(198152, 1297119, 194833, 101017, NULL, 'CWH', 'xm', NULL, NULL, '01', '05', NULL, 1, 'RESULTS_CONV', TIMESTAMP '2003-11-15 18:55:01', 'RESULTS_CONV', TIMESTAMP '2003-11-15 18:55:01');
INSERT INTO silva.stocking_ecology_archive (stocking_ecology_id, stocking_event_history_id, stocking_standard_unit_id, opening_id, bec_region_code, bgc_zone_code, bgc_subzone_code, bgc_variant, bgc_phase, bec_site_series, bec_site_type, bec_seral, revision_count, entry_userid, entry_timestamp, update_userid, update_timestamp) VALUES(1091254, 1297119, 194837, 101017, NULL, NULL, NULL, NULL, NULL, NULL, NULL, NULL, 1, 'RESULTS_CONV', TIMESTAMP '2005-11-09 16:13:53', 'RESULTS_CONV', TIMESTAMP '2005-11-09 16:13:53');

INSERT INTO silva.stocking_layer_archive (stocking_layer_id, stocking_event_history_id, stocking_standard_unit_id, opening_id, stocking_layer_code, min_horizontal_distance, min_pref_stocking_standard, min_stocking_standard, min_post_spacing, residual_basal_area, target_stocking, hght_relative_to_comp, tree_size_unit_code, max_conifer, max_post_spacing, entry_userid, entry_timestamp, update_userid, update_timestamp, revision_count) VALUES(267809, 1297119, 194833, 101017, 'I', 2, 400, 500, NULL, NULL, 800, 150, '%', 10000, NULL, 'RESULTS_CONV', TIMESTAMP '2003-11-16 08:43:46', 'RESULTS_CONV', TIMESTAMP '2003-11-16 08:43:46', 1);
INSERT INTO silva.stocking_layer_archive (stocking_layer_id, stocking_event_history_id, stocking_standard_unit_id, opening_id, stocking_layer_code, min_horizontal_distance, min_pref_stocking_standard, min_stocking_standard, min_post_spacing, residual_basal_area, target_stocking, hght_relative_to_comp, tree_size_unit_code, max_conifer, max_post_spacing, entry_userid, entry_timestamp, update_userid, update_timestamp, revision_count) VALUES(267813, 1297119, 194837, 101017, 'I', 2, NULL, NULL, NULL, NULL, NULL, NULL, NULL, 0, NULL, 'RESULTS_CONV', TIMESTAMP '2003-11-16 08:43:46', 'RESULTS_CONV', TIMESTAMP '2003-11-16 08:43:46', 1);

INSERT INTO silva.stocking_layer_species_archive (stocking_layer_id, stocking_event_history_id, stocking_standard_unit_id, species_order, silv_tree_species_code, preferred_ind, min_height, entry_userid, entry_timestamp, update_userid, update_timestamp, revision_count) VALUES(267809, 1297119, 194833, 3, 'CW', 'Y', NULL, 'RESULTS_CONV', TIMESTAMP '2003-11-16 08:43:46', 'RESULTS_CONV', TIMESTAMP '2003-11-16 08:43:46', 1);
INSERT INTO silva.stocking_layer_species_archive (stocking_layer_id, stocking_event_history_id, stocking_standard_unit_id, species_order, silv_tree_species_code, preferred_ind, min_height, entry_userid, entry_timestamp, update_userid, update_timestamp, revision_count) VALUES(267809, 1297119, 194833, 1, 'FDC', 'Y', NULL, 'RESULTS_CONV', TIMESTAMP '2003-11-16 08:43:46', 'RESULTS_CONV', TIMESTAMP '2003-11-16 08:43:46', 1);
INSERT INTO silva.stocking_layer_species_archive (stocking_layer_id, stocking_event_history_id, stocking_standard_unit_id, species_order, silv_tree_species_code, preferred_ind, min_height, entry_userid, entry_timestamp, update_userid, update_timestamp, revision_count) VALUES(267809, 1297119, 194833, 2, 'HW', 'Y', NULL, 'RESULTS_CONV', TIMESTAMP '2003-11-16 08:43:46', 'RESULTS_CONV', TIMESTAMP '2003-11-16 08:43:46', 1);
INSERT INTO silva.stocking_layer_species_archive (stocking_layer_id, stocking_event_history_id, stocking_standard_unit_id, species_order, silv_tree_species_code, preferred_ind, min_height, entry_userid, entry_timestamp, update_userid, update_timestamp, revision_count) VALUES(267809, 1297119, 194833, 1, 'PW', 'N', NULL, 'RESULTS_CONV', TIMESTAMP '2003-11-16 08:43:46', 'RESULTS_CONV', TIMESTAMP '2003-11-16 08:43:46', 1);
