-- All forest clients

INSERT INTO THE.FOREST_CLIENT (CLIENT_NUMBER, CLIENT_TYPE_CODE, CLIENT_NAME, LEGAL_FIRST_NAME, LEGAL_MIDDLE_NAME, CLIENT_STATUS_CODE, BIRTHDATE, REGISTRY_COMPANY_TYPE_CODE,CORP_REGN_NMBR,CLIENT_ACRONYM,CLIENT_ID_TYPE_CODE,CLIENT_IDENTIFICATION,WCB_FIRM_NUMBER,OCG_SUPPLIER_NMBR,CLIENT_COMMENT,ADD_TIMESTAMP,ADD_USERID,ADD_ORG_UNIT,UPDATE_TIMESTAMP,UPDATE_USERID,UPDATE_ORG_UNIT,REVISION_COUNT) VALUES
('00010002', 'C', 'SKYWALKERS RANCH', null, null, 'ACT', null, 'BC', '0010002', null, null, null, null, null, null, CURRENT_TIMESTAMP(6), 'BCEID\ASKYWALKER', 1, CURRENT_TIMESTAMP(6), 'BCEID\ASKYWALKER', 1, 1),
('00010003', 'C', 'THE CONTINENTAL'  ,null, null, 'ACT', null, 'BC', '0010003', null, null, null, null, null, null, CURRENT_TIMESTAMP(6), 'IDIR\BOWERY'     , 1, CURRENT_TIMESTAMP(6), 'IDIR\BOWERY'     , 1, 3),
('00010004', 'C', 'PARABELLUM'       ,null, null, 'ACT', null, 'BC', '0010004', null, null, null, null, null, null, CURRENT_TIMESTAMP(6), 'IDIR\BOWERY'     , 1, CURRENT_TIMESTAMP(6), 'IDIR\BOWERY'     , 1, 3),
('00010005', 'C', 'BALLERINA'        ,null, null, 'ACT', null, 'BC', '0010005', null, null, null, null, null, null, CURRENT_TIMESTAMP(6), 'IDIR\BOWERY'     , 1, CURRENT_TIMESTAMP(6), 'IDIR\BOWERY'     , 1, 3),
('00010006', 'C', 'THOUSAND SUNNY'   ,null, null, 'ACT', null, 'BC', '0010006', null, null, null, null, null, null, CURRENT_TIMESTAMP(6), 'IDIR\BOWERY'     , 1, CURRENT_TIMESTAMP(6), 'IDIR\BOWERY'     , 1, 3);

INSERT INTO THE.CLIENT_LOCATION (CLIENT_NUMBER, CLIENT_LOCN_CODE, CLIENT_LOCN_NAME, HDBS_COMPANY_CODE, ADDRESS_1, ADDRESS_2, ADDRESS_3, CITY, PROVINCE, POSTAL_CODE, COUNTRY, BUSINESS_PHONE, HOME_PHONE, CELL_PHONE, FAX_NUMBER, EMAIL_ADDRESS, LOCN_EXPIRED_IND, RETURNED_MAIL_DATE, TRUST_LOCATION_IND, CLI_LOCN_COMMENT, UPDATE_TIMESTAMP, UPDATE_USERID, UPDATE_ORG_UNIT, ADD_TIMESTAMP, ADD_USERID, ADD_ORG_UNIT, REVISION_COUNT) VALUES
('00010002', '03', 'OAKWOOD PARK ADDRESS', null   , '510 FULTON PLAZA'    , null              , null, 'FORT MCMURRAY'  , 'AB', 'T9J9R1', 'CANADA', '8823899685', '2911911672', '5229472760', null        , 'RGRIMSTON9@DMOZ.ORG', 'Y', null, 'Y', NULL, CURRENT_TIMESTAMP(6), 'IDIR\\IBEWICKE9', 70, CURRENT_TIMESTAMP(6), 'IDIR\\CSIDDEN9', 70, 617),
('00010003', '13', 'THE OTHER ONE'       , '1'    , 'BOX 86131'           , NULL              , NULL, 'NORTH VANCOUVER', 'BC', 'V7L4J5', 'CANADA', '6049999999', NULL        , NULL        , '6049999998', NULL                 , 'N', NULL, 'N', NULL, CURRENT_TIMESTAMP(6), 'ITSWATTLES', 70, CURRENT_TIMESTAMP(6), 'CONV', 70, 1),
('00010004', '00', 'THAT ADDRESS'        , '40000', 'ATTN: JOHNATHAN WICK', 'BOX 42999'       , NULL, 'SQUAMISH'       , 'BC', 'V0N3G0', 'CANADA', NULL        , NULL        , NULL        , NULL        , NULL                 , 'N', NULL, 'N', NULL, CURRENT_TIMESTAMP(6), 'MILESM', 70, CURRENT_TIMESTAMP(6), 'MILESM', 70, 1),
('00010005', '00', '04 FARM'             , ' '    , 'SEE "02" LOCATION'   , NULL              , NULL, 'SQUAMISH'       , 'BC', 'A1A2B2', 'CANADA', NULL        , NULL        , NULL        , NULL        , NULL                 , 'Y', NULL, 'Y', NULL, CURRENT_TIMESTAMP(6), 'IDIR\\TOOMUCH', 70, CURRENT_TIMESTAMP(6), 'IDIR\\ALFRED', 70, 1),
('00010006', '00', 'STOMP FORTRESS'      , '40000', 'ATTN: JOHNATHAN WICK', 'BOX 42999'       , NULL, 'SQUAMISH'       , 'BC', 'V0N3G0', 'CANADA', NULL        , NULL        , NULL        , NULL        , NULL                 , 'N', NULL, 'N', NULL, CURRENT_TIMESTAMP(6), 'MILESM', 70, CURRENT_TIMESTAMP(6), 'MILESM', 70, 1);

-- TFL 47
INSERT INTO THE.FOREST_MGMT_UNIT (MGMT_SKEY, MGMT_UNIT_TYPE_CODE, MGMT_UNIT_ID, DESCRIPTION, ENTRY_USERID, ENTRY_TIMESTAMP, UPDATE_USERID, UPDATE_TIMESTAMP, REVISION_COUNT, EFFECTIVE_DATE, EXPIRY_DATE)
VALUES(45, 'T', '47', 'TFL 47  Duncan Bay', 'FTA_CONV', TIMESTAMP '2003-11-15 18:37:18.000000', 'FTA_CONV', TIMESTAMP '2003-11-15 18:37:18.000000', 0, TIMESTAMP '1905-01-01 00:00:00.000000', TIMESTAMP '9999-12-31 00:00:00.000000');

INSERT INTO THE.PROV_FOREST_USE (FOREST_FILE_ID, FILE_STATUS_ST, FILE_STATUS_DATE, FILE_TYPE_CODE, FOREST_REGION, BCTS_ORG_UNIT, SB_FUNDED_IND, DISTRICT_ADMIN_ZONE, MGMT_UNIT_TYPE, MGMT_UNIT_ID, REVISION_COUNT, ENTRY_USERID, ENTRY_TIMESTAMP, UPDATE_USERID, UPDATE_TIMESTAMP, FOREST_TENURE_GUID)
VALUES('TFL47', 'HI', TIMESTAMP '1993-07-07 00:00:00.000000', 'A02', 2, NULL, 'N', NULL, 'T', '47', 5, 'L', TIMESTAMP '1991-07-12 19:00:00.000000', 'IDIR\ACARLSON', TIMESTAMP '2024-10-09 14:30:08.000000', 'B994A7AB1AA22408E05332B3228E5273');

INSERT INTO THE.HARVEST_SALE (FOREST_FILE_ID, SB_FUND_IND, SALE_METHOD_CODE, SALE_TYPE_CD, PLANNED_SALE_DATE, TENDER_OPENING_DT, PLND_SB_CAT_CODE, SOLD_SB_CAT_CODE, TOTAL_BIDDERS, LUMPSUM_BONUS_AMT, CASH_SALE_EST_VOL, CASH_SALE_TOT_DOL, PAYMENT_METHOD_CD, SALVAGE_IND, SALE_VOLUME, ADMIN_AREA_IND, MINOR_FACILITY_IND, BCTS_ORG_UNIT, FTA_BONUS_BID, FTA_BONUS_OFFER, REVISION_COUNT, ENTRY_USERID, ENTRY_TIMESTAMP, UPDATE_USERID, UPDATE_TIMESTAMP)
VALUES('TFL47', 'N', 'A', 'SL', TIMESTAMP '1985-01-01 00:00:00.000000', NULL, 'N', 'N', NULL, NULL, NULL, NULL, 'A', 'N', NULL, 'N', 'N', 14, NULL, NULL, 1, 'FTA_CONV', TIMESTAMP '2003-11-15 11:00:39.000000', 'HDBSMIG', TIMESTAMP '1991-11-05 03:33:15.000000');

INSERT INTO THE.HARVESTING_AUTHORITY (HVA_SKEY, FOREST_FILE_ID, CUTTING_PERMIT_ID, HARVESTING_AUTHORITY_ID, FOREST_DISTRICT, DISTRICT_ADMN_ZONE, GEOGRAPHIC_DISTRICT, MGMT_UNIT_ID, MGMT_UNIT_TYPE_CODE, LICENCE_TO_CUT_CODE, HARVEST_TYPE_CODE, HARVEST_AUTH_STATUS_CODE, TENURE_TERM, STATUS_DATE, ISSUE_DATE, EXPIRY_DATE, EXTEND_DATE, EXTEND_COUNT, HARVEST_AUTH_EXTEND_REAS_CODE, QUOTA_TYPE_CODE, CROWN_LANDS_REGION_CODE, SALVAGE_TYPE_CODE, CASCADE_SPLIT_CODE, CATASTROPHIC_IND, CROWN_GRANTED_IND, CRUISE_BASED_IND, DECIDUOUS_IND, BCAA_FOLIO_NUMBER, LOCATION, HIGHER_LEVEL_PLAN_REFERENCE, HARVEST_AREA, RETIREMENT_DATE, REVISION_COUNT, ENTRY_USERID, ENTRY_TIMESTAMP, UPDATE_USERID, UPDATE_TIMESTAMP, IS_WASTE_ASSESSMENT_REQUIRED, IS_CP_EXTENSN_APPL_FEE_WAIVED, IS_CP_EXTENSION_APPL_FEE_PAID, IS_WITHIN_FIBRE_RECOVERY_ZONE, HARVESTING_AUTHORITY_GUID)
VALUES(116838, 'TFL47', '12K', NULL, 1, 'C6', 1, '47', 'T', NULL, 'G', 'HC', 24, TIMESTAMP '2004-09-07 00:00:00.000000', TIMESTAMP '2001-07-03 00:00:00.000000', TIMESTAMP '2003-07-02 00:00:00.000000', NULL, 0, NULL, 'A', NULL, NULL, 'W', 'N', 'N', 'N', 'N', NULL, 'QUADRA ISLAND', NULL, NULL, TIMESTAMP '2006-10-12 00:00:00.000000', 4, 'LDALEXAN', TIMESTAMP '2001-06-07 16:06:57.000000', 'DATAFIX_06072007_134C', TIMESTAMP '2007-07-11 11:06:48.000000', 'U', 'U', 'U', 'U', 'B9B090AC82BB645AE05332B3228EA5A5');

INSERT INTO THE.HAULING_AUTHORITY (TIMBER_MARK, FOREST_FILE_ID, MARKING_METHOD_CODE, MARKING_INSTRUMENT_CODE, REVISION_COUNT, ENTRY_TIMESTAMP, UPDATE_USERID, UPDATE_TIMESTAMP, ENTRY_USERID, HAULING_AUTHORITY_GUID)
VALUES('47/12K', 'TFL47', 'S', 'H', 2, TIMESTAMP '2001-06-07 16:06:57.000000', 'IDIR\SBONNETT', TIMESTAMP '2005-09-22 14:41:06.000000', 'LDALEXAN', 'B994A76C51772408E05332B3228E5273');

INSERT INTO THE.FOREST_FILE_CLIENT (FOREST_FILE_CLIENT_SKEY, FOREST_FILE_ID, CLIENT_NUMBER, CLIENT_LOCN_CODE, FOREST_FILE_CLIENT_TYPE_CODE, LICENSEE_START_DATE, LICENSEE_END_DATE, REVISION_COUNT, ENTRY_USERID, ENTRY_TIMESTAMP, UPDATE_USERID, UPDATE_TIMESTAMP) VALUES
(440645, 'TFL47', '00010003', '13', 'A', TIMESTAMP '2012-02-21 13:04:06.000000', NULL, 1, 'CLIENT_REORG', TIMESTAMP '2012-02-21 13:04:06.000000', 'CLIENT_REORG', TIMESTAMP '2012-02-21 13:04:06.000000');

-- TFL 44
INSERT INTO THE.FOREST_MGMT_UNIT (MGMT_SKEY, MGMT_UNIT_TYPE_CODE, MGMT_UNIT_ID, DESCRIPTION, ENTRY_USERID, ENTRY_TIMESTAMP, UPDATE_USERID, UPDATE_TIMESTAMP, REVISION_COUNT, EFFECTIVE_DATE, EXPIRY_DATE)
VALUES(42, 'T', '44', 'TFL 44  Alberni', 'FTA_CONV', TIMESTAMP '2003-11-15 18:37:18.000000', 'FTA_CONV', TIMESTAMP '2003-11-15 18:37:18.000000', 0, TIMESTAMP '1905-01-01 00:00:00.000000', TIMESTAMP '9999-12-31 00:00:00.000000');

INSERT INTO THE.PROV_FOREST_USE (FOREST_FILE_ID, FILE_STATUS_ST, FILE_STATUS_DATE, FILE_TYPE_CODE, FOREST_REGION, BCTS_ORG_UNIT, SB_FUNDED_IND, DISTRICT_ADMIN_ZONE, MGMT_UNIT_TYPE, MGMT_UNIT_ID, REVISION_COUNT, ENTRY_USERID, ENTRY_TIMESTAMP, UPDATE_USERID, UPDATE_TIMESTAMP, FOREST_TENURE_GUID)
VALUES('TFL44', 'HI', TIMESTAMP '1992-04-23 00:00:00.000000', 'A02', 2, NULL, 'N', NULL, 'T', '44', 9, 'L', TIMESTAMP '1991-07-12 19:00:00.000000', 'IDIR\ASKYWALKER', TIMESTAMP '2024-10-09 14:29:46.000000', 'B994A7AB1A9F2408E05332B3228E5273');

INSERT INTO THE.HARVESTING_AUTHORITY (HVA_SKEY, FOREST_FILE_ID, CUTTING_PERMIT_ID, HARVESTING_AUTHORITY_ID, FOREST_DISTRICT, DISTRICT_ADMN_ZONE, GEOGRAPHIC_DISTRICT, MGMT_UNIT_ID, MGMT_UNIT_TYPE_CODE, LICENCE_TO_CUT_CODE, HARVEST_TYPE_CODE, HARVEST_AUTH_STATUS_CODE, TENURE_TERM, STATUS_DATE, ISSUE_DATE, EXPIRY_DATE, EXTEND_DATE, EXTEND_COUNT, HARVEST_AUTH_EXTEND_REAS_CODE, QUOTA_TYPE_CODE, CROWN_LANDS_REGION_CODE, SALVAGE_TYPE_CODE, CASCADE_SPLIT_CODE, CATASTROPHIC_IND, CROWN_GRANTED_IND, CRUISE_BASED_IND, DECIDUOUS_IND, BCAA_FOLIO_NUMBER, LOCATION, HIGHER_LEVEL_PLAN_REFERENCE, HARVEST_AREA, RETIREMENT_DATE, REVISION_COUNT, ENTRY_USERID, ENTRY_TIMESTAMP, UPDATE_USERID, UPDATE_TIMESTAMP, IS_WASTE_ASSESSMENT_REQUIRED, IS_CP_EXTENSN_APPL_FEE_WAIVED, IS_CP_EXTENSION_APPL_FEE_PAID, IS_WITHIN_FIBRE_RECOVERY_ZONE, HARVESTING_AUTHORITY_GUID)
VALUES(123731, 'TFL44', '270', NULL, 1, '1', 1, '44', 'T', NULL, 'G', 'HC', 36, TIMESTAMP '2008-12-04 00:00:00.000000', TIMESTAMP '2003-11-19 00:00:00.000000', TIMESTAMP '2006-11-18 00:00:00.000000', NULL, 0, NULL, 'A', NULL, NULL, 'W', 'N', 'N', 'N', 'N', NULL, 'Klanawa River', NULL, 38.7655, TIMESTAMP '2018-08-29 16:10:24.000000', 4, 'MBAUTO', TIMESTAMP '2003-11-04 10:30:08.000000', 'IDIR\ASKYWALKER', TIMESTAMP '2018-08-29 16:10:24.000000', 'U', 'U', 'U', 'U', 'B9B090AC9D96645AE05332B3228EA5A5');

INSERT INTO THE.HARVEST_SALE (FOREST_FILE_ID, SB_FUND_IND, SALE_METHOD_CODE, SALE_TYPE_CD, PLANNED_SALE_DATE, TENDER_OPENING_DT, PLND_SB_CAT_CODE, SOLD_SB_CAT_CODE, TOTAL_BIDDERS, LUMPSUM_BONUS_AMT, CASH_SALE_EST_VOL, CASH_SALE_TOT_DOL, PAYMENT_METHOD_CD, SALVAGE_IND, SALE_VOLUME, ADMIN_AREA_IND, MINOR_FACILITY_IND, BCTS_ORG_UNIT, FTA_BONUS_BID, FTA_BONUS_OFFER, REVISION_COUNT, ENTRY_USERID, ENTRY_TIMESTAMP, UPDATE_USERID, UPDATE_TIMESTAMP)
VALUES('TFL44', 'N', 'A', 'SL', TIMESTAMP '1984-08-01 00:00:00.000000', NULL, 'N', 'N', NULL, NULL, NULL, NULL, 'A', 'N', NULL, 'N', 'N', 11, NULL, NULL, 2, 'FTA_CONV', TIMESTAMP '2003-11-15 11:00:39.000000', 'IDIR\JAKETHEDOG', TIMESTAMP '2024-12-04 13:31:35.000000');

INSERT INTO THE.HAULING_AUTHORITY (TIMBER_MARK, FOREST_FILE_ID, MARKING_METHOD_CODE, MARKING_INSTRUMENT_CODE, REVISION_COUNT, ENTRY_TIMESTAMP, UPDATE_USERID, UPDATE_TIMESTAMP, ENTRY_USERID, HAULING_AUTHORITY_GUID)
VALUES('44/270', 'TFL44', 'S', 'H', 2, TIMESTAMP '2003-11-04 10:30:08.000000', 'IDIR\MBAUTO', TIMESTAMP '2008-12-04 10:52:21.000000', 'MBAUTO', 'B994A76C45E22408E05332B3228E5273');

INSERT INTO THE.FOREST_FILE_CLIENT (FOREST_FILE_CLIENT_SKEY, FOREST_FILE_ID, CLIENT_NUMBER, CLIENT_LOCN_CODE, FOREST_FILE_CLIENT_TYPE_CODE, LICENSEE_START_DATE, LICENSEE_END_DATE, REVISION_COUNT, ENTRY_USERID, ENTRY_TIMESTAMP, UPDATE_USERID, UPDATE_TIMESTAMP) VALUES
(501472, 'TFL44', '00010002', '03', 'A', TIMESTAMP '2019-03-29 00:00:00.000000', NULL, 0, 'IDIR\ASKYWALKER', TIMESTAMP '2019-04-16 13:31:46.000000', 'IDIR\ASKYWALKER', TIMESTAMP '2019-04-16 13:31:46.000000');

-- K1A
INSERT INTO PROV_FOREST_USE (FOREST_FILE_ID,FILE_STATUS_ST,FILE_STATUS_DATE,FILE_TYPE_CODE,FOREST_REGION,BCTS_ORG_UNIT,SB_FUNDED_IND,DISTRICT_ADMIN_ZONE,MGMT_UNIT_TYPE,MGMT_UNIT_ID,REVISION_COUNT,ENTRY_USERID,ENTRY_TIMESTAMP,UPDATE_USERID,UPDATE_TIMESTAMP,FOREST_TENURE_GUID) VALUES
('K1A','HI',TIMESTAMP'2000-07-07 00:00:00','A28',10,NULL,'N',NULL,'C',NULL,14,'JAKETHEDOG',TIMESTAMP'1999-08-30 10:33:26','IDIR\JAKETHEDOG',TIMESTAMP'2020-05-14 09:24:18','B994A7A8E9092408E05332B3228E5273');

INSERT INTO HARVESTING_AUTHORITY (HVA_SKEY,FOREST_FILE_ID,CUTTING_PERMIT_ID,HARVESTING_AUTHORITY_ID,FOREST_DISTRICT,DISTRICT_ADMN_ZONE,GEOGRAPHIC_DISTRICT,MGMT_UNIT_ID,MGMT_UNIT_TYPE_CODE,LICENCE_TO_CUT_CODE,HARVEST_TYPE_CODE,HARVEST_AUTH_STATUS_CODE,TENURE_TERM,STATUS_DATE,ISSUE_DATE,EXPIRY_DATE,EXTEND_DATE,EXTEND_COUNT,HARVEST_AUTH_EXTEND_REAS_CODE,QUOTA_TYPE_CODE,CROWN_LANDS_REGION_CODE,SALVAGE_TYPE_CODE,CASCADE_SPLIT_CODE,CATASTROPHIC_IND,CROWN_GRANTED_IND,CRUISE_BASED_IND,DECIDUOUS_IND,BCAA_FOLIO_NUMBER,LOCATION,HIGHER_LEVEL_PLAN_REFERENCE,HARVEST_AREA,RETIREMENT_DATE,REVISION_COUNT,ENTRY_USERID,ENTRY_TIMESTAMP,UPDATE_USERID,UPDATE_TIMESTAMP,IS_WASTE_ASSESSMENT_REQUIRED,IS_CP_EXTENSN_APPL_FEE_WAIVED,IS_CP_EXTENSION_APPL_FEE_PAID,IS_WITHIN_FIBRE_RECOVERY_ZONE,HARVESTING_AUTHORITY_GUID) VALUES
(562321,'K1A','EEE',NULL,2,'A',2,NULL,NULL,NULL,'G','HC',48,TIMESTAMP'2019-06-13 00:00:00',TIMESTAMP'2012-11-02 00:00:00',TIMESTAMP'2016-11-01 00:00:00',NULL,0,NULL,'A',NULL,NULL,'E','N','N','N','N',NULL,'CP EEE',NULL,NULL,TIMESTAMP'2021-08-31 12:20:37',5,'BCEID\JAKETHEDOG',TIMESTAMP'2012-10-25 10:55:10','IDIR\JAKETHEDOG',TIMESTAMP'2021-08-31 12:20:37','U','U','U','U','B9B090ADF7D5645AE05332B3228EA5A5');

INSERT INTO HAULING_AUTHORITY (TIMBER_MARK,FOREST_FILE_ID,MARKING_METHOD_CODE,MARKING_INSTRUMENT_CODE,REVISION_COUNT,ENTRY_TIMESTAMP,UPDATE_USERID,UPDATE_TIMESTAMP,ENTRY_USERID,HAULING_AUTHORITY_GUID) VALUES
('K1AEEE','K1A','1','H',2,TIMESTAMP'2012-10-25 10:55:11','IDIR\JAKETHEDOG',TIMESTAMP'2019-06-13 10:22:39','BCEID\JAKETHEDOG','B994A76E7C562408E05332B3228E5273');

INSERT INTO FOREST_FILE_CLIENT (FOREST_FILE_CLIENT_SKEY,FOREST_FILE_ID,CLIENT_NUMBER,CLIENT_LOCN_CODE,FOREST_FILE_CLIENT_TYPE_CODE,LICENSEE_START_DATE,LICENSEE_END_DATE,REVISION_COUNT,ENTRY_USERID,ENTRY_TIMESTAMP,UPDATE_USERID,UPDATE_TIMESTAMP) VALUES
(122540,'K1A','00010005','00','A',NULL,NULL,1,'FTA_CONV',TIMESTAMP'2003-11-15 10:52:04','FTA_CONV',TIMESTAMP'2003-11-15 10:52:04');

-- A20212
INSERT INTO FOREST_MGMT_UNIT (MGMT_SKEY,MGMT_UNIT_TYPE_CODE,MGMT_UNIT_ID,DESCRIPTION,ENTRY_USERID,ENTRY_TIMESTAMP,UPDATE_USERID,UPDATE_TIMESTAMP,REVISION_COUNT,EFFECTIVE_DATE,EXPIRY_DATE) VALUES
	 (369,'Q','13','Selkirk','FTA_04_09',TIMESTAMP'2014-12-02 08:34:56','FTA_04_09',TIMESTAMP'2014-12-02 08:34:56',0,TIMESTAMP'2014-12-02 08:34:56',TIMESTAMP'9999-12-31 00:00:00'),
	 (24,'T','13','TFL 13  Blue River','FTA_CONV',TIMESTAMP'2003-11-15 18:37:18','FTA_CONV',TIMESTAMP'2003-11-15 18:37:18',0,TIMESTAMP'1905-01-01 00:00:00',TIMESTAMP'9999-12-31 00:00:00'),
	 (67,'U','13','Kootenay Lake TSA','FTA_CONV',TIMESTAMP'2003-11-15 18:37:18','FTA_CONV',TIMESTAMP'2003-11-15 18:37:18',0,TIMESTAMP'1905-01-01 00:00:00',TIMESTAMP'9999-12-31 00:00:00');

INSERT INTO PROV_FOREST_USE (FOREST_FILE_ID,FILE_STATUS_ST,FILE_STATUS_DATE,FILE_TYPE_CODE,FOREST_REGION,BCTS_ORG_UNIT,SB_FUNDED_IND,DISTRICT_ADMIN_ZONE,MGMT_UNIT_TYPE,MGMT_UNIT_ID,REVISION_COUNT,ENTRY_USERID,ENTRY_TIMESTAMP,UPDATE_USERID,UPDATE_TIMESTAMP,FOREST_TENURE_GUID) VALUES
('A20212','HI',TIMESTAMP'1982-12-01 00:00:00','A01',14,NULL,'N',NULL,'U','13',8,'L',TIMESTAMP'1991-07-12 19:00:00','IDIR\LUFFY',TIMESTAMP'2024-12-30 08:06:09','B994A7A7212F2408E05332B3228E5273');

INSERT INTO HARVEST_SALE (FOREST_FILE_ID,SB_FUND_IND,SALE_METHOD_CODE,SALE_TYPE_CD,PLANNED_SALE_DATE,TENDER_OPENING_DT,PLND_SB_CAT_CODE,SOLD_SB_CAT_CODE,TOTAL_BIDDERS,LUMPSUM_BONUS_AMT,CASH_SALE_EST_VOL,CASH_SALE_TOT_DOL,PAYMENT_METHOD_CD,SALVAGE_IND,SALE_VOLUME,ADMIN_AREA_IND,MINOR_FACILITY_IND,BCTS_ORG_UNIT,FTA_BONUS_BID,FTA_BONUS_OFFER,REVISION_COUNT,ENTRY_USERID,ENTRY_TIMESTAMP,UPDATE_USERID,UPDATE_TIMESTAMP) VALUES
('A20212','N','A','SL',TIMESTAMP'1982-12-01 00:00:00',NULL,'N','N',NULL,NULL,NULL,NULL,'A','N',NULL,'N','N',NULL,NULL,NULL,8,'FTA_CONV',TIMESTAMP'2003-11-15 11:00:22','IDIR\HSOLO',TIMESTAMP'2024-12-30 08:06:09');

INSERT INTO FOREST_FILE_CLIENT (FOREST_FILE_CLIENT_SKEY,FOREST_FILE_ID,CLIENT_NUMBER,CLIENT_LOCN_CODE,FOREST_FILE_CLIENT_TYPE_CODE,LICENSEE_START_DATE,LICENSEE_END_DATE,REVISION_COUNT,ENTRY_USERID,ENTRY_TIMESTAMP,UPDATE_USERID,UPDATE_TIMESTAMP) VALUES
 (444326,'A20212','00010006','00','A',TIMESTAMP'2012-07-17 00:00:00',NULL,0,'IDIR\LUFFY',TIMESTAMP'2012-07-17 11:20:59','IDIR\LUFFY',TIMESTAMP'2012-07-17 11:20:59'),
 (24965,'A20212','00010003','13','C',NULL,TIMESTAMP'2012-07-17 00:00:00',2,'FTA_CONV',TIMESTAMP'2003-11-15 10:50:47','IDIR\LUFFY',TIMESTAMP'2012-07-17 11:20:59');

INSERT INTO HARVESTING_AUTHORITY (HVA_SKEY,FOREST_FILE_ID,CUTTING_PERMIT_ID,HARVESTING_AUTHORITY_ID,FOREST_DISTRICT,DISTRICT_ADMN_ZONE,GEOGRAPHIC_DISTRICT,MGMT_UNIT_ID,MGMT_UNIT_TYPE_CODE,LICENCE_TO_CUT_CODE,HARVEST_TYPE_CODE,HARVEST_AUTH_STATUS_CODE,TENURE_TERM,STATUS_DATE,ISSUE_DATE,EXPIRY_DATE,EXTEND_DATE,EXTEND_COUNT,HARVEST_AUTH_EXTEND_REAS_CODE,QUOTA_TYPE_CODE,CROWN_LANDS_REGION_CODE,SALVAGE_TYPE_CODE,CASCADE_SPLIT_CODE,CATASTROPHIC_IND,CROWN_GRANTED_IND,CRUISE_BASED_IND,DECIDUOUS_IND,BCAA_FOLIO_NUMBER,LOCATION,HIGHER_LEVEL_PLAN_REFERENCE,HARVEST_AREA,RETIREMENT_DATE,REVISION_COUNT,ENTRY_USERID,ENTRY_TIMESTAMP,UPDATE_USERID,UPDATE_TIMESTAMP,IS_WASTE_ASSESSMENT_REQUIRED,IS_CP_EXTENSN_APPL_FEE_WAIVED,IS_CP_EXTENSION_APPL_FEE_PAID,IS_WITHIN_FIBRE_RECOVERY_ZONE,HARVESTING_AUTHORITY_GUID) VALUES
(744308,'A20212','210',NULL,14,'1',14,'13','U',NULL,'G','HC',48,TIMESTAMP'2021-11-23 00:00:00',TIMESTAMP'2017-11-24 00:00:00',TIMESTAMP'2021-11-23 00:00:00',NULL,0,NULL,'A','4',NULL,'E','N','Y','N','N',NULL,'Shorty Creek',NULL,NULL,TIMESTAMP'2023-01-26 11:47:11',7,'BCEID\KAIDO',TIMESTAMP'2017-10-19 06:49:49','IDIR\JIMBEI',TIMESTAMP'2023-01-26 11:47:11','U','U','U','U','B9B090AE44F3645AE05332B3228EA5A5');

INSERT INTO HAULING_AUTHORITY (TIMBER_MARK,FOREST_FILE_ID,MARKING_METHOD_CODE,MARKING_INSTRUMENT_CODE,REVISION_COUNT,ENTRY_TIMESTAMP,UPDATE_USERID,UPDATE_TIMESTAMP,ENTRY_USERID,HAULING_AUTHORITY_GUID) VALUES
	 ('EZ7210','A20212','4','H',2,TIMESTAMP'2017-10-19 06:49:49','IDIR\SHANKS',TIMESTAMP'2023-01-26 11:47:08','BCEID\USSOP','B994A76E36872408E05332B3228E5273');

-- Others
INSERT INTO THE.SILV_ADMIN_ZONE ( DIST_ADMIN_ZONE, ORG_UNIT_NO, ADMIN_ZONE_DESC, REVISION_COUNT ) VALUES ('ER', 1, 'ZONE R', 1);
