INSERT INTO RESULTS_ELECTRONIC_SUBMISSION (RESULTS_SUBMISSION_ID,SUBMISSION_TIMESTAMP,SUBMITTED_BY,CLIENT_NUMBER,CLIENT_LOCN_CODE,ORG_UNIT_NO,USER_FILENAME,USER_REFERENCE,ENTRY_USERID,ENTRY_TIMESTAMP,UPDATE_USERID,UPDATE_TIMESTAMP,REVISION_COUNT) VALUES
	 (57129,TIMESTAMP'2016-03-29 10:22:16','IDIR\MTSOI','00010004','00',1,'NewOpeningMulti.xml',NULL,'IDIR\MTSOI',TIMESTAMP'2016-03-29 10:22:41','IDIR\MTSOI',TIMESTAMP'2016-03-29 10:22:41',1);

INSERT INTO OPENING (OPENING_ID,GEO_DISTRICT_NO,ADMIN_DISTRICT_NO,MAPSHEET_GRID,MAPSHEET_LETTER,MAPSHEET_SQUARE,MAPSHEET_QUAD,MAPSHEET_SUB_QUAD,OPENING_NUMBER,OPENING_LOCN_NAME,OPEN_CATEGORY_CODE,LICENSEE_OPENING_ID,TSB_NUMBER_CODE,OPENING_STATUS_CODE,ORG_UNIT_NO,DIST_ADMIN_ZONE,MAX_ALLOW_PERMNT_ACCESS_PCT,PREV_AGE_CLASS_CODE,PREV_SITE_INDEX,PREV_SITE_INDEX_SOURCE_CODE,PREV_HEIGHT_CLASS_CODE,PREV_SITE_CLASS_CODE,PREV_STOCKING_CLASS_CODE,PREV_STOCKING_STATUS_CODE,PREV_TREE_SPP1_CODE,PREV_TREE_SPP2_CODE,APP_ENT_BY_USERID,APPROVE_DATE,AMENDMENT_IND,RESULTS_SUBMISSION_ID,ENTRY_USERID,ENTRY_TIMESTAMP,UPDATE_USERID,UPDATE_TIMESTAMP,REVISION_COUNT) VALUES
	 (1020124,1,1,' 92','F','017','0','0','1014','ABC','FTML','126423',NULL,'APP',1,NULL,2,'3',12,'A','3',NULL,'4','C','ACT',NULL,NULL,TIMESTAMP'2016-03-29 10:22:41',NULL,57129,'IDIR\MTSOI',TIMESTAMP'2016-03-29 10:22:41','IDIR\SCUSACK',TIMESTAMP'2025-04-10 14:30:31',4);

INSERT INTO TIMBER_MARK (TIMBER_MARK,FOREST_FILE_ID,CUTTING_PERMIT_ID,FOREST_DISTRICT,GEOGRAPHIC_DISTRCT,CASCADE_SPLIT_CODE,QUOTA_TYPE_CODE,DECIDUOUS_IND,CATASTROPHIC_IND,CROWN_GRANTED_IND,CRUISE_BASED_IND,CERTIFICATE,HDBS_TIMBER_MARK,VM_TIMBER_MARK,TENURE_TERM,BCAA_FOLIO_NUMBER,ACTIVATED_USERID,AMENDED_USERID,DISTRICT_ADMN_ZONE,GRANTED_ACQRD_DATE,LANDS_REGION,CROWN_GRANTED_ACQ_DESC,MARK_STATUS_ST,MARK_STATUS_DATE,MARK_AMEND_DATE,MARK_APPL_DATE,MARK_CANCEL_DATE,MARK_EXTEND_DATE,MARK_EXTEND_RSN_CD,MARK_EXTEND_COUNT,MARK_ISSUE_DATE,MARK_EXPIRY_DATE,MARKNG_INSTRMNT_CD,MARKING_METHOD_CD,ENTRY_USERID,ENTRY_TIMESTAMP,UPDATE_USERID,UPDATE_TIMESTAMP,REVISION_COUNT,SMALL_PATCH_SALVAGE_IND,SALVAGE_TYPE_CODE) VALUES
	 ('39/27Y','TFL39','27Y',1,1,'W','A','N','N','Y','N',NULL,NULL,NULL,48,NULL,NULL,NULL,'S',NULL,NULL,NULL,'HI',TIMESTAMP'2008-08-19 00:00:00',NULL,NULL,NULL,NULL,NULL,0,TIMESTAMP'2007-08-19 00:00:00',TIMESTAMP'2011-08-18 00:00:00','H','4','IDIR\RYEE',TIMESTAMP'2008-08-19 14:12:46','IDIR\RYEE',TIMESTAMP'2008-08-19 16:14:38',2,'N',NULL);

INSERT INTO CUT_BLOCK (CB_SKEY,HVA_SKEY,FOREST_FILE_ID,CUTTING_PERMIT_ID,TIMBER_MARK,CUT_BLOCK_ID,SP_EXEMPT_IND,BLOCK_STATUS_DATE,CUT_BLOCK_DESCRIPTION,CUT_REGULATION_CODE,BLOCK_STATUS_ST,REFOREST_DECLARE_TYPE_CODE,REVISION_COUNT,ENTRY_USERID,ENTRY_TIMESTAMP,UPDATE_USERID,UPDATE_TIMESTAMP,IS_WASTE_ASSESSMENT_REQUIRED,CUT_BLOCK_GUID,FIRE_HARVESTING_REASON_CODE,IS_UNDER_PARTITION_ORDER,REPORTED_FIRE_DATE) VALUES
	 (338662,172563,'TFL39','27Y','39/27Y','Y40764','N',TIMESTAMP'2016-03-29 10:22:42','CROWN',NULL,'LC',NULL,2,'IDIR\RYEE',TIMESTAMP'2008-08-19 14:12:56','IDIR\MTSOI',TIMESTAMP'2016-03-29 10:22:42','U','B4E212FAE6034578E0533A54228E0360',NULL,NULL,NULL),
	 (338665,172563,'TFL39','27Y','39/27Y','Y20267','N',TIMESTAMP'2008-08-19 15:51:10','CROWN',NULL,'HB',NULL,1,'IDIR\RYEE',TIMESTAMP'2008-08-19 14:12:58','IDIR\RYEE',TIMESTAMP'2008-08-19 15:51:10','U','B4E212FAE6064578E0533A54228E0360',NULL,NULL,NULL);

INSERT INTO CUT_BLOCK_OPEN_ADMIN (CUT_BLOCK_OPEN_ADMIN_ID,FOREST_FILE_ID,TIMBER_MARK,CUT_BLOCK_ID,CUTTING_PERMIT_ID,DISTURBANCE_GROSS_AREA,DISTURBANCE_START_DATE,DISTURBANCE_END_DATE,OPENING_ID,OPENING_GROSS_AREA,PLANNED_HARVEST_DATE,PLANNED_GROSS_BLOCK_AREA,PLANNED_NET_BLOCK_AREA,OPENING_PRIME_LICENCE_IND,CB_SKEY,REVISION_COUNT,ENTRY_USERID,ENTRY_TIMESTAMP,UPDATE_USERID,UPDATE_TIMESTAMP) VALUES
	 (505961,'TFL39','39/27Y','Y40764','27Y',12,TIMESTAMP'2016-03-01 00:00:00',TIMESTAMP'2016-03-02 00:00:00',1020124,100,TIMESTAMP'2008-01-01 00:00:00',35.5925,26,'N',338662,4,'IDIR\RYEE',TIMESTAMP'2008-08-19 14:12:56','IDIR\SCUSACK',TIMESTAMP'2025-04-10 14:30:31'),
	 (505964,'TFL39','39/27Y','Y20267','27Y',10,TIMESTAMP'2024-09-01 00:00:00',TIMESTAMP'2024-09-03 00:00:00',1020124,100,TIMESTAMP'2007-06-01 00:00:00',36.3539,30.2,'Y',338665,5,'IDIR\RYEE',TIMESTAMP'2008-08-19 14:12:59','IDIR\SCUSACK',TIMESTAMP'2025-04-10 14:30:31');

INSERT INTO ACTIVITY_TREATMENT_UNIT (ACTIVITY_TREATMENT_UNIT_ID,ACTIVITY_TU_SEQ_NO,ORG_UNIT_NO,OPENING_ID,SILVICULTURE_PROJECT_ID,PROJECT_UNIT_ID,SILV_BASE_CODE,SILV_TECHNIQUE_CODE,SILV_METHOD_CODE,SILV_OBJECTIVE_CODE_1,SILV_OBJECTIVE_CODE_2,SILV_OBJECTIVE_CODE_3,SILV_FUND_SRCE_CODE,SILV_ACTIVITY_MEASUREMENT_CODE,ACTIVITY_LICENSEE_ID,TREATMENT_AMOUNT,ACTUAL_TREATMENT_COST,ACT_PLANTED_NO,PLAN_SILV_TECHNIQUE_CODE,PLAN_SILV_METHOD_CODE,PLAN_SILV_FUND_SRCE_CODE,PLANNED_DATE,PLANNED_TREATMENT_AMOUNT,PLANNED_TREATMENT_COST,PLAN_SILV_OBJECTIVE_CODE_1,PLAN_SILV_OBJECTIVE_CODE_2,PLAN_SILV_OBJECTIVE_CODE_3,TARGET_PREPARED_SPOTS,PRUNING_MIN_CROWN_PCT,PRUNE_HEIGHT,STEMS_TO_PRUNE,MIN_ACCEPTABLE_DENSITY,TOTAL_STEMS_PER_HA,INTER_TREE_TARGET_DISTANCE,INTER_TREE_VARIATION,INTER_TREE_MIN_DISTANCE,MAX_TREES_PER_PLOT,MAX_TREES_PER_HA,SURVEY_PLANNED_NUM_PLOTS,SURVEY_ACTUAL_NUM_PLOTS,SURVEY_MIN_PLOTS_PER_STRATUM,SILV_TREE_SPECIES_CODE,ATU_START_DATE,ATU_COMPLETION_DATE,RESULTS_IND,UNIT_BID_PRICE,FIA_PROJECT_ID,RESULTS_SUBMISSION_ID,DISTURBANCE_CODE,SILV_SYSTEM_CODE,SILV_SYSTEM_VARIANT_CODE,SILV_CUT_PHASE_CODE,CUT_BLOCK_OPEN_ADMIN_ID,DISTURBANCE_COMPLETED_IND,ENTRY_USERID,ENTRY_TIMESTAMP,UPDATE_USERID,UPDATE_TIMESTAMP,REVISION_COUNT) VALUES
	 (1029334,1,1,1020124,NULL,NULL,'DN',NULL,NULL,NULL,NULL,NULL,NULL,'HA','234R',12,NULL,NULL,NULL,NULL,NULL,NULL,NULL,NULL,NULL,NULL,NULL,NULL,NULL,NULL,NULL,NULL,NULL,NULL,NULL,NULL,NULL,NULL,NULL,NULL,NULL,NULL,TIMESTAMP'2016-03-01 00:00:00',TIMESTAMP'2016-03-02 00:00:00','Y',NULL,NULL,57129,'L','CLEAR',NULL,'REMOV',505961,'Y','IDIR\MTSOI',TIMESTAMP'2016-03-29 10:22:41','IDIR\MTSOI',TIMESTAMP'2016-03-29 10:22:41',1),
	 (1033533,2,1,1020124,NULL,NULL,'DN',NULL,NULL,NULL,NULL,NULL,NULL,'HA',NULL,10,NULL,NULL,NULL,NULL,NULL,NULL,NULL,NULL,NULL,NULL,NULL,NULL,NULL,NULL,NULL,NULL,NULL,NULL,NULL,NULL,NULL,NULL,NULL,NULL,NULL,NULL,TIMESTAMP'2024-09-01 00:00:00',TIMESTAMP'2024-09-03 00:00:00','Y',NULL,NULL,NULL,'B',NULL,NULL,NULL,505964,'N','IDIR\SCUSACK',TIMESTAMP'2025-04-10 14:27:45','IDIR\SCUSACK',TIMESTAMP'2025-04-10 14:30:31',2);

INSERT INTO STANDARDS_REGIME (STANDARDS_REGIME_ID,STANDARDS_REGIME_NAME,STANDARDS_REGIME_STATUS_CODE,SILV_STATUTE_CODE,STANDARDS_OBJECTIVE,GEOGRAPHIC_DESCRIPTION,MOF_DEFAULT_STANDARD_IND,REGEN_DELAY_OFFSET_YRS,REGEN_OBLIGATION_IND,NO_REGEN_EARLY_OFFSET_YRS,NO_REGEN_LATE_OFFSET_YRS,FREE_GROWING_EARLY_OFFSET_YRS,FREE_GROWING_LATE_OFFSET_YRS,APPROVED_BY_USERID,APPROVED_DATE,SUBMITTED_BY_USERID,SUBMITTED_DATE,EFFECTIVE_DATE,EXPIRY_DATE,ADDITIONAL_STANDARDS,REJECT_NOTE,ENTRY_USERID,ENTRY_TIMESTAMP,UPDATE_USERID,UPDATE_TIMESTAMP,REVISION_COUNT) VALUES
	 (760,NULL,'APP',NULL,NULL,NULL,'N',7,'Y',NULL,NULL,9,10,'IDIR\RESDIC07',TIMESTAMP'2007-02-06 14:32:59','BCEID\RESCANFOR20',TIMESTAMP'2007-02-06 14:25:14',TIMESTAMP'2007-02-14 00:00:00',NULL,'vgwgwgsw',NULL,'BCEID\RESCANFOR20',TIMESTAMP'2007-02-06 14:23:58','IDIR\RESDIC07',TIMESTAMP'2007-02-06 14:32:59',11),
	 (1535,'OCIC TEST FSP STANDARD 131','APP',NULL,'OCIC TEST FSP STANDARD 131 objective','OCIC TEST FSP STANDARD 131 A','N',2,'Y',NULL,NULL,5,13,'IDIR\SCAKERLE',TIMESTAMP'2009-12-04 09:08:42','IDIR\SCAKERLE',TIMESTAMP'2009-12-04 09:08:14',NULL,NULL,'addtional OCIC TEST FSP STANDARD 131 Comment',NULL,'IDIR\EWONG',TIMESTAMP'2008-03-25 16:09:55','IDIR\SCAKERLE',TIMESTAMP'2009-12-04 09:08:42',6);

INSERT INTO STOCKING_STANDARD_UNIT (STOCKING_STANDARD_UNIT_ID,OPENING_ID,STANDARDS_UNIT_ID,STANDARDS_REGIME_ID,NET_AREA,MAX_ALLOW_SOIL_DISTURBANCE_PCT,VARIANCE_IND,ENTRY_USERID,ENTRY_TIMESTAMP,UPDATE_USERID,UPDATE_TIMESTAMP,REVISION_COUNT) VALUES
	 (1036408,1020124,'1',760,10,3,'N','IDIR\MTSOI',TIMESTAMP'2016-03-29 10:22:41','IDIR\MTSOI',TIMESTAMP'2016-03-29 10:22:41',1),
	 (1036409,1020124,'2',1535,20,4,'N','IDIR\MTSOI',TIMESTAMP'2016-03-29 10:22:41','IDIR\MTSOI',TIMESTAMP'2016-03-29 10:22:41',1);

INSERT INTO STOCKING_MILESTONE (STOCKING_STANDARD_UNIT_ID,SILV_MILESTONE_TYPE_CODE,RESULTS_SUBMISSION_ID,DECLARED_DATE,DECLARED_USERID,DECLARE_IND,DECLARATION_SUBMITTED_DATE,EARLY_OFFSET_YEARS,LATE_OFFSET_YEARS,DUE_EARLY_DATE,DUE_LATE_DATE,ENTRY_USERID,ENTRY_TIMESTAMP,UPDATE_USERID,UPDATE_TIMESTAMP,REVISION_COUNT,EXTENT_FEASIBLE_DECLARED_IND) VALUES
	 (1036408,'FG',NULL,NULL,NULL,NULL,NULL,9,10,TIMESTAMP'2025-03-01 00:00:00',TIMESTAMP'2026-03-01 00:00:00','IDIR\MTSOI',TIMESTAMP'2016-03-29 10:22:41','IDIR\SCUSACK',TIMESTAMP'2025-04-10 14:30:31',4,'N'),
	 (1036408,'PH',NULL,NULL,NULL,NULL,NULL,NULL,NULL,NULL,NULL,'IDIR\MTSOI',TIMESTAMP'2016-03-29 10:22:41','IDIR\SCUSACK',TIMESTAMP'2025-04-10 14:30:31',4,'N'),
	 (1036408,'RG',NULL,NULL,NULL,NULL,NULL,NULL,7,NULL,TIMESTAMP'2023-03-01 00:00:00','IDIR\MTSOI',TIMESTAMP'2016-03-29 10:22:41','IDIR\SCUSACK',TIMESTAMP'2025-04-10 14:30:31',4,'N'),
	 (1036409,'FG',NULL,NULL,NULL,NULL,NULL,5,13,TIMESTAMP'2021-03-01 00:00:00',TIMESTAMP'2029-03-01 00:00:00','IDIR\MTSOI',TIMESTAMP'2016-03-29 10:22:41','IDIR\SCUSACK',TIMESTAMP'2025-04-10 14:30:31',4,'N'),
	 (1036409,'PH',NULL,NULL,NULL,NULL,NULL,NULL,NULL,NULL,NULL,'IDIR\MTSOI',TIMESTAMP'2016-03-29 10:22:41','IDIR\SCUSACK',TIMESTAMP'2025-04-10 14:30:31',4,'N'),
	 (1036409,'RG',NULL,NULL,NULL,NULL,NULL,NULL,2,NULL,TIMESTAMP'2018-03-01 00:00:00','IDIR\MTSOI',TIMESTAMP'2016-03-29 10:22:41','IDIR\SCUSACK',TIMESTAMP'2025-04-10 14:30:31',4,'N');

INSERT INTO STOCKING_ECOLOGY (STOCKING_ECOLOGY_ID,OPENING_ID,STOCKING_STANDARD_UNIT_ID,BEC_REGION_CODE,BGC_ZONE_CODE,BGC_SUBZONE_CODE,BGC_VARIANT,BGC_PHASE,BEC_SITE_SERIES,BEC_SITE_TYPE,BEC_SERAL,ENTRY_USERID,ENTRY_TIMESTAMP,UPDATE_USERID,UPDATE_TIMESTAMP,REVISION_COUNT) VALUES
	 (1943336,1020124,1036408,NULL,'CWH','mm','1',NULL,'01',NULL,NULL,'IDIR\MTSOI',TIMESTAMP'2016-03-29 10:22:41','IDIR\MTSOI',TIMESTAMP'2016-03-29 10:22:41',1),
	 (1943337,1020124,1036409,NULL,'CWH','mm','2',NULL,'03',NULL,NULL,'IDIR\MTSOI',TIMESTAMP'2016-03-29 10:22:41','IDIR\MTSOI',TIMESTAMP'2016-03-29 10:22:41',1);

INSERT INTO FOREST_STEWARDSHIP_PLAN (FSP_ID,FSP_AMENDMENT_NUMBER,FSP_STATUS_CODE,FSP_AMENDMENT_CODE,LICENSEE_AMENDMENT_NAME,PLAN_NAME,PLAN_TERM_YEARS,PLAN_TERM_MONTHS,PLAN_START_DATE,PLAN_END_DATE,PLAN_SUBMISSION_DATE,PLAN_DECISION_DATE,PLAN_DECISION_USERID,TRANSITION_IND,IDENTIFIED_AREAS_UPDATE_IND,FDU_UPDATE_IND,STOCKING_STANDARD_UPDATE_IND,FRPA197_ELECTION_IND,CONTACT_NAME,TELEPHONE_NUMBER,EMAIL_ADDRESS,AMENDMENT_APPROVAL_DATE,AMENDMENT_AUTHORITY,AMENDMENT_APPROVAL_REQUIRD_IND,AMENDMENT_SUBMISSION_DATE,REVISION_COUNT,ENTRY_USERID,ENTRY_TIMESTAMP,UPDATE_USERID,UPDATE_TIMESTAMP) VALUES
	 (382,0,'DFT','ORG',NULL,'OCIC TEST FTA ECAS FSP',5,0,NULL,NULL,TIMESTAMP'2008-03-25 00:00:00',NULL,NULL,'N','N','N','N','N','Ricky Yee','2503878915','mailto:elaine.wong@cgi.com',NULL,NULL,'Y',NULL,2,'IDIR\EWONG',TIMESTAMP'2008-03-25 16:09:52','IDIR\EWONG',TIMESTAMP'2008-03-25 16:09:52');

INSERT INTO FSP_STANDARDS_REGIME_XREF (FSP_ID,FSP_AMENDMENT_NUMBER,STANDARDS_REGIME_ID,REVISION_COUNT,ENTRY_USERID,ENTRY_TIMESTAMP,UPDATE_USERID,UPDATE_TIMESTAMP) VALUES
	 (382,0,1535,1,'IDIR\EWONG',TIMESTAMP'2008-03-25 16:09:55','IDIR\EWONG',TIMESTAMP'2008-03-25 16:09:55');

INSERT INTO STOCKING_LAYER (STOCKING_LAYER_ID,STOCKING_STANDARD_UNIT_ID,OPENING_ID,STOCKING_LAYER_CODE,TARGET_STOCKING,RESIDUAL_BASAL_AREA,MIN_HORIZONTAL_DISTANCE,MIN_PREF_STOCKING_STANDARD,MIN_POST_SPACING,MIN_STOCKING_STANDARD,MAX_POST_SPACING,MAX_CONIFER,HGHT_RELATIVE_TO_COMP,TREE_SIZE_UNIT_CODE,ENTRY_USERID,ENTRY_TIMESTAMP,UPDATE_USERID,UPDATE_TIMESTAMP,REVISION_COUNT) VALUES
	 (2014801,1036408,1020124,'1',NULL,NULL,NULL,NULL,NULL,NULL,NULL,NULL,NULL,NULL,'IDIR\MTSOI',TIMESTAMP'2016-03-29 10:22:41','IDIR\MTSOI',TIMESTAMP'2016-03-29 10:22:41',1),
	 (2014800,1036408,1020124,'4',1200,45,2,150,4890,1500,9900,5120,150,'%','IDIR\MTSOI',TIMESTAMP'2016-03-29 10:22:41','IDIR\MTSOI',TIMESTAMP'2016-03-29 10:22:41',1),
	 (2014802,1036408,1020124,'2',NULL,NULL,NULL,NULL,NULL,NULL,NULL,NULL,NULL,NULL,'IDIR\MTSOI',TIMESTAMP'2016-03-29 10:22:41','IDIR\MTSOI',TIMESTAMP'2016-03-29 10:22:41',1),
	 (2014803,1036408,1020124,'3',NULL,NULL,NULL,NULL,NULL,NULL,NULL,NULL,NULL,NULL,'IDIR\MTSOI',TIMESTAMP'2016-03-29 10:22:41','IDIR\MTSOI',TIMESTAMP'2016-03-29 10:22:41',1),
	 (2014804,1036409,1020124,'I',1303,153,2.3,803,903,703,1303,15000,153,'%','IDIR\MTSOI',TIMESTAMP'2016-03-29 10:22:41','IDIR\MTSOI',TIMESTAMP'2016-03-29 10:22:41',1);

INSERT INTO STOCKING_LAYER_SPECIES (STOCKING_LAYER_ID,SILV_TREE_SPECIES_CODE,SPECIES_ORDER,PREFERRED_IND,MIN_HEIGHT,ENTRY_USERID,ENTRY_TIMESTAMP,UPDATE_USERID,UPDATE_TIMESTAMP,REVISION_COUNT) VALUES
	 (2014800,'HM',1,'N',4,'IDIR\MTSOI',TIMESTAMP'2016-03-29 10:22:41','IDIR\MTSOI',TIMESTAMP'2016-03-29 10:22:41',1),
	 (2014800,'LW',1,'Y',2,'IDIR\MTSOI',TIMESTAMP'2016-03-29 10:22:41','IDIR\MTSOI',TIMESTAMP'2016-03-29 10:22:41',1),
	 (2014800,'M',2,'Y',3,'IDIR\MTSOI',TIMESTAMP'2016-03-29 10:22:41','IDIR\MTSOI',TIMESTAMP'2016-03-29 10:22:41',1),
	 (2014800,'OC',2,'N',3,'IDIR\MTSOI',TIMESTAMP'2016-03-29 10:22:41','IDIR\MTSOI',TIMESTAMP'2016-03-29 10:22:41',1),
	 (2014804,'OC',1,'Y',2.5,'IDIR\MTSOI',TIMESTAMP'2016-03-29 10:22:41','IDIR\MTSOI',TIMESTAMP'2016-03-29 10:22:41',1),
	 (2014804,'PW',1,'N',14.8,'IDIR\MTSOI',TIMESTAMP'2016-03-29 10:22:41','IDIR\MTSOI',TIMESTAMP'2016-03-29 10:22:41',1);

INSERT INTO FOREST_COVER (FOREST_COVER_ID,OPENING_ID,STOCKING_STANDARD_UNIT_ID,SILV_POLYGON_NO,SILV_POLYGON_AREA,SILV_POLYGON_NET_AREA,STOCKING_CLASS_CODE,STOCKING_STATUS_CODE,STOCKING_TYPE_CODE,REFERENCE_YEAR,REENTRY_YEAR,SITE_CLASS_CODE,SITE_INDEX,SITE_INDEX_SOURCE_CODE,SILV_RESERVE_CODE,SILV_RESERVE_OBJECTIVE_CODE,TREE_SPECIES_CODE,TREE_COVER_PATTERN_CODE,RESULTS_SUBMISSION_ID,ENTRY_USERID,ENTRY_TIMESTAMP,UPDATE_USERID,UPDATE_TIMESTAMP,REVISION_COUNT) VALUES
	 (1039802,1020124,1036408,'A',20,19,NULL,'IMM','ART',2015,NULL,NULL,10,'E',NULL,NULL,'ACB',NULL,NULL,'IDIR\MTSOI',TIMESTAMP'2016-03-29 00:00:00','IDIR\MTSOI',TIMESTAMP'2016-03-29 10:49:37',1),
	 (1039803,1020124,1036409,'B',2,2,NULL,'MAT','NAT',2015,NULL,NULL,11,'I','D','BIO','CW',NULL,NULL,'IDIR\MTSOI',TIMESTAMP'2016-03-29 00:00:00','IDIR\MTSOI',TIMESTAMP'2016-03-29 10:49:37',1);

INSERT INTO STOCKING_EVENT_HISTORY (STOCKING_EVENT_HISTORY_ID,OPENING_ID,OPENING_AMENDMENT_ID,OPENING_AMENDMENT_NUMBER,RESULTS_AUDIT_ACTION_CODE,SUBMITTED_USERID,RESULTS_SUBMISSION_ID,AMEND_EVENT_TIMESTAMP,ENTRY_USERID,ENTRY_TIMESTAMP,REVISION_COUNT) VALUES
	 (686257,1020124,1020124,NULL,'ES','IDIR\MTSOI',57129,TIMESTAMP'2016-03-29 10:22:41','IDIR\MTSOI',TIMESTAMP'2016-03-29 10:22:41',1);

INSERT INTO RESULTS_AUDIT_EVENT (RESULTS_AUDIT_EVENT_ID,OPENING_ID,STANDARDS_REGIME_ID,SILVICULTURE_PROJECT_ID,RESULTS_AUDIT_ACTION_CODE,ACTION_DATE,DESCRIPTION,USER_ID,EMAIL_SENT_IND,XML_SUBMISSION_ID,OPENING_AMENDMENT_NUMBER,ENTRY_USERID,ENTRY_TIMESTAMP) VALUES
	 (48829,1020124,NULL,NULL,'ES',TIMESTAMP'2016-03-29 10:22:41','Opening ID 1020124 created',NULL,'Y',57129,NULL,'IDIR\MTSOI',TIMESTAMP'2016-03-29 10:22:41'),
	 (48830,1020124,760,NULL,'ES',TIMESTAMP'2016-03-29 10:22:41','Standard was changed',NULL,'Y',57129,NULL,'IDIR\MTSOI',TIMESTAMP'2016-03-29 10:22:41'),
	 (48831,1020124,1535,NULL,'ES',TIMESTAMP'2016-03-29 10:22:41','Standard was changed',NULL,'Y',57129,NULL,'IDIR\MTSOI',TIMESTAMP'2016-03-29 10:22:41'),
	 (48832,1020124,NULL,NULL,'ES',TIMESTAMP'2016-03-29 10:22:41','Creating Disturbance Activity: Activity Id = 1029334',NULL,'Y',57129,NULL,'IDIR\MTSOI',TIMESTAMP'2016-03-29 10:22:41'),
	 (48833,1020124,NULL,NULL,'ES',TIMESTAMP'2016-03-29 10:22:41','Forest Cover Polygon No. A (Id=1039800)',NULL,'Y',57129,NULL,'IDIR\MTSOI',TIMESTAMP'2016-03-29 10:22:41'),
	 (48834,1020124,NULL,NULL,'ES',TIMESTAMP'2016-03-29 10:22:42','Forest Cover Polygon No. B (Id=1039801)',NULL,'Y',57129,NULL,'IDIR\MTSOI',TIMESTAMP'2016-03-29 10:22:42'),
	 (48835,1020124,NULL,NULL,'UPD',TIMESTAMP'2016-03-29 10:49:37','Forest Cover Polygon No. A (Id=1039802)',NULL,'N',NULL,NULL,'IDIR\MTSOI',TIMESTAMP'2016-03-29 10:49:37'),
	 (48836,1020124,NULL,NULL,'UPD',TIMESTAMP'2016-03-29 10:49:37','Forest Cover Polygon No. B (Id=1039803)',NULL,'N',NULL,NULL,'IDIR\MTSOI',TIMESTAMP'2016-03-29 10:49:37'),
	 (53274,1020124,NULL,NULL,'UPD',TIMESTAMP'2025-04-10 14:27:45','Opening/related details were modified.',NULL,'N',NULL,NULL,'IDIR\SCUSACK',TIMESTAMP'2025-04-10 14:27:45'),
	 (53275,1020124,NULL,NULL,'UPD',TIMESTAMP'2025-04-10 14:30:31','Opening/related details were modified.',NULL,'N',NULL,NULL,'IDIR\SCUSACK',TIMESTAMP'2025-04-10 14:30:31');

INSERT INTO FOREST_COVER_NON_MAPPED_AREA (FOREST_COVER_ID,NON_MAPPED_AREA_ID,NON_MAPPED_AREA,STOCKING_STATUS_CODE,STOCKING_TYPE_CODE,REVISION_COUNT) VALUES
	 (1039802,'1',1,'C','UNN',1);

INSERT INTO FOREST_COVER_LAYER (FOREST_COVER_ID,FOREST_COVER_LAYER_ID,FOREST_COVER_LAYER_CODE,STOCKING_TYPE_CODE,STOCKING_STATUS_CODE,TOTAL_STEMS_PER_HA,TOTAL_WELL_SPACED_STEMS_PER_HA,WELL_SPACED_STEMS_PER_HA,FREE_GROWING_STEMS_PER_HA,CROWN_CLOSURE_PCT,BASAL_AREA,ENTRY_USERID,ENTRY_TIMESTAMP,UPDATE_USERID,UPDATE_TIMESTAMP,REVISION_COUNT) VALUES
	 (1039802,1047193,'I',NULL,NULL,700,NULL,NULL,NULL,NULL,50,'IDIR\MTSOI',TIMESTAMP'2016-03-29 10:49:37','IDIR\MTSOI',TIMESTAMP'2016-03-29 10:49:37',1),
	 (1039802,1047194,'S',NULL,NULL,NULL,NULL,500,50,NULL,NULL,'IDIR\MTSOI',TIMESTAMP'2016-03-29 10:49:37','IDIR\MTSOI',TIMESTAMP'2016-03-29 10:49:37',1),
	 (1039803,1047195,'1',NULL,NULL,700,NULL,500,50,NULL,NULL,'IDIR\MTSOI',TIMESTAMP'2016-03-29 10:49:37','IDIR\MTSOI',TIMESTAMP'2016-03-29 10:49:37',1);

-- Missing FOREST_COVER_LAYER_SPECIES
