insert into THE.FOREST_CLIENT (
    CLIENT_NUMBER,
    CLIENT_TYPE_CODE,
    CLIENT_NAME,
    LEGAL_FIRST_NAME,
    LEGAL_MIDDLE_NAME,
    CLIENT_STATUS_CODE,
    BIRTHDATE,
    REGISTRY_COMPANY_TYPE_CODE,
    CORP_REGN_NMBR,
    CLIENT_ACRONYM,
    CLIENT_ID_TYPE_CODE,
    CLIENT_IDENTIFICATION,
    WCB_FIRM_NUMBER,
    OCG_SUPPLIER_NMBR,
    CLIENT_COMMENT,
    ADD_TIMESTAMP,
    ADD_USERID,
    ADD_ORG_UNIT,
    UPDATE_TIMESTAMP,
    UPDATE_USERID,
    UPDATE_ORG_UNIT,
    REVISION_COUNT
  )
values
  ('00000003','C','THE CONTINENTAL',null,null,'ACT',null,'BC','0000003',null,null,null,null,null,null,CURRENT_TIMESTAMP(6),'IDIR\BOWERY',1,CURRENT_TIMESTAMP(6),'IDIR\BOWERY',1,3),
  ('00000004','C','PARABELLUM',null,null,'ACT',null,'BC','0000004',null,null,null,null,null,null,CURRENT_TIMESTAMP(6),'IDIR\BOWERY',1,CURRENT_TIMESTAMP(6),'IDIR\BOWERY',1,3),
  ('00000005','C','BALLERINA',null,null,'ACT',null,'BC','0000005',null,null,null,null,null,null,CURRENT_TIMESTAMP(6),'IDIR\BOWERY',1,CURRENT_TIMESTAMP(6),'IDIR\BOWERY',1,3);

INSERT INTO THE.CLIENT_LOCATION
(CLIENT_NUMBER, CLIENT_LOCN_CODE, CLIENT_LOCN_NAME, HDBS_COMPANY_CODE, ADDRESS_1, ADDRESS_2, ADDRESS_3, CITY, PROVINCE, POSTAL_CODE, COUNTRY, BUSINESS_PHONE, HOME_PHONE, CELL_PHONE, FAX_NUMBER, EMAIL_ADDRESS, LOCN_EXPIRED_IND, RETURNED_MAIL_DATE, TRUST_LOCATION_IND, CLI_LOCN_COMMENT, UPDATE_TIMESTAMP, UPDATE_USERID, UPDATE_ORG_UNIT, ADD_TIMESTAMP, ADD_USERID, ADD_ORG_UNIT, REVISION_COUNT)
VALUES
	('00000003', '13', NULL, '1', 'BOX 86131', NULL, NULL, 'NORTH VANCOUVER', 'BC', 'V7L4J5', 'CANADA', '6049999999', NULL, NULL, '6049999998', NULL, 'N', NULL, 'N', NULL, CURRENT_TIMESTAMP(6), 'ITSWATTLES', 70, CURRENT_TIMESTAMP(6), 'CONV', 70, 1),
	('00000004', '00', 'THAT ADDRESS', '40000', 'ATTN: JOHNATHAN WICK', 'BOX 42999', NULL, 'SQUAMISH', 'BC', 'V0N3G0', 'CANADA', NULL, NULL, NULL, NULL, NULL, 'N', NULL, 'N', NULL, CURRENT_TIMESTAMP(6), 'MILESM', 70, CURRENT_TIMESTAMP(6), 'MILESM', 70, 1),
	('00000005', '00', '04', ' ', 'SEE "02" LOCATION', NULL, NULL, 'SQUAMISH', 'BC', 'A1A2B2', 'CANADA', NULL, NULL, NULL, NULL, NULL, 'Y', NULL, 'Y', NULL, CURRENT_TIMESTAMP(6), 'IDIR\\TOOMUCH', 70, CURRENT_TIMESTAMP(6), 'IDIR\\ALFRED', 70, 1);

INSERT INTO THE.RESULTS_ELECTRONIC_SUBMISSION (
    RESULTS_SUBMISSION_ID,
    SUBMISSION_TIMESTAMP,
    SUBMITTED_BY,
    CLIENT_NUMBER,
    CLIENT_LOCN_CODE,
    ORG_UNIT_NO,
    USER_FILENAME,
    USER_REFERENCE,
    ENTRY_USERID,
    ENTRY_TIMESTAMP,
    UPDATE_USERID,
    UPDATE_TIMESTAMP,
    REVISION_COUNT
  )
VALUES
  (7050,TIMESTAMP '2004-06-09 00:00:00.000000','BCEID\JWICK','00000003','13',1,'ACTIVITY_2004-06-09_12_45_45_PM.xml',NULL,'BCEID\JWICK',TIMESTAMP '2004-06-09 12:49:59.000000','BCEID\JWICK',TIMESTAMP '2004-06-09 12:49:59.000000',1),
  (73674,TIMESTAMP '2005-05-18 00:00:00.000000','BCEID\JWICK',NULL,NULL,1,'original file name',NULL,'BCEID\JWICK',TIMESTAMP '2005-05-18 14:17:38.000000','BCEID\JWICK',TIMESTAMP '2005-05-18 14:17:38.000000',1),
  (108276,TIMESTAMP '2005-08-16 00:00:00.000000','BCEID\JWICK',NULL,NULL,1,'original file name',NULL,'BCEID\JWICK',TIMESTAMP '2005-08-16 14:09:39.000000','BCEID\JWICK',TIMESTAMP '2005-08-16 14:09:39.000000',1),
  (181939,TIMESTAMP '2006-03-10 00:00:00.000000','BCEID\JWICK',NULL,NULL,1,'ACTIVITY_2006-03-10_01_14_07_PM.xml',NULL,'BCEID\JWICK',TIMESTAMP '2006-03-10 13:14:53.000000','BCEID\JWICK',TIMESTAMP '2006-03-10 13:14:53.000000',1),
  (245827,TIMESTAMP '2006-08-08 00:00:00.000000','BCEID\JWICK',NULL,NULL,1,'ACTIVITY_2006_08_08-10_46_02.xml',NULL,'BCEID\JWICK',TIMESTAMP '2006-08-08 10:47:37.000000','BCEID\JWICK',TIMESTAMP '2006-08-08 10:47:37.000000',1),
  (245854,TIMESTAMP '2006-08-08 00:00:00.000000','BCEID\JWICK',NULL,NULL,1,'ACTIVITY_2006_08_08-11_38_05.xml',NULL,'BCEID\JWICK',TIMESTAMP '2006-08-08 11:39:39.000000','BCEID\JWICK',TIMESTAMP '2006-08-08 11:39:39.000000',1),
  (520772,TIMESTAMP '2008-12-04 00:00:00.000000','BCEID\JWICK','00000004','00',1,'Quadra activity.xml',NULL,'BCEID\JWICK',TIMESTAMP '2008-12-04 13:27:20.000000','BCEID\JWICK',TIMESTAMP '2008-12-04 13:27:20.000000',1),
  (788660,TIMESTAMP '2010-02-01 00:00:00.000000','BCEID\JWICK','00000004','00',1,'Quadra activity 2010-02-01.xml',NULL,'BCEID\JWICK',TIMESTAMP '2010-02-01 15:21:26.000000','BCEID\JWICK',TIMESTAMP '2010-02-01 15:21:26.000000',1),
  (876882,TIMESTAMP '2011-01-24 00:00:00.000000','BCEID\JWICK','00000004','00',1,'JS activity 2011-01-24.xml',NULL,'BCEID\JWICK',TIMESTAMP '2011-01-24 15:47:41.000000','BCEID\JWICK',TIMESTAMP '2011-01-24 15:47:41.000000',1),
  (908604,TIMESTAMP '2011-05-02 00:00:00.000000','BCEID\JWICK','00000004','00',1,'disturbance May 2011-05-02.xml',NULL,'BCEID\JWICK',TIMESTAMP '2011-05-02 08:39:01.000000','BCEID\JWICK',TIMESTAMP '2011-05-02 08:39:01.000000',1),
  (1101086,TIMESTAMP '2012-03-27 00:00:00.000000','BCEID\JWICK','00000005','00',1,'Quadra Activities 2012-03-27.xml',NULL,'BCEID\JWICK',TIMESTAMP '2012-03-27 12:54:59.000000','BCEID\JWICK',TIMESTAMP '2012-03-27 12:54:59.000000',1),
  (1127146,TIMESTAMP '2012-07-06 00:00:00.000000','BCEID\JWICK','00000005','00',1,'Quadra Activity July 2012-07-06.xml',NULL,'BCEID\JWICK',TIMESTAMP '2012-07-06 10:24:51.000000','BCEID\JWICK',TIMESTAMP '2012-07-06 10:24:51.000000',1),
  (1170543,TIMESTAMP '2012-12-21 00:00:00.000000','BCEID\JWICK','00000005','00',1,'December 2012-12-21.xml',NULL,'BCEID\JWICK',TIMESTAMP '2012-12-21 10:59:05.000000','BCEID\JWICK',TIMESTAMP '2012-12-21 10:59:05.000000',1),
  (1307933,TIMESTAMP '2014-04-02 00:00:00.000000','BCEID\JWICK','00000005','00',1,'cones chonat 2014-04-02.xml',NULL,'BCEID\JWICK',TIMESTAMP '2014-04-02 11:37:09.000000','BCEID\JWICK',TIMESTAMP '2014-04-02 11:37:09.000000',1);

INSERT INTO THE.SILV_ADMIN_ZONE ( DIST_ADMIN_ZONE, ORG_UNIT_NO, ADMIN_ZONE_DESC, REVISION_COUNT ) VALUES ('ER', 1, 'ZONE R', 1);

INSERT INTO THE.OPENING (
  OPENING_ID,
  GEO_DISTRICT_NO,
  ADMIN_DISTRICT_NO,
  MAPSHEET_GRID,
  MAPSHEET_LETTER,
  MAPSHEET_SQUARE,
  MAPSHEET_QUAD,
  MAPSHEET_SUB_QUAD,
  OPENING_NUMBER,
  OPENING_LOCN_NAME,
  OPEN_CATEGORY_CODE,
  LICENSEE_OPENING_ID,
  TSB_NUMBER_CODE,
  OPENING_STATUS_CODE,
  ORG_UNIT_NO,
  DIST_ADMIN_ZONE,
  MAX_ALLOW_PERMNT_ACCESS_PCT,
  PREV_AGE_CLASS_CODE,
  PREV_SITE_INDEX,
  PREV_SITE_INDEX_SOURCE_CODE,
  PREV_HEIGHT_CLASS_CODE,
  PREV_SITE_CLASS_CODE,
  PREV_STOCKING_CLASS_CODE,
  PREV_STOCKING_STATUS_CODE,
  PREV_TREE_SPP1_CODE,
  PREV_TREE_SPP2_CODE,
  APP_ENT_BY_USERID,
  APPROVE_DATE,
  AMENDMENT_IND,
  RESULTS_SUBMISSION_ID,
  ENTRY_USERID,
  ENTRY_TIMESTAMP,
  UPDATE_USERID,
  UPDATE_TIMESTAMP,
  REVISION_COUNT
)
VALUES
(101017,
    1,
    1,
    ' 92',
    'K',
    '014',
    '0',
    '0',
    ' 514',
    'QUADRA ISLAND',
    'FTML',
    NULL,
    NULL,
    'FG',
    1,
    'ER',
    7.8,
    NULL,
    0,
    NULL,
    NULL,
    NULL,
    NULL,
    NULL,
    NULL,
    NULL,
    'WICKJ',
    TIMESTAMP '2001-05-21 00:00:00.000000',
    'A',
    NULL,
    'BABAYAGA',
    TIMESTAMP '2001-06-07 16:13:16.000000',
    'BCEID\JWICK',
    TIMESTAMP '2014-04-02 11:37:09.000000',
    19
  );

INSERT INTO THE.FOREST_MGMT_UNIT
(MGMT_SKEY, MGMT_UNIT_TYPE_CODE, MGMT_UNIT_ID, DESCRIPTION, ENTRY_USERID, ENTRY_TIMESTAMP, UPDATE_USERID, UPDATE_TIMESTAMP, REVISION_COUNT, EFFECTIVE_DATE, EXPIRY_DATE)
VALUES(45, 'T', '47', 'TFL 47  Duncan Bay', 'FTA_CONV', TIMESTAMP '2003-11-15 18:37:18.000000', 'FTA_CONV', TIMESTAMP '2003-11-15 18:37:18.000000', 0, TIMESTAMP '1905-01-01 00:00:00.000000', TIMESTAMP '9999-12-31 00:00:00.000000');

INSERT INTO THE.PROV_FOREST_USE
(FOREST_FILE_ID, FILE_STATUS_ST, FILE_STATUS_DATE, FILE_TYPE_CODE, FOREST_REGION, BCTS_ORG_UNIT, SB_FUNDED_IND, DISTRICT_ADMIN_ZONE, MGMT_UNIT_TYPE, MGMT_UNIT_ID, REVISION_COUNT, ENTRY_USERID, ENTRY_TIMESTAMP, UPDATE_USERID, UPDATE_TIMESTAMP, FOREST_TENURE_GUID)
VALUES('TFL47', 'HI', TIMESTAMP '1993-07-07 00:00:00.000000', 'A02', 2, NULL, 'N', NULL, 'T', '47', 5, 'L', TIMESTAMP '1991-07-12 19:00:00.000000', 'IDIR\ACARLSON', TIMESTAMP '2024-10-09 14:30:08.000000', 'B994A7AB1AA22408E05332B3228E5273');

INSERT INTO THE.HARVESTING_AUTHORITY
(HVA_SKEY, FOREST_FILE_ID, CUTTING_PERMIT_ID, HARVESTING_AUTHORITY_ID, FOREST_DISTRICT, DISTRICT_ADMN_ZONE, GEOGRAPHIC_DISTRICT, MGMT_UNIT_ID, MGMT_UNIT_TYPE_CODE, LICENCE_TO_CUT_CODE, HARVEST_TYPE_CODE, HARVEST_AUTH_STATUS_CODE, TENURE_TERM, STATUS_DATE, ISSUE_DATE, EXPIRY_DATE, EXTEND_DATE, EXTEND_COUNT, HARVEST_AUTH_EXTEND_REAS_CODE, QUOTA_TYPE_CODE, CROWN_LANDS_REGION_CODE, SALVAGE_TYPE_CODE, CASCADE_SPLIT_CODE, CATASTROPHIC_IND, CROWN_GRANTED_IND, CRUISE_BASED_IND, DECIDUOUS_IND, BCAA_FOLIO_NUMBER, LOCATION, HIGHER_LEVEL_PLAN_REFERENCE, HARVEST_AREA, RETIREMENT_DATE, REVISION_COUNT, ENTRY_USERID, ENTRY_TIMESTAMP, UPDATE_USERID, UPDATE_TIMESTAMP, IS_WASTE_ASSESSMENT_REQUIRED, IS_CP_EXTENSN_APPL_FEE_WAIVED, IS_CP_EXTENSION_APPL_FEE_PAID, IS_WITHIN_FIBRE_RECOVERY_ZONE, HARVESTING_AUTHORITY_GUID)
VALUES(116838, 'TFL47', '12K', NULL, 1, 'C6', 1, '47', 'T', NULL, 'G', 'HC', 24, TIMESTAMP '2004-09-07 00:00:00.000000', TIMESTAMP '2001-07-03 00:00:00.000000', TIMESTAMP '2003-07-02 00:00:00.000000', NULL, 0, NULL, 'A', NULL, NULL, 'W', 'N', 'N', 'N', 'N', NULL, 'QUADRA ISLAND', NULL, NULL, TIMESTAMP '2006-10-12 00:00:00.000000', 4, 'LDALEXAN', TIMESTAMP '2001-06-07 16:06:57.000000', 'DATAFIX_06072007_134C', TIMESTAMP '2007-07-11 11:06:48.000000', 'U', 'U', 'U', 'U', 'B9B090AC82BB645AE05332B3228EA5A5');

INSERT INTO THE.TIMBER_MARK
(TIMBER_MARK, FOREST_FILE_ID, CUTTING_PERMIT_ID, FOREST_DISTRICT, GEOGRAPHIC_DISTRCT, CASCADE_SPLIT_CODE, QUOTA_TYPE_CODE, DECIDUOUS_IND, CATASTROPHIC_IND, CROWN_GRANTED_IND, CRUISE_BASED_IND, CERTIFICATE, HDBS_TIMBER_MARK, VM_TIMBER_MARK, TENURE_TERM, BCAA_FOLIO_NUMBER, ACTIVATED_USERID, AMENDED_USERID, DISTRICT_ADMN_ZONE, GRANTED_ACQRD_DATE, LANDS_REGION, CROWN_GRANTED_ACQ_DESC, MARK_STATUS_ST, MARK_STATUS_DATE, MARK_AMEND_DATE, MARK_APPL_DATE, MARK_CANCEL_DATE, MARK_EXTEND_DATE, MARK_EXTEND_RSN_CD, MARK_EXTEND_COUNT, MARK_ISSUE_DATE, MARK_EXPIRY_DATE, MARKNG_INSTRMNT_CD, MARKING_METHOD_CD, ENTRY_USERID, ENTRY_TIMESTAMP, UPDATE_USERID, UPDATE_TIMESTAMP, REVISION_COUNT, SMALL_PATCH_SALVAGE_IND, SALVAGE_TYPE_CODE)
VALUES('47/12K', 'TFL47', '12K', 1, 1, 'W', 'A', 'N', 'N', 'N', 'N', NULL, NULL, '47/12K', 24, NULL, NULL, NULL, 'C6', NULL, NULL, NULL, 'HC', TIMESTAMP '2004-09-07 00:00:00.000000', NULL, NULL, NULL, NULL, NULL, 0, TIMESTAMP '2001-07-03 00:00:00.000000', TIMESTAMP '2003-07-02 00:00:00.000000', 'H', 'S', 'LDALEXAN', TIMESTAMP '2001-06-07 16:06:57.000000', 'IDIR\SBONNETT', TIMESTAMP '2005-09-22 14:41:06.000000', 2, 'N', NULL);

INSERT INTO THE.HAULING_AUTHORITY
(TIMBER_MARK, FOREST_FILE_ID, MARKING_METHOD_CODE, MARKING_INSTRUMENT_CODE, REVISION_COUNT, ENTRY_TIMESTAMP, UPDATE_USERID, UPDATE_TIMESTAMP, ENTRY_USERID, HAULING_AUTHORITY_GUID)
VALUES('47/12K', 'TFL47', 'S', 'H', 2, TIMESTAMP '2001-06-07 16:06:57.000000', 'IDIR\SBONNETT', TIMESTAMP '2005-09-22 14:41:06.000000', 'LDALEXAN', 'B994A76C51772408E05332B3228E5273');

INSERT INTO THE.CUT_BLOCK (
	CB_SKEY, 
	HVA_SKEY, 
	FOREST_FILE_ID, 
	CUTTING_PERMIT_ID, 
	TIMBER_MARK, 
	CUT_BLOCK_ID, 
	SP_EXEMPT_IND, 
	BLOCK_STATUS_DATE, 
	CUT_BLOCK_DESCRIPTION, 
	CUT_REGULATION_CODE, 
	BLOCK_STATUS_ST, 
	REFOREST_DECLARE_TYPE_CODE, 
	REVISION_COUNT, 
	ENTRY_USERID, 
	ENTRY_TIMESTAMP, 
	UPDATE_USERID, 
	UPDATE_TIMESTAMP, 
	IS_WASTE_ASSESSMENT_REQUIRED, 
	CUT_BLOCK_GUID, 
	FIRE_HARVESTING_REASON_CODE, 
	IS_UNDER_PARTITION_ORDER, 
	REPORTED_FIRE_DATE
)
VALUES (
	189922, 
116838, 
'TFL47', 
'12K', 
'47/12K', 
'12-11', 
'N', 
TIMESTAMP '2003-04-15 00:00:00.000000', 
NULL, 
NULL, 
'S', 
NULL, 
1, 
'FTA_CONV', 
TIMESTAMP '2003-11-15 10:48:41.000000', 
'FTA 4.0 DATA CONVERSION', 
TIMESTAMP '2007-06-02 11:15:37.000000', 
'U', 
'B9B090A0B2E1645AE05332B3228EA5A5', 
NULL, 
NULL, 
NULL
);

INSERT INTO THE.CUT_BLOCK_OPEN_ADMIN (
    CUT_BLOCK_OPEN_ADMIN_ID,
    FOREST_FILE_ID,
    TIMBER_MARK,
    CUT_BLOCK_ID,
    CUTTING_PERMIT_ID,
    DISTURBANCE_GROSS_AREA,
    DISTURBANCE_START_DATE,
    DISTURBANCE_END_DATE,
    OPENING_ID,
    OPENING_GROSS_AREA,
    PLANNED_HARVEST_DATE,
    PLANNED_GROSS_BLOCK_AREA,
    PLANNED_NET_BLOCK_AREA,
    OPENING_PRIME_LICENCE_IND,
    CB_SKEY,
    REVISION_COUNT,
    ENTRY_USERID,
    ENTRY_TIMESTAMP,
    UPDATE_USERID,
    UPDATE_TIMESTAMP
  )
VALUES(
    131854,
    'TFL47',
    '47/12K',
    '12-11',
    '12K',
    16.6,
    TIMESTAMP '2001-09-18 00:00:00.000000',
    TIMESTAMP '2002-04-30 00:00:00.000000',
    101017,
    16.6,
    TIMESTAMP '2001-07-03 00:00:00.000000',
    16.6,
    9,
    'Y',
    189922,
    2,
    'RESULTS_CONV',
    TIMESTAMP '9999-12-31 00:00:00.000000',
    'FTA 4.0 DATA CONVERSION',
    TIMESTAMP '2007-06-02 11:17:23.000000'
  );

INSERT INTO THE.OPENING_AMENDMENT_HISTORY (
    OPENING_ID,
    OPENING_AMENDMENT_NUMBER,
    AMENDMENT_USERID,
    AMENDMENT_DATE,
    SUBMITTED_BY_USERID,
    SUBMITTED_DATE,
    APP_ENT_BY_USERID,
    APPROVE_DATE,
    ENTRY_USERID,
    ENTRY_TIMESTAMP,
    UPDATE_USERID,
    UPDATE_TIMESTAMP,
    REVISION_COUNT
  )
VALUES(
    101017,
    1,
    'BABAYAGA',
    TIMESTAMP '2002-04-16 00:00:00.000000',
    'The baba yaga',
    TIMESTAMP '2003-11-15 18:27:56.000000',
    'BABAYAGA',
    TIMESTAMP '2002-03-08 00:00:00.000000',
    'RESULTS_CONV',
    TIMESTAMP '2003-11-15 18:27:56.000000',
    'RESULTS_CONV',
    TIMESTAMP '2003-11-15 18:27:56.000000',
    1
  );

INSERT INTO THE.STOCKING_EVENT_HISTORY (
    STOCKING_EVENT_HISTORY_ID,
    OPENING_ID,
    OPENING_AMENDMENT_ID,
    OPENING_AMENDMENT_NUMBER,
    RESULTS_AUDIT_ACTION_CODE,
    SUBMITTED_USERID,
    RESULTS_SUBMISSION_ID,
    AMEND_EVENT_TIMESTAMP,
    ENTRY_USERID,
    ENTRY_TIMESTAMP,
    REVISION_COUNT
  )
VALUES(
    1297119,
    101017,
    101017,
    1,
    'O',
    'Results data conversion',
    NULL,
    TIMESTAMP '2008-03-11 14:31:00.000000',
    'Results data conversion',
    TIMESTAMP '2008-03-11 14:31:00.000000',
    1
  );

INSERT INTO THE.RESULTS_AUDIT_EVENT (
    RESULTS_AUDIT_EVENT_ID,
    OPENING_ID,
    STANDARDS_REGIME_ID,
    SILVICULTURE_PROJECT_ID,
    RESULTS_AUDIT_ACTION_CODE,
    ACTION_DATE,
    DESCRIPTION,
    USER_ID,
    EMAIL_SENT_IND,
    XML_SUBMISSION_ID,
    OPENING_AMENDMENT_NUMBER,
    ENTRY_USERID,
    ENTRY_TIMESTAMP
  )
VALUES (
    29121,
    101017,
    NULL,
    NULL,
    'SUB',
    TIMESTAMP '2004-06-09 12:49:59.000000',
    'Inserting Activity: Activity Id = 1614524, Activity Base = ''PC''',
    NULL,
    'Y',
    7050,
    NULL,
    'BCEID\JWICK',
    TIMESTAMP '2004-06-09 12:49:59.000000'
  ),
  (
    29122,
    101017,
    NULL,
    NULL,
    'SUB',
    TIMESTAMP '2004-06-09 12:49:59.000000',
    'Inserting Activity: Activity Id = 1614525, Activity Base = ''PL''',
    NULL,
    'Y',
    7050,
    NULL,
    'BCEID\JWICK',
    TIMESTAMP '2004-06-09 12:49:59.000000'
  ),
  (
    29123,
    101017,
    NULL,
    NULL,
    'SUB',
    TIMESTAMP '2004-06-09 12:49:59.000000',
    'Inserting Activity: Activity Id = 1614526, Activity Base = ''SU''',
    NULL,
    'Y',
    7050,
    NULL,
    'BCEID\JWICK',
    TIMESTAMP '2004-06-09 12:49:59.000000'
  ),
  (
    61757,
    101017,
    NULL,
    NULL,
    'ES',
    TIMESTAMP '2004-11-29 10:08:00.000000',
    'Forest Cover 1021182',
    NULL,
    'Y',
    23925,
    NULL,
    'IDIR\BOWERY',
    TIMESTAMP '2004-11-29 10:08:00.000000'
  ),
  (
    61758,
    101017,
    NULL,
    NULL,
    'ES',
    TIMESTAMP '2004-11-29 10:08:00.000000',
    'Forest Cover 1021183',
    NULL,
    'Y',
    23925,
    NULL,
    'IDIR\BOWERY',
    TIMESTAMP '2004-11-29 10:08:00.000000'
  ),
  (
    61759,
    101017,
    NULL,
    NULL,
    'ES',
    TIMESTAMP '2004-11-29 10:08:00.000000',
    'Forest Cover 1021184',
    NULL,
    'Y',
    23925,
    NULL,
    'IDIR\BOWERY',
    TIMESTAMP '2004-11-29 10:08:00.000000'
  ),
  (
    61760,
    101017,
    NULL,
    NULL,
    'ES',
    TIMESTAMP '2004-11-29 10:08:00.000000',
    'Forest Cover 1021185',
    NULL,
    'Y',
    23925,
    NULL,
    'IDIR\BOWERY',
    TIMESTAMP '2004-11-29 10:08:00.000000'
  ),
  (
    61761,
    101017,
    NULL,
    NULL,
    'ES',
    TIMESTAMP '2004-11-29 10:08:00.000000',
    'Forest Cover 1021186',
    NULL,
    'Y',
    23925,
    NULL,
    'IDIR\BOWERY',
    TIMESTAMP '2004-11-29 10:08:00.000000'
  ),
  (
    61762,
    101017,
    NULL,
    NULL,
    'ES',
    TIMESTAMP '2004-11-29 10:08:00.000000',
    'Forest Cover 1021187',
    NULL,
    'Y',
    23925,
    NULL,
    'IDIR\BOWERY',
    TIMESTAMP '2004-11-29 10:08:00.000000'
  ),
  (
    199964,
    101017,
    NULL,
    NULL,
    'ES',
    TIMESTAMP '2005-05-18 14:17:38.000000',
    'Inserting Activity: Activity Id = 1688846, Activity Base = ''PL''',
    NULL,
    'Y',
    73674,
    NULL,
    'BCEID\JWICK',
    TIMESTAMP '2005-05-18 14:17:38.000000'
  ),
  (
    1765472,
    101017,
    NULL,
    NULL,
    'ES',
    TIMESTAMP '2010-02-01 15:21:35.000000',
    'Inserting Activity: Activity Id = 2394795, Activity Base = ''BR''',
    NULL,
    'Y',
    788660,
    NULL,
    'BCEID\JWICK',
    TIMESTAMP '2010-02-01 15:21:35.000000'
  ),
  (
    277496,
    101017,
    NULL,
    NULL,
    'ES',
    TIMESTAMP '2005-08-16 14:09:39.000000',
    'Inserting Activity: Activity Id = 1717514, Activity Base = ''BR''',
    NULL,
    'Y',
    108276,
    NULL,
    'BCEID\JWICK',
    TIMESTAMP '2005-08-16 14:09:39.000000'
  ),
  (
    459780,
    101017,
    NULL,
    NULL,
    'ES',
    TIMESTAMP '2006-03-10 13:14:53.000000',
    'Inserting Activity: Activity Id = 1760811, Activity Base = ''SU''',
    NULL,
    'Y',
    181939,
    NULL,
    'BCEID\JWICK',
    TIMESTAMP '2006-03-10 13:14:53.000000'
  ),
  (
    614917,
    101017,
    NULL,
    NULL,
    'ES',
    TIMESTAMP '2006-08-08 10:47:37.000000',
    'Inserting Activity: Activity Id = 1806920, Activity Base = ''BR''',
    NULL,
    'Y',
    245827,
    NULL,
    'BCEID\JWICK',
    TIMESTAMP '2006-08-08 10:47:37.000000'
  ),
  (
    615012,
    101017,
    NULL,
    NULL,
    'ES',
    TIMESTAMP '2006-08-08 11:39:40.000000',
    'Inserting Activity: Activity Id = 1806987, Activity Base = ''PL''',
    NULL,
    'Y',
    245854,
    NULL,
    'BCEID\JWICK',
    TIMESTAMP '2006-08-08 11:39:40.000000'
  ),
  (
    1316170,
    101017,
    NULL,
    NULL,
    'ES',
    TIMESTAMP '2008-12-04 13:27:23.000000',
    'Inserting Activity: Activity Id = 2200184, Activity Base = ''PC''',
    NULL,
    'Y',
    520772,
    NULL,
    'BCEID\JWICK',
    TIMESTAMP '2008-12-04 13:27:23.000000'
  ),
  (
    1316171,
    101017,
    NULL,
    NULL,
    'ES',
    TIMESTAMP '2008-12-04 13:27:23.000000',
    'Inserting Activity: Activity Id = 2200185, Activity Base = ''BR''',
    NULL,
    'Y',
    520772,
    NULL,
    'BCEID\JWICK',
    TIMESTAMP '2008-12-04 13:27:23.000000'
  ),
  (
    1316172,
    101017,
    NULL,
    NULL,
    'ES',
    TIMESTAMP '2008-12-04 13:27:23.000000',
    'Inserting Activity: Activity Id = 2200186, Activity Base = ''BR''',
    NULL,
    'Y',
    520772,
    NULL,
    'BCEID\JWICK',
    TIMESTAMP '2008-12-04 13:27:23.000000'
  ),
  (
    1316173,
    101017,
    NULL,
    NULL,
    'ES',
    TIMESTAMP '2008-12-04 13:27:23.000000',
    'Inserting Activity: Activity Id = 2200187, Activity Base = ''BR''',
    NULL,
    'Y',
    520772,
    NULL,
    'BCEID\JWICK',
    TIMESTAMP '2008-12-04 13:27:23.000000'
  ),
  (
    1765471,
    101017,
    NULL,
    NULL,
    'ES',
    TIMESTAMP '2010-02-01 15:21:35.000000',
    'Inserting Activity: Activity Id = 2394794, Activity Base = ''PC''',
    NULL,
    'Y',
    788660,
    NULL,
    'BCEID\JWICK',
    TIMESTAMP '2010-02-01 15:21:35.000000'
  ),
  (
    2499368,
    101017,
    NULL,
    NULL,
    'ES',
    TIMESTAMP '2012-05-02 10:41:30.000000',
    'Forest Cover Polygon No. 2 (Id=2648985)',
    NULL,
    'Y',
    1110983,
    NULL,
    'BCEID\JWICK',
    TIMESTAMP '2012-05-02 10:41:30.000000'
  ),
  (
    2066156,
    101017,
    NULL,
    NULL,
    'ES',
    TIMESTAMP '2011-01-24 15:49:27.000000',
    'Inserting Activity: Activity Id = 2541614, Activity Base = ''PC''',
    NULL,
    'Y',
    876882,
    NULL,
    'BCEID\JWICK',
    TIMESTAMP '2011-01-24 15:49:27.000000'
  ),
  (
    2066157,
    101017,
    NULL,
    NULL,
    'ES',
    TIMESTAMP '2011-01-24 15:49:27.000000',
    'Inserting Activity: Activity Id = 2541615, Activity Base = ''BR''',
    NULL,
    'Y',
    876882,
    NULL,
    'BCEID\JWICK',
    TIMESTAMP '2011-01-24 15:49:27.000000'
  ),
  (
    2193943,
    101017,
    NULL,
    NULL,
    'ES',
    TIMESTAMP '2011-05-02 08:39:03.000000',
    'Inserting Activity: Activity Id = 2598871, Activity Base = ''SU''',
    NULL,
    'Y',
    908604,
    NULL,
    'BCEID\JWICK',
    TIMESTAMP '2011-05-02 08:39:03.000000'
  ),
  (
    2464881,
    101017,
    NULL,
    NULL,
    'ES',
    TIMESTAMP '2012-03-27 12:55:03.000000',
    'Inserting Activity: Activity Id = 2744529, Activity Base = ''BR''',
    NULL,
    'Y',
    1101086,
    NULL,
    'BCEID\JWICK',
    TIMESTAMP '2012-03-27 12:55:03.000000'
  ),
  (
    2497525,
    101017,
    NULL,
    NULL,
    'MIL',
    TIMESTAMP '2012-04-30 14:40:19.000000',
    'Milestone was modified.',
    NULL,
    'N',
    NULL,
    NULL,
    'BCEID\JWICK',
    TIMESTAMP '2012-04-30 14:40:19.000000'
  ),
  (
    2497527,
    101017,
    NULL,
    NULL,
    'MIL',
    TIMESTAMP '2012-04-30 14:41:30.000000',
    'Milestone was modified.',
    NULL,
    'N',
    NULL,
    NULL,
    'BCEID\JWICK',
    TIMESTAMP '2012-04-30 14:41:30.000000'
  ),
  (
    2499365,
    101017,
    NULL,
    NULL,
    'ES',
    TIMESTAMP '2012-05-02 10:41:30.000000',
    'Forest Cover Polygon No. A1 (Id=2648982)',
    NULL,
    'Y',
    1110983,
    NULL,
    'BCEID\JWICK',
    TIMESTAMP '2012-05-02 10:41:30.000000'
  ),
  (
    2499366,
    101017,
    NULL,
    NULL,
    'ES',
    TIMESTAMP '2012-05-02 10:41:30.000000',
    'Forest Cover Polygon No. B2 (Id=2648983)',
    NULL,
    'Y',
    1110983,
    NULL,
    'BCEID\JWICK',
    TIMESTAMP '2012-05-02 10:41:30.000000'
  ),
  (
    2499367,
    101017,
    NULL,
    NULL,
    'ES',
    TIMESTAMP '2012-05-02 10:41:30.000000',
    'Forest Cover Polygon No. 1 (Id=2648984)',
    NULL,
    'Y',
    1110983,
    NULL,
    'BCEID\JWICK',
    TIMESTAMP '2012-05-02 10:41:30.000000'
  ),
  (
    2499369,
    101017,
    NULL,
    NULL,
    'ES',
    TIMESTAMP '2012-05-02 10:41:30.000000',
    'Forest Cover Polygon No. 3 (Id=2648986)',
    NULL,
    'Y',
    1110983,
    NULL,
    'BCEID\JWICK',
    TIMESTAMP '2012-05-02 10:41:30.000000'
  ),
  (
    3080031,
    101017,
    NULL,
    NULL,
    'ES',
    TIMESTAMP '2014-04-02 11:37:09.000000',
    'Inserting Activity: Activity Id = 3094188, Activity Base = ''PC''',
    NULL,
    'Y',
    1307933,
    NULL,
    'BCEID\JWICK',
    TIMESTAMP '2014-04-02 11:37:09.000000'
  ),
  (
    2544310,
    101017,
    NULL,
    NULL,
    'ES',
    TIMESTAMP '2012-07-06 10:24:55.000000',
    'Inserting Activity: Activity Id = 2787017, Activity Base = ''SU''',
    NULL,
    'Y',
    1127146,
    NULL,
    'BCEID\JWICK',
    TIMESTAMP '2012-07-06 10:24:55.000000'
  ),
  (
    2651122,
    101017,
    NULL,
    NULL,
    'ES',
    TIMESTAMP '2012-12-21 10:59:21.000000',
    'Inserting Activity: Activity Id = 2871301, Activity Base = ''BR''',
    NULL,
    'Y',
    1170543,
    NULL,
    'BCEID\JWICK',
    TIMESTAMP '2012-12-21 10:59:21.000000'
  );

INSERT INTO THE.ACTIVITY_TREATMENT_UNIT (
    ACTIVITY_TREATMENT_UNIT_ID,
    ACTIVITY_TU_SEQ_NO,
    ORG_UNIT_NO,
    OPENING_ID,
    SILVICULTURE_PROJECT_ID,
    PROJECT_UNIT_ID,
    SILV_BASE_CODE,
    SILV_TECHNIQUE_CODE,
    SILV_METHOD_CODE,
    SILV_OBJECTIVE_CODE_1,
    SILV_OBJECTIVE_CODE_2,
    SILV_OBJECTIVE_CODE_3,
    SILV_FUND_SRCE_CODE,
    SILV_ACTIVITY_MEASUREMENT_CODE,
    ACTIVITY_LICENSEE_ID,
    TREATMENT_AMOUNT,
    ACTUAL_TREATMENT_COST,
    ACT_PLANTED_NO,
    PLAN_SILV_TECHNIQUE_CODE,
    PLAN_SILV_METHOD_CODE,
    PLAN_SILV_FUND_SRCE_CODE,
    PLANNED_DATE,
    PLANNED_TREATMENT_AMOUNT,
    PLANNED_TREATMENT_COST,
    PLAN_SILV_OBJECTIVE_CODE_1,
    PLAN_SILV_OBJECTIVE_CODE_2,
    PLAN_SILV_OBJECTIVE_CODE_3,
    TARGET_PREPARED_SPOTS,
    PRUNING_MIN_CROWN_PCT,
    PRUNE_HEIGHT,
    STEMS_TO_PRUNE,
    MIN_ACCEPTABLE_DENSITY,
    TOTAL_STEMS_PER_HA,
    INTER_TREE_TARGET_DISTANCE,
    INTER_TREE_VARIATION,
    INTER_TREE_MIN_DISTANCE,
    MAX_TREES_PER_PLOT,
    MAX_TREES_PER_HA,
    SURVEY_PLANNED_NUM_PLOTS,
    SURVEY_ACTUAL_NUM_PLOTS,
    SURVEY_MIN_PLOTS_PER_STRATUM,
    SILV_TREE_SPECIES_CODE,
    ATU_START_DATE,
    ATU_COMPLETION_DATE,
    RESULTS_IND,
    UNIT_BID_PRICE,
    FIA_PROJECT_ID,
    RESULTS_SUBMISSION_ID,
    DISTURBANCE_CODE,
    SILV_SYSTEM_CODE,
    SILV_SYSTEM_VARIANT_CODE,
    SILV_CUT_PHASE_CODE,
    CUT_BLOCK_OPEN_ADMIN_ID,
    DISTURBANCE_COMPLETED_IND,
    ENTRY_USERID,
    ENTRY_TIMESTAMP,
    UPDATE_USERID,
    UPDATE_TIMESTAMP,
    REVISION_COUNT
  )
VALUES (
    891373,
    2,
    1,
    101017,
    NULL,
    NULL,
    'PL',
    'PL',
    'CTAIN',
    'CGE',
    NULL,
    NULL,
    'IA',
    'HA',
    NULL,
    3.4,
    NULL,
    3460,
    NULL,
    NULL,
    NULL,
    NULL,
    NULL,
    NULL,
    NULL,
    NULL,
    NULL,
    NULL,
    NULL,
    NULL,
    NULL,
    NULL,
    NULL,
    NULL,
    NULL,
    NULL,
    NULL,
    NULL,
    NULL,
    NULL,
    NULL,
    NULL,
    NULL,
    TIMESTAMP '2002-04-04 00:00:00.000000',
    'Y',
    NULL,
    NULL,
    NULL,
    NULL,
    NULL,
    NULL,
    NULL,
    NULL,
    NULL,
    'MLSEDT',
    TIMESTAMP '2002-07-30 08:21:17.000000',
    'ISISFIA',
    TIMESTAMP '2003-07-11 12:55:29.000000',
    2
  ),
  (
    891374,
    3,
    1,
    101017,
    NULL,
    NULL,
    'PL',
    'CG',
    'BAGS',
    'CGE',
    NULL,
    NULL,
    'IA',
    'HA',
    NULL,
    3,
    NULL,
    0,
    NULL,
    NULL,
    NULL,
    NULL,
    NULL,
    NULL,
    NULL,
    NULL,
    NULL,
    NULL,
    NULL,
    NULL,
    NULL,
    NULL,
    NULL,
    NULL,
    NULL,
    NULL,
    NULL,
    NULL,
    NULL,
    NULL,
    NULL,
    NULL,
    NULL,
    TIMESTAMP '2002-04-04 00:00:00.000000',
    'Y',
    NULL,
    NULL,
    NULL,
    NULL,
    NULL,
    NULL,
    NULL,
    NULL,
    NULL,
    'MLSEDT',
    TIMESTAMP '2002-07-30 08:21:19.000000',
    'ISISFIA',
    TIMESTAMP '2003-07-11 12:55:29.000000',
    2
  ),
  (
    891375,
    4,
    1,
    101017,
    NULL,
    NULL,
    'PL',
    'SE',
    'GROCO',
    'CE',
    NULL,
    NULL,
    'IA',
    'HA',
    NULL,
    0.5,
    NULL,
    0,
    NULL,
    NULL,
    NULL,
    NULL,
    NULL,
    NULL,
    NULL,
    NULL,
    NULL,
    NULL,
    NULL,
    NULL,
    NULL,
    NULL,
    NULL,
    NULL,
    NULL,
    NULL,
    NULL,
    NULL,
    NULL,
    NULL,
    NULL,
    NULL,
    NULL,
    TIMESTAMP '2002-04-04 00:00:00.000000',
    'Y',
    NULL,
    NULL,
    NULL,
    NULL,
    NULL,
    NULL,
    NULL,
    NULL,
    NULL,
    'MLSEDT',
    TIMESTAMP '2002-07-30 08:21:20.000000',
    'ISISFIA',
    TIMESTAMP '2003-07-11 12:55:29.000000',
    2
  ),
  (
    951118,
    5,
    1,
    101017,
    NULL,
    NULL,
    'PC',
    'SE',
    'REPEL',
    'A',
    NULL,
    NULL,
    'IA',
    'HA',
    NULL,
    8.1,
    NULL,
    0,
    NULL,
    NULL,
    NULL,
    NULL,
    NULL,
    NULL,
    NULL,
    NULL,
    NULL,
    NULL,
    NULL,
    NULL,
    NULL,
    NULL,
    NULL,
    NULL,
    NULL,
    NULL,
    NULL,
    NULL,
    NULL,
    NULL,
    NULL,
    NULL,
    NULL,
    TIMESTAMP '2003-05-02 00:00:00.000000',
    'Y',
    NULL,
    NULL,
    NULL,
    NULL,
    NULL,
    NULL,
    NULL,
    NULL,
    NULL,
    'MLSEDT',
    TIMESTAMP '2003-05-29 15:11:03.000000',
    'ISISFIA',
    TIMESTAMP '2003-07-11 12:55:29.000000',
    2
  ),
  (
    1688846,
    13,
    1,
    101017,
    NULL,
    NULL,
    'PL',
    'SE',
    'CONE',
    'CE',
    NULL,
    NULL,
    'IA',
    'HA',
    '08819 08819',
    0.1,
    NULL,
    NULL,
    NULL,
    NULL,
    NULL,
    NULL,
    NULL,
    NULL,
    NULL,
    NULL,
    NULL,
    NULL,
    NULL,
    NULL,
    NULL,
    NULL,
    NULL,
    NULL,
    NULL,
    NULL,
    NULL,
    NULL,
    NULL,
    NULL,
    NULL,
    NULL,
    NULL,
    TIMESTAMP '2005-03-03 00:00:00.000000',
    'Y',
    NULL,
    NULL,
    73674,
    NULL,
    NULL,
    NULL,
    NULL,
    NULL,
    NULL,
    'BCEID\JWICK',
    TIMESTAMP '2005-05-18 14:17:38.000000',
    'BCEID\JWICK',
    TIMESTAMP '2005-05-18 14:17:38.000000',
    2
  ),
  (
    956614,
    6,
    1,
    101017,
    NULL,
    NULL,
    'SP',
    'MA',
    'POWER',
    'CE',
    NULL,
    NULL,
    'IA',
    'HA',
    NULL,
    0.9,
    NULL,
    0,
    NULL,
    NULL,
    NULL,
    NULL,
    NULL,
    NULL,
    NULL,
    NULL,
    NULL,
    NULL,
    NULL,
    NULL,
    NULL,
    NULL,
    NULL,
    NULL,
    NULL,
    NULL,
    NULL,
    NULL,
    NULL,
    NULL,
    NULL,
    NULL,
    NULL,
    TIMESTAMP '2003-03-20 00:00:00.000000',
    'Y',
    NULL,
    NULL,
    NULL,
    NULL,
    NULL,
    NULL,
    NULL,
    NULL,
    NULL,
    'MLSEDT',
    TIMESTAMP '2003-06-20 10:09:19.000000',
    'ISISFIA',
    TIMESTAMP '2003-07-11 12:55:29.000000',
    2
  ),
  (
    881032,
    1,
    1,
    101017,
    NULL,
    NULL,
    'DN',
    'HV',
    NULL,
    NULL,
    NULL,
    NULL,
    'IA',
    'HA',
    NULL,
    16.6,
    NULL,
    0,
    NULL,
    NULL,
    NULL,
    NULL,
    NULL,
    NULL,
    NULL,
    NULL,
    NULL,
    NULL,
    NULL,
    NULL,
    NULL,
    NULL,
    NULL,
    NULL,
    NULL,
    NULL,
    NULL,
    NULL,
    NULL,
    NULL,
    NULL,
    NULL,
    TIMESTAMP '2001-09-18 00:00:00.000000',
    TIMESTAMP '2002-04-30 00:00:00.000000',
    'Y',
    NULL,
    NULL,
    NULL,
    'L',
    'CLEAR',
    NULL,
    'REMOV',
    NULL,
    NULL,
    'MLSEDT',
    TIMESTAMP '2002-05-31 13:41:47.000000',
    'ISISFIA',
    TIMESTAMP '2003-07-11 12:55:29.000000',
    2
  ),
  (
    958915,
    7,
    1,
    101017,
    NULL,
    NULL,
    'SU',
    'RG',
    'WALK',
    'RG',
    NULL,
    NULL,
    'IA',
    'HA',
    NULL,
    0.5,
    NULL,
    0,
    NULL,
    NULL,
    NULL,
    NULL,
    NULL,
    NULL,
    NULL,
    NULL,
    NULL,
    NULL,
    NULL,
    NULL,
    NULL,
    NULL,
    NULL,
    NULL,
    NULL,
    NULL,
    NULL,
    NULL,
    NULL,
    NULL,
    NULL,
    NULL,
    NULL,
    TIMESTAMP '2003-06-23 00:00:00.000000',
    'Y',
    NULL,
    NULL,
    NULL,
    NULL,
    NULL,
    NULL,
    NULL,
    NULL,
    NULL,
    'MLSEDT',
    TIMESTAMP '2003-07-07 08:57:59.000000',
    'ISISFIA',
    TIMESTAMP '2003-07-11 12:55:29.000000',
    2
  ),
  (
    961024,
    8,
    1,
    101017,
    NULL,
    NULL,
    'FE',
    'CG',
    'GRANU',
    'CGE',
    NULL,
    NULL,
    'FIV',
    'HA',
    NULL,
    5.7,
    NULL,
    0,
    'CG',
    'GRANU',
    'FIV',
    TIMESTAMP '2003-03-01 00:00:00.000000',
    5.7,
    NULL,
    'CGE',
    NULL,
    NULL,
    NULL,
    NULL,
    NULL,
    NULL,
    NULL,
    NULL,
    NULL,
    NULL,
    NULL,
    NULL,
    NULL,
    NULL,
    NULL,
    NULL,
    NULL,
    NULL,
    TIMESTAMP '2003-03-16 00:00:00.000000',
    'Y',
    NULL,
    '0006080004',
    NULL,
    NULL,
    NULL,
    NULL,
    NULL,
    NULL,
    NULL,
    'ISISFIA',
    TIMESTAMP '2003-07-11 12:55:29.000000',
    'ISISFIA',
    TIMESTAMP '2003-07-11 12:55:53.000000',
    2
  ),
  (
    977091,
    9,
    1,
    101017,
    NULL,
    NULL,
    'SP',
    'BU',
    'PBURN',
    'CE',
    NULL,
    NULL,
    'IA',
    'HA',
    NULL,
    0.2,
    NULL,
    0,
    NULL,
    NULL,
    NULL,
    NULL,
    NULL,
    NULL,
    NULL,
    NULL,
    NULL,
    NULL,
    NULL,
    NULL,
    NULL,
    NULL,
    NULL,
    NULL,
    NULL,
    NULL,
    NULL,
    NULL,
    NULL,
    NULL,
    NULL,
    NULL,
    NULL,
    TIMESTAMP '2002-11-12 00:00:00.000000',
    'Y',
    NULL,
    NULL,
    NULL,
    NULL,
    NULL,
    NULL,
    NULL,
    NULL,
    NULL,
    'MLSEDT',
    TIMESTAMP '2003-10-09 12:55:41.000000',
    'MLSEDT',
    TIMESTAMP '2003-10-09 12:55:41.000000',
    1
  ),
  (
    2394795,
    23,
    1,
    101017,
    NULL,
    NULL,
    'BR',
    'MA',
    'MANSB',
    NULL,
    NULL,
    NULL,
    'IA',
    'HA',
    '547484',
    1.4,
    NULL,
    NULL,
    NULL,
    NULL,
    NULL,
    NULL,
    NULL,
    NULL,
    NULL,
    NULL,
    NULL,
    NULL,
    NULL,
    NULL,
    NULL,
    NULL,
    NULL,
    NULL,
    NULL,
    NULL,
    NULL,
    NULL,
    NULL,
    NULL,
    NULL,
    NULL,
    NULL,
    TIMESTAMP '2009-06-09 00:00:00.000000',
    'Y',
    NULL,
    NULL,
    788660,
    NULL,
    NULL,
    NULL,
    NULL,
    NULL,
    NULL,
    'BCEID\JWICK',
    TIMESTAMP '2010-02-01 15:21:35.000000',
    'BCEID\JWICK',
    TIMESTAMP '2010-02-01 15:21:35.000000',
    1
  ),
  (
    1717514,
    14,
    1,
    101017,
    NULL,
    NULL,
    'BR',
    'MA',
    'STAKE',
    'CGE',
    NULL,
    NULL,
    'IA',
    'HA',
    '09152 09152',
    0.6,
    NULL,
    NULL,
    NULL,
    NULL,
    NULL,
    NULL,
    NULL,
    NULL,
    NULL,
    NULL,
    NULL,
    NULL,
    NULL,
    NULL,
    NULL,
    NULL,
    NULL,
    NULL,
    NULL,
    NULL,
    NULL,
    NULL,
    NULL,
    NULL,
    NULL,
    NULL,
    NULL,
    TIMESTAMP '2005-07-08 00:00:00.000000',
    'Y',
    NULL,
    NULL,
    108276,
    NULL,
    NULL,
    NULL,
    NULL,
    NULL,
    NULL,
    'BCEID\JWICK',
    TIMESTAMP '2005-08-16 14:09:39.000000',
    'BCEID\JWICK',
    TIMESTAMP '2005-08-16 14:09:39.000000',
    2
  ),
  (
    2541614,
    24,
    1,
    101017,
    NULL,
    NULL,
    'PC',
    'SE',
    'MAINT',
    NULL,
    NULL,
    NULL,
    'IA',
    'HA',
    '549851',
    2,
    NULL,
    NULL,
    NULL,
    NULL,
    NULL,
    NULL,
    NULL,
    NULL,
    NULL,
    NULL,
    NULL,
    NULL,
    NULL,
    NULL,
    NULL,
    NULL,
    NULL,
    NULL,
    NULL,
    NULL,
    NULL,
    NULL,
    NULL,
    NULL,
    NULL,
    NULL,
    NULL,
    TIMESTAMP '2010-12-02 00:00:00.000000',
    'Y',
    NULL,
    NULL,
    876882,
    NULL,
    NULL,
    NULL,
    NULL,
    NULL,
    NULL,
    'BCEID\JWICK',
    TIMESTAMP '2011-01-24 15:49:27.000000',
    'BCEID\JWICK',
    TIMESTAMP '2011-01-24 15:49:27.000000',
    1
  ),
  (
    2541615,
    25,
    1,
    101017,
    NULL,
    NULL,
    'BR',
    'MA',
    'MANSB',
    NULL,
    NULL,
    NULL,
    'IA',
    'HA',
    '549850',
    1.3,
    NULL,
    NULL,
    NULL,
    NULL,
    NULL,
    NULL,
    NULL,
    NULL,
    NULL,
    NULL,
    NULL,
    NULL,
    NULL,
    NULL,
    NULL,
    NULL,
    NULL,
    NULL,
    NULL,
    NULL,
    NULL,
    NULL,
    NULL,
    NULL,
    NULL,
    NULL,
    NULL,
    TIMESTAMP '2010-06-14 00:00:00.000000',
    'Y',
    NULL,
    NULL,
    876882,
    NULL,
    NULL,
    NULL,
    NULL,
    NULL,
    NULL,
    'BCEID\JWICK',
    TIMESTAMP '2011-01-24 15:49:27.000000',
    'BCEID\JWICK',
    TIMESTAMP '2011-01-24 15:49:27.000000',
    1
  ),
  (
    1614524,
    10,
    1,
    101017,
    NULL,
    NULL,
    'PC',
    'SE',
    'REPEL',
    'A',
    NULL,
    NULL,
    'IA',
    'HA',
    NULL,
    8.1,
    NULL,
    NULL,
    NULL,
    NULL,
    NULL,
    NULL,
    NULL,
    NULL,
    NULL,
    NULL,
    NULL,
    NULL,
    NULL,
    NULL,
    NULL,
    NULL,
    NULL,
    NULL,
    NULL,
    NULL,
    NULL,
    NULL,
    NULL,
    NULL,
    NULL,
    NULL,
    NULL,
    TIMESTAMP '2004-04-26 00:00:00.000000',
    'Y',
    NULL,
    NULL,
    7050,
    NULL,
    NULL,
    NULL,
    NULL,
    NULL,
    NULL,
    'BCEID\JWICK',
    TIMESTAMP '2004-06-09 12:49:59.000000',
    'DATAFIX77247',
    TIMESTAMP '2004-10-22 16:04:28.000000',
    2
  ),
  (
    1614525,
    11,
    1,
    101017,
    NULL,
    NULL,
    'PL',
    'FP',
    'CTAIN',
    'CE',
    NULL,
    NULL,
    'IA',
    'HA',
    NULL,
    7.2,
    NULL,
    3240,
    NULL,
    NULL,
    NULL,
    NULL,
    NULL,
    NULL,
    NULL,
    NULL,
    NULL,
    NULL,
    NULL,
    NULL,
    NULL,
    NULL,
    NULL,
    NULL,
    NULL,
    NULL,
    NULL,
    NULL,
    NULL,
    NULL,
    NULL,
    NULL,
    NULL,
    TIMESTAMP '2004-04-07 00:00:00.000000',
    'Y',
    NULL,
    NULL,
    7050,
    NULL,
    NULL,
    NULL,
    NULL,
    NULL,
    NULL,
    'BCEID\JWICK',
    TIMESTAMP '2004-06-09 12:49:59.000000',
    'DATAFIX77247',
    TIMESTAMP '2004-10-22 16:04:28.000000',
    2
  ),
  (
    1614526,
    12,
    1,
    101017,
    NULL,
    NULL,
    'SU',
    'RG',
    'PLOT',
    'RG',
    'SU',
    'BR',
    'IA',
    'HA',
    NULL,
    8.1,
    NULL,
    NULL,
    NULL,
    NULL,
    NULL,
    NULL,
    NULL,
    NULL,
    NULL,
    NULL,
    NULL,
    NULL,
    NULL,
    NULL,
    NULL,
    NULL,
    NULL,
    NULL,
    NULL,
    NULL,
    NULL,
    NULL,
    NULL,
    NULL,
    NULL,
    NULL,
    NULL,
    TIMESTAMP '2004-02-20 00:00:00.000000',
    'Y',
    NULL,
    NULL,
    7050,
    NULL,
    NULL,
    NULL,
    NULL,
    NULL,
    NULL,
    'BCEID\JWICK',
    TIMESTAMP '2004-06-09 12:49:59.000000',
    'DATAFIX77247',
    TIMESTAMP '2004-10-22 16:04:21.000000',
    2
  ),
  (
    1806920,
    16,
    1,
    101017,
    NULL,
    NULL,
    'BR',
    'MA',
    'MANCT',
    'CGE',
    NULL,
    NULL,
    'IA',
    'HA',
    '09986 09986',
    1,
    NULL,
    NULL,
    NULL,
    NULL,
    NULL,
    NULL,
    NULL,
    NULL,
    NULL,
    NULL,
    NULL,
    NULL,
    NULL,
    NULL,
    NULL,
    NULL,
    NULL,
    NULL,
    NULL,
    NULL,
    NULL,
    NULL,
    NULL,
    NULL,
    NULL,
    NULL,
    NULL,
    TIMESTAMP '2006-07-12 00:00:00.000000',
    'Y',
    NULL,
    NULL,
    245827,
    NULL,
    NULL,
    NULL,
    NULL,
    NULL,
    NULL,
    'BCEID\JWICK',
    TIMESTAMP '2006-08-08 10:47:38.000000',
    'BCEID\JWICK',
    TIMESTAMP '2006-08-08 10:47:38.000000',
    2
  ),
  (
    1806987,
    17,
    1,
    101017,
    NULL,
    NULL,
    'PL',
    'FP',
    'CTAIN',
    'CE',
    NULL,
    NULL,
    'IA',
    'HA',
    '10006 02534',
    0.7,
    NULL,
    250,
    NULL,
    NULL,
    NULL,
    NULL,
    NULL,
    NULL,
    NULL,
    NULL,
    NULL,
    NULL,
    NULL,
    NULL,
    NULL,
    NULL,
    NULL,
    NULL,
    NULL,
    NULL,
    NULL,
    NULL,
    NULL,
    NULL,
    NULL,
    NULL,
    NULL,
    TIMESTAMP '2006-03-24 00:00:00.000000',
    'Y',
    NULL,
    NULL,
    245854,
    NULL,
    NULL,
    NULL,
    NULL,
    NULL,
    NULL,
    'BCEID\JWICK',
    TIMESTAMP '2006-08-08 11:39:40.000000',
    'BCEID\JWICK',
    TIMESTAMP '2006-08-08 11:39:41.000000',
    2
  ),
  (
    2394794,
    22,
    1,
    101017,
    NULL,
    NULL,
    'PC',
    'SE',
    'MAINT',
    NULL,
    NULL,
    NULL,
    'IA',
    'HA',
    '547485',
    1.7,
    NULL,
    NULL,
    NULL,
    NULL,
    NULL,
    NULL,
    NULL,
    NULL,
    NULL,
    NULL,
    NULL,
    NULL,
    NULL,
    NULL,
    NULL,
    NULL,
    NULL,
    NULL,
    NULL,
    NULL,
    NULL,
    NULL,
    NULL,
    NULL,
    NULL,
    NULL,
    NULL,
    TIMESTAMP '2009-10-27 00:00:00.000000',
    'Y',
    NULL,
    NULL,
    788660,
    NULL,
    NULL,
    NULL,
    NULL,
    NULL,
    NULL,
    'BCEID\JWICK',
    TIMESTAMP '2010-02-01 15:21:35.000000',
    'BCEID\JWICK',
    TIMESTAMP '2010-02-01 15:21:35.000000',
    1
  ),
  (
    2598871,
    26,
    1,
    101017,
    NULL,
    NULL,
    'SU',
    'RA',
    'WALK',
    NULL,
    NULL,
    NULL,
    'IA',
    'HA',
    '550167',
    8.9,
    NULL,
    NULL,
    NULL,
    NULL,
    NULL,
    NULL,
    NULL,
    NULL,
    NULL,
    NULL,
    NULL,
    NULL,
    NULL,
    NULL,
    NULL,
    NULL,
    NULL,
    NULL,
    NULL,
    NULL,
    NULL,
    NULL,
    NULL,
    NULL,
    NULL,
    NULL,
    NULL,
    TIMESTAMP '2010-10-01 00:00:00.000000',
    'Y',
    NULL,
    NULL,
    908604,
    NULL,
    NULL,
    NULL,
    NULL,
    NULL,
    NULL,
    'BCEID\JWICK',
    TIMESTAMP '2011-05-02 08:39:03.000000',
    'BCEID\JWICK',
    TIMESTAMP '2011-05-02 08:39:03.000000',
    1
  ),
  (
    1760811,
    15,
    1,
    101017,
    NULL,
    NULL,
    'SU',
    'RA',
    'PLOT',
    'RA',
    NULL,
    NULL,
    'IA',
    'HA',
    '09703 09703',
    8.1,
    NULL,
    NULL,
    NULL,
    NULL,
    NULL,
    NULL,
    NULL,
    NULL,
    NULL,
    NULL,
    NULL,
    NULL,
    NULL,
    NULL,
    NULL,
    NULL,
    NULL,
    NULL,
    NULL,
    NULL,
    NULL,
    NULL,
    NULL,
    NULL,
    NULL,
    NULL,
    NULL,
    TIMESTAMP '2006-01-12 00:00:00.000000',
    'Y',
    NULL,
    'L',
    181939,
    NULL,
    NULL,
    NULL,
    NULL,
    NULL,
    NULL,
    'BCEID\JWICK',
    TIMESTAMP '2006-03-10 13:14:53.000000',
    'BCEID\JWICK',
    TIMESTAMP '2006-03-10 13:14:53.000000',
    2
  ),
  (
    2200184,
    18,
    1,
    101017,
    NULL,
    NULL,
    'PC',
    'SE',
    'MAINT',
    NULL,
    NULL,
    NULL,
    'IA',
    'HA',
    '544440',
    3,
    NULL,
    NULL,
    NULL,
    NULL,
    NULL,
    NULL,
    NULL,
    NULL,
    NULL,
    NULL,
    NULL,
    NULL,
    NULL,
    NULL,
    NULL,
    NULL,
    NULL,
    NULL,
    NULL,
    NULL,
    NULL,
    NULL,
    NULL,
    NULL,
    NULL,
    NULL,
    NULL,
    TIMESTAMP '2008-10-24 00:00:00.000000',
    'Y',
    NULL,
    NULL,
    520772,
    NULL,
    NULL,
    NULL,
    NULL,
    NULL,
    NULL,
    'BCEID\JWICK',
    TIMESTAMP '2008-12-04 13:27:23.000000',
    'BCEID\JWICK',
    TIMESTAMP '2008-12-04 13:27:23.000000',
    1
  ),
  (
    2200185,
    19,
    1,
    101017,
    NULL,
    NULL,
    'BR',
    'MA',
    'MANSB',
    NULL,
    NULL,
    NULL,
    'IA',
    'HA',
    '544439',
    2.5,
    NULL,
    NULL,
    NULL,
    NULL,
    NULL,
    NULL,
    NULL,
    NULL,
    NULL,
    NULL,
    NULL,
    NULL,
    NULL,
    NULL,
    NULL,
    NULL,
    NULL,
    NULL,
    NULL,
    NULL,
    NULL,
    NULL,
    NULL,
    NULL,
    NULL,
    NULL,
    NULL,
    TIMESTAMP '2008-07-06 00:00:00.000000',
    'Y',
    NULL,
    NULL,
    520772,
    NULL,
    NULL,
    NULL,
    NULL,
    NULL,
    NULL,
    'BCEID\JWICK',
    TIMESTAMP '2008-12-04 13:27:23.000000',
    'BCEID\JWICK',
    TIMESTAMP '2008-12-04 13:27:23.000000',
    1
  ),
  (
    2200186,
    20,
    1,
    101017,
    NULL,
    NULL,
    'BR',
    'MA',
    'POWER',
    'CGE',
    NULL,
    NULL,
    'IA',
    'HA',
    '496924',
    5.5,
    NULL,
    NULL,
    NULL,
    NULL,
    NULL,
    NULL,
    NULL,
    NULL,
    NULL,
    NULL,
    NULL,
    NULL,
    NULL,
    NULL,
    NULL,
    NULL,
    NULL,
    NULL,
    NULL,
    NULL,
    NULL,
    NULL,
    NULL,
    NULL,
    NULL,
    NULL,
    NULL,
    TIMESTAMP '2008-11-13 00:00:00.000000',
    'Y',
    NULL,
    NULL,
    520772,
    NULL,
    NULL,
    NULL,
    NULL,
    NULL,
    NULL,
    'BCEID\JWICK',
    TIMESTAMP '2008-12-04 13:27:23.000000',
    'BCEID\JWICK',
    TIMESTAMP '2008-12-04 13:27:23.000000',
    1
  ),
  (
    2200187,
    21,
    1,
    101017,
    NULL,
    NULL,
    'BR',
    'MA',
    'MANGI',
    NULL,
    NULL,
    NULL,
    'IA',
    'HA',
    '544438',
    1,
    NULL,
    NULL,
    NULL,
    NULL,
    NULL,
    NULL,
    NULL,
    NULL,
    NULL,
    NULL,
    NULL,
    NULL,
    NULL,
    NULL,
    NULL,
    NULL,
    NULL,
    NULL,
    NULL,
    NULL,
    NULL,
    NULL,
    NULL,
    NULL,
    NULL,
    NULL,
    NULL,
    TIMESTAMP '2008-11-07 00:00:00.000000',
    'Y',
    NULL,
    NULL,
    520772,
    NULL,
    NULL,
    NULL,
    NULL,
    NULL,
    NULL,
    'BCEID\JWICK',
    TIMESTAMP '2008-12-04 13:27:23.000000',
    'BCEID\JWICK',
    TIMESTAMP '2008-12-04 13:27:23.000000',
    1
  ),
  (
    3094188,
    30,
    1,
    101017,
    NULL,
    NULL,
    'PC',
    'SE',
    'MAINT',
    NULL,
    NULL,
    NULL,
    'IA',
    'HA',
    '560342',
    1.3,
    NULL,
    NULL,
    NULL,
    NULL,
    NULL,
    NULL,
    NULL,
    NULL,
    NULL,
    NULL,
    NULL,
    NULL,
    NULL,
    NULL,
    NULL,
    NULL,
    NULL,
    NULL,
    NULL,
    NULL,
    NULL,
    NULL,
    NULL,
    NULL,
    NULL,
    NULL,
    NULL,
    TIMESTAMP '2013-10-24 00:00:00.000000',
    'Y',
    NULL,
    NULL,
    1307933,
    NULL,
    NULL,
    NULL,
    NULL,
    NULL,
    NULL,
    'BCEID\JWICK',
    TIMESTAMP '2014-04-02 11:37:09.000000',
    'BCEID\JWICK',
    TIMESTAMP '2014-04-02 11:37:09.000000',
    1
  ),
  (
    2744529,
    27,
    1,
    101017,
    NULL,
    NULL,
    'BR',
    'MA',
    'POWER',
    NULL,
    NULL,
    NULL,
    'IA',
    'HA',
    '553249',
    4.8,
    NULL,
    NULL,
    NULL,
    NULL,
    NULL,
    NULL,
    NULL,
    NULL,
    NULL,
    NULL,
    NULL,
    NULL,
    NULL,
    NULL,
    NULL,
    NULL,
    NULL,
    NULL,
    NULL,
    NULL,
    NULL,
    NULL,
    NULL,
    NULL,
    NULL,
    NULL,
    NULL,
    TIMESTAMP '2011-05-24 00:00:00.000000',
    'Y',
    NULL,
    NULL,
    1101086,
    NULL,
    NULL,
    NULL,
    NULL,
    NULL,
    NULL,
    'BCEID\JWICK',
    TIMESTAMP '2012-03-27 12:55:03.000000',
    'BCEID\JWICK',
    TIMESTAMP '2012-03-27 12:55:03.000000',
    1
  ),
  (
    2787017,
    28,
    1,
    101017,
    NULL,
    NULL,
    'SU',
    'FG',
    'PLOT',
    NULL,
    NULL,
    NULL,
    'IA',
    'HA',
    '545767',
    8.9,
    NULL,
    NULL,
    NULL,
    NULL,
    NULL,
    NULL,
    NULL,
    NULL,
    NULL,
    NULL,
    NULL,
    NULL,
    NULL,
    NULL,
    NULL,
    NULL,
    NULL,
    NULL,
    NULL,
    NULL,
    NULL,
    NULL,
    NULL,
    NULL,
    NULL,
    NULL,
    NULL,
    TIMESTAMP '2012-01-06 00:00:00.000000',
    'Y',
    NULL,
    NULL,
    1127146,
    NULL,
    NULL,
    NULL,
    NULL,
    NULL,
    NULL,
    'BCEID\JWICK',
    TIMESTAMP '2012-07-06 10:24:55.000000',
    'BCEID\JWICK',
    TIMESTAMP '2012-07-06 10:24:55.000000',
    1
  ),
  (
    2871301,
    29,
    1,
    101017,
    NULL,
    NULL,
    'BR',
    'MA',
    'MANSB',
    NULL,
    NULL,
    NULL,
    'IA',
    'HA',
    '556415',
    0.7,
    NULL,
    NULL,
    NULL,
    NULL,
    NULL,
    NULL,
    NULL,
    NULL,
    NULL,
    NULL,
    NULL,
    NULL,
    NULL,
    NULL,
    NULL,
    NULL,
    NULL,
    NULL,
    NULL,
    NULL,
    NULL,
    NULL,
    NULL,
    NULL,
    NULL,
    NULL,
    NULL,
    TIMESTAMP '2012-06-22 00:00:00.000000',
    'Y',
    NULL,
    NULL,
    1170543,
    NULL,
    NULL,
    NULL,
    NULL,
    NULL,
    NULL,
    'BCEID\JWICK',
    TIMESTAMP '2012-12-21 10:59:21.000000',
    'BCEID\JWICK',
    TIMESTAMP '2012-12-21 10:59:21.000000',
    1
  );

INSERT INTO THE.STOCKING_STANDARD_UNIT (
    STOCKING_STANDARD_UNIT_ID,
    OPENING_ID,
    STANDARDS_UNIT_ID,
    STANDARDS_REGIME_ID,
    NET_AREA,
    MAX_ALLOW_SOIL_DISTURBANCE_PCT,
    VARIANCE_IND,
    ENTRY_USERID,
    ENTRY_TIMESTAMP,
    UPDATE_USERID,
    UPDATE_TIMESTAMP,
    REVISION_COUNT
  )
VALUES
  (194833,101017,'A',NULL,7.9,5,NULL,'RESULTS_CONV',TIMESTAMP '2003-11-15 19:46:23.000000','RESULTS_CONV',TIMESTAMP '2003-11-15 19:46:23.000000',4),
  (194837,101017,'B',NULL,1.1,0,NULL,'RESULTS_CONV',TIMESTAMP '2003-11-15 19:46:23.000000','RESULTS_CONV',TIMESTAMP '2003-11-15 19:46:23.000000',4);

INSERT INTO THE.STOCKING_MILESTONE (
    STOCKING_STANDARD_UNIT_ID,
    SILV_MILESTONE_TYPE_CODE,
    RESULTS_SUBMISSION_ID,
    DECLARED_DATE,
    DECLARED_USERID,
    DECLARE_IND,
    DECLARATION_SUBMITTED_DATE,
    EARLY_OFFSET_YEARS,
    LATE_OFFSET_YEARS,
    DUE_EARLY_DATE,
    DUE_LATE_DATE,
    ENTRY_USERID,
    ENTRY_TIMESTAMP,
    UPDATE_USERID,
    UPDATE_TIMESTAMP,
    REVISION_COUNT,
    EXTENT_FEASIBLE_DECLARED_IND
  )
VALUES
  (194833,'FG',NULL,TIMESTAMP '2012-04-30 00:00:00.000000','BCEID\JWICK','Y',TIMESTAMP '2012-04-30 14:40:19.000000',8,11,TIMESTAMP '2009-09-18 00:00:00.000000',TIMESTAMP '2012-09-18 00:00:00.000000','RESULTS_CONV',TIMESTAMP '2003-11-15 19:45:06.000000','BCEID\JWICK',TIMESTAMP '2014-04-02 11:37:09.000000',31,'N'),
  (194833,'PH',NULL,NULL,NULL,'N',NULL,NULL,NULL,NULL,NULL,'RESULTS_CONV',TIMESTAMP '2003-11-15 19:45:06.000000','BCEID\JWICK',TIMESTAMP '2014-04-02 11:37:09.000000',30,'N'),
  (194833,'RG',NULL,NULL,NULL,'N',NULL,NULL,3,NULL,TIMESTAMP '2004-09-18 00:00:00.000000','RESULTS_CONV',TIMESTAMP '2003-11-15 19:45:06.000000','BCEID\JWICK',TIMESTAMP '2014-04-02 11:37:09.000000',30,'N'),
  (194837,'FG',NULL,TIMESTAMP '2012-04-30 00:00:00.000000','BCEID\JWICK','Y',TIMESTAMP '2012-04-30 14:41:30.000000',0,0,TIMESTAMP '2001-09-18 00:00:00.000000',TIMESTAMP '2001-09-18 00:00:00.000000','RESULTS_CONV',TIMESTAMP '2003-11-15 19:45:06.000000','BCEID\JWICK',TIMESTAMP '2014-04-02 11:37:09.000000',31,'N'),
  (194837,'PH',NULL,NULL,NULL,'N',NULL,NULL,NULL,NULL,NULL,'RESULTS_CONV',TIMESTAMP '2003-11-15 19:45:06.000000','BCEID\JWICK',TIMESTAMP '2014-04-02 11:37:09.000000',30,'N'),
  (194837,'RG',NULL,NULL,NULL,'N',NULL,NULL,0,NULL,TIMESTAMP '2001-09-18 00:00:00.000000','RESULTS_CONV',TIMESTAMP '2003-11-15 19:45:06.000000','BCEID\JWICK',TIMESTAMP '2014-04-02 11:37:09.000000',30,'N');

INSERT INTO THE.FOREST_FILE_CLIENT
(FOREST_FILE_CLIENT_SKEY, FOREST_FILE_ID, CLIENT_NUMBER, CLIENT_LOCN_CODE, FOREST_FILE_CLIENT_TYPE_CODE, LICENSEE_START_DATE, LICENSEE_END_DATE, REVISION_COUNT, ENTRY_USERID, ENTRY_TIMESTAMP, UPDATE_USERID, UPDATE_TIMESTAMP)
VALUES(440645, 'TFL47', '00000003', '13', 'A', TIMESTAMP '2012-02-21 13:04:06.000000', NULL, 1, 'CLIENT_REORG', TIMESTAMP '2012-02-21 13:04:06.000000', 'CLIENT_REORG', TIMESTAMP '2012-02-21 13:04:06.000000');