INSERT INTO RESULTS_ELECTRONIC_SUBMISSION (RESULTS_SUBMISSION_ID,SUBMISSION_TIMESTAMP,SUBMITTED_BY,CLIENT_NUMBER,CLIENT_LOCN_CODE,ORG_UNIT_NO,USER_FILENAME,USER_REFERENCE,ENTRY_USERID,ENTRY_TIMESTAMP,UPDATE_USERID,UPDATE_TIMESTAMP,REVISION_COUNT) VALUES
	 (2153193,TIMESTAMP'2022-05-07 10:08:09','BCEID\ANYA.DENNILL','00010006','00',2,'Hardwicke 8 blocks Form B Hv and Silv activities.x',NULL,'BCEID\ANYA.DENNILL',TIMESTAMP'2022-05-07 10:08:55','BCEID\ANYA.DENNILL',TIMESTAMP'2022-05-07 10:08:55',1),
	 (2264749,TIMESTAMP'2023-06-01 10:39:07','BCEID\ALEXANDRA.VALLEE','00010006','00',2,'6-117 FORM B Plant.xml',NULL,'BCEID\ALEXANDRA.VALLEE',TIMESTAMP'2023-06-01 10:39:27','BCEID\ALEXANDRA.VALLEE',TIMESTAMP'2023-06-01 10:39:27',1),
	 (2153194,TIMESTAMP'2022-05-07 10:10:55','BCEID\ANYA.DENNILL','00010006','00',2,'Hardwicke 8 blks Form C PH.xml',NULL,'BCEID\ANYA.DENNILL',TIMESTAMP'2022-05-07 10:10:56','BCEID\ANYA.DENNILL',TIMESTAMP'2022-05-07 10:10:56',1),
	 (2247022,TIMESTAMP'2023-03-23 13:58:21','BCEID\ALEXANDRA.VALLEE','00010006','00',2,'6-117 Form C RG.xml',NULL,'BCEID\ALEXANDRA.VALLEE',TIMESTAMP'2023-03-23 13:58:32','BCEID\ALEXANDRA.VALLEE',TIMESTAMP'2023-03-23 13:58:32',1),
	 (2428627,TIMESTAMP'2025-04-16 10:31:18','BCEID\ALEXANDRA.VALLEE','00010006','00',2,'6-117 FORM B FP.xml',NULL,'BCEID\ALEXANDRA.VALLEE',TIMESTAMP'2025-04-16 10:31:20','BCEID\ALEXANDRA.VALLEE',TIMESTAMP'2025-04-16 10:31:20',1),
	 (2153182,TIMESTAMP'2022-05-07 09:48:33','BCEID\ANYA.DENNILL','00010006','00',2,'Hardwicke 8 blks Form A Opening.xml',NULL,'BCEID\ANYA.DENNILL',TIMESTAMP'2022-05-07 09:48:56','BCEID\ANYA.DENNILL',TIMESTAMP'2022-05-07 09:48:56',1);

INSERT INTO OPENING (OPENING_ID,GEO_DISTRICT_NO,ADMIN_DISTRICT_NO,MAPSHEET_GRID,MAPSHEET_LETTER,MAPSHEET_SQUARE,MAPSHEET_QUAD,MAPSHEET_SUB_QUAD,OPENING_NUMBER,OPENING_LOCN_NAME,OPEN_CATEGORY_CODE,LICENSEE_OPENING_ID,TSB_NUMBER_CODE,OPENING_STATUS_CODE,ORG_UNIT_NO,DIST_ADMIN_ZONE,MAX_ALLOW_PERMNT_ACCESS_PCT,PREV_AGE_CLASS_CODE,PREV_SITE_INDEX,PREV_SITE_INDEX_SOURCE_CODE,PREV_HEIGHT_CLASS_CODE,PREV_SITE_CLASS_CODE,PREV_STOCKING_CLASS_CODE,PREV_STOCKING_STATUS_CODE,PREV_TREE_SPP1_CODE,PREV_TREE_SPP2_CODE,APP_ENT_BY_USERID,APPROVE_DATE,AMENDMENT_IND,RESULTS_SUBMISSION_ID,ENTRY_USERID,ENTRY_TIMESTAMP,UPDATE_USERID,UPDATE_TIMESTAMP,REVISION_COUNT) VALUES
	 (1761935,2,15,' 92','K','041','0','0',' 534','HARDWICKE ISLAND','FTML','97351',NULL,'APP',2,NULL,6,'5',33,'E','5',NULL,'0','IMM','FDC','HW',NULL,TIMESTAMP'2022-05-07 09:48:59',NULL,2153182,'BCEID\ANYA.DENNILL',TIMESTAMP'2022-05-07 09:48:59','BCEID\ALEXANDRA.VALLEE',TIMESTAMP'2025-04-16 10:31:20',7);

INSERT INTO TIMBER_MARK (TIMBER_MARK,FOREST_FILE_ID,CUTTING_PERMIT_ID,FOREST_DISTRICT,GEOGRAPHIC_DISTRCT,CASCADE_SPLIT_CODE,QUOTA_TYPE_CODE,DECIDUOUS_IND,CATASTROPHIC_IND,CROWN_GRANTED_IND,CRUISE_BASED_IND,CERTIFICATE,HDBS_TIMBER_MARK,VM_TIMBER_MARK,TENURE_TERM,BCAA_FOLIO_NUMBER,ACTIVATED_USERID,AMENDED_USERID,DISTRICT_ADMN_ZONE,GRANTED_ACQRD_DATE,LANDS_REGION,CROWN_GRANTED_ACQ_DESC,MARK_STATUS_ST,MARK_STATUS_DATE,MARK_AMEND_DATE,MARK_APPL_DATE,MARK_CANCEL_DATE,MARK_EXTEND_DATE,MARK_EXTEND_RSN_CD,MARK_EXTEND_COUNT,MARK_ISSUE_DATE,MARK_EXPIRY_DATE,MARKNG_INSTRMNT_CD,MARKING_METHOD_CD,ENTRY_USERID,ENTRY_TIMESTAMP,UPDATE_USERID,UPDATE_TIMESTAMP,REVISION_COUNT,SMALL_PATCH_SALVAGE_IND,SALVAGE_TYPE_CODE) VALUES
	 ('47/6AK','TFL47','6AK',2,15,'W','A','N','N','N','N',NULL,NULL,NULL,48,NULL,NULL,NULL,'C&E',NULL,'1',NULL,'HI',TIMESTAMP'2020-05-27 13:55:39',NULL,NULL,NULL,NULL,NULL,0,TIMESTAMP'2020-05-25 00:00:00',TIMESTAMP'2024-05-24 00:00:00','H','S','BCEID\TRACYNG',TIMESTAMP'2020-03-10 14:22:26','IDIR\LOSTASHE',TIMESTAMP'2020-05-27 13:50:24',1,'N',NULL);

INSERT INTO CUT_BLOCK (CB_SKEY,HVA_SKEY,FOREST_FILE_ID,CUTTING_PERMIT_ID,TIMBER_MARK,CUT_BLOCK_ID,SP_EXEMPT_IND,BLOCK_STATUS_DATE,CUT_BLOCK_DESCRIPTION,CUT_REGULATION_CODE,BLOCK_STATUS_ST,REFOREST_DECLARE_TYPE_CODE,REVISION_COUNT,ENTRY_USERID,ENTRY_TIMESTAMP,UPDATE_USERID,UPDATE_TIMESTAMP,IS_WASTE_ASSESSMENT_REQUIRED,CUT_BLOCK_GUID,FIRE_HARVESTING_REASON_CODE,IS_UNDER_PARTITION_ORDER,REPORTED_FIRE_DATE) VALUES
	 (784108,779356,'TFL47','6AK','47/6AK','6-117','N',TIMESTAMP'2022-05-07 10:10:56',NULL,NULL,'S',NULL,3,'BCEID\TRACYNG',TIMESTAMP'2020-03-10 14:22:26','BCEID\ANYA.DENNILL',TIMESTAMP'2022-05-07 10:10:56','Y','B9B090A32D81645AE05332B3228EA5A5',NULL,NULL,NULL);

INSERT INTO CUT_BLOCK_OPEN_ADMIN (CUT_BLOCK_OPEN_ADMIN_ID,FOREST_FILE_ID,TIMBER_MARK,CUT_BLOCK_ID,CUTTING_PERMIT_ID,DISTURBANCE_GROSS_AREA,DISTURBANCE_START_DATE,DISTURBANCE_END_DATE,OPENING_ID,OPENING_GROSS_AREA,PLANNED_HARVEST_DATE,PLANNED_GROSS_BLOCK_AREA,PLANNED_NET_BLOCK_AREA,OPENING_PRIME_LICENCE_IND,CB_SKEY,REVISION_COUNT,ENTRY_USERID,ENTRY_TIMESTAMP,UPDATE_USERID,UPDATE_TIMESTAMP) VALUES
	 (482445,'TFL47','47/6AK','6-117','6AK',28.4,TIMESTAMP'2021-01-07 00:00:00',TIMESTAMP'2021-04-14 00:00:00',1761935,33.6,TIMESTAMP'2021-02-01 00:00:00',28.378,25,'Y',784108,3,'BCEID\TRACYNG',TIMESTAMP'2020-03-10 14:22:26','BCEID\ANYA.DENNILL',TIMESTAMP'2022-05-07 10:08:55');

INSERT INTO ACTIVITY_TREATMENT_UNIT (ACTIVITY_TREATMENT_UNIT_ID,ACTIVITY_TU_SEQ_NO,ORG_UNIT_NO,OPENING_ID,SILVICULTURE_PROJECT_ID,PROJECT_UNIT_ID,SILV_BASE_CODE,SILV_TECHNIQUE_CODE,SILV_METHOD_CODE,SILV_OBJECTIVE_CODE_1,SILV_OBJECTIVE_CODE_2,SILV_OBJECTIVE_CODE_3,SILV_FUND_SRCE_CODE,SILV_ACTIVITY_MEASUREMENT_CODE,ACTIVITY_LICENSEE_ID,TREATMENT_AMOUNT,ACTUAL_TREATMENT_COST,ACT_PLANTED_NO,PLAN_SILV_TECHNIQUE_CODE,PLAN_SILV_METHOD_CODE,PLAN_SILV_FUND_SRCE_CODE,PLANNED_DATE,PLANNED_TREATMENT_AMOUNT,PLANNED_TREATMENT_COST,PLAN_SILV_OBJECTIVE_CODE_1,PLAN_SILV_OBJECTIVE_CODE_2,PLAN_SILV_OBJECTIVE_CODE_3,TARGET_PREPARED_SPOTS,PRUNING_MIN_CROWN_PCT,PRUNE_HEIGHT,STEMS_TO_PRUNE,MIN_ACCEPTABLE_DENSITY,TOTAL_STEMS_PER_HA,INTER_TREE_TARGET_DISTANCE,INTER_TREE_VARIATION,INTER_TREE_MIN_DISTANCE,MAX_TREES_PER_PLOT,MAX_TREES_PER_HA,SURVEY_PLANNED_NUM_PLOTS,SURVEY_ACTUAL_NUM_PLOTS,SURVEY_MIN_PLOTS_PER_STRATUM,SILV_TREE_SPECIES_CODE,ATU_START_DATE,ATU_COMPLETION_DATE,RESULTS_IND,UNIT_BID_PRICE,FIA_PROJECT_ID,RESULTS_SUBMISSION_ID,DISTURBANCE_CODE,SILV_SYSTEM_CODE,SILV_SYSTEM_VARIANT_CODE,SILV_CUT_PHASE_CODE,CUT_BLOCK_OPEN_ADMIN_ID,DISTURBANCE_COMPLETED_IND,ENTRY_USERID,ENTRY_TIMESTAMP,UPDATE_USERID,UPDATE_TIMESTAMP,REVISION_COUNT) VALUES
	 (4009860,4,2,1761935,NULL,NULL,'PL','RO','CTAIN',NULL,NULL,NULL,'IA','HA','674971',0.1,NULL,250,NULL,NULL,NULL,NULL,NULL,NULL,NULL,NULL,NULL,NULL,NULL,NULL,NULL,NULL,NULL,NULL,NULL,NULL,NULL,NULL,NULL,NULL,NULL,NULL,NULL,TIMESTAMP'2023-03-18 00:00:00','Y',NULL,NULL,2264749,NULL,NULL,NULL,NULL,NULL,NULL,'BCEID\ALEXANDRA.VALLEE',TIMESTAMP'2023-06-01 10:39:27','BCEID\ALEXANDRA.VALLEE',TIMESTAMP'2023-06-01 10:39:27',2),
	 (3910947,1,2,1761935,NULL,NULL,'DN',NULL,NULL,NULL,NULL,NULL,NULL,'HA','97351',28.4,NULL,NULL,NULL,NULL,NULL,NULL,NULL,NULL,NULL,NULL,NULL,NULL,NULL,NULL,NULL,NULL,NULL,NULL,NULL,NULL,NULL,NULL,NULL,NULL,NULL,NULL,TIMESTAMP'2021-01-07 00:00:00',TIMESTAMP'2021-04-14 00:00:00','Y',NULL,NULL,2153193,'L','CLEAR',NULL,'REMOV',482445,'Y','BCEID\ANYA.DENNILL',TIMESTAMP'2022-05-07 10:08:55','BCEID\ANYA.DENNILL',TIMESTAMP'2022-05-07 10:08:55',1),
	 (3910948,2,2,1761935,NULL,NULL,'PL','PL','CTAIN',NULL,NULL,NULL,'IA','HA','593058',26.6,NULL,27150,NULL,NULL,NULL,NULL,NULL,NULL,NULL,NULL,NULL,NULL,NULL,NULL,NULL,NULL,NULL,NULL,NULL,NULL,NULL,NULL,NULL,NULL,NULL,NULL,NULL,TIMESTAMP'2022-03-19 00:00:00','Y',NULL,NULL,2153193,NULL,NULL,NULL,NULL,NULL,NULL,'BCEID\ANYA.DENNILL',TIMESTAMP'2022-05-07 10:08:55','BCEID\ANYA.DENNILL',TIMESTAMP'2022-05-07 10:08:55',8),
	 (3910949,3,2,1761935,NULL,NULL,'PC','SE','CONE',NULL,NULL,NULL,'IA','HA','660893',1.2,NULL,NULL,NULL,NULL,NULL,NULL,NULL,NULL,NULL,NULL,NULL,NULL,NULL,NULL,NULL,NULL,NULL,NULL,NULL,NULL,NULL,NULL,NULL,NULL,NULL,NULL,NULL,TIMESTAMP'2022-03-19 00:00:00','Y',NULL,NULL,2153193,NULL,NULL,NULL,NULL,NULL,NULL,'BCEID\ANYA.DENNILL',TIMESTAMP'2022-05-07 10:08:55','BCEID\ANYA.DENNILL',TIMESTAMP'2022-05-07 10:08:55',1),
	 (4187958,5,2,1761935,NULL,NULL,'PL','FP','CTAIN',NULL,NULL,NULL,'IA','HA','725637',0.4,NULL,120,NULL,NULL,NULL,NULL,NULL,NULL,NULL,NULL,NULL,NULL,NULL,NULL,NULL,NULL,NULL,NULL,NULL,NULL,NULL,NULL,NULL,NULL,NULL,NULL,NULL,TIMESTAMP'2025-03-07 00:00:00','Y',NULL,NULL,2428627,NULL,NULL,NULL,NULL,NULL,NULL,'BCEID\ALEXANDRA.VALLEE',TIMESTAMP'2025-04-16 10:31:20','BCEID\ALEXANDRA.VALLEE',TIMESTAMP'2025-04-16 10:31:20',2);

INSERT INTO STANDARDS_REGIME (STANDARDS_REGIME_ID,STANDARDS_REGIME_NAME,STANDARDS_REGIME_STATUS_CODE,SILV_STATUTE_CODE,STANDARDS_OBJECTIVE,GEOGRAPHIC_DESCRIPTION,MOF_DEFAULT_STANDARD_IND,REGEN_DELAY_OFFSET_YRS,REGEN_OBLIGATION_IND,NO_REGEN_EARLY_OFFSET_YRS,NO_REGEN_LATE_OFFSET_YRS,FREE_GROWING_EARLY_OFFSET_YRS,FREE_GROWING_LATE_OFFSET_YRS,APPROVED_BY_USERID,APPROVED_DATE,SUBMITTED_BY_USERID,SUBMITTED_DATE,EFFECTIVE_DATE,EXPIRY_DATE,ADDITIONAL_STANDARDS,REJECT_NOTE,ENTRY_USERID,ENTRY_TIMESTAMP,UPDATE_USERID,UPDATE_TIMESTAMP,REVISION_COUNT) VALUES
	 (1006586,'TimberWest Johnstone Strait FSP','APP',NULL,NULL,NULL,'N',6,'Y',NULL,NULL,NULL,20,'IDIR\CMMACLEO',TIMESTAMP'2007-05-29 16:07:08','BCEID\CBUSS',TIMESTAMP'2007-04-03 11:29:24',TIMESTAMP'2006-12-13 00:00:00',NULL,'Elevated microsites are preferred for Fdc.',NULL,'BCEID\CBUSS',TIMESTAMP'2007-03-20 17:19:48','IDIR\JDPICKFO',TIMESTAMP'2008-01-03 15:20:51',9),
	 (1054256,'TimberWest Johnstone Strait FSP','APP',NULL,NULL,NULL,'N',3,'Y',NULL,NULL,NULL,20,NULL,NULL,NULL,NULL,TIMESTAMP'2017-09-11 00:00:00',NULL,'Risk of Pw blister rust; unless rust resistant Pw planted stock is used, can not contribute to MSS and limited to 10% of TSS.  Resistant stock can contribute to MSS and up to 25% of MSP and 100% of MSP for Phellinus root rot areas.',NULL,'BCEID\RMMONCHAK',TIMESTAMP'2017-08-09 09:22:11','IDIR\DANTURNE',TIMESTAMP'2019-06-24 09:29:32',4),
	 (1054257,'TimberWest Johnstone Strait FSP','APP',NULL,NULL,NULL,'N',3,'Y',NULL,NULL,NULL,20,NULL,NULL,NULL,NULL,TIMESTAMP'2017-09-11 00:00:00',NULL,'Hw is suitable on thick forest floors an dis preferred on northerly aspects or in situations where advanced natural regeneration of Hw precludes planting with other species and is acceptable in all other situations.\nRisk of white pine blister rust.  Unless resistant stock is planted, Pw cannot contribute to MSS and limited to 10% of TSS.  Resistant stock can contribute to MSS and up to 25% of MSP and 100% of MSP on Phellinus root rot sites.',NULL,'BCEID\RMMONCHAK',TIMESTAMP'2017-08-09 09:25:43','IDIR\DANTURNE',TIMESTAMP'2019-06-24 09:29:32',9);

INSERT INTO STOCKING_STANDARD_UNIT (STOCKING_STANDARD_UNIT_ID,OPENING_ID,STANDARDS_UNIT_ID,STANDARDS_REGIME_ID,NET_AREA,MAX_ALLOW_SOIL_DISTURBANCE_PCT,VARIANCE_IND,ENTRY_USERID,ENTRY_TIMESTAMP,UPDATE_USERID,UPDATE_TIMESTAMP,REVISION_COUNT) VALUES
	 (2333293,1761935,'A',1054256,22,10,'N','BCEID\ANYA.DENNILL',TIMESTAMP'2022-05-07 09:48:59','BCEID\ANYA.DENNILL',TIMESTAMP'2022-05-07 09:48:59',1),
	 (2333294,1761935,'B',1054257,3.4,10,'N','BCEID\ANYA.DENNILL',TIMESTAMP'2022-05-07 09:48:59','BCEID\ANYA.DENNILL',TIMESTAMP'2022-05-07 09:48:59',1),
	 (2333295,1761935,'C',1006586,1.2,10,'N','BCEID\ANYA.DENNILL',TIMESTAMP'2022-05-07 09:48:59','BCEID\ANYA.DENNILL',TIMESTAMP'2022-05-07 09:48:59',1);

INSERT INTO STOCKING_MILESTONE (STOCKING_STANDARD_UNIT_ID,SILV_MILESTONE_TYPE_CODE,RESULTS_SUBMISSION_ID,DECLARED_DATE,DECLARED_USERID,DECLARE_IND,DECLARATION_SUBMITTED_DATE,EARLY_OFFSET_YEARS,LATE_OFFSET_YEARS,DUE_EARLY_DATE,DUE_LATE_DATE,ENTRY_USERID,ENTRY_TIMESTAMP,UPDATE_USERID,UPDATE_TIMESTAMP,REVISION_COUNT,EXTENT_FEASIBLE_DECLARED_IND) VALUES
	 (2333293,'FG',NULL,NULL,NULL,NULL,NULL,NULL,20,NULL,TIMESTAMP'2041-01-07 00:00:00','BCEID\ANYA.DENNILL',TIMESTAMP'2022-05-07 09:48:59','BCEID\ALEXANDRA.VALLEE',TIMESTAMP'2025-04-16 10:31:20',20,'N'),
	 (2333293,'PH',2153194,TIMESTAMP'2021-04-14 00:00:00','BCEID\ANYA.DENNILL','Y',TIMESTAMP'2022-05-07 10:10:56',NULL,NULL,NULL,NULL,'BCEID\ANYA.DENNILL',TIMESTAMP'2022-05-07 09:48:59','BCEID\ALEXANDRA.VALLEE',TIMESTAMP'2025-04-16 10:31:20',21,'N'),
	 (2333293,'RG',2247022,TIMESTAMP'2022-10-26 00:00:00','BCEID\ALEXANDRA.VALLEE','Y',TIMESTAMP'2023-03-23 13:58:32',NULL,3,NULL,TIMESTAMP'2024-01-07 00:00:00','BCEID\ANYA.DENNILL',TIMESTAMP'2022-05-07 09:48:59','BCEID\ALEXANDRA.VALLEE',TIMESTAMP'2025-04-16 10:31:20',21,'N'),
	 (2333294,'FG',NULL,NULL,NULL,NULL,NULL,NULL,20,NULL,TIMESTAMP'2041-01-07 00:00:00','BCEID\ANYA.DENNILL',TIMESTAMP'2022-05-07 09:48:59','BCEID\ALEXANDRA.VALLEE',TIMESTAMP'2025-04-16 10:31:20',20,'N'),
	 (2333294,'PH',2153194,TIMESTAMP'2021-04-14 00:00:00','BCEID\ANYA.DENNILL','Y',TIMESTAMP'2022-05-07 10:10:56',NULL,NULL,NULL,NULL,'BCEID\ANYA.DENNILL',TIMESTAMP'2022-05-07 09:48:59','BCEID\ALEXANDRA.VALLEE',TIMESTAMP'2025-04-16 10:31:20',21,'N'),
	 (2333294,'RG',2247022,TIMESTAMP'2022-10-26 00:00:00','BCEID\ALEXANDRA.VALLEE','Y',TIMESTAMP'2023-03-23 13:58:32',NULL,3,NULL,TIMESTAMP'2024-01-07 00:00:00','BCEID\ANYA.DENNILL',TIMESTAMP'2022-05-07 09:48:59','BCEID\ALEXANDRA.VALLEE',TIMESTAMP'2025-04-16 10:31:20',21,'N'),
	 (2333295,'FG',NULL,NULL,NULL,NULL,NULL,NULL,20,NULL,TIMESTAMP'2041-01-07 00:00:00','BCEID\ANYA.DENNILL',TIMESTAMP'2022-05-07 09:48:59','BCEID\ALEXANDRA.VALLEE',TIMESTAMP'2025-04-16 10:31:20',20,'N'),
	 (2333295,'PH',2153194,TIMESTAMP'2021-04-14 00:00:00','BCEID\ANYA.DENNILL','Y',TIMESTAMP'2022-05-07 10:10:56',NULL,NULL,NULL,NULL,'BCEID\ANYA.DENNILL',TIMESTAMP'2022-05-07 09:48:59','BCEID\ALEXANDRA.VALLEE',TIMESTAMP'2025-04-16 10:31:20',21,'N'),
	 (2333295,'RG',2247022,TIMESTAMP'2022-10-26 00:00:00','BCEID\ALEXANDRA.VALLEE','Y',TIMESTAMP'2023-03-23 13:58:32',NULL,6,NULL,TIMESTAMP'2027-01-07 00:00:00','BCEID\ANYA.DENNILL',TIMESTAMP'2022-05-07 09:48:59','BCEID\ALEXANDRA.VALLEE',TIMESTAMP'2025-04-16 10:31:20',21,'N');

INSERT INTO STOCKING_ECOLOGY (STOCKING_ECOLOGY_ID,OPENING_ID,STOCKING_STANDARD_UNIT_ID,BEC_REGION_CODE,BGC_ZONE_CODE,BGC_SUBZONE_CODE,BGC_VARIANT,BGC_PHASE,BEC_SITE_SERIES,BEC_SITE_TYPE,BEC_SERAL,ENTRY_USERID,ENTRY_TIMESTAMP,UPDATE_USERID,UPDATE_TIMESTAMP,REVISION_COUNT) VALUES
	 (2331718,1761935,2333293,NULL,'CWH','dm',NULL,NULL,'01',NULL,NULL,'BCEID\ANYA.DENNILL',TIMESTAMP'2022-05-07 09:48:59','BCEID\ANYA.DENNILL',TIMESTAMP'2022-05-07 09:48:59',1),
	 (2331719,1761935,2333294,NULL,'CWH','dm',NULL,NULL,'03',NULL,NULL,'BCEID\ANYA.DENNILL',TIMESTAMP'2022-05-07 09:48:59','BCEID\ANYA.DENNILL',TIMESTAMP'2022-05-07 09:48:59',1),
	 (2331720,1761935,2333295,NULL,'CWH','dm',NULL,NULL,'06',NULL,NULL,'BCEID\ANYA.DENNILL',TIMESTAMP'2022-05-07 09:48:59','BCEID\ANYA.DENNILL',TIMESTAMP'2022-05-07 09:48:59',1);

INSERT INTO FOREST_STEWARDSHIP_PLAN (FSP_ID,FSP_AMENDMENT_NUMBER,FSP_STATUS_CODE,FSP_AMENDMENT_CODE,LICENSEE_AMENDMENT_NAME,PLAN_NAME,PLAN_TERM_YEARS,PLAN_TERM_MONTHS,PLAN_START_DATE,PLAN_END_DATE,PLAN_SUBMISSION_DATE,PLAN_DECISION_DATE,PLAN_DECISION_USERID,TRANSITION_IND,IDENTIFIED_AREAS_UPDATE_IND,FDU_UPDATE_IND,STOCKING_STANDARD_UPDATE_IND,FRPA197_ELECTION_IND,CONTACT_NAME,TELEPHONE_NUMBER,EMAIL_ADDRESS,AMENDMENT_APPROVAL_DATE,AMENDMENT_AUTHORITY,AMENDMENT_APPROVAL_REQUIRD_IND,AMENDMENT_SUBMISSION_DATE,REVISION_COUNT,ENTRY_USERID,ENTRY_TIMESTAMP,UPDATE_USERID,UPDATE_TIMESTAMP) VALUES
	 (93,0,'RET','ORG',NULL,'Johnstone Strait Forest Stewardship Plan',5,0,TIMESTAMP'2006-12-13 00:00:00',TIMESTAMP'2011-12-13 00:00:00',TIMESTAMP'2006-12-11 00:00:00',TIMESTAMP'2006-12-13 00:00:00','IDIR\JDPICKFO','N','N','N','N','N','Rick Monchak, RPF','2502867364','monchak.r@timberwest.com',TIMESTAMP'2006-12-13 00:00:00','IDIR\LKSMITH','Y',TIMESTAMP'2006-12-11 00:00:00',15,'IDIR\DORMACDO',TIMESTAMP'2007-04-02 15:36:38','IDIR\PPICARD',TIMESTAMP'2011-03-16 15:33:46'),
	 (93,1,'RET','AMD',NULL,'Johnstone Strait Forest Stewardship Plan',5,0,TIMESTAMP'2008-01-30 00:00:00',TIMESTAMP'2011-12-13 00:00:00',TIMESTAMP'2008-01-03 00:00:00',TIMESTAMP'2008-01-30 00:00:00','IDIR\JDPICKFO','N','N','N','N','N','Rick Monchak, RPF','2502867364','monchak.r@timberwest.com',TIMESTAMP'2008-01-30 00:00:00',NULL,'N',TIMESTAMP'2008-01-30 00:00:00',9,'BCEID\RMMONCHAK',TIMESTAMP'2008-01-31 10:14:49','IDIR\PPICARD',TIMESTAMP'2011-03-16 15:34:22'),
	 (93,2,'RET','AMD',NULL,'Johnstone Strait Forest Stewardship Plan',5,0,TIMESTAMP'2008-05-02 00:00:00',TIMESTAMP'2011-12-13 00:00:00',TIMESTAMP'2008-01-03 00:00:00',TIMESTAMP'2008-05-02 00:00:00','IDIR\JDPICKFO','N','N','N','N','N','Rick Monchak, RPF','2502867364','monchak.r@timberwest.com',TIMESTAMP'2008-05-02 00:00:00','IDIR\KAWILLIS','Y',TIMESTAMP'2008-01-30 00:00:00',14,'BCEID\RMMONCHAK',TIMESTAMP'2008-01-31 15:07:13','IDIR\PPICARD',TIMESTAMP'2011-03-16 15:34:38'),
	 (93,3,'RET','AMD','Declared Area Amend. Mar 28 08','Johnstone Strait Forest Stewardship Plan',5,0,TIMESTAMP'2008-03-12 00:00:00',TIMESTAMP'2011-12-13 00:00:00',TIMESTAMP'2008-01-03 00:00:00',TIMESTAMP'2008-03-12 00:00:00','IDIR\JDPICKFO','N','Y','N','N','N','Rick Monchak, RPF','2502867364','monchak.r@timberwest.com',TIMESTAMP'2008-03-12 00:00:00',NULL,'N',TIMESTAMP'2008-03-12 00:00:00',13,'BCEID\RMMONCHAK',TIMESTAMP'2008-05-28 15:38:11','IDIR\PPICARD',TIMESTAMP'2011-03-16 15:34:58'),
	 (93,4,'RET','AMD',NULL,'Johnstone Strait Forest Stewardship Plan',5,0,TIMESTAMP'2007-01-29 00:00:00',TIMESTAMP'2011-12-13 00:00:00',TIMESTAMP'2008-01-03 00:00:00',TIMESTAMP'2009-04-08 00:00:00','IDIR\DELWILLI','N','N','N','N','N','Rick Monchak, RPF','2502867364','monchak.r@timberwest.com',TIMESTAMP'2009-04-08 00:00:00',NULL,'N',TIMESTAMP'2007-01-29 00:00:00',10,'IDIR\DELWILLI',TIMESTAMP'2009-04-08 08:38:44','IDIR\PPICARD',TIMESTAMP'2011-03-16 15:35:14'),
	 (93,5,'RET','AMD','Amendment # 5','Johnstone Strait Forest Stewardship Plan',5,0,TIMESTAMP'2009-12-17 00:00:00',TIMESTAMP'2011-12-13 00:00:00',TIMESTAMP'2008-01-03 00:00:00',TIMESTAMP'2009-12-17 00:00:00','IDIR\DELWILLI','N','N','N','N','N','Rick Monchak, RPF','2502867364','monchakr@timberwest.com',TIMESTAMP'2009-12-17 00:00:00','IDIR\PSILVER','Y',TIMESTAMP'2010-05-12 00:00:00',9,'BCEID\RMMONCHAK',TIMESTAMP'2010-05-12 12:55:10','IDIR\PPICARD',TIMESTAMP'2011-03-16 15:35:30'),
	 (93,6,'RET','AMD','Addition to FDU T','Johnstone Strait Forest Stewardship Plan',5,0,TIMESTAMP'2010-06-07 00:00:00',TIMESTAMP'2011-12-13 00:00:00',TIMESTAMP'2008-01-03 00:00:00',NULL,'BCEID\RMMONCHAK','N','N','Y','N','N','Rick Monchak, RPF','2502867364','monchakr@timberwest.com',TIMESTAMP'2010-06-07 00:00:00',NULL,'N',TIMESTAMP'2010-06-07 00:00:00',7,'BCEID\RMMONCHAK',TIMESTAMP'2010-06-07 12:17:40','IDIR\PPICARD',TIMESTAMP'2011-03-16 15:36:09'),
	 (93,7,'RET','AMD',NULL,'Johnstone Strait Forest Stewardship Plan',5,0,TIMESTAMP'2010-07-05 00:00:00',TIMESTAMP'2011-12-13 00:00:00',TIMESTAMP'2008-01-03 00:00:00',NULL,'BCEID\RMMONCHAK','N','N','Y','N','N','Rick Monchak, RPF','2502867364','monchakr@timberwest.com',TIMESTAMP'2010-07-05 00:00:00',NULL,'N',TIMESTAMP'2010-07-05 00:00:00',6,'BCEID\RMMONCHAK',TIMESTAMP'2010-07-05 09:57:01','IDIR\PPICARD',TIMESTAMP'2011-03-16 15:36:22'),
	 (93,8,'RET','AMD','Amendment # 8','Johnstone Strait Forest Stewardship Plan',5,0,TIMESTAMP'2010-10-08 00:00:00',TIMESTAMP'2011-12-13 00:00:00',TIMESTAMP'2008-01-03 00:00:00',NULL,'BCEID\RMMONCHAK','N','N','Y','N','N','Rick Monchak, RPF','2502867364','monchakr@timberwest.com',TIMESTAMP'2010-10-08 00:00:00',NULL,'N',TIMESTAMP'2010-10-08 00:00:00',9,'BCEID\RMMONCHAK',TIMESTAMP'2010-10-08 15:26:47','IDIR\PPICARD',TIMESTAMP'2011-03-16 15:36:40'),
	 (93,9,'RET','AMD',NULL,'Johnstone Strait Forest Stewardship Plan',5,0,TIMESTAMP'2011-06-16 00:00:00',TIMESTAMP'2011-12-13 00:00:00',TIMESTAMP'2008-01-03 00:00:00',TIMESTAMP'2011-06-16 00:00:00','IDIR\PSILVER','N','N','N','Y','N','Rick Monchak, RPF','2502867364','monchakr@timberwest.com',TIMESTAMP'2011-06-21 00:00:00','IDIR\PSILVER','Y',TIMESTAMP'2011-06-15 00:00:00',11,'BCEID\RMMONCHAK',TIMESTAMP'2010-11-26 14:38:27','IDIR\PPICARD',TIMESTAMP'2011-11-29 10:47:24'),
	 (93,10,'RET','AMD','No 10, Declared Areas','Johnstone Strait Forest Stewardship Plan',NULL,NULL,TIMESTAMP'2011-10-17 00:00:00',TIMESTAMP'2016-12-11 00:00:00',TIMESTAMP'2008-01-03 00:00:00',NULL,'BCEID\RMMONCHAK','N','Y','N','N','N','Rick Monchak, RPF','2502867364','monchakr@timberwest.com',TIMESTAMP'2011-10-17 00:00:00',NULL,'N',TIMESTAMP'2011-10-17 00:00:00',28,'BCEID\RMMONCHAK',TIMESTAMP'2011-10-17 13:36:41','AMND_PLAN_UPDATE',TIMESTAMP'2017-10-10 14:47:06'),
	 (93,11,'RET','AMD',NULL,'Johnstone Strait Forest Stewardship Plan',NULL,NULL,TIMESTAMP'2013-03-25 00:00:00',TIMESTAMP'2016-12-11 00:00:00',TIMESTAMP'2008-01-03 00:00:00',NULL,'BCEID\RMMONCHAK','N','N','N','N','Y','Rick Monchak, RPF','2502867364','monchakr@timberwest.com',TIMESTAMP'2013-03-25 00:00:00',NULL,'N',TIMESTAMP'2013-03-25 00:00:00',22,'BCEID\RMMONCHAK',TIMESTAMP'2013-03-25 16:00:54','AMND_TERM_UPDATE',TIMESTAMP'2017-10-10 14:47:06'),
	 (93,12,'RET','AMD',NULL,'Johnstone Strait Forest Stewardship Plan',NULL,NULL,TIMESTAMP'2013-05-30 00:00:00',TIMESTAMP'2016-12-11 00:00:00',TIMESTAMP'2008-01-03 00:00:00',TIMESTAMP'2013-05-30 00:00:00','IDIR\PSILVER','N','N','N','N','Y','Rick Monchak, RPF','2502867364','monchakr@timberwest.com',TIMESTAMP'2013-05-30 00:00:00','IDIR\PSILVER','Y',TIMESTAMP'2013-05-14 00:00:00',22,'BCEID\RMMONCHAK',TIMESTAMP'2013-05-14 10:34:10','AMND_TERM_UPDATE',TIMESTAMP'2017-10-10 14:47:06'),
	 (93,13,'RET','AMD',NULL,'Johnstone Strait Forest Stewardship Plan',NULL,NULL,TIMESTAMP'2013-07-30 00:00:00',TIMESTAMP'2016-12-11 00:00:00',TIMESTAMP'2008-01-03 00:00:00',NULL,'IDIR\SCAKERLE','N','N','N','N','Y','Rick Monchak, RPF','2502867364','monchakr@timberwest.com',TIMESTAMP'2013-07-30 00:00:00',NULL,'N',TIMESTAMP'2013-07-30 00:00:00',20,'IDIR\SCAKERLE',TIMESTAMP'2013-07-30 13:46:26','AMND_TERM_UPDATE',TIMESTAMP'2017-10-10 14:47:06'),
	 (93,14,'RET','AMD',NULL,'Johnstone Strait Forest Stewardship Plan',NULL,NULL,TIMESTAMP'2014-04-15 00:00:00',TIMESTAMP'2016-12-11 00:00:00',TIMESTAMP'2008-01-03 00:00:00',TIMESTAMP'2014-04-15 00:00:00','IDIR\MLEROY','N','N','Y','N','Y','Rick Monchak, RPF','2502867364','monchakr@timberwest.com',TIMESTAMP'2014-08-14 00:00:00','IDIR\MLEROY','Y',TIMESTAMP'2014-08-13 00:00:00',24,'BCEID\RMMONCHAK',TIMESTAMP'2014-04-02 17:14:12','AMND_TERM_UPDATE',TIMESTAMP'2017-10-10 14:47:06'),
	 (93,15,'RET','AMD',NULL,'Johnstone Strait Forest Stewardship Plan',NULL,NULL,TIMESTAMP'2014-09-23 00:00:00',TIMESTAMP'2016-12-11 00:00:00',TIMESTAMP'2008-01-03 00:00:00',NULL,'BCEID\RMMONCHAK','N','Y','N','N','Y','Rick Monchak, RPF','2502867364','monchakr@timberwest.com',TIMESTAMP'2014-09-23 00:00:00',NULL,'N',TIMESTAMP'2014-09-23 00:00:00',16,'BCEID\RMMONCHAK',TIMESTAMP'2014-09-23 15:34:27','AMND_TERM_UPDATE',TIMESTAMP'2017-10-10 14:47:06'),
	 (93,16,'RET','AMD',NULL,'Johnstone Strait Forest Stewardship Plan',NULL,NULL,TIMESTAMP'2015-01-02 00:00:00',TIMESTAMP'2016-12-11 00:00:00',TIMESTAMP'2008-01-03 00:00:00',NULL,'BCEID\RMMONCHAK','N','Y','N','N','Y','Rick Monchak, RPF','2502867364','monchakr@timberwest.com',TIMESTAMP'2015-01-02 00:00:00',NULL,'N',TIMESTAMP'2015-01-02 00:00:00',15,'BCEID\RMMONCHAK',TIMESTAMP'2015-01-02 11:49:39','AMND_TERM_UPDATE',TIMESTAMP'2017-10-10 14:47:06'),
	 (93,17,'RET','AMD',NULL,'Johnstone Strait Forest Stewardship Plan',NULL,NULL,TIMESTAMP'2015-01-07 00:00:00',TIMESTAMP'2016-12-11 00:00:00',TIMESTAMP'2008-01-03 00:00:00',TIMESTAMP'2015-01-07 00:00:00','IDIR\PSILVER','N','N','N','N','Y','Rick Monchak, RPF','2502867364','monchakr@timberwest.com',TIMESTAMP'2015-01-07 00:00:00','IDIR\PSILVER','Y',TIMESTAMP'2015-01-07 00:00:00',17,'BCEID\RMMONCHAK',TIMESTAMP'2015-01-05 15:42:07','AMND_TERM_UPDATE',TIMESTAMP'2017-10-10 14:47:06'),
	 (93,18,'RET','AMD',NULL,'Johnstone Strait Forest Stewardship Plan',NULL,NULL,TIMESTAMP'2015-01-16 00:00:00',TIMESTAMP'2016-12-11 00:00:00',TIMESTAMP'2008-01-03 00:00:00',NULL,'BCEID\RMMONCHAK','N','Y','N','N','Y','Rick Monchak, RPF','2502867364','monchakr@timberwest.com',TIMESTAMP'2015-01-16 00:00:00',NULL,'N',TIMESTAMP'2015-01-16 00:00:00',15,'BCEID\RMMONCHAK',TIMESTAMP'2015-01-16 14:27:40','AMND_TERM_UPDATE',TIMESTAMP'2017-10-10 14:47:06'),
	 (93,19,'RET','AMD',NULL,'Johnstone Strait Forest Stewardship Plan',NULL,NULL,TIMESTAMP'2015-04-30 00:00:00',TIMESTAMP'2016-12-11 00:00:00',TIMESTAMP'2008-01-03 00:00:00',NULL,'BCEID\RMMONCHAK','N','N','Y','N','Y','Rick Monchak, RPF','2502867364','monchakr@timberwest.com',TIMESTAMP'2015-04-30 00:00:00',NULL,'N',TIMESTAMP'2015-04-30 00:00:00',14,'BCEID\RMMONCHAK',TIMESTAMP'2015-04-30 11:18:41','AMND_TERM_UPDATE',TIMESTAMP'2017-10-10 14:47:06');
INSERT INTO FOREST_STEWARDSHIP_PLAN (FSP_ID,FSP_AMENDMENT_NUMBER,FSP_STATUS_CODE,FSP_AMENDMENT_CODE,LICENSEE_AMENDMENT_NAME,PLAN_NAME,PLAN_TERM_YEARS,PLAN_TERM_MONTHS,PLAN_START_DATE,PLAN_END_DATE,PLAN_SUBMISSION_DATE,PLAN_DECISION_DATE,PLAN_DECISION_USERID,TRANSITION_IND,IDENTIFIED_AREAS_UPDATE_IND,FDU_UPDATE_IND,STOCKING_STANDARD_UPDATE_IND,FRPA197_ELECTION_IND,CONTACT_NAME,TELEPHONE_NUMBER,EMAIL_ADDRESS,AMENDMENT_APPROVAL_DATE,AMENDMENT_AUTHORITY,AMENDMENT_APPROVAL_REQUIRD_IND,AMENDMENT_SUBMISSION_DATE,REVISION_COUNT,ENTRY_USERID,ENTRY_TIMESTAMP,UPDATE_USERID,UPDATE_TIMESTAMP) VALUES
	 (93,20,'RET','AMD','Homalco NRFL','Johnstone Strait Forest Stewardship Plan',NULL,NULL,TIMESTAMP'2015-08-06 00:00:00',TIMESTAMP'2016-12-11 00:00:00',TIMESTAMP'2008-01-03 00:00:00',TIMESTAMP'2015-08-06 00:00:00','IDIR\PSILVER','N','N','N','N','Y','Rick Monchak, RPF','2502867364','monchakr@timberwest.com',TIMESTAMP'2015-08-06 00:00:00','IDIR\PSILVER','Y',TIMESTAMP'2015-05-12 00:00:00',16,'BCEID\RMMONCHAK',TIMESTAMP'2015-04-30 15:31:35','AMND_TERM_UPDATE',TIMESTAMP'2017-10-10 14:47:06'),
	 (93,21,'RET','AMD','FDU_F Amendment','Johnstone Straits Forest Stewardship Plan',NULL,NULL,TIMESTAMP'2016-06-02 00:00:00',TIMESTAMP'2016-12-11 00:00:00',TIMESTAMP'2008-01-03 00:00:00',TIMESTAMP'2016-06-02 00:00:00','IDIR\TMHARTZ','N','N','Y','N','N','Rick Monchak','2502867334','monchakr@timberwest.com',TIMESTAMP'2016-07-22 00:00:00','IDIR\TMHARTZ','Y',TIMESTAMP'2016-07-22 00:00:00',19,'BCEID\RMMONCHAK',TIMESTAMP'2016-06-01 15:00:01','AMND_TERM_UPDATE',TIMESTAMP'2017-10-10 14:47:06'),
	 (93,22,'RET','AMD','GBRO Amendment','Johnstone Straits Forest Stewardship Plan',NULL,NULL,TIMESTAMP'2016-09-02 00:00:00',TIMESTAMP'2017-09-11 00:00:00',TIMESTAMP'2008-01-03 00:00:00',TIMESTAMP'2016-09-02 00:00:00','IDIR\LCHESSOR','N','N','N','N','Y','Rick Monchak','2502867334','monchakr@timberwest.com',TIMESTAMP'2016-10-14 00:00:00','IDIR\LCHESSOR','Y',TIMESTAMP'2016-07-26 00:00:00',15,'BCEID\RMMONCHAK',TIMESTAMP'2016-07-26 15:42:01','AMND_PLAN_UPDATE',TIMESTAMP'2017-10-10 14:47:06'),
	 (93,23,'RET','RPL','Replacement','Johnstone Straits Forest Stewardship Plan',NULL,NULL,TIMESTAMP'2017-09-11 00:00:00',TIMESTAMP'2022-09-11 00:00:00',TIMESTAMP'2008-01-03 00:00:00',TIMESTAMP'2017-09-05 00:00:00','IDIR\DANTURNE','N','N','Y','N','Y','Rick Monchak','2502032058','monchakr@timberwest.com',TIMESTAMP'2019-06-24 00:00:00','IDIR\DANTURNE','Y',TIMESTAMP'2019-06-24 00:00:00',28,'BCEID\RMMONCHAK',TIMESTAMP'2017-08-09 08:39:12','IDIR\DANTURNE',TIMESTAMP'2019-06-24 09:29:32'),
	 (93,24,'CAN','AMD',NULL,'Johnstone Straits Forest Stewardship Plan',NULL,NULL,NULL,TIMESTAMP'2022-09-11 00:00:00',TIMESTAMP'2008-01-03 00:00:00',NULL,NULL,'N','N','N','N','Y','Jennifer Peschke','2502043277','jennifer.peschke@mosaicforests.com',NULL,NULL,'N',NULL,3,'BCEID\PESCHKEJ',TIMESTAMP'2020-09-28 11:25:42','BCEID\PESCHKEJ',TIMESTAMP'2020-09-28 11:26:30'),
	 (93,25,'APP','RPL',NULL,'Johnstone Straits Forest Stewardship Plan',NULL,NULL,TIMESTAMP'2022-10-05 00:00:00',TIMESTAMP'2024-09-11 00:00:00',TIMESTAMP'2008-01-03 00:00:00',TIMESTAMP'2022-10-05 00:00:00','IDIR\MICBAKER','N','N','N','Y','Y','Jennifer Peschke','2502043277','jennifer.peschke@mosaicforests.com',TIMESTAMP'2022-10-14 00:00:00','IDIR\MICBAKER','Y',TIMESTAMP'2022-10-14 00:00:00',14,'BCEID\PESCHKEJ',TIMESTAMP'2022-10-14 13:06:43','AMND_PLAN_UPDATE',TIMESTAMP'2024-08-30 12:05:46'),
	 (93,26,'INE','AMD',NULL,'Johnstone Straits Forest Stewardship Plan',NULL,NULL,TIMESTAMP'2024-01-15 00:00:00',TIMESTAMP'2024-09-11 00:00:00',TIMESTAMP'2008-01-03 00:00:00',NULL,'BCEID\PESCHKEJ','N','Y','N','N','Y','Jennifer Peschke','2502043277','jennifer.peschke@mosaicforests.com',TIMESTAMP'2024-01-15 00:00:00',NULL,'N',TIMESTAMP'2024-01-15 00:00:00',11,'BCEID\PESCHKEJ',TIMESTAMP'2023-12-21 12:18:21','AMND_TERM_UPDATE',TIMESTAMP'2024-08-30 12:05:46'),
	 (93,27,'INE','AMD','Declared Areas','Johnstone Straits Forest Stewardship Plan',NULL,NULL,TIMESTAMP'2024-01-16 00:00:00',TIMESTAMP'2024-09-11 00:00:00',TIMESTAMP'2008-01-03 00:00:00',NULL,'BCEID\PESCHKEJ','N','Y','N','N','Y','Jennifer Peschke','2502043277','jennifer.peschke@mosaicforests.com',TIMESTAMP'2024-01-16 00:00:00',NULL,'N',TIMESTAMP'2024-01-16 00:00:00',11,'BCEID\PESCHKEJ',TIMESTAMP'2024-01-15 16:21:28','AMND_TERM_UPDATE',TIMESTAMP'2024-08-30 12:05:46'),
	 (93,28,'INE','AMD','Declared Areas','Johnstone Straits Forest Stewardship Plan',NULL,NULL,TIMESTAMP'2024-03-06 00:00:00',TIMESTAMP'2024-09-11 00:00:00',TIMESTAMP'2008-01-03 00:00:00',NULL,'BCEID\PESCHKEJ','N','Y','N','N','Y','Jennifer Peschke','2502043277','jennifer.peschke@mosaicforests.com',TIMESTAMP'2024-03-06 00:00:00',NULL,'N',TIMESTAMP'2024-03-06 00:00:00',10,'BCEID\PESCHKEJ',TIMESTAMP'2024-03-06 09:23:59','AMND_TERM_UPDATE',TIMESTAMP'2024-08-30 12:05:46'),
	 (93,29,'INE','AMD',NULL,'Johnstone Straits Forest Stewardship Plan',NULL,NULL,TIMESTAMP'2024-07-18 00:00:00',TIMESTAMP'2024-09-11 00:00:00',TIMESTAMP'2008-01-03 00:00:00',NULL,'BCEID\PESCHKEJ','N','Y','N','N','Y','Jennifer Peschke','2502043277','jennifer.peschke@mosaicforests.com',TIMESTAMP'2024-07-18 00:00:00',NULL,'N',TIMESTAMP'2024-07-18 00:00:00',8,'BCEID\PESCHKEJ',TIMESTAMP'2024-07-18 09:34:44','AMND_TERM_UPDATE',TIMESTAMP'2024-08-30 12:05:46'),
	 (93,30,'INE','AMD','Declared Areas','Johnstone Straits Forest Stewardship Plan',NULL,NULL,TIMESTAMP'2024-08-13 00:00:00',TIMESTAMP'2024-09-11 00:00:00',TIMESTAMP'2008-01-03 00:00:00',NULL,'BCEID\PESCHKEJ','N','Y','N','N','Y','Jennifer Peschke','2502043277','jennifer.peschke@mosaicforests.com',TIMESTAMP'2024-08-13 00:00:00',NULL,'N',TIMESTAMP'2024-08-13 00:00:00',9,'BCEID\PESCHKEJ',TIMESTAMP'2024-08-13 10:28:46','AMND_TERM_UPDATE',TIMESTAMP'2024-08-30 12:05:46'),
	 (93,31,'INE','AMD','Declared Areas','Johnstone Straits Forest Stewardship Plan',NULL,NULL,TIMESTAMP'2024-08-30 00:00:00',TIMESTAMP'2024-09-11 00:00:00',TIMESTAMP'2008-01-03 00:00:00',NULL,'BCEID\PESCHKEJ','N','Y','N','N','Y','Jennifer Peschke','2502043277','jennifer.peschke@mosaicforests.com',TIMESTAMP'2024-08-30 00:00:00',NULL,'N',TIMESTAMP'2024-08-30 00:00:00',7,'BCEID\PESCHKEJ',TIMESTAMP'2024-08-30 12:01:30','AMND_TERM_UPDATE',TIMESTAMP'2024-08-30 12:05:46');

INSERT INTO FSP_STANDARDS_REGIME_XREF (FSP_ID,FSP_AMENDMENT_NUMBER,STANDARDS_REGIME_ID,REVISION_COUNT,ENTRY_USERID,ENTRY_TIMESTAMP,UPDATE_USERID,UPDATE_TIMESTAMP) VALUES
	 (93,0,1006586,1,'IDIR\ADELLAVI',TIMESTAMP'2007-12-19 09:15:23','IDIR\ADELLAVI',TIMESTAMP'2007-12-19 09:15:23'),
	 (93,23,1054256,1,'BCEID\RMMONCHAK',TIMESTAMP'2017-08-09 09:22:11','BCEID\RMMONCHAK',TIMESTAMP'2017-08-09 09:22:11'),
	 (93,23,1054257,1,'BCEID\RMMONCHAK',TIMESTAMP'2017-08-09 09:25:43','BCEID\RMMONCHAK',TIMESTAMP'2017-08-09 09:25:43');

INSERT INTO STOCKING_LAYER (STOCKING_LAYER_ID,STOCKING_STANDARD_UNIT_ID,OPENING_ID,STOCKING_LAYER_CODE,TARGET_STOCKING,RESIDUAL_BASAL_AREA,MIN_HORIZONTAL_DISTANCE,MIN_PREF_STOCKING_STANDARD,MIN_POST_SPACING,MIN_STOCKING_STANDARD,MAX_POST_SPACING,MAX_CONIFER,HGHT_RELATIVE_TO_COMP,TREE_SIZE_UNIT_CODE,ENTRY_USERID,ENTRY_TIMESTAMP,UPDATE_USERID,UPDATE_TIMESTAMP,REVISION_COUNT) VALUES
	 (2133350,2333293,1761935,'I',900,NULL,2,400,NULL,500,NULL,NULL,NULL,NULL,'BCEID\ANYA.DENNILL',TIMESTAMP'2022-05-07 09:48:59','BCEID\ANYA.DENNILL',TIMESTAMP'2022-05-07 09:48:59',1),
	 (2133351,2333294,1761935,'I',800,NULL,2,400,NULL,400,NULL,NULL,NULL,NULL,'BCEID\ANYA.DENNILL',TIMESTAMP'2022-05-07 09:48:59','BCEID\ANYA.DENNILL',TIMESTAMP'2022-05-07 09:48:59',1),
	 (2133352,2333295,1761935,'I',900,NULL,2,400,NULL,500,NULL,NULL,NULL,NULL,'BCEID\ANYA.DENNILL',TIMESTAMP'2022-05-07 09:48:59','BCEID\ANYA.DENNILL',TIMESTAMP'2022-05-07 09:48:59',1);

INSERT INTO STOCKING_LAYER_SPECIES (STOCKING_LAYER_ID,SILV_TREE_SPECIES_CODE,SPECIES_ORDER,PREFERRED_IND,MIN_HEIGHT,ENTRY_USERID,ENTRY_TIMESTAMP,UPDATE_USERID,UPDATE_TIMESTAMP,REVISION_COUNT) VALUES
	 (2133350,'CW',1,'Y',1.5,'BCEID\ANYA.DENNILL',TIMESTAMP'2022-05-07 09:48:59','BCEID\ANYA.DENNILL',TIMESTAMP'2022-05-07 09:48:59',1),
	 (2133350,'FDC',2,'Y',3,'BCEID\ANYA.DENNILL',TIMESTAMP'2022-05-07 09:48:59','BCEID\ANYA.DENNILL',TIMESTAMP'2022-05-07 09:48:59',1),
	 (2133350,'HW',3,'Y',3,'BCEID\ANYA.DENNILL',TIMESTAMP'2022-05-07 09:48:59','BCEID\ANYA.DENNILL',TIMESTAMP'2022-05-07 09:48:59',1),
	 (2133350,'PW',1,'N',2.5,'BCEID\ANYA.DENNILL',TIMESTAMP'2022-05-07 09:48:59','BCEID\ANYA.DENNILL',TIMESTAMP'2022-05-07 09:48:59',1),
	 (2133351,'CW',1,'N',1,'BCEID\ANYA.DENNILL',TIMESTAMP'2022-05-07 09:48:59','BCEID\ANYA.DENNILL',TIMESTAMP'2022-05-07 09:48:59',1),
	 (2133351,'FDC',1,'Y',2,'BCEID\ANYA.DENNILL',TIMESTAMP'2022-05-07 09:48:59','BCEID\ANYA.DENNILL',TIMESTAMP'2022-05-07 09:48:59',1),
	 (2133351,'HW',2,'Y',2,'BCEID\ANYA.DENNILL',TIMESTAMP'2022-05-07 09:48:59','BCEID\ANYA.DENNILL',TIMESTAMP'2022-05-07 09:48:59',1),
	 (2133351,'PW',2,'N',2,'BCEID\ANYA.DENNILL',TIMESTAMP'2022-05-07 09:48:59','BCEID\ANYA.DENNILL',TIMESTAMP'2022-05-07 09:48:59',1),
	 (2133352,'CW',1,'Y',1.5,'BCEID\ANYA.DENNILL',TIMESTAMP'2022-05-07 09:48:59','BCEID\ANYA.DENNILL',TIMESTAMP'2022-05-07 09:48:59',1),
	 (2133352,'FDC',1,'N',3,'BCEID\ANYA.DENNILL',TIMESTAMP'2022-05-07 09:48:59','BCEID\ANYA.DENNILL',TIMESTAMP'2022-05-07 09:48:59',1),
	 (2133352,'HW',2,'Y',3,'BCEID\ANYA.DENNILL',TIMESTAMP'2022-05-07 09:48:59','BCEID\ANYA.DENNILL',TIMESTAMP'2022-05-07 09:48:59',1);

INSERT INTO FOREST_COVER (FOREST_COVER_ID,OPENING_ID,STOCKING_STANDARD_UNIT_ID,SILV_POLYGON_NO,SILV_POLYGON_AREA,SILV_POLYGON_NET_AREA,STOCKING_CLASS_CODE,STOCKING_STATUS_CODE,STOCKING_TYPE_CODE,REFERENCE_YEAR,REENTRY_YEAR,SITE_CLASS_CODE,SITE_INDEX,SITE_INDEX_SOURCE_CODE,SILV_RESERVE_CODE,SILV_RESERVE_OBJECTIVE_CODE,TREE_SPECIES_CODE,TREE_COVER_PATTERN_CODE,RESULTS_SUBMISSION_ID,ENTRY_USERID,ENTRY_TIMESTAMP,UPDATE_USERID,UPDATE_TIMESTAMP,REVISION_COUNT) VALUES
	 (4401631,1761935,NULL,'3',2.2,2.2,NULL,'MAT','NAT',2019,NULL,NULL,34,'H','G','WTR','FDC',NULL,2247022,'BCEID\ALEXANDRA.VALLEE',TIMESTAMP'2022-05-07 00:00:00','BCEID\ALEXANDRA.VALLEE',TIMESTAMP'2023-03-23 13:58:32',1),
	 (4401624,1761935,2333293,'A1',22,20.4,NULL,'IMM','ART',2022,NULL,NULL,34,'E',NULL,NULL,'FDC',NULL,2247022,'BCEID\ALEXANDRA.VALLEE',TIMESTAMP'2022-05-07 00:00:00','BCEID\ALEXANDRA.VALLEE',TIMESTAMP'2023-03-23 13:58:32',2),
	 (4401625,1761935,2333294,'B2',3.4,3.3,NULL,'IMM','ART',2022,NULL,NULL,24,'E',NULL,NULL,'FDC',NULL,2247022,'BCEID\ALEXANDRA.VALLEE',TIMESTAMP'2022-05-07 00:00:00','BCEID\ALEXANDRA.VALLEE',TIMESTAMP'2023-03-23 13:58:32',2),
	 (4401626,1761935,2333295,'C3',1.2,1.1,NULL,'IMM','ART',2022,NULL,NULL,32,'E',NULL,NULL,'CW',NULL,2247022,'BCEID\ALEXANDRA.VALLEE',TIMESTAMP'2022-05-07 00:00:00','BCEID\ALEXANDRA.VALLEE',TIMESTAMP'2023-03-23 13:58:32',2),
	 (4401627,1761935,2333293,'A',1.6,0,NULL,'NSR','PL',2021,NULL,NULL,33,'H',NULL,NULL,'FDC',NULL,2247022,'BCEID\ALEXANDRA.VALLEE',TIMESTAMP'2022-05-07 00:00:00','BCEID\ALEXANDRA.VALLEE',TIMESTAMP'2023-03-23 13:58:32',1),
	 (4401628,1761935,2333294,'B',0.1,0,NULL,'NSR','PL',2021,NULL,NULL,33,'H',NULL,NULL,'FDC',NULL,2247022,'BCEID\ALEXANDRA.VALLEE',TIMESTAMP'2022-05-07 00:00:00','BCEID\ALEXANDRA.VALLEE',TIMESTAMP'2023-03-23 13:58:32',1),
	 (4401629,1761935,2333295,'C',0.1,0,NULL,'NSR','PL',2021,NULL,NULL,33,'H',NULL,NULL,'FDC',NULL,2247022,'BCEID\ALEXANDRA.VALLEE',TIMESTAMP'2022-05-07 00:00:00','BCEID\ALEXANDRA.VALLEE',TIMESTAMP'2023-03-23 13:58:32',1),
	 (4401630,1761935,NULL,'2',2.9,2.9,NULL,'MAT','NAT',2019,NULL,NULL,36,'H','G','RMA','FDC',NULL,2247022,'BCEID\ALEXANDRA.VALLEE',TIMESTAMP'2022-05-07 00:00:00','BCEID\ALEXANDRA.VALLEE',TIMESTAMP'2023-03-23 13:58:32',1);

INSERT INTO STOCKING_EVENT_HISTORY (STOCKING_EVENT_HISTORY_ID,OPENING_ID,OPENING_AMENDMENT_ID,OPENING_AMENDMENT_NUMBER,RESULTS_AUDIT_ACTION_CODE,SUBMITTED_USERID,RESULTS_SUBMISSION_ID,AMEND_EVENT_TIMESTAMP,ENTRY_USERID,ENTRY_TIMESTAMP,REVISION_COUNT) VALUES
	 (1704826,1761935,1761935,NULL,'ES','BCEID\ANYA.DENNILL',2153182,TIMESTAMP'2022-05-07 09:48:59','BCEID\ANYA.DENNILL',TIMESTAMP'2022-05-07 09:48:59',1);

INSERT INTO RESULTS_AUDIT_EVENT (RESULTS_AUDIT_EVENT_ID,OPENING_ID,STANDARDS_REGIME_ID,SILVICULTURE_PROJECT_ID,RESULTS_AUDIT_ACTION_CODE,ACTION_DATE,DESCRIPTION,USER_ID,EMAIL_SENT_IND,XML_SUBMISSION_ID,OPENING_AMENDMENT_NUMBER,ENTRY_USERID,ENTRY_TIMESTAMP) VALUES
	 (5214005,1761935,NULL,NULL,'ES',TIMESTAMP'2022-05-07 09:48:59','Opening ID 1761935 created',NULL,'Y',2153182,NULL,'BCEID\ANYA.DENNILL',TIMESTAMP'2022-05-07 09:48:59'),
	 (5214006,1761935,1054256,NULL,'ES',TIMESTAMP'2022-05-07 09:48:59','Standard was changed',NULL,'Y',2153182,NULL,'BCEID\ANYA.DENNILL',TIMESTAMP'2022-05-07 09:48:59'),
	 (5214007,1761935,1054257,NULL,'ES',TIMESTAMP'2022-05-07 09:48:59','Standard was changed',NULL,'Y',2153182,NULL,'BCEID\ANYA.DENNILL',TIMESTAMP'2022-05-07 09:48:59'),
	 (5214008,1761935,1006586,NULL,'ES',TIMESTAMP'2022-05-07 09:48:59','Standard was changed',NULL,'Y',2153182,NULL,'BCEID\ANYA.DENNILL',TIMESTAMP'2022-05-07 09:48:59'),
	 (5214066,1761935,NULL,NULL,'ES',TIMESTAMP'2022-05-07 10:08:55','Creating Disturbance Activity: Activity Id = 3910947',NULL,'Y',2153193,NULL,'BCEID\ANYA.DENNILL',TIMESTAMP'2022-05-07 10:08:55'),
	 (5214067,1761935,NULL,NULL,'ES',TIMESTAMP'2022-05-07 10:08:55','Inserting Activity: Activity Id = 3910948, Activity Base = ''PL''',NULL,'Y',2153193,NULL,'BCEID\ANYA.DENNILL',TIMESTAMP'2022-05-07 10:08:55'),
	 (5214068,1761935,NULL,NULL,'ES',TIMESTAMP'2022-05-07 10:08:55','Inserting Activity: Activity Id = 3910949, Activity Base = ''PC''',NULL,'Y',2153193,NULL,'BCEID\ANYA.DENNILL',TIMESTAMP'2022-05-07 10:08:55'),
	 (5214086,1761935,NULL,NULL,'ES',TIMESTAMP'2022-05-07 10:10:56','Forest Cover Polygon No. A (Id=4285661)',NULL,'Y',2153194,NULL,'BCEID\ANYA.DENNILL',TIMESTAMP'2022-05-07 10:10:56'),
	 (5214087,1761935,NULL,NULL,'ES',TIMESTAMP'2022-05-07 10:10:56','Forest Cover Polygon No. B (Id=4285662)',NULL,'Y',2153194,NULL,'BCEID\ANYA.DENNILL',TIMESTAMP'2022-05-07 10:10:56'),
	 (5214088,1761935,NULL,NULL,'ES',TIMESTAMP'2022-05-07 10:10:56','Forest Cover Polygon No. C (Id=4285663)',NULL,'Y',2153194,NULL,'BCEID\ANYA.DENNILL',TIMESTAMP'2022-05-07 10:10:56'),
	 (5214089,1761935,NULL,NULL,'ES',TIMESTAMP'2022-05-07 10:10:56','Forest Cover Polygon No. 1 (Id=4285664)',NULL,'Y',2153194,NULL,'BCEID\ANYA.DENNILL',TIMESTAMP'2022-05-07 10:10:56'),
	 (5214090,1761935,NULL,NULL,'ES',TIMESTAMP'2022-05-07 10:10:56','Forest Cover Polygon No. 2 (Id=4285665)',NULL,'Y',2153194,NULL,'BCEID\ANYA.DENNILL',TIMESTAMP'2022-05-07 10:10:56'),
	 (5214091,1761935,NULL,NULL,'ES',TIMESTAMP'2022-05-07 10:10:56','Forest Cover Polygon No. 3 (Id=4285666)',NULL,'Y',2153194,NULL,'BCEID\ANYA.DENNILL',TIMESTAMP'2022-05-07 10:10:56'),
	 (5214092,1761935,NULL,NULL,'MIL',TIMESTAMP'2022-05-07 10:10:56','Milestone was modified',NULL,'Y',2153194,NULL,'BCEID\ANYA.DENNILL',TIMESTAMP'2022-05-07 10:10:56'),
	 (5415276,1761935,NULL,NULL,'ES',TIMESTAMP'2023-03-23 13:58:32','Forest Cover Polygon No. A1 (Id=4401624)',NULL,'Y',2247022,NULL,'BCEID\ALEXANDRA.VALLEE',TIMESTAMP'2023-03-23 13:58:32'),
	 (5415277,1761935,NULL,NULL,'ES',TIMESTAMP'2023-03-23 13:58:32','Forest Cover Polygon No. B2 (Id=4401625)',NULL,'Y',2247022,NULL,'BCEID\ALEXANDRA.VALLEE',TIMESTAMP'2023-03-23 13:58:32'),
	 (5415278,1761935,NULL,NULL,'ES',TIMESTAMP'2023-03-23 13:58:32','Forest Cover Polygon No. C3 (Id=4401626)',NULL,'Y',2247022,NULL,'BCEID\ALEXANDRA.VALLEE',TIMESTAMP'2023-03-23 13:58:32'),
	 (5415279,1761935,NULL,NULL,'ES',TIMESTAMP'2023-03-23 13:58:32','Forest Cover Polygon No. A (Id=4401627)',NULL,'Y',2247022,NULL,'BCEID\ALEXANDRA.VALLEE',TIMESTAMP'2023-03-23 13:58:32'),
	 (5415280,1761935,NULL,NULL,'ES',TIMESTAMP'2023-03-23 13:58:32','Forest Cover Polygon No. B (Id=4401628)',NULL,'Y',2247022,NULL,'BCEID\ALEXANDRA.VALLEE',TIMESTAMP'2023-03-23 13:58:32'),
	 (5415281,1761935,NULL,NULL,'ES',TIMESTAMP'2023-03-23 13:58:32','Forest Cover Polygon No. C (Id=4401629)',NULL,'Y',2247022,NULL,'BCEID\ALEXANDRA.VALLEE',TIMESTAMP'2023-03-23 13:58:32');
INSERT INTO RESULTS_AUDIT_EVENT (RESULTS_AUDIT_EVENT_ID,OPENING_ID,STANDARDS_REGIME_ID,SILVICULTURE_PROJECT_ID,RESULTS_AUDIT_ACTION_CODE,ACTION_DATE,DESCRIPTION,USER_ID,EMAIL_SENT_IND,XML_SUBMISSION_ID,OPENING_AMENDMENT_NUMBER,ENTRY_USERID,ENTRY_TIMESTAMP) VALUES
	 (5415282,1761935,NULL,NULL,'ES',TIMESTAMP'2023-03-23 13:58:32','Forest Cover Polygon No. 2 (Id=4401630)',NULL,'Y',2247022,NULL,'BCEID\ALEXANDRA.VALLEE',TIMESTAMP'2023-03-23 13:58:32'),
	 (5415283,1761935,NULL,NULL,'ES',TIMESTAMP'2023-03-23 13:58:32','Forest Cover Polygon No. 3 (Id=4401631)',NULL,'Y',2247022,NULL,'BCEID\ALEXANDRA.VALLEE',TIMESTAMP'2023-03-23 13:58:32'),
	 (5415284,1761935,NULL,NULL,'MIL',TIMESTAMP'2023-03-23 13:58:32','Milestone was modified',NULL,'Y',2247022,NULL,'BCEID\ALEXANDRA.VALLEE',TIMESTAMP'2023-03-23 13:58:32'),
	 (5461838,1761935,NULL,NULL,'ES',TIMESTAMP'2023-06-01 10:39:27','Inserting Activity: Activity Id = 4009860, Activity Base = ''PL''',NULL,'Y',2264749,NULL,'BCEID\ALEXANDRA.VALLEE',TIMESTAMP'2023-06-01 10:39:27'),
	 (5948844,1761935,NULL,NULL,'ES',TIMESTAMP'2025-04-16 10:31:20','Inserting Activity: Activity Id = 4187958, Activity Base = ''PL''',NULL,'Y',2428627,NULL,'BCEID\ALEXANDRA.VALLEE',TIMESTAMP'2025-04-16 10:31:20');

INSERT INTO PLANTING_RSLT (ACTIVITY_TREATMENT_UNIT_ID,RESULTS_IND,PLANT_RSLT_SEQ_NO,SILV_TREE_SPECIES_CODE,NUMBER_PLANTED,PLANTED_NO_BEYOND_XFER_LIMIT,BID_PRICE_PER_TREE,SEEDLOT_NUMBER,VEG_LOT_ID,REQUEST_SKEY,ITEM_ID,ENTRY_USERID,ENTRY_TIMESTAMP,UPDATE_USERID,UPDATE_TIMESTAMP,REVISION_COUNT,CLIMATE_BASED_SEED_XFER_IND) VALUES
	 (4009860,'Y',1,'FDC',250,NULL,NULL,'63685',NULL,NULL,NULL,'BCEID\ALEXANDRA.VALLEE',TIMESTAMP'2023-06-01 10:39:27','BCEID\ALEXANDRA.VALLEE',TIMESTAMP'2023-06-01 10:39:27',1,'N'),
	 (3910948,'Y',1,'PW',500,NULL,NULL,'63468',NULL,NULL,NULL,'BCEID\ANYA.DENNILL',TIMESTAMP'2022-05-07 10:08:55','BCEID\ANYA.DENNILL',TIMESTAMP'2022-05-07 10:08:55',1,'N'),
	 (3910948,'Y',2,'FDC',2430,NULL,NULL,'62428',NULL,NULL,NULL,'BCEID\ANYA.DENNILL',TIMESTAMP'2022-05-07 10:08:55','BCEID\ANYA.DENNILL',TIMESTAMP'2022-05-07 10:08:55',1,'N'),
	 (3910948,'Y',3,'FDC',18270,NULL,NULL,'62428',NULL,NULL,NULL,'BCEID\ANYA.DENNILL',TIMESTAMP'2022-05-07 10:08:55','BCEID\ANYA.DENNILL',TIMESTAMP'2022-05-07 10:08:55',1,'N'),
	 (3910948,'Y',4,'CW',910,NULL,NULL,'63814',NULL,NULL,NULL,'BCEID\ANYA.DENNILL',TIMESTAMP'2022-05-07 10:08:55','BCEID\ANYA.DENNILL',TIMESTAMP'2022-05-07 10:08:55',1,'N'),
	 (3910948,'Y',5,'CW',380,NULL,NULL,'63814',NULL,NULL,NULL,'BCEID\ANYA.DENNILL',TIMESTAMP'2022-05-07 10:08:55','BCEID\ANYA.DENNILL',TIMESTAMP'2022-05-07 10:08:55',1,'N'),
	 (3910948,'Y',6,'CW',200,NULL,NULL,'63814',NULL,NULL,NULL,'BCEID\ANYA.DENNILL',TIMESTAMP'2022-05-07 10:08:55','BCEID\ANYA.DENNILL',TIMESTAMP'2022-05-07 10:08:55',1,'N'),
	 (3910948,'Y',7,'FDC',4460,NULL,NULL,'62432',NULL,NULL,NULL,'BCEID\ANYA.DENNILL',TIMESTAMP'2022-05-07 10:08:55','BCEID\ANYA.DENNILL',TIMESTAMP'2022-05-07 10:08:55',1,'N'),
	 (4187958,'Y',1,'CW',120,NULL,NULL,'64099',NULL,NULL,NULL,'BCEID\ALEXANDRA.VALLEE',TIMESTAMP'2025-04-16 10:31:20','BCEID\ALEXANDRA.VALLEE',TIMESTAMP'2025-04-16 10:31:20',1,'Y');

INSERT INTO FOREST_COVER_NON_MAPPED_AREA (FOREST_COVER_ID,NON_MAPPED_AREA_ID,NON_MAPPED_AREA,STOCKING_STATUS_CODE,STOCKING_TYPE_CODE,REVISION_COUNT) VALUES
	 (4401624,'A1',1.6,'NP','UNN',1),
	 (4401625,'B5',0.1,'NP','UNN',1),
	 (4401626,'C4',0.1,'NP','UNN',1),
	 (4401627,'A1',1.6,'NP','UNN',1),
	 (4401628,'B5',0.1,'NP','UNN',1),
	 (4401629,'C4',0.1,'NP','UNN',1);

INSERT INTO FOREST_COVER_LAYER (FOREST_COVER_ID,FOREST_COVER_LAYER_ID,FOREST_COVER_LAYER_CODE,STOCKING_TYPE_CODE,STOCKING_STATUS_CODE,TOTAL_STEMS_PER_HA,TOTAL_WELL_SPACED_STEMS_PER_HA,WELL_SPACED_STEMS_PER_HA,FREE_GROWING_STEMS_PER_HA,CROWN_CLOSURE_PCT,BASAL_AREA,ENTRY_USERID,ENTRY_TIMESTAMP,UPDATE_USERID,UPDATE_TIMESTAMP,REVISION_COUNT) VALUES
	 (4401624,4815511,'S',NULL,NULL,NULL,927,850,NULL,NULL,NULL,'BCEID\ALEXANDRA.VALLEE',TIMESTAMP'2023-03-23 13:58:32','BCEID\ALEXANDRA.VALLEE',TIMESTAMP'2023-03-23 13:58:32',1),
	 (4401624,4815512,'I',NULL,NULL,1782,NULL,NULL,NULL,2,NULL,'BCEID\ALEXANDRA.VALLEE',TIMESTAMP'2023-03-23 13:58:32','BCEID\ALEXANDRA.VALLEE',TIMESTAMP'2023-03-23 13:58:32',1),
	 (4401625,4815513,'S',NULL,NULL,NULL,920,680,NULL,NULL,NULL,'BCEID\ALEXANDRA.VALLEE',TIMESTAMP'2023-03-23 13:58:32','BCEID\ALEXANDRA.VALLEE',TIMESTAMP'2023-03-23 13:58:32',1),
	 (4401625,4815514,'I',NULL,NULL,1480,NULL,NULL,NULL,2,NULL,'BCEID\ALEXANDRA.VALLEE',TIMESTAMP'2023-03-23 13:58:32','BCEID\ALEXANDRA.VALLEE',TIMESTAMP'2023-03-23 13:58:32',1),
	 (4401626,4815515,'I',NULL,NULL,1080,NULL,NULL,NULL,1,NULL,'BCEID\ALEXANDRA.VALLEE',TIMESTAMP'2023-03-23 13:58:32','BCEID\ALEXANDRA.VALLEE',TIMESTAMP'2023-03-23 13:58:32',1),
	 (4401626,4815516,'S',NULL,NULL,NULL,760,700,NULL,NULL,NULL,'BCEID\ALEXANDRA.VALLEE',TIMESTAMP'2023-03-23 13:58:32','BCEID\ALEXANDRA.VALLEE',TIMESTAMP'2023-03-23 13:58:32',1);

INSERT INTO FOREST_COVER_LAYER_SPECIES (FOREST_COVER_ID,FOREST_COVER_LAYER_ID,SPECIES_ORDER,TREE_SPECIES_CODE,TREE_SPECIES_PCT,AVG_AGE,AVG_HEIGHT,ENTRY_USERID,ENTRY_TIMESTAMP,UPDATE_USERID,UPDATE_TIMESTAMP,REVISION_COUNT) VALUES
	 (4401624,4815511,1,'FDC',93,2,0.4,'BCEID\ALEXANDRA.VALLEE',TIMESTAMP'2023-03-23 13:58:32','BCEID\ALEXANDRA.VALLEE',TIMESTAMP'2023-03-23 13:58:32',1),
	 (4401624,4815511,2,'HW',5,2,0.2,'BCEID\ALEXANDRA.VALLEE',TIMESTAMP'2023-03-23 13:58:32','BCEID\ALEXANDRA.VALLEE',TIMESTAMP'2023-03-23 13:58:32',1),
	 (4401624,4815511,3,'CW',2,2,0.2,'BCEID\ALEXANDRA.VALLEE',TIMESTAMP'2023-03-23 13:58:32','BCEID\ALEXANDRA.VALLEE',TIMESTAMP'2023-03-23 13:58:32',1),
	 (4401624,4815512,1,'FDC',50,2,0.4,'BCEID\ALEXANDRA.VALLEE',TIMESTAMP'2023-03-23 13:58:32','BCEID\ALEXANDRA.VALLEE',TIMESTAMP'2023-03-23 13:58:32',1),
	 (4401624,4815512,2,'HW',46,2,0.2,'BCEID\ALEXANDRA.VALLEE',TIMESTAMP'2023-03-23 13:58:32','BCEID\ALEXANDRA.VALLEE',TIMESTAMP'2023-03-23 13:58:32',1),
	 (4401624,4815512,3,'CW',2,2,0.2,'BCEID\ALEXANDRA.VALLEE',TIMESTAMP'2023-03-23 13:58:32','BCEID\ALEXANDRA.VALLEE',TIMESTAMP'2023-03-23 13:58:32',1),
	 (4401624,4815512,4,'PW',2,1,0.1,'BCEID\ALEXANDRA.VALLEE',TIMESTAMP'2023-03-23 13:58:32','BCEID\ALEXANDRA.VALLEE',TIMESTAMP'2023-03-23 13:58:32',1),
	 (4401625,4815513,1,'FDC',87,2,0.3,'BCEID\ALEXANDRA.VALLEE',TIMESTAMP'2023-03-23 13:58:32','BCEID\ALEXANDRA.VALLEE',TIMESTAMP'2023-03-23 13:58:32',1),
	 (4401625,4815513,2,'PW',13,2,0.2,'BCEID\ALEXANDRA.VALLEE',TIMESTAMP'2023-03-23 13:58:32','BCEID\ALEXANDRA.VALLEE',TIMESTAMP'2023-03-23 13:58:32',1),
	 (4401625,4815514,1,'FDC',59,2,0.4,'BCEID\ALEXANDRA.VALLEE',TIMESTAMP'2023-03-23 13:58:32','BCEID\ALEXANDRA.VALLEE',TIMESTAMP'2023-03-23 13:58:32',1),
	 (4401625,4815514,2,'HW',30,1,0.2,'BCEID\ALEXANDRA.VALLEE',TIMESTAMP'2023-03-23 13:58:32','BCEID\ALEXANDRA.VALLEE',TIMESTAMP'2023-03-23 13:58:32',1),
	 (4401625,4815514,3,'PW',11,2,0.3,'BCEID\ALEXANDRA.VALLEE',TIMESTAMP'2023-03-23 13:58:32','BCEID\ALEXANDRA.VALLEE',TIMESTAMP'2023-03-23 13:58:32',1),
	 (4401626,4815515,1,'CW',59,2,0.2,'BCEID\ALEXANDRA.VALLEE',TIMESTAMP'2023-03-23 13:58:32','BCEID\ALEXANDRA.VALLEE',TIMESTAMP'2023-03-23 13:58:32',1),
	 (4401626,4815515,2,'HW',37,2,0.2,'BCEID\ALEXANDRA.VALLEE',TIMESTAMP'2023-03-23 13:58:32','BCEID\ALEXANDRA.VALLEE',TIMESTAMP'2023-03-23 13:58:32',1),
	 (4401626,4815515,3,'FDC',4,2,0.4,'BCEID\ALEXANDRA.VALLEE',TIMESTAMP'2023-03-23 13:58:32','BCEID\ALEXANDRA.VALLEE',TIMESTAMP'2023-03-23 13:58:32',1),
	 (4401626,4815516,1,'CW',79,2,0.3,'BCEID\ALEXANDRA.VALLEE',TIMESTAMP'2023-03-23 13:58:32','BCEID\ALEXANDRA.VALLEE',TIMESTAMP'2023-03-23 13:58:32',1),
	 (4401626,4815516,2,'HW',16,2,0.2,'BCEID\ALEXANDRA.VALLEE',TIMESTAMP'2023-03-23 13:58:32','BCEID\ALEXANDRA.VALLEE',TIMESTAMP'2023-03-23 13:58:32',1),
	 (4401626,4815516,3,'FDC',5,2,0.4,'BCEID\ALEXANDRA.VALLEE',TIMESTAMP'2023-03-23 13:58:32','BCEID\ALEXANDRA.VALLEE',TIMESTAMP'2023-03-23 13:58:32',1);
