INSERT INTO THE.RESULTS_ELECTRONIC_SUBMISSION (RESULTS_SUBMISSION_ID,SUBMISSION_TIMESTAMP,SUBMITTED_BY,CLIENT_NUMBER,CLIENT_LOCN_CODE,ORG_UNIT_NO,USER_FILENAME,USER_REFERENCE,ENTRY_USERID,ENTRY_TIMESTAMP,UPDATE_USERID,UPDATE_TIMESTAMP,REVISION_COUNT) VALUES
(68659, TIMESTAMP '2005-05-04 00:00:00.000000', 'BCEID\ASKYWALKER', NULL, NULL, 1, 'original file name', NULL, 'BCEID\ASKYWALKER', TIMESTAMP '2005-05-04 16:21:21.000000', 'BCEID\ASKYWALKER', TIMESTAMP '2005-05-04 16:21:21.000000', 1),
(67773, TIMESTAMP '2005-05-02 00:00:00.000000', 'BCEID\ASKYWALKER', NULL, NULL, 1, 'original file name', NULL, 'BCEID\ASKYWALKER', TIMESTAMP '2005-05-02 16:56:12.000000', 'BCEID\ASKYWALKER', TIMESTAMP '2005-05-02 16:56:12.000000', 1),
(68609, TIMESTAMP '2005-05-04 00:00:00.000000', 'BCEID\ASKYWALKER', NULL, NULL, 1, 'original file name', NULL, 'BCEID\ASKYWALKER', TIMESTAMP '2005-05-04 15:03:21.000000', 'BCEID\ASKYWALKER', TIMESTAMP '2005-05-04 15:03:21.000000', 1),
(215305, TIMESTAMP '2006-05-16 00:00:00.000000', 'BCEID\ASKYWALKER', NULL, NULL, 1, '904226_SitePrep.xml', NULL, 'BCEID\ASKYWALKER', TIMESTAMP '2006-05-16 08:36:41.000000', 'BCEID\ASKYWALKER', TIMESTAMP '2006-05-16 08:36:41.000000', 1),
(343491, TIMESTAMP '2007-05-24 00:00:00.000000', 'BCEID\ASKYWALKER', NULL, NULL, 1, 'AE_Plant4_May07.xml', NULL, 'BCEID\ASKYWALKER', TIMESTAMP '2007-05-24 11:33:28.000000', 'BCEID\ASKYWALKER', TIMESTAMP '2007-05-24 11:33:28.000000', 1),
(1311633, TIMESTAMP '2014-04-14 00:00:00.000000', 'BCEID\ASKYWALKER', '00010002', '03', 1, '904226 GP_Silv_2014-04-14.xml', NULL, 'BCEID\ASKYWALKER', TIMESTAMP '2014-04-14 10:09:01.000000', 'BCEID\ASKYWALKER', TIMESTAMP '2014-04-14 10:09:01.000000', 1),
(1738902, TIMESTAMP '2018-01-26 09:32:08.000000', 'BCEID\ASKYWALKER', '00010002', '03', 1, '904226_silv_act_2018-01-26.xml', NULL, 'BCEID\ASKYWALKER', TIMESTAMP '2018-01-26 09:33:00.000000', 'BCEID\ASKYWALKER', TIMESTAMP '2018-01-26 09:33:00.000000', 1),
(1738903,TIMESTAMP'2018-01-26 09:32:36','BCEID\ASKYWALKER','00010002','02',1,'864409_fc_fg_2018-01-26.xml',NULL,'BCEID\ASKYWALKER',TIMESTAMP'2018-01-26 09:33:01','BCEID\ASKYWALKER',TIMESTAMP'2018-01-26 09:33:01',1),
(501684,TIMESTAMP'2008-09-12 00:00:00','BCEID\ASKYWALKER','00010002','02',1,'864409_regen_sept-2008.xml',NULL,'BCEID\ASKYWALKER',TIMESTAMP'2008-09-12 14:02:38','BCEID\ASKYWALKER',TIMESTAMP'2008-09-12 14:02:38',1);

INSERT INTO THE.OPENING (OPENING_ID,GEO_DISTRICT_NO,ADMIN_DISTRICT_NO,MAPSHEET_GRID,MAPSHEET_LETTER,MAPSHEET_SQUARE,MAPSHEET_QUAD,MAPSHEET_SUB_QUAD,OPENING_NUMBER,OPENING_LOCN_NAME,OPEN_CATEGORY_CODE,LICENSEE_OPENING_ID,TSB_NUMBER_CODE,OPENING_STATUS_CODE,ORG_UNIT_NO,DIST_ADMIN_ZONE,MAX_ALLOW_PERMNT_ACCESS_PCT,PREV_AGE_CLASS_CODE,PREV_SITE_INDEX,PREV_SITE_INDEX_SOURCE_CODE,PREV_HEIGHT_CLASS_CODE,PREV_SITE_CLASS_CODE,PREV_STOCKING_CLASS_CODE,PREV_STOCKING_STATUS_CODE,PREV_TREE_SPP1_CODE,PREV_TREE_SPP2_CODE,APP_ENT_BY_USERID,APPROVE_DATE,AMENDMENT_IND,RESULTS_SUBMISSION_ID,ENTRY_USERID,ENTRY_TIMESTAMP,UPDATE_USERID,UPDATE_TIMESTAMP,REVISION_COUNT) VALUES
(1009974, 1, 1, NULL, NULL, NULL, NULL, NULL, NULL, 'Tatooine', 'FTML', '012345678', NULL, 'FG', 1, NULL, 7, '9', 26, 'E', '4', NULL, '1', 'MAT', 'CW', 'HW', NULL, TIMESTAMP '2005-05-02 15:56:26.000000', 'Y', 68659, 'BCEID\ASKYWALKER', TIMESTAMP '2005-05-02 15:56:26.000000', 'IDIR\JAKETHEDOG', TIMESTAMP '2018-10-09 11:29:23.000000', 16);

INSERT INTO THE.TIMBER_MARK (TIMBER_MARK, FOREST_FILE_ID, CUTTING_PERMIT_ID, FOREST_DISTRICT, GEOGRAPHIC_DISTRCT, CASCADE_SPLIT_CODE, QUOTA_TYPE_CODE, DECIDUOUS_IND, CATASTROPHIC_IND, CROWN_GRANTED_IND, CRUISE_BASED_IND, CERTIFICATE, HDBS_TIMBER_MARK, VM_TIMBER_MARK, TENURE_TERM, BCAA_FOLIO_NUMBER, ACTIVATED_USERID, AMENDED_USERID, DISTRICT_ADMN_ZONE, GRANTED_ACQRD_DATE, LANDS_REGION, CROWN_GRANTED_ACQ_DESC, MARK_STATUS_ST, MARK_STATUS_DATE, MARK_AMEND_DATE, MARK_APPL_DATE, MARK_CANCEL_DATE, MARK_EXTEND_DATE, MARK_EXTEND_RSN_CD, MARK_EXTEND_COUNT, MARK_ISSUE_DATE, MARK_EXPIRY_DATE, MARKNG_INSTRMNT_CD, MARKING_METHOD_CD, ENTRY_USERID, ENTRY_TIMESTAMP, UPDATE_USERID, UPDATE_TIMESTAMP, REVISION_COUNT, SMALL_PATCH_SALVAGE_IND, SALVAGE_TYPE_CODE) VALUES
('44/270', 'TFL44', '270', 2, 2, 'W', 'A', 'N', 'N', 'N', 'N', NULL, NULL, '44/270', 36, NULL, NULL, NULL, '1', NULL, NULL, NULL, 'HC', TIMESTAMP '2008-12-04 00:00:00.000000', NULL, NULL, NULL, NULL, NULL, 0, TIMESTAMP '2003-11-19 00:00:00.000000', TIMESTAMP '2006-11-18 00:00:00.000000', 'H', 'S', 'JAKETHEDOG', TIMESTAMP '2003-11-04 10:30:08.000000', 'IDIR\JAKETHEDOG', TIMESTAMP '2008-12-04 10:52:21.000000', 2, 'N', NULL);

INSERT INTO THE.CUT_BLOCK (CB_SKEY, HVA_SKEY, FOREST_FILE_ID, CUTTING_PERMIT_ID, TIMBER_MARK, CUT_BLOCK_ID, SP_EXEMPT_IND, BLOCK_STATUS_DATE, CUT_BLOCK_DESCRIPTION, CUT_REGULATION_CODE, BLOCK_STATUS_ST, REFOREST_DECLARE_TYPE_CODE, REVISION_COUNT, ENTRY_USERID, ENTRY_TIMESTAMP, UPDATE_USERID, UPDATE_TIMESTAMP, IS_WASTE_ASSESSMENT_REQUIRED, CUT_BLOCK_GUID, FIRE_HARVESTING_REASON_CODE, IS_UNDER_PARTITION_ORDER, REPORTED_FIRE_DATE) VALUES
(214031, 123731, 'TFL44', '270', '44/270', '864409', 'N', TIMESTAMP '2005-05-04 15:03:21.000000', NULL, NULL, 'S', NULL, 1, 'DATAFIX', TIMESTAMP '2004-06-02 08:13:17.000000', 'FTA 4.0 DATA CONVERSION', TIMESTAMP '2007-06-02 11:15:37.000000', 'U', 'B9B090A11022645AE05332B3228EA5A5', NULL, NULL, NULL);

INSERT INTO THE.CUT_BLOCK_OPEN_ADMIN (CUT_BLOCK_OPEN_ADMIN_ID,FOREST_FILE_ID,TIMBER_MARK,CUT_BLOCK_ID,CUTTING_PERMIT_ID,DISTURBANCE_GROSS_AREA,DISTURBANCE_START_DATE,DISTURBANCE_END_DATE,OPENING_ID,OPENING_GROSS_AREA,PLANNED_HARVEST_DATE,PLANNED_GROSS_BLOCK_AREA,PLANNED_NET_BLOCK_AREA,OPENING_PRIME_LICENCE_IND,CB_SKEY,REVISION_COUNT,ENTRY_USERID,ENTRY_TIMESTAMP,UPDATE_USERID,UPDATE_TIMESTAMP) VALUES
(242521, 'TFL44', '44/270', '904226', '270', 25.5, TIMESTAMP '2004-01-19 00:00:00.000000', TIMESTAMP '2004-05-28 00:00:00.000000', 1009974, 38.7, TIMESTAMP '2003-11-19 00:00:00.000000', 38.7655, 24.3, 'Y', 214031, 10, 'DATAFIX', TIMESTAMP '2004-06-02 08:13:36.000000', 'FTA 4.0 DATA CONVERSION', TIMESTAMP '2007-06-02 11:17:23.000000');

INSERT INTO THE.ACTIVITY_TREATMENT_UNIT (ACTIVITY_TREATMENT_UNIT_ID,ACTIVITY_TU_SEQ_NO,ORG_UNIT_NO,OPENING_ID,SILVICULTURE_PROJECT_ID,PROJECT_UNIT_ID,SILV_BASE_CODE,SILV_TECHNIQUE_CODE,SILV_METHOD_CODE,SILV_OBJECTIVE_CODE_1,SILV_OBJECTIVE_CODE_2,SILV_OBJECTIVE_CODE_3,SILV_FUND_SRCE_CODE,SILV_ACTIVITY_MEASUREMENT_CODE,ACTIVITY_LICENSEE_ID,TREATMENT_AMOUNT,ACTUAL_TREATMENT_COST,ACT_PLANTED_NO,PLAN_SILV_TECHNIQUE_CODE,PLAN_SILV_METHOD_CODE,PLAN_SILV_FUND_SRCE_CODE,PLANNED_DATE,PLANNED_TREATMENT_AMOUNT,PLANNED_TREATMENT_COST,PLAN_SILV_OBJECTIVE_CODE_1,PLAN_SILV_OBJECTIVE_CODE_2,PLAN_SILV_OBJECTIVE_CODE_3,TARGET_PREPARED_SPOTS,PRUNING_MIN_CROWN_PCT,PRUNE_HEIGHT,STEMS_TO_PRUNE,MIN_ACCEPTABLE_DENSITY,TOTAL_STEMS_PER_HA,INTER_TREE_TARGET_DISTANCE,INTER_TREE_VARIATION,INTER_TREE_MIN_DISTANCE,MAX_TREES_PER_PLOT,MAX_TREES_PER_HA,SURVEY_PLANNED_NUM_PLOTS,SURVEY_ACTUAL_NUM_PLOTS,SURVEY_MIN_PLOTS_PER_STRATUM,SILV_TREE_SPECIES_CODE,ATU_START_DATE,ATU_COMPLETION_DATE,RESULTS_IND,UNIT_BID_PRICE,FIA_PROJECT_ID,RESULTS_SUBMISSION_ID,DISTURBANCE_CODE,SILV_SYSTEM_CODE,SILV_SYSTEM_VARIANT_CODE,SILV_CUT_PHASE_CODE,CUT_BLOCK_OPEN_ADMIN_ID,DISTURBANCE_COMPLETED_IND,ENTRY_USERID,ENTRY_TIMESTAMP,UPDATE_USERID,UPDATE_TIMESTAMP,REVISION_COUNT) VALUES
(1683934, 1, 1, 1009974, NULL, NULL, 'SP', 'ME', 'PILE', NULL, NULL, NULL, 'IA', 'HA', '715011423', 0.5, NULL, NULL, NULL, NULL, NULL, NULL, NULL, NULL, NULL, NULL, NULL, NULL, NULL, NULL, NULL, NULL, NULL, NULL, NULL, NULL, NULL, NULL, NULL, NULL, NULL, NULL, NULL, TIMESTAMP '2004-06-10 00:00:00.000000', 'Y', NULL, NULL, 67773, NULL, NULL, NULL, NULL, NULL, NULL, 'BCEID\ASKYWALKER', TIMESTAMP '2005-05-02 16:56:12.000000', 'BCEID\ASKYWALKER', TIMESTAMP '2005-05-02 16:56:12.000000', 2),
(1684733, 2, 1, 1009974, NULL, NULL, 'DN', 'HV', NULL, NULL, NULL, NULL, NULL, 'HA', '710000501', 25.5, NULL, NULL, NULL, NULL, NULL, NULL, NULL, NULL, NULL, NULL, NULL, NULL, NULL, NULL, NULL, NULL, NULL, NULL, NULL, NULL, NULL, NULL, NULL, NULL, NULL, NULL, TIMESTAMP '2004-01-19 00:00:00.000000', TIMESTAMP '2004-05-28 00:00:00.000000', 'Y', NULL, NULL, 68609, 'L', 'RETEN', NULL, 'REMOV', 242521, 'N', 'BCEID\ASKYWALKER', TIMESTAMP '2005-05-04 15:03:21.000000', 'BCEID\ASKYWALKER', TIMESTAMP '2005-05-04 15:03:21.000000', 1),
(3098703, 6, 1, 1009974, NULL, NULL, 'SU', 'RA', 'WALK', NULL, NULL, NULL, 'IA', 'HA', '715042147', 25.5, NULL, NULL, NULL, NULL, NULL, NULL, NULL, NULL, NULL, NULL, NULL, NULL, NULL, NULL, NULL, NULL, NULL, NULL, NULL, NULL, NULL, NULL, NULL, NULL, NULL, NULL, NULL, TIMESTAMP '2013-06-07 00:00:00.000000', 'Y', NULL, NULL, 1311633, NULL, NULL, NULL, NULL, NULL, NULL, 'BCEID\ASKYWALKER', TIMESTAMP '2014-04-14 10:09:03.000000', 'BCEID\ASKYWALKER', TIMESTAMP '2014-04-14 10:09:03.000000', 1),
(1915482, 4, 1, 1009974, NULL, NULL, 'PL', 'PL', 'CTAIN', NULL, NULL, NULL, 'IA', 'HA', '715000033', 25.5, NULL, 23410, NULL, NULL, NULL, NULL, NULL, NULL, NULL, NULL, NULL, NULL, NULL, NULL, NULL, NULL, NULL, NULL, NULL, NULL, NULL, NULL, NULL, NULL, NULL, NULL, NULL, TIMESTAMP '2006-09-23 00:00:00.000000', 'Y', NULL, NULL, 343491, NULL, NULL, NULL, NULL, NULL, NULL, 'BCEID\ASKYWALKER', TIMESTAMP '2007-05-24 11:33:37.000000', 'IDIR\OKENOBI', TIMESTAMP '2018-10-09 11:29:23.000000', 6),
(1785961, 3, 1, 1009974, NULL, NULL, 'SP', 'BU', 'RPILE', NULL, NULL, NULL, 'IA', 'HA', '715010357', 0.5, NULL, NULL, NULL, NULL, NULL, NULL, NULL, NULL, NULL, NULL, NULL, NULL, NULL, NULL, NULL, NULL, NULL, NULL, NULL, NULL, NULL, NULL, NULL, NULL, NULL, NULL, NULL, TIMESTAMP '2005-11-03 00:00:00.000000', 'Y', NULL, NULL, 215305, NULL, NULL, NULL, NULL, NULL, NULL, 'BCEID\ASKYWALKER', TIMESTAMP '2006-05-16 08:36:41.000000', 'BCEID\ASKYWALKER', TIMESTAMP '2006-05-16 08:36:41.000000', 2),
(3499621, 7, 1, 1009974, NULL, NULL, 'SU', 'FG', 'PLOT', NULL, NULL, NULL, 'IA', 'HA', '715000035', 25.5, NULL, NULL, NULL, NULL, NULL, NULL, NULL, NULL, NULL, NULL, NULL, NULL, NULL, NULL, NULL, NULL, NULL, NULL, NULL, NULL, NULL, NULL, NULL, NULL, NULL, NULL, NULL, TIMESTAMP '2017-05-30 00:00:00.000000', 'Y', NULL, NULL, 1738902, NULL, NULL, NULL, NULL, NULL, NULL, 'BCEID\ASKYWALKER', TIMESTAMP '2018-01-26 09:33:00.000000', 'BCEID\ASKYWALKER', TIMESTAMP '2018-01-26 09:33:00.000000', 1),
(3098702, 5, 1, 1009974, NULL, NULL, 'SU', 'SU', 'PLOT', NULL, NULL, NULL, 'IA', 'HA', '715000034', 24.5, NULL, NULL, NULL, NULL, NULL, NULL, NULL, NULL, NULL, NULL, NULL, NULL, NULL, NULL, NULL, NULL, NULL, NULL, NULL, NULL, NULL, NULL, NULL, NULL, NULL, NULL, NULL, TIMESTAMP '2007-06-14 00:00:00.000000', 'Y', NULL, NULL, 1311633, NULL, NULL, NULL, NULL, NULL, NULL, 'BCEID\ASKYWALKER', TIMESTAMP '2014-04-14 10:09:03.000000', 'BCEID\ASKYWALKER', TIMESTAMP '2014-04-14 10:09:03.000000', 1);

INSERT INTO THE.STANDARDS_REGIME (STANDARDS_REGIME_ID, STANDARDS_REGIME_NAME, STANDARDS_REGIME_STATUS_CODE, SILV_STATUTE_CODE, STANDARDS_OBJECTIVE, GEOGRAPHIC_DESCRIPTION, MOF_DEFAULT_STANDARD_IND, REGEN_DELAY_OFFSET_YRS, REGEN_OBLIGATION_IND, NO_REGEN_EARLY_OFFSET_YRS, NO_REGEN_LATE_OFFSET_YRS, FREE_GROWING_EARLY_OFFSET_YRS, FREE_GROWING_LATE_OFFSET_YRS, APPROVED_BY_USERID, APPROVED_DATE, SUBMITTED_BY_USERID, SUBMITTED_DATE, EFFECTIVE_DATE, EXPIRY_DATE, ADDITIONAL_STANDARDS, REJECT_NOTE, ENTRY_USERID, ENTRY_TIMESTAMP, UPDATE_USERID, UPDATE_TIMESTAMP, REVISION_COUNT) VALUES
(36109, NULL, 'APP', NULL, NULL, NULL, 'N', 6, 'Y', NULL, NULL, 11, 14, 'DATAFIX2006-06-07', TIMESTAMP '2006-06-08 11:53:59.000000', NULL, TIMESTAMP '2004-01-06 11:48:00.000000', TIMESTAMP '2003-03-17 00:00:00.000000', NULL, '(ALL625) ; ALL SPECIES - minimum inter-tree spacing within the net area to be reforested may be reduced to 1.5 metres to allow the selection of the most productive microsites in areas of poor plantability due to hygric conditions and bedrock areas.; (ALL626) ; ALL SPECIES - minimum inter-tree spacing within 20 metres of either site of road centreline may be reduced to 1 metre where road construction or harvesting activities have created soil disturbance and reduced plantability.; (FDC628) ; FDC - is a preffered species on steep southerly aspects (SE to SW) or on southerly, westerly and easterly slopes where pre-harvest stand composition of Fd is >20% by merchantable volume.', NULL, 'RESULTS_CNV', TIMESTAMP '2004-01-06 11:48:00.000000', 'IDIR\SCAKERLE', TIMESTAMP '2011-02-04 13:41:27.000000', 6);

INSERT INTO THE.STOCKING_STANDARD_UNIT (STOCKING_STANDARD_UNIT_ID,OPENING_ID,STANDARDS_UNIT_ID,STANDARDS_REGIME_ID,NET_AREA,MAX_ALLOW_SOIL_DISTURBANCE_PCT,VARIANCE_IND,ENTRY_USERID,ENTRY_TIMESTAMP,UPDATE_USERID,UPDATE_TIMESTAMP,REVISION_COUNT) VALUES
(1013720, 1009974, 'A', 36109, 25.5, 5, 'Y', 'BCEID\ASKYWALKER', TIMESTAMP '2005-05-02 15:56:26.000000', 'BCEID\ASKYWALKER', TIMESTAMP '2005-05-04 16:21:21.000000', 3);

INSERT INTO THE.STOCKING_MILESTONE (STOCKING_STANDARD_UNIT_ID,SILV_MILESTONE_TYPE_CODE,RESULTS_SUBMISSION_ID,DECLARED_DATE,DECLARED_USERID,DECLARE_IND,DECLARATION_SUBMITTED_DATE,EARLY_OFFSET_YEARS,LATE_OFFSET_YEARS,DUE_EARLY_DATE,DUE_LATE_DATE,ENTRY_USERID,ENTRY_TIMESTAMP,UPDATE_USERID,UPDATE_TIMESTAMP,REVISION_COUNT,EXTENT_FEASIBLE_DECLARED_IND) VALUES
(1013720, 'FG', 1738903, TIMESTAMP '2017-05-30 00:00:00.000000', 'BCEID\ASKYWALKER', 'Y', TIMESTAMP '2018-01-26 09:33:02.000000', 11, 14, TIMESTAMP '2015-01-19 00:00:00.000000', TIMESTAMP '2018-01-19 00:00:00.000000', 'BCEID\ASKYWALKER', TIMESTAMP '2005-05-02 15:56:26.000000', 'IDIR\OKENOBI', TIMESTAMP '2018-10-09 11:29:23.000000', 19, 'N'),
(1013720, 'PH', 68609, TIMESTAMP '2005-01-24 00:00:00.000000', 'BCEID\ASKYWALKER', 'Y', TIMESTAMP '2005-05-04 16:21:21.000000', NULL, NULL, NULL, NULL, 'BCEID\ASKYWALKER', TIMESTAMP '2005-05-02 15:56:26.000000', 'IDIR\OKENOBI', TIMESTAMP '2018-10-09 11:29:23.000000', 19, 'N'),
(1013720, 'RG', 501684, TIMESTAMP '2007-06-15 00:00:00.000000', 'BCEID\ASKYWALKER', 'Y', TIMESTAMP '2008-09-12 14:02:43.000000', NULL, 6, NULL, TIMESTAMP '2010-01-19 00:00:00.000000', 'BCEID\ASKYWALKER', TIMESTAMP '2005-05-02 15:56:26.000000', 'IDIR\OKENOBI', TIMESTAMP '2018-10-09 11:29:23.000000', 19, 'N');

INSERT INTO THE.STOCKING_ECOLOGY (STOCKING_ECOLOGY_ID, OPENING_ID, STOCKING_STANDARD_UNIT_ID, BEC_REGION_CODE, BGC_ZONE_CODE, BGC_SUBZONE_CODE, BGC_VARIANT, BGC_PHASE, BEC_SITE_SERIES, BEC_SITE_TYPE, BEC_SERAL, ENTRY_USERID, ENTRY_TIMESTAMP, UPDATE_USERID, UPDATE_TIMESTAMP, REVISION_COUNT) VALUES
(1013948, 1009974, 1013720, NULL, 'CWH', 'vm', '1', NULL, '01', NULL, NULL, 'BCEID\ASKYWALKER', TIMESTAMP '2005-05-02 15:56:26.000000', 'BCEID\ASKYWALKER', TIMESTAMP '2005-05-04 16:21:21.000000', 3);

INSERT INTO THE.STOCKING_LAYER (STOCKING_LAYER_ID, STOCKING_STANDARD_UNIT_ID, OPENING_ID, STOCKING_LAYER_CODE, TARGET_STOCKING, RESIDUAL_BASAL_AREA, MIN_HORIZONTAL_DISTANCE, MIN_PREF_STOCKING_STANDARD, MIN_POST_SPACING, MIN_STOCKING_STANDARD, MAX_POST_SPACING, MAX_CONIFER, HGHT_RELATIVE_TO_COMP, TREE_SIZE_UNIT_CODE, ENTRY_USERID, ENTRY_TIMESTAMP, UPDATE_USERID, UPDATE_TIMESTAMP, REVISION_COUNT) VALUES
(1012145, 1013720, 1009974, 'I', 900, NULL, 2, 400, 800, 500, 2000, 10000, 150, '%', 'BCEID\ASKYWALKER', TIMESTAMP '2005-05-02 15:56:26.000000', 'BCEID\ASKYWALKER', TIMESTAMP '2005-05-02 16:53:58.000000', 2);

INSERT INTO THE.STOCKING_LAYER_SPECIES (STOCKING_LAYER_ID,SILV_TREE_SPECIES_CODE,SPECIES_ORDER,PREFERRED_IND,MIN_HEIGHT,ENTRY_USERID,ENTRY_TIMESTAMP,UPDATE_USERID,UPDATE_TIMESTAMP,REVISION_COUNT) VALUES
(1012145,'BA',4,'N',1.8,'BCEID\ASKYWALKER',TIMESTAMP'2005-05-02 15:56:26','BCEID\ASKYWALKER',TIMESTAMP'2005-05-02 15:56:26',1),
(1012145,'CW',1,'Y',1.5,'BCEID\ASKYWALKER',TIMESTAMP'2005-05-02 15:56:26','BCEID\ASKYWALKER',TIMESTAMP'2005-05-02 15:56:26',1),
(1012145,'FDC',3,'Y',3,'BCEID\ASKYWALKER',TIMESTAMP'2005-05-02 15:56:26','BCEID\ASKYWALKER',TIMESTAMP'2005-05-02 15:56:26',1),
(1012145,'HW',2,'Y',3,'BCEID\ASKYWALKER',TIMESTAMP'2005-05-02 15:56:26','BCEID\ASKYWALKER',TIMESTAMP'2005-05-02 15:56:26',1);

INSERT INTO FOREST_COVER (FOREST_COVER_ID,OPENING_ID,STOCKING_STANDARD_UNIT_ID,SILV_POLYGON_NO,SILV_POLYGON_AREA,SILV_POLYGON_NET_AREA,STOCKING_CLASS_CODE,STOCKING_STATUS_CODE,STOCKING_TYPE_CODE,REFERENCE_YEAR,REENTRY_YEAR,SITE_CLASS_CODE,SITE_INDEX,SITE_INDEX_SOURCE_CODE,SILV_RESERVE_CODE,SILV_RESERVE_OBJECTIVE_CODE,TREE_SPECIES_CODE,TREE_COVER_PATTERN_CODE,RESULTS_SUBMISSION_ID,ENTRY_USERID,ENTRY_TIMESTAMP,UPDATE_USERID,UPDATE_TIMESTAMP,REVISION_COUNT) VALUES
	 (3679043,1009974,NULL,'X',2.6,2.6,NULL,'NP','UNN',2004,NULL,NULL,NULL,NULL,NULL,NULL,'CW',NULL,1738903,'BCEID\DBRYANTWFP',TIMESTAMP'2008-09-12 14:02:42','BCEID\DBRYANTWFP',TIMESTAMP'2018-01-26 09:33:01',1),
	 (3679044,1009974,NULL,'T',8.1,8.1,NULL,'MAT','NAT',2004,NULL,NULL,NULL,NULL,'G','OTH','CW',NULL,1738903,'BCEID\DBRYANTWFP',TIMESTAMP'2008-09-12 14:02:42','BCEID\DBRYANTWFP',TIMESTAMP'2018-01-26 09:33:01',1),
	 (3679045,1009974,NULL,'W',2.6,2.6,NULL,'MAT','NAT',2004,NULL,NULL,NULL,NULL,'G','WTR','CW',NULL,1738903,'BCEID\DBRYANTWFP',TIMESTAMP'2008-09-12 14:02:42','BCEID\DBRYANTWFP',TIMESTAMP'2018-01-26 09:33:01',1),
	 (3679046,1009974,1013720,'A',25.5,25.5,NULL,'IMM','ART',2017,NULL,NULL,23,'E','N',NULL,'CW',NULL,1738903,'BCEID\DBRYANTWFP',TIMESTAMP'2008-09-12 14:02:42','BCEID\DBRYANTWFP',TIMESTAMP'2018-01-26 09:33:01',2);

INSERT INTO THE.STOCKING_EVENT_HISTORY (STOCKING_EVENT_HISTORY_ID,OPENING_ID,OPENING_AMENDMENT_ID,OPENING_AMENDMENT_NUMBER,RESULTS_AUDIT_ACTION_CODE,SUBMITTED_USERID,RESULTS_SUBMISSION_ID,AMEND_EVENT_TIMESTAMP,ENTRY_USERID,ENTRY_TIMESTAMP,REVISION_COUNT) VALUES
(1262610, 1009974, NULL, NULL, 'O', 'Results data conversion', NULL, TIMESTAMP '2008-03-11 14:28:06.000000', 'Results data conversion', TIMESTAMP '2008-03-11 14:28:06.000000', 1);

INSERT INTO THE.RESULTS_AUDIT_EVENT (RESULTS_AUDIT_EVENT_ID,OPENING_ID,STANDARDS_REGIME_ID,SILVICULTURE_PROJECT_ID,RESULTS_AUDIT_ACTION_CODE,ACTION_DATE,DESCRIPTION,USER_ID,EMAIL_SENT_IND,XML_SUBMISSION_ID,OPENING_AMENDMENT_NUMBER,ENTRY_USERID,ENTRY_TIMESTAMP) VALUES
(184401, 1009974, NULL, NULL, 'ES', TIMESTAMP '2005-05-02 15:56:26.000000', 'Opening: Ministry =  1619', NULL, 'Y', 67655, NULL, 'BCEID\ASKYWALKER', TIMESTAMP '2005-05-02 15:56:26.000000'),
(184402, 1009974, 36109, NULL, 'ES', TIMESTAMP '2005-05-02 15:56:26.000000', 'Standard was changed.', NULL, 'N', NULL, NULL, 'BCEID\ASKYWALKER', TIMESTAMP '2005-05-02 15:56:26.000000'),
(184778, 1009974, NULL, NULL, 'ES', TIMESTAMP '2005-05-02 16:53:21.000000', 'Opening: Ministry =  1619', NULL, 'Y', 67759, NULL, 'BCEID\ASKYWALKER', TIMESTAMP '2005-05-02 16:53:21.000000'),
(187617, 1009974, NULL, NULL, 'ES', TIMESTAMP '2005-05-04 15:03:21.000000', 'Forest Cover 1106510', NULL, 'Y', 68609, NULL, 'BCEID\ASKYWALKER', TIMESTAMP '2005-05-04 15:03:21.000000'),
(184809, 1009974, NULL, NULL, 'VAR', TIMESTAMP '2005-05-02 16:53:58.000000', 'Opening/related details were modified.', NULL, 'N', NULL, NULL, 'BCEID\ASKYWALKER', TIMESTAMP '2005-05-02 16:53:58.000000'),
(184831, 1009974, NULL, NULL, 'ES', TIMESTAMP '2005-05-02 16:56:12.000000', 'Inserting Activity: Activity Id = 1683934, Activity Base = ''SP''', NULL, 'Y', 67773, NULL, 'BCEID\ASKYWALKER', TIMESTAMP '2005-05-02 16:56:12.000000'),
(187614, 1009974, NULL, NULL, 'ES', TIMESTAMP '2005-05-04 15:03:21.000000', 'Creating Disturbance Activity: Activity Id = 1684733', NULL, 'Y', 68609, NULL, 'BCEID\ASKYWALKER', TIMESTAMP '2005-05-04 15:03:21.000000'),
(187615, 1009974, NULL, NULL, 'ES', TIMESTAMP '2005-05-04 15:03:21.000000', 'Forest Cover 1106508', NULL, 'Y', 68609, NULL, 'BCEID\ASKYWALKER', TIMESTAMP '2005-05-04 15:03:21.000000'),
(187616, 1009974, NULL, NULL, 'ES', TIMESTAMP '2005-05-04 15:03:21.000000', 'Forest Cover 1106509', NULL, 'Y', 68609, NULL, 'BCEID\ASKYWALKER', TIMESTAMP '2005-05-04 15:03:21.000000'),
(187618, 1009974, NULL, NULL, 'ES', TIMESTAMP '2005-05-04 15:03:21.000000', 'Forest Cover 1106511', NULL, 'Y', 68609, NULL, 'BCEID\ASKYWALKER', TIMESTAMP '2005-05-04 15:03:21.000000'),
(187619, 1009974, NULL, NULL, 'ES', TIMESTAMP '2005-05-04 15:03:21.000000', 'Milestones modified', NULL, 'Y', 68609, NULL, 'BCEID\ASKYWALKER', TIMESTAMP '2005-05-04 15:03:21.000000'),
(3088641, 1009974, NULL, NULL, 'ES', TIMESTAMP '2014-04-14 10:09:03.000000', 'Inserting Activity: Activity Id = 3098702, Activity Base = ''SU''', NULL, 'Y', 1311633, NULL, 'BCEID\ASKYWALKER', TIMESTAMP '2014-04-14 10:09:03.000000'),
(187806, 1009974, NULL, NULL, 'ES', TIMESTAMP '2005-05-04 16:21:21.000000', 'Opening: Ministry =  1619', NULL, 'Y', 68659, NULL, 'BCEID\ASKYWALKER', TIMESTAMP '2005-05-04 16:21:21.000000'),
(543349, 1009974, NULL, NULL, 'ES', TIMESTAMP '2006-05-16 08:36:41.000000', 'Inserting Activity: Activity Id = 1785961, Activity Base = ''SP''', NULL, 'Y', 215305, NULL, 'BCEID\ASKYWALKER', TIMESTAMP '2006-05-16 08:36:41.000000'),
(828298, 1009974, NULL, NULL, 'ES', TIMESTAMP '2007-05-24 11:33:37.000000', 'Inserting Activity: Activity Id = 1915482, Activity Base = ''PL''', NULL, 'Y', 343491, NULL, 'BCEID\ASKYWALKER', TIMESTAMP '2007-05-24 11:33:37.000000'),
(1257172, 1009974, NULL, NULL, 'ES', TIMESTAMP '2008-09-12 14:02:42.000000', 'Forest Cover Polygon No. X (Id=1860799)', NULL, 'Y', 501684, NULL, 'BCEID\ASKYWALKER', TIMESTAMP '2008-09-12 14:02:42.000000'),
(1257173, 1009974, NULL, NULL, 'ES', TIMESTAMP '2008-09-12 14:02:42.000000', 'Forest Cover Polygon No. A (Id=1860800)', NULL, 'Y', 501684, NULL, 'BCEID\ASKYWALKER', TIMESTAMP '2008-09-12 14:02:42.000000'),
(1257174, 1009974, NULL, NULL, 'ES', TIMESTAMP '2008-09-12 14:02:42.000000', 'Forest Cover Polygon No. T (Id=1860801)', NULL, 'Y', 501684, NULL, 'BCEID\ASKYWALKER', TIMESTAMP '2008-09-12 14:02:42.000000'),
(1257175, 1009974, NULL, NULL, 'ES', TIMESTAMP '2008-09-12 14:02:42.000000', 'Forest Cover Polygon No. W (Id=1860802)', NULL, 'Y', 501684, NULL, 'BCEID\ASKYWALKER', TIMESTAMP '2008-09-12 14:02:42.000000'),
(1257176, 1009974, NULL, NULL, 'MIL', TIMESTAMP '2008-09-12 14:02:43.000000', 'Milestone was modified', NULL, 'Y', 501684, NULL, 'BCEID\ASKYWALKER', TIMESTAMP '2008-09-12 14:02:43.000000'),
(3088642, 1009974, NULL, NULL, 'ES', TIMESTAMP '2014-04-14 10:09:03.000000', 'Inserting Activity: Activity Id = 3098703, Activity Base = ''SU''', NULL, 'Y', 1311633, NULL, 'BCEID\ASKYWALKER', TIMESTAMP '2014-04-14 10:09:03.000000'),
(4097410, 1009974, NULL, NULL, 'MIL', TIMESTAMP '2018-01-26 09:33:01.000000', 'Milestone was modified', NULL, 'Y', 1738903, NULL, 'BCEID\ASKYWALKER', TIMESTAMP '2018-01-26 09:33:02.000000'),
(4097405, 1009974, NULL, NULL, 'ES', TIMESTAMP '2018-01-26 09:33:00.000000', 'Inserting Activity: Activity Id = 3499621, Activity Base = ''SU''', NULL, 'Y', 1738902, NULL, 'BCEID\ASKYWALKER', TIMESTAMP '2018-01-26 09:33:00.000000'),
(4097406, 1009974, NULL, NULL, 'ES', TIMESTAMP '2018-01-26 09:33:01.000000', 'Forest Cover Polygon No. X (Id=3679043)', NULL, 'Y', 1738903, NULL, 'BCEID\ASKYWALKER', TIMESTAMP '2018-01-26 09:33:01.000000'),
(4097407, 1009974, NULL, NULL, 'ES', TIMESTAMP '2018-01-26 09:33:01.000000', 'Forest Cover Polygon No. T (Id=3679044)', NULL, 'Y', 1738903, NULL, 'BCEID\ASKYWALKER', TIMESTAMP '2018-01-26 09:33:01.000000'),
(4097408, 1009974, NULL, NULL, 'ES', TIMESTAMP '2018-01-26 09:33:01.000000', 'Forest Cover Polygon No. W (Id=3679045)', NULL, 'Y', 1738903, NULL, 'BCEID\ASKYWALKER', TIMESTAMP '2018-01-26 09:33:01.000000'),
(4097409, 1009974, NULL, NULL, 'ES', TIMESTAMP '2018-01-26 09:33:01.000000', 'Forest Cover Polygon No. A (Id=3679046)', NULL, 'Y', 1738903, NULL, 'BCEID\ASKYWALKER', TIMESTAMP '2018-01-26 09:33:01.000000'),
(4265454, 1009974, NULL, NULL, 'UPD', TIMESTAMP '2018-10-09 11:29:23.000000', 'Opening/related details were modified.', NULL, 'N', NULL, NULL, 'IDIR\OKENOBI', TIMESTAMP '2018-10-09 11:29:23.000000');

INSERT INTO THE.RESULTS_AUDIT_EVENT (RESULTS_AUDIT_EVENT_ID,OPENING_ID,STANDARDS_REGIME_ID,SILVICULTURE_PROJECT_ID,RESULTS_AUDIT_ACTION_CODE,ACTION_DATE,DESCRIPTION,USER_ID,EMAIL_SENT_IND,XML_SUBMISSION_ID,OPENING_AMENDMENT_NUMBER,ENTRY_USERID,ENTRY_TIMESTAMP) VALUES
(1, 101017, NULL, NULL, 'SUB', TIMESTAMP '2024-01-20 00:00:00.000000', 'Forest Cover 0000000', NULL, 'Y', 101, 101, 'TEST\OTTOMATED', TIMESTAMP '2024-01-20 00:00:00.000000');

INSERT INTO PLANTING_RSLT (ACTIVITY_TREATMENT_UNIT_ID,RESULTS_IND,PLANT_RSLT_SEQ_NO,SILV_TREE_SPECIES_CODE,NUMBER_PLANTED,PLANTED_NO_BEYOND_XFER_LIMIT,BID_PRICE_PER_TREE,SEEDLOT_NUMBER,VEG_LOT_ID,REQUEST_SKEY,ITEM_ID,ENTRY_USERID,ENTRY_TIMESTAMP,UPDATE_USERID,UPDATE_TIMESTAMP,REVISION_COUNT,CLIMATE_BASED_SEED_XFER_IND) VALUES
	 (1915482,'Y',1,'CW',11890,NULL,NULL,'61101',NULL,NULL,NULL,'IDIR\KASTOUT',TIMESTAMP'2018-10-09 11:29:23','IDIR\KASTOUT',TIMESTAMP'2018-10-09 11:29:23',1,'N'),
	 (1915482,'Y',2,'CW',11520,NULL,NULL,'61101',NULL,NULL,NULL,'IDIR\KASTOUT',TIMESTAMP'2018-10-09 11:29:23','IDIR\KASTOUT',TIMESTAMP'2018-10-09 11:29:23',1,'N');

INSERT INTO THE.SILVICULTURE_COMMENT (SILVICULTURE_COMMENT_ID, COMMENT_DATE, SILV_COMMENT_SOURCE_CODE, SILV_COMMENT_TYPE_CODE, COMMENT_TEXT, ENTRY_USERID, ENTRY_TIMESTAMP, UPDATE_USERID, UPDATE_TIMESTAMP, REVISION_COUNT) VALUES
(2, TIMESTAMP '2019-04-16 13:31:46.000000', 'OPEN', 'GENERAL', 'In a forest far far away', 'BCEID\ASKYWALKER', TIMESTAMP '2019-04-16 13:31:46.000000', 'BCEID\ASKYWALKER', TIMESTAMP '2019-04-16 13:31:46.000000', 1);

INSERT INTO THE.OPENING_COMMENT_LINK (OPENING_ID, SILVICULTURE_COMMENT_ID) VALUES
(1009974, 2);

INSERT INTO THE.OPENING_LAND_STATUS (OPENING_ID, OPENING_LAND_STATUS_DATE, NP_UNN_AREA, NP_NAT_AREA, NP_FOR_AREA, NSR_NPL_AREA, NSR_NAT_AREA, NSR_PL_AREA, SR_ART_AREA, SR_NAT_AREA, MAT_AREA, FG_NORM_AREA, NC_BR_AREA, ENTRY_USERID, ENTRY_TIMESTAMP, UPDATE_USERID, UPDATE_TIMESTAMP, REVISION_COUNT) VALUES
(1009974, TIMESTAMP '2004-10-01 00:00:01.000000', 2.6, 0, 0, 0, 0, 25.5, 0, 0, 10.6, 0, 0, 'PT27854', TIMESTAMP '2005-08-30 15:08:50.000000', 'PT27854', TIMESTAMP '2005-08-30 15:08:50.000000', 1),
(1009974, TIMESTAMP '2005-05-04 15:03:21.000000', 2.6, 0, 0, 0, 0, 25.5, 0, 0, 10.6, 0, 0, 'BCEID\ASKYWALKER', TIMESTAMP '2005-05-04 15:03:21.000000', 'PT#26352', TIMESTAMP '2005-06-23 16:01:15.000000', 2),
(1009974, TIMESTAMP '2018-01-26 00:00:00.000000', 2.6, 0, 0, 0, 0, 0, 25.5, 0, 10.7, 25.5, 0, 'BCEID\ASKYWALKER', TIMESTAMP '2018-01-26 09:33:01.000000', 'BCEID\ASKYWALKER', TIMESTAMP '2018-01-26 09:33:01.000000', 1),
(1009974, TIMESTAMP '2008-09-12 14:02:42.000000', 2.6, 0, 0, 0, 0, 0, 25.5, 0, 10.7, 0, 0, 'BCEID\ASKYWALKER', TIMESTAMP '2008-09-12 14:02:42.000000', 'BCEID\ASKYWALKER', TIMESTAMP '2008-09-12 14:02:42.000000', 1);


INSERT INTO FOREST_COVER_LAYER (FOREST_COVER_ID,FOREST_COVER_LAYER_ID,FOREST_COVER_LAYER_CODE,STOCKING_TYPE_CODE,STOCKING_STATUS_CODE,TOTAL_STEMS_PER_HA,TOTAL_WELL_SPACED_STEMS_PER_HA,WELL_SPACED_STEMS_PER_HA,FREE_GROWING_STEMS_PER_HA,CROWN_CLOSURE_PCT,BASAL_AREA,ENTRY_USERID,ENTRY_TIMESTAMP,UPDATE_USERID,UPDATE_TIMESTAMP,REVISION_COUNT) VALUES
	 (3679046,4159969,'I',NULL,NULL,3462,NULL,NULL,NULL,28,NULL,'BCEID\DBRYANTWFP',TIMESTAMP'2018-01-26 09:33:01','BCEID\DBRYANTWFP',TIMESTAMP'2018-01-26 09:33:01',1),
	 (3679046,4159970,'S',NULL,NULL,NULL,1169,881,835,NULL,NULL,'BCEID\DBRYANTWFP',TIMESTAMP'2018-01-26 09:33:01','BCEID\DBRYANTWFP',TIMESTAMP'2018-01-26 09:33:01',1);

INSERT INTO FOREST_COVER_LAYER_SPECIES (FOREST_COVER_ID,FOREST_COVER_LAYER_ID,SPECIES_ORDER,TREE_SPECIES_CODE,TREE_SPECIES_PCT,AVG_AGE,AVG_HEIGHT,ENTRY_USERID,ENTRY_TIMESTAMP,UPDATE_USERID,UPDATE_TIMESTAMP,REVISION_COUNT) VALUES
	 (3679046,4159969,1,'CW',70,10,2.7,'BCEID\DBRYANTWFP',TIMESTAMP'2018-01-26 09:33:01','BCEID\DBRYANTWFP',TIMESTAMP'2018-01-26 09:33:01',1),
	 (3679046,4159969,2,'HW',20,11,2,'BCEID\DBRYANTWFP',TIMESTAMP'2018-01-26 09:33:01','BCEID\DBRYANTWFP',TIMESTAMP'2018-01-26 09:33:01',1),
	 (3679046,4159969,3,'BA',10,12,4,'BCEID\DBRYANTWFP',TIMESTAMP'2018-01-26 09:33:01','BCEID\DBRYANTWFP',TIMESTAMP'2018-01-26 09:33:01',1),
	 (3679046,4159970,1,'CW',76,10,2.8,'BCEID\DBRYANTWFP',TIMESTAMP'2018-01-26 09:33:01','BCEID\DBRYANTWFP',TIMESTAMP'2018-01-26 09:33:01',1),
	 (3679046,4159970,2,'HW',18,11,5,'BCEID\DBRYANTWFP',TIMESTAMP'2018-01-26 09:33:01','BCEID\DBRYANTWFP',TIMESTAMP'2018-01-26 09:33:01',1),
	 (3679046,4159970,3,'BA',5,NULL,NULL,'BCEID\DBRYANTWFP',TIMESTAMP'2018-01-26 09:33:01','BCEID\DBRYANTWFP',TIMESTAMP'2018-01-26 09:33:01',1),
	 (3679046,4159970,4,'FDC',1,8,1.8,'BCEID\DBRYANTWFP',TIMESTAMP'2018-01-26 09:33:01','BCEID\DBRYANTWFP',TIMESTAMP'2018-01-26 09:33:01',1);
