INSERT INTO OPENING (OPENING_ID,GEO_DISTRICT_NO,ADMIN_DISTRICT_NO,MAPSHEET_GRID,MAPSHEET_LETTER,MAPSHEET_SQUARE,MAPSHEET_QUAD,MAPSHEET_SUB_QUAD,OPENING_NUMBER,OPENING_LOCN_NAME,OPEN_CATEGORY_CODE,LICENSEE_OPENING_ID,TSB_NUMBER_CODE,OPENING_STATUS_CODE,ORG_UNIT_NO,DIST_ADMIN_ZONE,MAX_ALLOW_PERMNT_ACCESS_PCT,PREV_AGE_CLASS_CODE,PREV_SITE_INDEX,PREV_SITE_INDEX_SOURCE_CODE,PREV_HEIGHT_CLASS_CODE,PREV_SITE_CLASS_CODE,PREV_STOCKING_CLASS_CODE,PREV_STOCKING_STATUS_CODE,PREV_TREE_SPP1_CODE,PREV_TREE_SPP2_CODE,APP_ENT_BY_USERID,APPROVE_DATE,AMENDMENT_IND,RESULTS_SUBMISSION_ID,ENTRY_USERID,ENTRY_TIMESTAMP,UPDATE_USERID,UPDATE_TIMESTAMP,REVISION_COUNT) VALUES
	 (1480130,1,1,NULL,NULL,NULL,NULL,NULL,NULL,'Scott Test Opening','SPEX','Scott''s Test Opening',NULL,'APP',1,NULL,2,'6',25,'A','4',NULL,'3','MAT','BB','BG','IDIR\SKILLAM',TIMESTAMP'2012-09-26 00:00:00','N',NULL,'IDIR\SKILLAM',TIMESTAMP'2012-09-26 12:00:24','IDIR\CAROWOOD',TIMESTAMP'2025-04-02 12:06:47',30);

INSERT INTO CUT_BLOCK_OPEN_ADMIN (CUT_BLOCK_OPEN_ADMIN_ID,FOREST_FILE_ID,TIMBER_MARK,CUT_BLOCK_ID,CUTTING_PERMIT_ID,DISTURBANCE_GROSS_AREA,DISTURBANCE_START_DATE,DISTURBANCE_END_DATE,OPENING_ID,OPENING_GROSS_AREA,PLANNED_HARVEST_DATE,PLANNED_GROSS_BLOCK_AREA,PLANNED_NET_BLOCK_AREA,OPENING_PRIME_LICENCE_IND,CB_SKEY,REVISION_COUNT,ENTRY_USERID,ENTRY_TIMESTAMP,UPDATE_USERID,UPDATE_TIMESTAMP) VALUES
	 (379437,NULL,NULL,NULL,NULL,285,TIMESTAMP'2012-08-26 00:00:00',TIMESTAMP'2025-02-25 00:00:00',1480130,300,NULL,NULL,NULL,'Y',NULL,6,'IDIR\SKILLAM',TIMESTAMP'2012-09-26 12:00:25','IDIR\CAROWOOD',TIMESTAMP'2025-03-14 10:48:32');

INSERT INTO ACTIVITY_TREATMENT_UNIT (ACTIVITY_TREATMENT_UNIT_ID,ACTIVITY_TU_SEQ_NO,ORG_UNIT_NO,OPENING_ID,SILVICULTURE_PROJECT_ID,PROJECT_UNIT_ID,SILV_BASE_CODE,SILV_TECHNIQUE_CODE,SILV_METHOD_CODE,SILV_OBJECTIVE_CODE_1,SILV_OBJECTIVE_CODE_2,SILV_OBJECTIVE_CODE_3,SILV_FUND_SRCE_CODE,SILV_ACTIVITY_MEASUREMENT_CODE,ACTIVITY_LICENSEE_ID,TREATMENT_AMOUNT,ACTUAL_TREATMENT_COST,ACT_PLANTED_NO,PLAN_SILV_TECHNIQUE_CODE,PLAN_SILV_METHOD_CODE,PLAN_SILV_FUND_SRCE_CODE,PLANNED_DATE,PLANNED_TREATMENT_AMOUNT,PLANNED_TREATMENT_COST,PLAN_SILV_OBJECTIVE_CODE_1,PLAN_SILV_OBJECTIVE_CODE_2,PLAN_SILV_OBJECTIVE_CODE_3,TARGET_PREPARED_SPOTS,PRUNING_MIN_CROWN_PCT,PRUNE_HEIGHT,STEMS_TO_PRUNE,MIN_ACCEPTABLE_DENSITY,TOTAL_STEMS_PER_HA,INTER_TREE_TARGET_DISTANCE,INTER_TREE_VARIATION,INTER_TREE_MIN_DISTANCE,MAX_TREES_PER_PLOT,MAX_TREES_PER_HA,SURVEY_PLANNED_NUM_PLOTS,SURVEY_ACTUAL_NUM_PLOTS,SURVEY_MIN_PLOTS_PER_STRATUM,SILV_TREE_SPECIES_CODE,ATU_START_DATE,ATU_COMPLETION_DATE,RESULTS_IND,UNIT_BID_PRICE,FIA_PROJECT_ID,RESULTS_SUBMISSION_ID,DISTURBANCE_CODE,SILV_SYSTEM_CODE,SILV_SYSTEM_VARIANT_CODE,SILV_CUT_PHASE_CODE,CUT_BLOCK_OPEN_ADMIN_ID,DISTURBANCE_COMPLETED_IND,ENTRY_USERID,ENTRY_TIMESTAMP,UPDATE_USERID,UPDATE_TIMESTAMP,REVISION_COUNT) VALUES
	 (2817108,1,1,1480130,NULL,NULL,'DN',NULL,NULL,NULL,NULL,NULL,NULL,'HA','Scott test',280,NULL,NULL,NULL,NULL,NULL,NULL,NULL,NULL,NULL,NULL,NULL,NULL,NULL,NULL,NULL,NULL,NULL,NULL,NULL,NULL,NULL,NULL,NULL,NULL,NULL,NULL,TIMESTAMP'2012-08-26 00:00:00',TIMESTAMP'2012-08-27 00:00:00','Y',NULL,NULL,NULL,'B',NULL,NULL,NULL,NULL,'Y','IDIR\SKILLAM',TIMESTAMP'2012-09-26 12:01:23','IDIR\SKILLAM',TIMESTAMP'2012-09-26 12:01:23',1),
	 (4179285,2,1,1480130,NULL,NULL,'DN',NULL,NULL,NULL,NULL,NULL,NULL,'HA',NULL,5,NULL,NULL,NULL,NULL,NULL,NULL,NULL,NULL,NULL,NULL,NULL,NULL,NULL,NULL,NULL,NULL,NULL,NULL,NULL,NULL,NULL,NULL,NULL,NULL,NULL,NULL,TIMESTAMP'2024-03-17 00:00:00',TIMESTAMP'2025-02-25 00:00:00','Y',NULL,NULL,NULL,'L','CLEAR',NULL,'REMOV',NULL,'Y','IDIR\CAROWOOD',TIMESTAMP'2025-03-14 10:48:32','IDIR\CAROWOOD',TIMESTAMP'2025-03-14 10:48:32',1);

INSERT INTO STANDARDS_REGIME (STANDARDS_REGIME_ID,STANDARDS_REGIME_NAME,STANDARDS_REGIME_STATUS_CODE,SILV_STATUTE_CODE,STANDARDS_OBJECTIVE,GEOGRAPHIC_DESCRIPTION,MOF_DEFAULT_STANDARD_IND,REGEN_DELAY_OFFSET_YRS,REGEN_OBLIGATION_IND,NO_REGEN_EARLY_OFFSET_YRS,NO_REGEN_LATE_OFFSET_YRS,FREE_GROWING_EARLY_OFFSET_YRS,FREE_GROWING_LATE_OFFSET_YRS,APPROVED_BY_USERID,APPROVED_DATE,SUBMITTED_BY_USERID,SUBMITTED_DATE,EFFECTIVE_DATE,EXPIRY_DATE,ADDITIONAL_STANDARDS,REJECT_NOTE,ENTRY_USERID,ENTRY_TIMESTAMP,UPDATE_USERID,UPDATE_TIMESTAMP,REVISION_COUNT) VALUES
	 (36008,NULL,'APP',NULL,NULL,NULL,'N',3,'Y',NULL,NULL,8,11,'DATAFIX2006-06-07',TIMESTAMP'2006-06-08 11:53:59',NULL,TIMESTAMP'2004-06-02 11:21:26',TIMESTAMP'2004-01-09 00:00:00',NULL,'(ALL713) ; ALL SPECIES - MITD will be 2.0m with the following exceptions:  MITD will be 1.0m within 20m of the road centre line in areas of poor plantability associated with harvest activities.  The MITD can be reduced to 1.5m for any site series where productive and plantable sites are limited by site characteristics such as large blocky colluvium, hygric or sub hydric sites.  ; Site Series 01s.  YC based on trials near Port McNeill, limit YC leading stands to <10% of stands on this EA.  HW productivity is limited and should not exceed 20% of target stocking unless under a fertilization regime with multiple treatments, in which case HW may be preferred and S1ha standards apply.  ',NULL,'RESULTS_CNV',TIMESTAMP'2004-06-02 11:21:26','DATAFIX2006-06-07',TIMESTAMP'2006-06-08 11:53:59',3),
	 (1079794,'Caroline recent action Silva test','APP',NULL,NULL,NULL,'N',3,'Y',NULL,NULL,NULL,20,'IDIR\CAROWOOD',TIMESTAMP'2025-02-18 13:50:31','IDIR\CAROWOOD',TIMESTAMP'2025-02-18 13:49:33',NULL,NULL,'Test',NULL,'IDIR\CAROWOOD',TIMESTAMP'2025-02-18 13:47:37','IDIR\CAROWOOD',TIMESTAMP'2025-03-14 10:46:11',8);

INSERT INTO STOCKING_STANDARD_UNIT (STOCKING_STANDARD_UNIT_ID,OPENING_ID,STANDARDS_UNIT_ID,STANDARDS_REGIME_ID,NET_AREA,MAX_ALLOW_SOIL_DISTURBANCE_PCT,VARIANCE_IND,ENTRY_USERID,ENTRY_TIMESTAMP,UPDATE_USERID,UPDATE_TIMESTAMP,REVISION_COUNT) VALUES
	 (2411888,1480130,'C',1079794,5,5,'N','IDIR\CAROWOOD',TIMESTAMP'2025-03-14 10:46:37','IDIR\CAROWOOD',TIMESTAMP'2025-03-14 10:46:37',1),
	 (1795272,1480130,'A',36008,140,2,'Y','IDIR\SKILLAM',TIMESTAMP'2012-09-26 12:08:47','IDIR\CAROWOOD',TIMESTAMP'2025-02-03 17:18:44',3),
	 (1795273,1480130,'B',NULL,140,2,'N','IDIR\SKILLAM',TIMESTAMP'2012-09-26 12:09:10','IDIR\SKILLAM',TIMESTAMP'2012-09-26 12:09:10',3);

INSERT INTO STOCKING_MILESTONE (STOCKING_STANDARD_UNIT_ID,SILV_MILESTONE_TYPE_CODE,RESULTS_SUBMISSION_ID,DECLARED_DATE,DECLARED_USERID,DECLARE_IND,DECLARATION_SUBMITTED_DATE,EARLY_OFFSET_YEARS,LATE_OFFSET_YEARS,DUE_EARLY_DATE,DUE_LATE_DATE,ENTRY_USERID,ENTRY_TIMESTAMP,UPDATE_USERID,UPDATE_TIMESTAMP,REVISION_COUNT,EXTENT_FEASIBLE_DECLARED_IND) VALUES
	 (2411888,'FG',NULL,NULL,NULL,NULL,NULL,NULL,20,NULL,TIMESTAMP'2032-09-26 00:00:00','IDIR\CAROWOOD',TIMESTAMP'2025-03-14 10:46:37','IDIR\CAROWOOD',TIMESTAMP'2025-03-14 10:48:32',4,'N'),
	 (2411888,'PH',NULL,NULL,NULL,NULL,NULL,NULL,NULL,NULL,NULL,'IDIR\CAROWOOD',TIMESTAMP'2025-03-14 10:46:37','IDIR\CAROWOOD',TIMESTAMP'2025-03-14 10:48:32',4,'N'),
	 (2411888,'RG',NULL,NULL,NULL,NULL,NULL,NULL,3,NULL,TIMESTAMP'2015-09-26 00:00:00','IDIR\CAROWOOD',TIMESTAMP'2025-03-14 10:46:37','IDIR\CAROWOOD',TIMESTAMP'2025-03-14 10:48:32',4,'N'),
	 (1795272,'FG',NULL,NULL,NULL,NULL,NULL,8,11,TIMESTAMP'2020-09-26 00:00:00',TIMESTAMP'2023-09-26 00:00:00','IDIR\SKILLAM',TIMESTAMP'2012-09-26 12:08:48','IDIR\CAROWOOD',TIMESTAMP'2025-03-14 10:48:32',13,'N'),
	 (1795272,'PH',NULL,TIMESTAMP'2002-01-16 00:00:00','IDIR\CAROWOOD','Y',TIMESTAMP'2025-01-27 10:50:57',NULL,NULL,NULL,NULL,'IDIR\SKILLAM',TIMESTAMP'2012-09-26 12:08:48','IDIR\CAROWOOD',TIMESTAMP'2025-03-14 10:56:07',15,'N'),
	 (1795272,'RG',NULL,TIMESTAMP'2016-01-01 00:00:00','IDIR\CAROWOOD','Y',TIMESTAMP'2025-03-14 10:57:29',NULL,3,NULL,TIMESTAMP'2015-09-26 00:00:00','IDIR\SKILLAM',TIMESTAMP'2012-09-26 12:08:48','IDIR\CAROWOOD',TIMESTAMP'2025-03-14 10:58:08',15,'N'),
	 (1795273,'FG',NULL,NULL,NULL,NULL,NULL,NULL,20,NULL,TIMESTAMP'2032-09-26 00:00:00','IDIR\SKILLAM',TIMESTAMP'2012-09-26 12:09:10','IDIR\CAROWOOD',TIMESTAMP'2025-03-14 10:48:32',13,'N'),
	 (1795273,'PH',NULL,NULL,NULL,NULL,NULL,NULL,NULL,NULL,NULL,'IDIR\SKILLAM',TIMESTAMP'2012-09-26 12:09:10','IDIR\CAROWOOD',TIMESTAMP'2025-03-14 10:48:32',13,'N'),
	 (1795273,'RG',NULL,TIMESTAMP'2017-07-01 00:00:00','IDIR\CAROWOOD','Y',TIMESTAMP'2025-04-02 12:06:47',NULL,5,NULL,TIMESTAMP'2017-09-26 00:00:00','IDIR\SKILLAM',TIMESTAMP'2012-09-26 12:09:10','IDIR\CAROWOOD',TIMESTAMP'2025-04-02 12:06:47',14,'N');

INSERT INTO STOCKING_ECOLOGY (STOCKING_ECOLOGY_ID,OPENING_ID,STOCKING_STANDARD_UNIT_ID,BEC_REGION_CODE,BGC_ZONE_CODE,BGC_SUBZONE_CODE,BGC_VARIANT,BGC_PHASE,BEC_SITE_SERIES,BEC_SITE_TYPE,BEC_SERAL,ENTRY_USERID,ENTRY_TIMESTAMP,UPDATE_USERID,UPDATE_TIMESTAMP,REVISION_COUNT) VALUES
	 (1796867,1480130,1795272,NULL,'CWH','vm','1',NULL,'01',NULL,NULL,'IDIR\SKILLAM',TIMESTAMP'2012-09-26 12:08:48','IDIR\CAROWOOD',TIMESTAMP'2025-02-03 17:18:44',3),
	 (1796868,1480130,1795273,NULL,'CWH','mm','1',NULL,'05',NULL,NULL,'IDIR\SKILLAM',TIMESTAMP'2012-09-26 12:09:10','IDIR\SKILLAM',TIMESTAMP'2012-09-26 12:09:10',1),
	 (2411568,1480130,2411888,NULL,'CWH','vm','1',NULL,'01',NULL,NULL,'IDIR\CAROWOOD',TIMESTAMP'2025-03-14 10:46:37','IDIR\CAROWOOD',TIMESTAMP'2025-03-14 10:46:37',1);

INSERT INTO STOCKING_LAYER (STOCKING_LAYER_ID,STOCKING_STANDARD_UNIT_ID,OPENING_ID,STOCKING_LAYER_CODE,TARGET_STOCKING,RESIDUAL_BASAL_AREA,MIN_HORIZONTAL_DISTANCE,MIN_PREF_STOCKING_STANDARD,MIN_POST_SPACING,MIN_STOCKING_STANDARD,MAX_POST_SPACING,MAX_CONIFER,HGHT_RELATIVE_TO_COMP,TREE_SIZE_UNIT_CODE,ENTRY_USERID,ENTRY_TIMESTAMP,UPDATE_USERID,UPDATE_TIMESTAMP,REVISION_COUNT) VALUES
	 (2185039,1795272,1480130,'I',900,NULL,2,400,800,500,1200,10000,150,'%','IDIR\CAROWOOD',TIMESTAMP'2025-02-03 17:18:00','IDIR\CAROWOOD',TIMESTAMP'2025-02-03 17:18:00',1),
	 (1739328,1795273,1480130,'I',NULL,NULL,NULL,NULL,NULL,NULL,NULL,NULL,NULL,NULL,'IDIR\SKILLAM',TIMESTAMP'2012-09-26 12:09:10','IDIR\SKILLAM',TIMESTAMP'2012-09-26 12:09:10',1),
	 (2187601,2411888,1480130,'I',900,NULL,1.5,600,NULL,NULL,NULL,NULL,180,'CM','IDIR\CAROWOOD',TIMESTAMP'2025-03-14 10:46:37','IDIR\CAROWOOD',TIMESTAMP'2025-03-14 10:46:37',1);

INSERT INTO STOCKING_LAYER_SPECIES (STOCKING_LAYER_ID,SILV_TREE_SPECIES_CODE,SPECIES_ORDER,PREFERRED_IND,MIN_HEIGHT,ENTRY_USERID,ENTRY_TIMESTAMP,UPDATE_USERID,UPDATE_TIMESTAMP,REVISION_COUNT) VALUES
	 (2185039,'CW',1,'Y',1.5,'IDIR\CAROWOOD',TIMESTAMP'2025-02-03 17:18:00','IDIR\CAROWOOD',TIMESTAMP'2025-02-03 17:18:00',1),
	 (2185039,'HW',1,'N',2,'IDIR\CAROWOOD',TIMESTAMP'2025-02-03 17:18:00','IDIR\CAROWOOD',TIMESTAMP'2025-02-03 17:18:00',1),
	 (2185039,'YC',2,'Y',1.5,'IDIR\CAROWOOD',TIMESTAMP'2025-02-03 17:18:00','IDIR\CAROWOOD',TIMESTAMP'2025-02-03 17:18:00',1),
	 (2187601,'CW',1,'Y',1.5,'IDIR\CAROWOOD',TIMESTAMP'2025-03-14 10:46:37','IDIR\CAROWOOD',TIMESTAMP'2025-03-14 10:46:37',1),
	 (2187601,'FDC',2,'Y',1.8,'IDIR\CAROWOOD',TIMESTAMP'2025-03-14 10:46:37','IDIR\CAROWOOD',TIMESTAMP'2025-03-14 10:46:37',1);

INSERT INTO FOREST_COVER (FOREST_COVER_ID,OPENING_ID,STOCKING_STANDARD_UNIT_ID,SILV_POLYGON_NO,SILV_POLYGON_AREA,SILV_POLYGON_NET_AREA,STOCKING_CLASS_CODE,STOCKING_STATUS_CODE,STOCKING_TYPE_CODE,REFERENCE_YEAR,REENTRY_YEAR,SITE_CLASS_CODE,SITE_INDEX,SITE_INDEX_SOURCE_CODE,SILV_RESERVE_CODE,SILV_RESERVE_OBJECTIVE_CODE,TREE_SPECIES_CODE,TREE_COVER_PATTERN_CODE,RESULTS_SUBMISSION_ID,ENTRY_USERID,ENTRY_TIMESTAMP,UPDATE_USERID,UPDATE_TIMESTAMP,REVISION_COUNT) VALUES
	 (4656974,1480130,1795272,'A1',3,2.5,NULL,'IMM','ART',2020,NULL,NULL,22,'E',NULL,NULL,'AT',NULL,NULL,'IDIR\CAROWOOD',TIMESTAMP'2012-09-26 00:00:00','IDIR\CAROWOOD',TIMESTAMP'2025-04-25 09:31:55',2);

INSERT INTO OPENING_AMENDMENT_HISTORY (OPENING_ID,OPENING_AMENDMENT_NUMBER,AMENDMENT_USERID,AMENDMENT_DATE,SUBMITTED_BY_USERID,SUBMITTED_DATE,APP_ENT_BY_USERID,APPROVE_DATE,ENTRY_USERID,ENTRY_TIMESTAMP,UPDATE_USERID,UPDATE_TIMESTAMP,REVISION_COUNT) VALUES
	 (1480130,1,'IDIR\CAROWOOD',TIMESTAMP'2025-02-03 16:31:01','IDIR\CAROWOOD',TIMESTAMP'2025-02-03 16:53:50','IDIR\CAROWOOD',TIMESTAMP'2025-02-03 16:56:50','IDIR\CAROWOOD',TIMESTAMP'2025-02-03 16:31:01','IDIR\CAROWOOD',TIMESTAMP'2025-02-03 16:56:50',3),
	 (1480130,2,'IDIR\CAROWOOD',TIMESTAMP'2025-02-03 17:16:51','IDIR\CAROWOOD',TIMESTAMP'2025-02-03 17:21:55','IDIR\CAROWOOD',TIMESTAMP'2025-02-03 17:22:17','IDIR\CAROWOOD',TIMESTAMP'2025-02-03 17:16:51','IDIR\CAROWOOD',TIMESTAMP'2025-02-03 17:22:17',5),
	 (1480130,3,'IDIR\CAROWOOD',TIMESTAMP'2025-03-14 10:46:37',NULL,NULL,NULL,NULL,'IDIR\CAROWOOD',TIMESTAMP'2025-03-14 10:46:37','IDIR\CAROWOOD',TIMESTAMP'2025-03-14 10:46:37',1);

INSERT INTO STOCKING_EVENT_HISTORY (STOCKING_EVENT_HISTORY_ID,OPENING_ID,OPENING_AMENDMENT_ID,OPENING_AMENDMENT_NUMBER,RESULTS_AUDIT_ACTION_CODE,SUBMITTED_USERID,RESULTS_SUBMISSION_ID,AMEND_EVENT_TIMESTAMP,ENTRY_USERID,ENTRY_TIMESTAMP,REVISION_COUNT) VALUES
	 (1739158,1480130,1480130,1,'AMD','IDIR\SKILLAM',NULL,TIMESTAMP'2025-02-03 16:56:50','IDIR\SKILLAM',TIMESTAMP'2025-02-03 16:56:50',1),
	 (1739159,1480130,1480130,2,'AMD','IDIR\SKILLAM',NULL,TIMESTAMP'2025-02-03 17:22:17','IDIR\SKILLAM',TIMESTAMP'2025-02-03 17:22:17',1),
	 (1741496,1480130,1480130,3,'SPA','IDIR\CAROWOOD',NULL,TIMESTAMP'2025-03-14 10:46:37','IDIR\CAROWOOD',TIMESTAMP'2025-03-14 10:46:37',1),
	 (1524245,1480130,1480130,NULL,'COR','IDIR\SKILLAM',NULL,TIMESTAMP'2012-09-26 12:08:48','IDIR\SKILLAM',TIMESTAMP'2012-09-26 12:08:48',1);

INSERT INTO RESULTS_AUDIT_EVENT (RESULTS_AUDIT_EVENT_ID,OPENING_ID,STANDARDS_REGIME_ID,SILVICULTURE_PROJECT_ID,RESULTS_AUDIT_ACTION_CODE,ACTION_DATE,DESCRIPTION,USER_ID,EMAIL_SENT_IND,XML_SUBMISSION_ID,OPENING_AMENDMENT_NUMBER,ENTRY_USERID,ENTRY_TIMESTAMP) VALUES
	 (2579921,1480130,NULL,NULL,'UPD',TIMESTAMP'2012-09-26 12:00:24','Opening/Tenure Online Entry',NULL,'N',NULL,NULL,'IDIR\SKILLAM',TIMESTAMP'2012-09-26 12:00:24'),
	 (2579922,1480130,NULL,NULL,'UPD',TIMESTAMP'2012-09-26 12:01:23','Opening/related details were modified.',NULL,'N',NULL,NULL,'IDIR\SKILLAM',TIMESTAMP'2012-09-26 12:01:23'),
	 (2579928,1480130,NULL,NULL,'COR',TIMESTAMP'2012-09-26 12:08:47','Stocking information added.',NULL,'N',NULL,NULL,'IDIR\SKILLAM',TIMESTAMP'2012-09-26 12:08:47'),
	 (2579929,1480130,NULL,NULL,'MIL',TIMESTAMP'2012-09-26 12:08:48','Milestone was modified.',NULL,'N',NULL,NULL,'IDIR\SKILLAM',TIMESTAMP'2012-09-26 12:08:48'),
	 (2579930,1480130,NULL,NULL,'COR',TIMESTAMP'2012-09-26 12:09:10','Stocking information added.',NULL,'N',NULL,NULL,'IDIR\SKILLAM',TIMESTAMP'2012-09-26 12:09:10'),
	 (2579931,1480130,NULL,NULL,'MIL',TIMESTAMP'2012-09-26 12:09:10','Milestone was modified.',NULL,'N',NULL,NULL,'IDIR\SKILLAM',TIMESTAMP'2012-09-26 12:09:10'),
	 (2579933,1480130,NULL,NULL,'ES',TIMESTAMP'2012-09-26 12:10:13','Forest Cover Polygon No. A (Id=2717529)',NULL,'Y',1144730,NULL,'IDIR\SKILLAM',TIMESTAMP'2012-09-26 12:10:13'),
	 (2579934,1480130,NULL,NULL,'ES',TIMESTAMP'2012-09-26 12:10:13','Forest Cover Polygon No. B (Id=2717530)',NULL,'Y',1144730,NULL,'IDIR\SKILLAM',TIMESTAMP'2012-09-26 12:10:13'),
	 (2579935,1480130,NULL,NULL,'ES',TIMESTAMP'2012-09-26 12:10:13','Forest Cover Polygon No. W (Id=2717531)',NULL,'Y',1144730,NULL,'IDIR\SKILLAM',TIMESTAMP'2012-09-26 12:10:13'),
	 (2579953,1480130,NULL,NULL,'UPD',TIMESTAMP'2012-09-26 12:35:20','Opening/Tenure Online Entry',NULL,'N',NULL,NULL,'IDIR\SKILLAM',TIMESTAMP'2012-09-26 12:35:20'),
	 (2579954,1480130,NULL,NULL,'MIL',TIMESTAMP'2012-09-26 12:35:21','Opening/related details were modified.',NULL,'N',NULL,NULL,'IDIR\SKILLAM',TIMESTAMP'2012-09-26 12:35:21'),
	 (2579955,1480130,NULL,NULL,'DEL',TIMESTAMP'2012-09-26 12:35:46','Delete forest cover geometry for opening id 1480130',NULL,'N',NULL,NULL,'IDIR\SKILLAM',TIMESTAMP'2012-09-26 12:35:46'),
	 (2579956,1480130,NULL,NULL,'DEL',TIMESTAMP'2012-09-26 12:35:46','Delete forest cover geometry for opening id 1480130',NULL,'N',NULL,NULL,'IDIR\SKILLAM',TIMESTAMP'2012-09-26 12:35:46'),
	 (2579957,1480130,NULL,NULL,'DEL',TIMESTAMP'2012-09-26 12:35:46','Delete forest cover geometry for opening id 1480130',NULL,'N',NULL,NULL,'IDIR\SKILLAM',TIMESTAMP'2012-09-26 12:35:46'),
	 (2579958,1480130,NULL,NULL,'DEL',TIMESTAMP'2012-09-26 12:35:46','Delete forest cover for opening id 1480130',NULL,'N',NULL,NULL,'IDIR\SKILLAM',TIMESTAMP'2012-09-26 12:35:46'),
	 (2579976,1480130,NULL,NULL,'ES',TIMESTAMP'2012-09-26 13:01:36','Forest Cover Polygon No. A (Id=2717564)',NULL,'Y',1144735,NULL,'IDIR\SKILLAM',TIMESTAMP'2012-09-26 13:01:36'),
	 (2579977,1480130,NULL,NULL,'ES',TIMESTAMP'2012-09-26 13:01:36','Forest Cover Polygon No. B (Id=2717565)',NULL,'Y',1144735,NULL,'IDIR\SKILLAM',TIMESTAMP'2012-09-26 13:01:36'),
	 (2579978,1480130,NULL,NULL,'ES',TIMESTAMP'2012-09-26 13:01:36','Forest Cover Polygon No. W (Id=2717566)',NULL,'Y',1144735,NULL,'IDIR\SKILLAM',TIMESTAMP'2012-09-26 13:01:36'),
	 (2580349,1480130,NULL,NULL,'DEL',TIMESTAMP'2012-09-27 00:45:20','Delete forest cover geometry for opening id 1480130',NULL,'N',NULL,NULL,'IDIR\SKILLAM',TIMESTAMP'2012-09-27 00:45:22'),
	 (2580350,1480130,NULL,NULL,'DEL',TIMESTAMP'2012-09-27 00:46:07','Delete forest cover geometry for opening id 1480130',NULL,'N',NULL,NULL,'IDIR\SKILLAM',TIMESTAMP'2012-09-27 00:46:07');
INSERT INTO RESULTS_AUDIT_EVENT (RESULTS_AUDIT_EVENT_ID,OPENING_ID,STANDARDS_REGIME_ID,SILVICULTURE_PROJECT_ID,RESULTS_AUDIT_ACTION_CODE,ACTION_DATE,DESCRIPTION,USER_ID,EMAIL_SENT_IND,XML_SUBMISSION_ID,OPENING_AMENDMENT_NUMBER,ENTRY_USERID,ENTRY_TIMESTAMP) VALUES
	 (2580351,1480130,NULL,NULL,'DEL',TIMESTAMP'2012-09-27 00:46:07','Delete forest cover geometry for opening id 1480130',NULL,'N',NULL,NULL,'IDIR\SKILLAM',TIMESTAMP'2012-09-27 00:46:07'),
	 (2580352,1480130,NULL,NULL,'DEL',TIMESTAMP'2012-09-27 00:46:08','Delete forest cover for opening id 1480130',NULL,'N',NULL,NULL,'IDIR\SKILLAM',TIMESTAMP'2012-09-27 00:46:08'),
	 (5861133,1480130,NULL,NULL,'MIL',TIMESTAMP'2025-01-27 10:50:57','Milestone was modified.',NULL,'N',NULL,NULL,'IDIR\CAROWOOD',TIMESTAMP'2025-01-27 10:50:57'),
	 (5861137,1480130,NULL,NULL,'MIL',TIMESTAMP'2025-01-27 10:51:40','Opening/related details were modified.',NULL,'N',NULL,NULL,'IDIR\CAROWOOD',TIMESTAMP'2025-01-27 10:51:40'),
	 (5861136,1480130,NULL,NULL,'UPD',TIMESTAMP'2025-01-27 10:51:40','Opening/Tenure Online Entry',NULL,'N',NULL,NULL,'IDIR\CAROWOOD',TIMESTAMP'2025-01-27 10:51:40'),
	 (5861138,1480130,NULL,NULL,'MIL',TIMESTAMP'2025-01-27 10:51:41','Opening/related details were modified.',NULL,'N',NULL,NULL,'IDIR\CAROWOOD',TIMESTAMP'2025-01-27 10:51:41'),
	 (5870345,1480130,NULL,NULL,'AMD',TIMESTAMP'2025-02-03 16:31:01','Opening Amended.',NULL,'N',NULL,1,'IDIR\CAROWOOD',TIMESTAMP'2025-02-03 16:31:01'),
	 (5870367,1480130,NULL,NULL,'SUB',TIMESTAMP'2025-02-03 16:53:50','Opening is submitted for review.',NULL,'N',NULL,1,'IDIR\CAROWOOD',TIMESTAMP'2025-02-03 16:53:50'),
	 (5870368,1480130,NULL,NULL,'APP',TIMESTAMP'2025-02-03 16:56:46','Opening is approved.',NULL,'N',NULL,1,'IDIR\CAROWOOD',TIMESTAMP'2025-02-03 16:56:46'),
	 (5870385,1480130,NULL,NULL,'AMD',TIMESTAMP'2025-02-03 17:16:51','Opening Amended.',NULL,'N',NULL,2,'IDIR\CAROWOOD',TIMESTAMP'2025-02-03 17:16:51'),
	 (5870386,1480130,NULL,NULL,'SUB',TIMESTAMP'2025-02-03 17:20:01','Opening is submitted for review.',NULL,'N',NULL,2,'IDIR\CAROWOOD',TIMESTAMP'2025-02-03 17:20:01'),
	 (5870387,1480130,NULL,NULL,'REJ',TIMESTAMP'2025-02-03 17:20:50','Opening amendment is rejected, status set back to AMD(amended). Rejection note contents: TEST - Caroline Wood',NULL,'N',NULL,2,'IDIR\CAROWOOD',TIMESTAMP'2025-02-03 17:20:50'),
	 (5870388,1480130,NULL,NULL,'SUB',TIMESTAMP'2025-02-03 17:21:55','Opening is submitted for review.',NULL,'N',NULL,2,'IDIR\CAROWOOD',TIMESTAMP'2025-02-03 17:21:55'),
	 (5870390,1480130,NULL,NULL,'APP',TIMESTAMP'2025-02-03 17:22:12','Opening is approved.',NULL,'N',NULL,2,'IDIR\CAROWOOD',TIMESTAMP'2025-02-03 17:22:12'),
	 (5870395,1480130,NULL,NULL,'MIL',TIMESTAMP'2025-02-03 17:22:17','Milestone was modified.',NULL,'N',NULL,NULL,'IDIR\CAROWOOD',TIMESTAMP'2025-02-03 17:22:17'),
	 (5917369,1480130,NULL,NULL,'MIL',TIMESTAMP'2025-03-14 10:45:06','Opening/related details were modified.',NULL,'N',NULL,NULL,'IDIR\CAROWOOD',TIMESTAMP'2025-03-14 10:45:06'),
	 (5917368,1480130,NULL,NULL,'UPD',TIMESTAMP'2025-03-14 10:45:06','Opening/Tenure Online Entry',NULL,'N',NULL,NULL,'IDIR\CAROWOOD',TIMESTAMP'2025-03-14 10:45:06'),
	 (5917371,1480130,NULL,NULL,'SPA',TIMESTAMP'2025-03-14 10:46:37','Stocking information added.',NULL,'N',NULL,3,'IDIR\CAROWOOD',TIMESTAMP'2025-03-14 10:46:37'),
	 (5917382,1480130,NULL,NULL,'UPD',TIMESTAMP'2025-03-14 10:48:32','Opening/related details were modified.',NULL,'N',NULL,NULL,'IDIR\CAROWOOD',TIMESTAMP'2025-03-14 10:48:32'),
	 (5917402,1480130,NULL,NULL,'MIL',TIMESTAMP'2025-03-14 10:56:07','Milestone was modified.',NULL,'N',NULL,NULL,'IDIR\CAROWOOD',TIMESTAMP'2025-03-14 10:56:07');
INSERT INTO RESULTS_AUDIT_EVENT (RESULTS_AUDIT_EVENT_ID,OPENING_ID,STANDARDS_REGIME_ID,SILVICULTURE_PROJECT_ID,RESULTS_AUDIT_ACTION_CODE,ACTION_DATE,DESCRIPTION,USER_ID,EMAIL_SENT_IND,XML_SUBMISSION_ID,OPENING_AMENDMENT_NUMBER,ENTRY_USERID,ENTRY_TIMESTAMP) VALUES
	 (5917403,1480130,NULL,NULL,'MIL',TIMESTAMP'2025-03-14 10:57:29','Milestone was modified.',NULL,'N',NULL,NULL,'IDIR\CAROWOOD',TIMESTAMP'2025-03-14 10:57:29'),
	 (5917405,1480130,NULL,NULL,'MIL',TIMESTAMP'2025-03-14 10:58:08','Milestone was modified.',NULL,'N',NULL,NULL,'IDIR\CAROWOOD',TIMESTAMP'2025-03-14 10:58:08'),
	 (5940503,1480130,NULL,NULL,'MIL',TIMESTAMP'2025-04-02 12:05:20','Opening/related details were modified.',NULL,'N',NULL,NULL,'IDIR\CAROWOOD',TIMESTAMP'2025-04-02 12:05:20'),
	 (5940502,1480130,NULL,NULL,'UPD',TIMESTAMP'2025-04-02 12:05:20','Opening/Tenure Online Entry',NULL,'N',NULL,NULL,'IDIR\CAROWOOD',TIMESTAMP'2025-04-02 12:05:20'),
	 (5940504,1480130,NULL,NULL,'MIL',TIMESTAMP'2025-04-02 12:06:47','Milestone was modified.',NULL,'N',NULL,NULL,'IDIR\CAROWOOD',TIMESTAMP'2025-04-02 12:06:47');

INSERT INTO FOREST_COVER_NON_MAPPED_AREA (FOREST_COVER_ID,NON_MAPPED_AREA_ID,NON_MAPPED_AREA,STOCKING_STATUS_CODE,STOCKING_TYPE_CODE,REVISION_COUNT) VALUES
	 (4656974,'R',0.5,'NP','RD',1);

INSERT INTO FOREST_COVER_LAYER (FOREST_COVER_ID,FOREST_COVER_LAYER_ID,FOREST_COVER_LAYER_CODE,STOCKING_TYPE_CODE,STOCKING_STATUS_CODE,TOTAL_STEMS_PER_HA,TOTAL_WELL_SPACED_STEMS_PER_HA,WELL_SPACED_STEMS_PER_HA,FREE_GROWING_STEMS_PER_HA,CROWN_CLOSURE_PCT,BASAL_AREA,ENTRY_USERID,ENTRY_TIMESTAMP,UPDATE_USERID,UPDATE_TIMESTAMP,REVISION_COUNT) VALUES
	 (4656974,5057982,'I',NULL,NULL,500,450,NULL,NULL,NULL,NULL,'IDIR\CAROWOOD',TIMESTAMP'2025-04-25 09:31:55','IDIR\CAROWOOD',TIMESTAMP'2025-04-25 09:31:55',1),
	 (4656974,5057983,'S',NULL,NULL,NULL,450,400,NULL,NULL,NULL,'IDIR\CAROWOOD',TIMESTAMP'2025-04-25 09:31:55','IDIR\CAROWOOD',TIMESTAMP'2025-04-25 09:31:55',1);

INSERT INTO FOREST_COVER_LAYER_SPECIES (FOREST_COVER_ID,FOREST_COVER_LAYER_ID,SPECIES_ORDER,TREE_SPECIES_CODE,TREE_SPECIES_PCT,AVG_AGE,AVG_HEIGHT,ENTRY_USERID,ENTRY_TIMESTAMP,UPDATE_USERID,UPDATE_TIMESTAMP,REVISION_COUNT) VALUES
	 (4656974,5057982,1,'AT',70,2,0.5,'IDIR\CAROWOOD',TIMESTAMP'2025-04-25 09:31:55','IDIR\CAROWOOD',TIMESTAMP'2025-04-25 09:31:55',1),
	 (4656974,5057982,2,'BG',30,3,0.6,'IDIR\CAROWOOD',TIMESTAMP'2025-04-25 09:31:55','IDIR\CAROWOOD',TIMESTAMP'2025-04-25 09:31:55',1),
	 (4656974,5057983,1,'BA',50,3,0.7,'IDIR\CAROWOOD',TIMESTAMP'2025-04-25 09:31:55','IDIR\CAROWOOD',TIMESTAMP'2025-04-25 09:31:55',1),
	 (4656974,5057983,2,'BG',50,3,0.6,'IDIR\CAROWOOD',TIMESTAMP'2025-04-25 09:31:55','IDIR\CAROWOOD',TIMESTAMP'2025-04-25 09:31:55',1);
