INSERT INTO RESULTS_ELECTRONIC_SUBMISSION (RESULTS_SUBMISSION_ID,SUBMISSION_TIMESTAMP,SUBMITTED_BY,CLIENT_NUMBER,CLIENT_LOCN_CODE,ORG_UNIT_NO,USER_FILENAME,USER_REFERENCE,ENTRY_USERID,ENTRY_TIMESTAMP,UPDATE_USERID,UPDATE_TIMESTAMP,REVISION_COUNT) VALUES
	 (360843,TIMESTAMP'2007-07-23 00:00:00','IDIR\SMSWITZE',NULL,NULL,14,'2007y07m23dt16h26m16 546s.xml',NULL,'IDIR\SMSWITZE',TIMESTAMP'2007-07-23 09:36:35','&&datafix_userid',TIMESTAMP'2014-06-28 11:49:37',2),
	 (856621,TIMESTAMP'2010-11-04 00:00:00','IDIR\JOASHDOW','00010008','00',14,'2010y11m03dt19h01m57_625s_xml.zip',NULL,'IDIR\JOASHDOW',TIMESTAMP'2010-11-04 15:31:16','&&datafix_userid',TIMESTAMP'2014-06-28 11:49:37',2),
	 (737018,TIMESTAMP'2009-11-04 00:00:00','IDIR\JOASHDOW','00010008','00',14,'2009y11m04dt18h54m32.140s.xml',NULL,'IDIR\JOASHDOW',TIMESTAMP'2009-11-04 10:30:44','&&datafix_userid',TIMESTAMP'2014-06-28 11:49:37',2),
	 (497605,TIMESTAMP'2008-08-22 00:00:00','IDIR\JOASHDOW','00010008','00',14,'2008y08m22dt21h28m36.796s.xml',NULL,'IDIR\JOASHDOW',TIMESTAMP'2008-08-22 14:17:32','&&datafix_userid',TIMESTAMP'2014-06-28 11:49:37',2),
	 (289407,TIMESTAMP'2006-12-22 00:00:00','IDIR\KADUFFY',NULL,NULL,14,'2006y12m22dt16h50m35.531s.xml',NULL,'IDIR\KADUFFY',TIMESTAMP'2006-12-22 10:11:09','&&datafix_userid',TIMESTAMP'2014-06-28 11:49:37',2),
	 (853898,TIMESTAMP'2010-10-25 00:00:00','IDIR\JOASHDOW','00010008','00',14,'2010y10m25dt19h44m16.843s.xml',NULL,'IDIR\JOASHDOW',TIMESTAMP'2010-10-25 12:53:13','&&datafix_userid',TIMESTAMP'2014-06-28 11:49:37',2),
	 (473612,TIMESTAMP'2008-05-22 00:00:00','IDIR\JOASHDOW','00010008','00',14,'2008y05m22dt21h59m37.687s.xml',NULL,'IDIR\JOASHDOW',TIMESTAMP'2008-05-22 14:57:33','&&datafix_userid',TIMESTAMP'2014-06-28 11:49:37',2);

INSERT INTO OPENING (OPENING_ID,GEO_DISTRICT_NO,ADMIN_DISTRICT_NO,MAPSHEET_GRID,MAPSHEET_LETTER,MAPSHEET_SQUARE,MAPSHEET_QUAD,MAPSHEET_SUB_QUAD,OPENING_NUMBER,OPENING_LOCN_NAME,OPEN_CATEGORY_CODE,LICENSEE_OPENING_ID,TSB_NUMBER_CODE,OPENING_STATUS_CODE,ORG_UNIT_NO,DIST_ADMIN_ZONE,MAX_ALLOW_PERMNT_ACCESS_PCT,PREV_AGE_CLASS_CODE,PREV_SITE_INDEX,PREV_SITE_INDEX_SOURCE_CODE,PREV_HEIGHT_CLASS_CODE,PREV_SITE_CLASS_CODE,PREV_STOCKING_CLASS_CODE,PREV_STOCKING_STATUS_CODE,PREV_TREE_SPP1_CODE,PREV_TREE_SPP2_CODE,APP_ENT_BY_USERID,APPROVE_DATE,AMENDMENT_IND,RESULTS_SUBMISSION_ID,ENTRY_USERID,ENTRY_TIMESTAMP,UPDATE_USERID,UPDATE_TIMESTAMP,REVISION_COUNT) VALUES
	 (1092357,12,14,' 82','F','025','0','0',' 229','YM','EXCLU','160052638',NULL,'RET',14,NULL,7,'5',12,'H','2',NULL,'0','IMM','BL','SX',NULL,TIMESTAMP'2006-12-22 10:11:09',NULL,289407,'IDIR\KADUFFY',TIMESTAMP'2006-12-22 10:11:09','DATAFIX_LOB38870',TIMESTAMP'2015-05-06 16:41:14',27);

INSERT INTO TIMBER_MARK (TIMBER_MARK,FOREST_FILE_ID,CUTTING_PERMIT_ID,FOREST_DISTRICT,GEOGRAPHIC_DISTRCT,CASCADE_SPLIT_CODE,QUOTA_TYPE_CODE,DECIDUOUS_IND,CATASTROPHIC_IND,CROWN_GRANTED_IND,CRUISE_BASED_IND,CERTIFICATE,HDBS_TIMBER_MARK,VM_TIMBER_MARK,TENURE_TERM,BCAA_FOLIO_NUMBER,ACTIVATED_USERID,AMENDED_USERID,DISTRICT_ADMN_ZONE,GRANTED_ACQRD_DATE,LANDS_REGION,CROWN_GRANTED_ACQ_DESC,MARK_STATUS_ST,MARK_STATUS_DATE,MARK_AMEND_DATE,MARK_APPL_DATE,MARK_CANCEL_DATE,MARK_EXTEND_DATE,MARK_EXTEND_RSN_CD,MARK_EXTEND_COUNT,MARK_ISSUE_DATE,MARK_EXPIRY_DATE,MARKNG_INSTRMNT_CD,MARKING_METHOD_CD,ENTRY_USERID,ENTRY_TIMESTAMP,UPDATE_USERID,UPDATE_TIMESTAMP,REVISION_COUNT,SMALL_PATCH_SALVAGE_IND,SALVAGE_TYPE_CODE) VALUES
	 ('77623','A77623',' ',14,12,'E','D','N','N','N','N',NULL,'77623','77623',12,NULL,NULL,NULL,'1',NULL,'4',NULL,'HC',TIMESTAMP'2008-07-28 00:00:00',NULL,NULL,NULL,TIMESTAMP'2007-12-14 00:00:00','X',1,TIMESTAMP'2005-12-15 00:00:00',TIMESTAMP'2006-12-14 00:00:00','H','4','IDIR\DMcMulli',TIMESTAMP'2005-11-03 13:18:10','IDIR\HEDOMINE',TIMESTAMP'2008-07-28 13:16:27',12,'N',NULL);

INSERT INTO CUT_BLOCK (CB_SKEY,HVA_SKEY,FOREST_FILE_ID,CUTTING_PERMIT_ID,TIMBER_MARK,CUT_BLOCK_ID,SP_EXEMPT_IND,BLOCK_STATUS_DATE,CUT_BLOCK_DESCRIPTION,CUT_REGULATION_CODE,BLOCK_STATUS_ST,REFOREST_DECLARE_TYPE_CODE,REVISION_COUNT,ENTRY_USERID,ENTRY_TIMESTAMP,UPDATE_USERID,UPDATE_TIMESTAMP,IS_WASTE_ASSESSMENT_REQUIRED,CUT_BLOCK_GUID,FIRE_HARVESTING_REASON_CODE,IS_UNDER_PARTITION_ORDER,REPORTED_FIRE_DATE) VALUES
	 (5321,79707,'A77623',' ','77623','2','N',TIMESTAMP'2007-07-23 09:36:43','Ymir',NULL,'S',NULL,6,'IDIR\DMcMulli',TIMESTAMP'2005-11-03 13:18:10','IDIR\KCSMITH',TIMESTAMP'2012-01-26 15:18:01','U','B9B0909DF776645AE05332B3228EA5A5',NULL,NULL,NULL);

INSERT INTO CUT_BLOCK_CLIENT (CBLK_CLIENT_SKEY,CB_SKEY,CUT_BLOCK_CLIENT_TYPE_CODE,LICENSEE_START_DATE,LICENSEE_END_DATE,CLIENT_LOCN_CODE,CLIENT_NUMBER,REVISION_COUNT,ENTRY_USERID,ENTRY_TIMESTAMP,UPDATE_USERID,UPDATE_TIMESTAMP) VALUES
	 (391376,5321,'O',TIMESTAMP'2009-09-22 00:00:00',NULL,'00','00010008',1,'Datafix111603',TIMESTAMP'2009-09-22 14:11:26','Datafix111603',TIMESTAMP'2009-09-22 14:11:26');

INSERT INTO CUT_BLOCK_OPEN_ADMIN (CUT_BLOCK_OPEN_ADMIN_ID,FOREST_FILE_ID,TIMBER_MARK,CUT_BLOCK_ID,CUTTING_PERMIT_ID,DISTURBANCE_GROSS_AREA,DISTURBANCE_START_DATE,DISTURBANCE_END_DATE,OPENING_ID,OPENING_GROSS_AREA,PLANNED_HARVEST_DATE,PLANNED_GROSS_BLOCK_AREA,PLANNED_NET_BLOCK_AREA,OPENING_PRIME_LICENCE_IND,CB_SKEY,REVISION_COUNT,ENTRY_USERID,ENTRY_TIMESTAMP,UPDATE_USERID,UPDATE_TIMESTAMP) VALUES
	 (268177,'A77623','77623','2',' ',51.1,TIMESTAMP'2006-06-16 00:00:00',TIMESTAMP'2007-05-01 00:00:00',1092357,56.8,TIMESTAMP'2006-01-30 00:00:00',56.9797,54.2,'Y',5321,5,'IDIR\DMcMulli',TIMESTAMP'2005-11-03 13:18:10','IDIR\SMSWITZE',TIMESTAMP'2007-07-23 09:36:43');

INSERT INTO ACTIVITY_TREATMENT_UNIT (ACTIVITY_TREATMENT_UNIT_ID,ACTIVITY_TU_SEQ_NO,ORG_UNIT_NO,OPENING_ID,SILVICULTURE_PROJECT_ID,PROJECT_UNIT_ID,SILV_BASE_CODE,SILV_TECHNIQUE_CODE,SILV_METHOD_CODE,SILV_OBJECTIVE_CODE_1,SILV_OBJECTIVE_CODE_2,SILV_OBJECTIVE_CODE_3,SILV_FUND_SRCE_CODE,SILV_ACTIVITY_MEASUREMENT_CODE,ACTIVITY_LICENSEE_ID,TREATMENT_AMOUNT,ACTUAL_TREATMENT_COST,ACT_PLANTED_NO,PLAN_SILV_TECHNIQUE_CODE,PLAN_SILV_METHOD_CODE,PLAN_SILV_FUND_SRCE_CODE,PLANNED_DATE,PLANNED_TREATMENT_AMOUNT,PLANNED_TREATMENT_COST,PLAN_SILV_OBJECTIVE_CODE_1,PLAN_SILV_OBJECTIVE_CODE_2,PLAN_SILV_OBJECTIVE_CODE_3,TARGET_PREPARED_SPOTS,PRUNING_MIN_CROWN_PCT,PRUNE_HEIGHT,STEMS_TO_PRUNE,MIN_ACCEPTABLE_DENSITY,TOTAL_STEMS_PER_HA,INTER_TREE_TARGET_DISTANCE,INTER_TREE_VARIATION,INTER_TREE_MIN_DISTANCE,MAX_TREES_PER_PLOT,MAX_TREES_PER_HA,SURVEY_PLANNED_NUM_PLOTS,SURVEY_ACTUAL_NUM_PLOTS,SURVEY_MIN_PLOTS_PER_STRATUM,SILV_TREE_SPECIES_CODE,ATU_START_DATE,ATU_COMPLETION_DATE,RESULTS_IND,UNIT_BID_PRICE,FIA_PROJECT_ID,RESULTS_SUBMISSION_ID,DISTURBANCE_CODE,SILV_SYSTEM_CODE,SILV_SYSTEM_VARIANT_CODE,SILV_CUT_PHASE_CODE,CUT_BLOCK_OPEN_ADMIN_ID,DISTURBANCE_COMPLETED_IND,ENTRY_USERID,ENTRY_TIMESTAMP,UPDATE_USERID,UPDATE_TIMESTAMP,REVISION_COUNT) VALUES
	 (1937230,1,14,1092357,NULL,NULL,'DN',NULL,NULL,NULL,NULL,NULL,NULL,'HA','160093453',28.9,NULL,NULL,NULL,NULL,NULL,NULL,NULL,NULL,NULL,NULL,NULL,NULL,NULL,NULL,NULL,NULL,NULL,NULL,NULL,NULL,NULL,NULL,NULL,NULL,NULL,NULL,TIMESTAMP'2006-06-16 00:00:00',TIMESTAMP'2007-05-01 00:00:00','Y',NULL,NULL,360843,'L','CCRES',NULL,'REMOV',268177,'N','IDIR\SMSWITZE',TIMESTAMP'2007-07-23 09:36:43','&&datafix_userid',TIMESTAMP'2014-06-28 09:36:12',2),
	 (1937231,2,14,1092357,NULL,NULL,'DN',NULL,NULL,NULL,NULL,NULL,NULL,'HA','160093454',22.2,NULL,NULL,NULL,NULL,NULL,NULL,NULL,NULL,NULL,NULL,NULL,NULL,NULL,NULL,NULL,NULL,NULL,NULL,NULL,NULL,NULL,NULL,NULL,NULL,NULL,NULL,TIMESTAMP'2006-06-16 00:00:00',TIMESTAMP'2007-05-01 00:00:00','Y',NULL,NULL,360843,'L','CCRES',NULL,'REMOV',268177,'N','IDIR\SMSWITZE',TIMESTAMP'2007-07-23 09:36:43','&&datafix_userid',TIMESTAMP'2014-06-28 09:36:12',2),
	 (2500695,7,14,1092357,NULL,NULL,'PL','FP','CTAIN','CE',NULL,NULL,'BCT','HA','161770574',42.6,NULL,26300,NULL,NULL,NULL,NULL,NULL,NULL,NULL,NULL,NULL,NULL,NULL,NULL,NULL,NULL,NULL,NULL,NULL,NULL,NULL,NULL,NULL,NULL,NULL,NULL,NULL,TIMESTAMP'2010-06-18 00:00:00','Y',NULL,NULL,856621,NULL,NULL,NULL,NULL,NULL,NULL,'IDIR\JOASHDOW',TIMESTAMP'2010-11-04 15:31:17','&&datafix_userid',TIMESTAMP'2014-06-28 09:36:12',18),
	 (2500696,8,14,1092357,NULL,NULL,'SU','PL','PLOT',NULL,NULL,NULL,'BCT','HA','162079774',42.6,NULL,NULL,NULL,NULL,NULL,NULL,NULL,NULL,NULL,NULL,NULL,NULL,NULL,NULL,NULL,NULL,NULL,NULL,NULL,NULL,NULL,NULL,NULL,NULL,NULL,NULL,NULL,TIMESTAMP'2010-06-18 00:00:00','Y',NULL,NULL,856621,NULL,NULL,NULL,NULL,NULL,NULL,'IDIR\JOASHDOW',TIMESTAMP'2010-11-04 15:31:17','&&datafix_userid',TIMESTAMP'2014-06-28 09:36:12',2),
	 (2350866,6,14,1092357,NULL,NULL,'SU','RE','WALK',NULL,NULL,NULL,'BCT','HA','161535260',51.1,NULL,NULL,NULL,NULL,NULL,NULL,NULL,NULL,NULL,NULL,NULL,NULL,NULL,NULL,NULL,NULL,NULL,NULL,NULL,NULL,NULL,NULL,NULL,NULL,NULL,NULL,NULL,TIMESTAMP'2009-09-08 00:00:00','Y',NULL,NULL,737018,NULL,NULL,NULL,NULL,NULL,NULL,'IDIR\JOASHDOW',TIMESTAMP'2009-11-04 10:30:44','&&datafix_userid',TIMESTAMP'2014-06-28 09:36:12',2),
	 (2126635,3,14,1092357,NULL,NULL,'SU','PO','PLOT','CC','PP','RG','BCT','HA','161475391',57,NULL,NULL,NULL,NULL,NULL,NULL,NULL,NULL,NULL,NULL,NULL,NULL,NULL,NULL,NULL,NULL,NULL,NULL,NULL,NULL,NULL,NULL,NULL,NULL,NULL,NULL,NULL,TIMESTAMP'2007-05-01 00:00:00','Y',NULL,NULL,473612,NULL,NULL,NULL,NULL,NULL,NULL,'IDIR\JOASHDOW',TIMESTAMP'2008-05-22 14:57:34','&&datafix_userid',TIMESTAMP'2014-06-28 09:36:12',2),
	 (2162373,4,14,1092357,NULL,NULL,'SU','RG','PLOT',NULL,NULL,NULL,'BCT','HA','160877858',51.1,NULL,NULL,NULL,NULL,NULL,NULL,NULL,NULL,NULL,NULL,NULL,NULL,NULL,NULL,NULL,NULL,NULL,NULL,NULL,NULL,NULL,NULL,NULL,NULL,NULL,NULL,NULL,TIMESTAMP'2008-06-27 00:00:00','Y',NULL,'IMTK07TFG',497605,NULL,NULL,NULL,NULL,NULL,NULL,'IDIR\JOASHDOW',TIMESTAMP'2008-08-22 14:17:32','&&datafix_userid',TIMESTAMP'2014-06-28 09:36:12',2),
	 (2162374,5,14,1092357,NULL,NULL,'PL','PL','CTAIN','CE',NULL,NULL,'BCT','HA','160877850',51.1,NULL,55975,NULL,NULL,NULL,NULL,NULL,NULL,NULL,NULL,NULL,NULL,NULL,NULL,NULL,NULL,NULL,NULL,NULL,NULL,NULL,NULL,NULL,NULL,NULL,NULL,NULL,TIMESTAMP'2008-06-24 00:00:00','Y',NULL,'PL09TFG001',497605,NULL,NULL,NULL,NULL,NULL,NULL,'IDIR\JOASHDOW',TIMESTAMP'2008-08-22 14:17:32','&&datafix_userid',TIMESTAMP'2014-06-28 09:36:12',9);

INSERT INTO STANDARDS_REGIME (STANDARDS_REGIME_ID,STANDARDS_REGIME_NAME,STANDARDS_REGIME_STATUS_CODE,SILV_STATUTE_CODE,STANDARDS_OBJECTIVE,GEOGRAPHIC_DESCRIPTION,MOF_DEFAULT_STANDARD_IND,REGEN_DELAY_OFFSET_YRS,REGEN_OBLIGATION_IND,NO_REGEN_EARLY_OFFSET_YRS,NO_REGEN_LATE_OFFSET_YRS,FREE_GROWING_EARLY_OFFSET_YRS,FREE_GROWING_LATE_OFFSET_YRS,APPROVED_BY_USERID,APPROVED_DATE,SUBMITTED_BY_USERID,SUBMITTED_DATE,EFFECTIVE_DATE,EXPIRY_DATE,ADDITIONAL_STANDARDS,REJECT_NOTE,ENTRY_USERID,ENTRY_TIMESTAMP,UPDATE_USERID,UPDATE_TIMESTAMP,REVISION_COUNT) VALUES
	 (1014,NULL,'APP',NULL,NULL,NULL,'Y',4,'Y',NULL,NULL,12,20,'RESULTS_CNV',TIMESTAMP'2005-01-15 21:04:23',NULL,TIMESTAMP'2005-01-15 21:04:23',TIMESTAMP'2003-07-16 00:00:00',NULL,'(PLI72) ; PLI-Restricted to max 25% of WSS or to the extent previously found on site as a commercial species (based on cruise or scale).',NULL,'RESULTS_CNV',TIMESTAMP'2005-01-15 21:04:23','FSP_Datafix',TIMESTAMP'2008-05-15 13:19:14',2);

INSERT INTO STOCKING_STANDARD_UNIT (STOCKING_STANDARD_UNIT_ID,OPENING_ID,STANDARDS_UNIT_ID,STANDARDS_REGIME_ID,NET_AREA,MAX_ALLOW_SOIL_DISTURBANCE_PCT,VARIANCE_IND,ENTRY_USERID,ENTRY_TIMESTAMP,UPDATE_USERID,UPDATE_TIMESTAMP,REVISION_COUNT) VALUES
	 (1153275,1092357,'1',1014,28.8,10,'Y','IDIR\KADUFFY',TIMESTAMP'2006-12-22 10:11:09','IDIR\KCSMITH',TIMESTAMP'2012-02-01 13:04:11',5),
	 (1153274,1092357,'2',1014,22.1,5,'Y','IDIR\KADUFFY',TIMESTAMP'2006-12-22 10:11:09','IDIR\KCSMITH',TIMESTAMP'2012-02-01 11:58:40',5);

INSERT INTO STOCKING_MILESTONE (STOCKING_STANDARD_UNIT_ID,SILV_MILESTONE_TYPE_CODE,RESULTS_SUBMISSION_ID,DECLARED_DATE,DECLARED_USERID,DECLARE_IND,DECLARATION_SUBMITTED_DATE,EARLY_OFFSET_YEARS,LATE_OFFSET_YEARS,DUE_EARLY_DATE,DUE_LATE_DATE,ENTRY_USERID,ENTRY_TIMESTAMP,UPDATE_USERID,UPDATE_TIMESTAMP,REVISION_COUNT,EXTENT_FEASIBLE_DECLARED_IND) VALUES
	 (1153275,'NR',NULL,NULL,NULL,NULL,NULL,0,0,NULL,NULL,'IDIR\KCSMITH',TIMESTAMP'2012-02-01 13:04:11','IDIR\KCSMITH',TIMESTAMP'2012-02-01 13:04:11',1,'N'),
	 (1153275,'PH',360843,TIMESTAMP'2007-05-01 00:00:00','IDIR\SMSWITZE','Y',TIMESTAMP'2007-07-23 00:00:00',NULL,NULL,NULL,NULL,'IDIR\KADUFFY',TIMESTAMP'2006-12-22 10:11:09','IDIR\KCSMITH',TIMESTAMP'2012-02-01 13:04:11',41,'N'),
	 (1153274,'NR',NULL,NULL,NULL,NULL,NULL,0,0,NULL,NULL,'IDIR\KCSMITH',TIMESTAMP'2012-02-01 11:58:40','IDIR\KCSMITH',TIMESTAMP'2012-02-01 11:58:40',1,'N'),
	 (1153274,'PH',360843,TIMESTAMP'2007-05-01 00:00:00','IDIR\SMSWITZE','Y',TIMESTAMP'2007-07-23 00:00:00',NULL,NULL,NULL,NULL,'IDIR\KADUFFY',TIMESTAMP'2006-12-22 10:11:09','IDIR\KCSMITH',TIMESTAMP'2012-02-01 11:58:40',41,'N');

INSERT INTO STOCKING_ECOLOGY (STOCKING_ECOLOGY_ID,OPENING_ID,STOCKING_STANDARD_UNIT_ID,BEC_REGION_CODE,BGC_ZONE_CODE,BGC_SUBZONE_CODE,BGC_VARIANT,BGC_PHASE,BEC_SITE_SERIES,BEC_SITE_TYPE,BEC_SERAL,ENTRY_USERID,ENTRY_TIMESTAMP,UPDATE_USERID,UPDATE_TIMESTAMP,REVISION_COUNT) VALUES
	 (1159684,1092357,1153275,NULL,'ESSF','wc','4',NULL,'04',NULL,NULL,'IDIR\KADUFFY',TIMESTAMP'2006-12-22 10:11:09','IDIR\KCSMITH',TIMESTAMP'2012-02-01 13:04:11',2),
	 (1159683,1092357,1153274,NULL,'ESSF','wc','4',NULL,'04',NULL,NULL,'IDIR\KADUFFY',TIMESTAMP'2006-12-22 10:11:09','IDIR\KCSMITH',TIMESTAMP'2012-02-01 11:58:40',2);

INSERT INTO STOCKING_LAYER (STOCKING_LAYER_ID,STOCKING_STANDARD_UNIT_ID,OPENING_ID,STOCKING_LAYER_CODE,TARGET_STOCKING,RESIDUAL_BASAL_AREA,MIN_HORIZONTAL_DISTANCE,MIN_PREF_STOCKING_STANDARD,MIN_POST_SPACING,MIN_STOCKING_STANDARD,MAX_POST_SPACING,MAX_CONIFER,HGHT_RELATIVE_TO_COMP,TREE_SIZE_UNIT_CODE,ENTRY_USERID,ENTRY_TIMESTAMP,UPDATE_USERID,UPDATE_TIMESTAMP,REVISION_COUNT) VALUES
	 (1092938,1153275,1092357,'I',NULL,NULL,NULL,NULL,NULL,NULL,NULL,NULL,NULL,NULL,'IDIR\KADUFFY',TIMESTAMP'2006-12-22 10:11:09','IDIR\KCSMITH',TIMESTAMP'2012-02-01 13:04:55',3),
	 (1092939,1153274,1092357,'I',NULL,NULL,NULL,NULL,NULL,NULL,NULL,NULL,NULL,NULL,'IDIR\KADUFFY',TIMESTAMP'2006-12-22 10:11:09','IDIR\KCSMITH',TIMESTAMP'2012-02-01 11:58:59',3);

INSERT INTO FOREST_COVER (FOREST_COVER_ID,OPENING_ID,STOCKING_STANDARD_UNIT_ID,SILV_POLYGON_NO,SILV_POLYGON_AREA,SILV_POLYGON_NET_AREA,STOCKING_CLASS_CODE,STOCKING_STATUS_CODE,STOCKING_TYPE_CODE,REFERENCE_YEAR,REENTRY_YEAR,SITE_CLASS_CODE,SITE_INDEX,SITE_INDEX_SOURCE_CODE,SILV_RESERVE_CODE,SILV_RESERVE_OBJECTIVE_CODE,TREE_SPECIES_CODE,TREE_COVER_PATTERN_CODE,RESULTS_SUBMISSION_ID,ENTRY_USERID,ENTRY_TIMESTAMP,UPDATE_USERID,UPDATE_TIMESTAMP,REVISION_COUNT) VALUES
	 (2289820,1092357,1153275,'1a',28.9,28.9,NULL,'IMM','ART',2010,NULL,NULL,15,'E',NULL,NULL,'PLI',NULL,853898,'IDIR\JOASHDOW',TIMESTAMP'2009-11-04 10:30:48','IDIR\JOASHDOW',TIMESTAMP'2010-10-25 12:53:15',7),
	 (2289821,1092357,1153274,'2a',13.7,13.7,NULL,'IMM','ART',2010,NULL,NULL,21,'E',NULL,NULL,'BL',NULL,853898,'IDIR\JOASHDOW',TIMESTAMP'2009-11-04 10:30:48','IDIR\JOASHDOW',TIMESTAMP'2010-10-25 12:53:15',7),
	 (2289822,1092357,1153274,'2b',8.5,8.5,NULL,'IMM','ART',2009,NULL,NULL,15,'E',NULL,NULL,'SE',NULL,853898,'IDIR\JOASHDOW',TIMESTAMP'2009-11-04 10:30:48','IDIR\JOASHDOW',TIMESTAMP'2010-10-25 12:53:15',7),
	 (2289823,1092357,NULL,'WTP',3.4,3.4,NULL,'RES','NAT',2006,NULL,NULL,16,'H','G','WTR',NULL,NULL,853898,'IDIR\JOASHDOW',TIMESTAMP'2009-11-04 10:30:48','IDIR\JOASHDOW',TIMESTAMP'2010-10-25 12:53:15',1),
	 (2289824,1092357,NULL,'PAS',2.5,2.5,NULL,'NP','UNN',2006,NULL,NULL,NULL,NULL,NULL,NULL,NULL,NULL,853898,'IDIR\JOASHDOW',TIMESTAMP'2009-11-04 10:30:48','IDIR\JOASHDOW',TIMESTAMP'2010-10-25 12:53:15',1);

INSERT INTO OPENING_AMENDMENT_HISTORY (OPENING_ID,OPENING_AMENDMENT_NUMBER,AMENDMENT_USERID,AMENDMENT_DATE,SUBMITTED_BY_USERID,SUBMITTED_DATE,APP_ENT_BY_USERID,APPROVE_DATE,ENTRY_USERID,ENTRY_TIMESTAMP,UPDATE_USERID,UPDATE_TIMESTAMP,REVISION_COUNT) VALUES
	 (1092357,1,'IDIR\KCSMITH',TIMESTAMP'2012-02-01 11:58:32',NULL,NULL,NULL,NULL,'IDIR\KCSMITH',TIMESTAMP'2012-02-01 11:58:32','IDIR\KCSMITH',TIMESTAMP'2012-02-01 13:05:16',12);

INSERT INTO STOCKING_EVENT_HISTORY (STOCKING_EVENT_HISTORY_ID,OPENING_ID,OPENING_AMENDMENT_ID,OPENING_AMENDMENT_NUMBER,RESULTS_AUDIT_ACTION_CODE,SUBMITTED_USERID,RESULTS_SUBMISSION_ID,AMEND_EVENT_TIMESTAMP,ENTRY_USERID,ENTRY_TIMESTAMP,REVISION_COUNT) VALUES
	 (1209699,1092357,NULL,NULL,'O','Results data conversion',NULL,TIMESTAMP'2008-03-11 14:20:44','Results data conversion',TIMESTAMP'2008-03-11 14:20:44',1),
	 (1505893,1092357,1092357,1,'SPA','IDIR\KCSMITH',NULL,TIMESTAMP'2012-02-01 11:58:33','IDIR\KCSMITH',TIMESTAMP'2012-02-01 11:58:33',1),
	 (1414610,1092357,1092357,NULL,'VAR','IDIR\SMSWITZE',NULL,TIMESTAMP'2008-05-22 15:55:12','IDIR\SMSWITZE',TIMESTAMP'2008-05-22 15:55:12',1);

INSERT INTO RESULTS_AUDIT_EVENT (RESULTS_AUDIT_EVENT_ID,OPENING_ID,STANDARDS_REGIME_ID,SILVICULTURE_PROJECT_ID,RESULTS_AUDIT_ACTION_CODE,ACTION_DATE,DESCRIPTION,USER_ID,EMAIL_SENT_IND,XML_SUBMISSION_ID,OPENING_AMENDMENT_NUMBER,ENTRY_USERID,ENTRY_TIMESTAMP) VALUES
	 (694110,1092357,NULL,NULL,'ES',TIMESTAMP'2006-12-22 10:11:09','Opening ID 1092357 created',NULL,'Y',289407,NULL,'IDIR\KADUFFY',TIMESTAMP'2006-12-22 10:11:09'),
	 (862958,1092357,NULL,NULL,'ES',TIMESTAMP'2007-07-23 09:36:43','Creating Disturbance Activity: Activity Id = 1937230',NULL,'Y',360843,NULL,'IDIR\SMSWITZE',TIMESTAMP'2007-07-23 09:36:43'),
	 (862959,1092357,NULL,NULL,'ES',TIMESTAMP'2007-07-23 09:36:43','Creating Disturbance Activity: Activity Id = 1937231',NULL,'Y',360843,NULL,'IDIR\SMSWITZE',TIMESTAMP'2007-07-23 09:36:43'),
	 (862960,1092357,NULL,NULL,'ES',TIMESTAMP'2007-07-23 09:36:43','Forest Cover Polygon No. Z (Id=1580406)',NULL,'Y',360843,NULL,'IDIR\SMSWITZE',TIMESTAMP'2007-07-23 09:36:43'),
	 (862961,1092357,NULL,NULL,'ES',TIMESTAMP'2007-07-23 09:36:43','Forest Cover Polygon No. W (Id=1580407)',NULL,'Y',360843,NULL,'IDIR\SMSWITZE',TIMESTAMP'2007-07-23 09:36:43'),
	 (862962,1092357,NULL,NULL,'ES',TIMESTAMP'2007-07-23 09:36:43','Forest Cover Polygon No. 2a (Id=1580408)',NULL,'Y',360843,NULL,'IDIR\SMSWITZE',TIMESTAMP'2007-07-23 09:36:43'),
	 (862963,1092357,NULL,NULL,'ES',TIMESTAMP'2007-07-23 09:36:43','Forest Cover Polygon No. 1a (Id=1580409)',NULL,'Y',360843,NULL,'IDIR\SMSWITZE',TIMESTAMP'2007-07-23 09:36:43'),
	 (862964,1092357,NULL,NULL,'ES',TIMESTAMP'2007-07-23 09:36:43','Milestones modified',NULL,'Y',360843,NULL,'IDIR\SMSWITZE',TIMESTAMP'2007-07-23 09:36:43'),
	 (986554,1092357,NULL,NULL,'UPD',TIMESTAMP'2007-11-20 15:09:15','Opening/Tenure Online Entry',NULL,'N',NULL,NULL,'IDIR\JOASHDOW',TIMESTAMP'2007-11-20 15:09:15'),
	 (1182888,1092357,NULL,NULL,'ES',TIMESTAMP'2008-05-22 14:57:34','Inserting Activity: Activity Id = 2126635, Activity Base = ''SU''',NULL,'Y',473612,NULL,'IDIR\JOASHDOW',TIMESTAMP'2008-05-22 14:57:34'),
	 (1183216,1092357,NULL,NULL,'VAR',TIMESTAMP'2008-05-22 15:55:12','Opening/related details were modified.',NULL,'N',NULL,NULL,'IDIR\SMSWITZE',TIMESTAMP'2008-05-22 15:55:12'),
	 (1244565,1092357,NULL,NULL,'ES',TIMESTAMP'2008-08-22 14:17:32','Inserting Activity: Activity Id = 2162373, Activity Base = ''SU''',NULL,'Y',497605,NULL,'IDIR\JOASHDOW',TIMESTAMP'2008-08-22 14:17:32'),
	 (1244566,1092357,NULL,NULL,'ES',TIMESTAMP'2008-08-22 14:17:32','Inserting Activity: Activity Id = 2162374, Activity Base = ''PL''',NULL,'Y',497605,NULL,'IDIR\JOASHDOW',TIMESTAMP'2008-08-22 14:17:32'),
	 (1244567,1092357,NULL,NULL,'ES',TIMESTAMP'2008-08-22 14:17:35','Forest Cover Polygon No. 1a (Id=1852020)',NULL,'Y',497605,NULL,'IDIR\JOASHDOW',TIMESTAMP'2008-08-22 14:17:35'),
	 (1244568,1092357,NULL,NULL,'ES',TIMESTAMP'2008-08-22 14:17:35','Forest Cover Polygon No. 2a (Id=1852021)',NULL,'Y',497605,NULL,'IDIR\JOASHDOW',TIMESTAMP'2008-08-22 14:17:35'),
	 (1244569,1092357,NULL,NULL,'ES',TIMESTAMP'2008-08-22 14:17:35','Forest Cover Polygon No. PAS (Id=1852022)',NULL,'Y',497605,NULL,'IDIR\JOASHDOW',TIMESTAMP'2008-08-22 14:17:35'),
	 (1244570,1092357,NULL,NULL,'ES',TIMESTAMP'2008-08-22 14:17:35','Forest Cover Polygon No. WTP (Id=1852023)',NULL,'Y',497605,NULL,'IDIR\JOASHDOW',TIMESTAMP'2008-08-22 14:17:35'),
	 (1254468,1092357,NULL,NULL,'MIL',TIMESTAMP'2008-09-09 14:03:30','Milestone was modified',NULL,'Y',500862,NULL,'IDIR\SMSWITZE',TIMESTAMP'2008-09-09 14:03:30'),
	 (1673034,1092357,NULL,NULL,'ES',TIMESTAMP'2009-11-04 10:30:44','Inserting Activity: Activity Id = 2350866, Activity Base = ''SU''',NULL,'Y',737018,NULL,'IDIR\JOASHDOW',TIMESTAMP'2009-11-04 10:30:44'),
	 (1673035,1092357,NULL,NULL,'ES',TIMESTAMP'2009-11-04 10:30:48','Forest Cover Polygon No. 1a (Id=2090237)',NULL,'Y',737018,NULL,'IDIR\JOASHDOW',TIMESTAMP'2009-11-04 10:30:48');
INSERT INTO RESULTS_AUDIT_EVENT (RESULTS_AUDIT_EVENT_ID,OPENING_ID,STANDARDS_REGIME_ID,SILVICULTURE_PROJECT_ID,RESULTS_AUDIT_ACTION_CODE,ACTION_DATE,DESCRIPTION,USER_ID,EMAIL_SENT_IND,XML_SUBMISSION_ID,OPENING_AMENDMENT_NUMBER,ENTRY_USERID,ENTRY_TIMESTAMP) VALUES
	 (1673036,1092357,NULL,NULL,'ES',TIMESTAMP'2009-11-04 10:30:48','Forest Cover Polygon No. 2a (Id=2090238)',NULL,'Y',737018,NULL,'IDIR\JOASHDOW',TIMESTAMP'2009-11-04 10:30:48'),
	 (1673037,1092357,NULL,NULL,'ES',TIMESTAMP'2009-11-04 10:30:48','Forest Cover Polygon No. 2b (Id=2090239)',NULL,'Y',737018,NULL,'IDIR\JOASHDOW',TIMESTAMP'2009-11-04 10:30:48'),
	 (1673038,1092357,NULL,NULL,'ES',TIMESTAMP'2009-11-04 10:30:48','Forest Cover Polygon No. WTP (Id=2090240)',NULL,'Y',737018,NULL,'IDIR\JOASHDOW',TIMESTAMP'2009-11-04 10:30:48'),
	 (1673039,1092357,NULL,NULL,'ES',TIMESTAMP'2009-11-04 10:30:48','Forest Cover Polygon No. PAS (Id=2090241)',NULL,'Y',737018,NULL,'IDIR\JOASHDOW',TIMESTAMP'2009-11-04 10:30:48'),
	 (1993819,1092357,NULL,NULL,'ES',TIMESTAMP'2010-10-25 12:53:15','Forest Cover Polygon No. 1a (Id=2289820)',NULL,'Y',853898,NULL,'IDIR\JOASHDOW',TIMESTAMP'2010-10-25 12:53:15'),
	 (1993820,1092357,NULL,NULL,'ES',TIMESTAMP'2010-10-25 12:53:15','Forest Cover Polygon No. 2a (Id=2289821)',NULL,'Y',853898,NULL,'IDIR\JOASHDOW',TIMESTAMP'2010-10-25 12:53:15'),
	 (1993821,1092357,NULL,NULL,'ES',TIMESTAMP'2010-10-25 12:53:15','Forest Cover Polygon No. 2b (Id=2289822)',NULL,'Y',853898,NULL,'IDIR\JOASHDOW',TIMESTAMP'2010-10-25 12:53:15'),
	 (1993822,1092357,NULL,NULL,'ES',TIMESTAMP'2010-10-25 12:53:15','Forest Cover Polygon No. WTP (Id=2289823)',NULL,'Y',853898,NULL,'IDIR\JOASHDOW',TIMESTAMP'2010-10-25 12:53:15'),
	 (1993823,1092357,NULL,NULL,'ES',TIMESTAMP'2010-10-25 12:53:15','Forest Cover Polygon No. PAS (Id=2289824)',NULL,'Y',853898,NULL,'IDIR\JOASHDOW',TIMESTAMP'2010-10-25 12:53:15'),
	 (1999982,1092357,NULL,NULL,'ES',TIMESTAMP'2010-11-04 15:31:17','Inserting Activity: Activity Id = 2500695, Activity Base = ''PL''',NULL,'Y',856621,NULL,'IDIR\JOASHDOW',TIMESTAMP'2010-11-04 15:31:17'),
	 (1999983,1092357,NULL,NULL,'ES',TIMESTAMP'2010-11-04 15:31:17','Inserting Activity: Activity Id = 2500696, Activity Base = ''SU''',NULL,'Y',856621,NULL,'IDIR\JOASHDOW',TIMESTAMP'2010-11-04 15:31:17'),
	 (2362914,1092357,NULL,NULL,'MIL',TIMESTAMP'2012-01-26 15:18:00','Opening/related details were modified.',NULL,'N',NULL,NULL,'IDIR\KCSMITH',TIMESTAMP'2012-01-26 15:18:00'),
	 (2362913,1092357,NULL,NULL,'UPD',TIMESTAMP'2012-01-26 15:18:00','Opening/Tenure Online Entry',NULL,'N',NULL,NULL,'IDIR\KCSMITH',TIMESTAMP'2012-01-26 15:18:00'),
	 (2362915,1092357,NULL,NULL,'MIL',TIMESTAMP'2012-01-26 15:18:01','Opening/related details were modified.',NULL,'N',NULL,NULL,'IDIR\KCSMITH',TIMESTAMP'2012-01-26 15:18:01'),
	 (2370391,1092357,NULL,NULL,'MIL',TIMESTAMP'2012-02-01 11:57:47','Milestone was modified.',NULL,'N',NULL,NULL,'IDIR\KCSMITH',TIMESTAMP'2012-02-01 11:57:47'),
	 (2370392,1092357,NULL,NULL,'MIL',TIMESTAMP'2012-02-01 11:57:47','Milestone was undeclared.  SU:1  SSID:1153275  SMTC:RG No silviculture obligation for this block as it is wholly within the no harvest zone of the new GAR order-Mountain Caribou UWR #U-4-012, 4-013, and 4-014 effective Feb. 12, and 19, 2009. The new prioritiy within this UWR is now to maintain caribou habitat rather than to provide for future harvesting opportunities. Pursuant to Sect. 29 and Part 11 of the Forest and Range Practices Act (FRPA) there is no requirement to establish a free growing stand for  the block.\nInitiated by Kathy Smith, DM letter of approval attached (July 28, 2011) \nRob Borhi- RPF. February 1, 2012',NULL,'N',NULL,NULL,'IDIR\KCSMITH',TIMESTAMP'2012-02-01 11:57:47'),
	 (2370393,1092357,NULL,NULL,'MIL',TIMESTAMP'2012-02-01 11:57:59','Milestone was modified.',NULL,'N',NULL,NULL,'IDIR\KCSMITH',TIMESTAMP'2012-02-01 11:57:59'),
	 (2370394,1092357,NULL,NULL,'MIL',TIMESTAMP'2012-02-01 11:57:59','Milestone was undeclared.  SU:2  SSID:1153274  SMTC:RG No silviculture obligation for this block as it is wholly within the no harvest zone of the new GAR order-Mountain Caribou UWR #U-4-012, 4-013, and 4-014 effective Feb. 12, and 19, 2009. The new prioritiy within this UWR is now to maintain caribou habitat rather than to provide for future harvesting opportunities. Pursuant to Sect. 29 and Part 11 of the Forest and Range Practices Act (FRPA) there is no requirement to establish a free growing stand for  the block.\nInitiated by Kathy Smith, DM letter of approval attached (July 28, 2011)\nRob Borhi- RPF. February 1, 2012',NULL,'N',NULL,NULL,'IDIR\KCSMITH',TIMESTAMP'2012-02-01 11:57:59'),
	 (2370397,1092357,NULL,NULL,'MIL',TIMESTAMP'2012-02-01 11:58:40','Milestone was modified.',NULL,'N',NULL,NULL,'IDIR\KCSMITH',TIMESTAMP'2012-02-01 11:58:40'),
	 (2370396,1092357,NULL,NULL,'SPA',TIMESTAMP'2012-02-01 11:58:40','Stocking information modified.',NULL,'N',NULL,1,'IDIR\KCSMITH',TIMESTAMP'2012-02-01 11:58:40');
INSERT INTO RESULTS_AUDIT_EVENT (RESULTS_AUDIT_EVENT_ID,OPENING_ID,STANDARDS_REGIME_ID,SILVICULTURE_PROJECT_ID,RESULTS_AUDIT_ACTION_CODE,ACTION_DATE,DESCRIPTION,USER_ID,EMAIL_SENT_IND,XML_SUBMISSION_ID,OPENING_AMENDMENT_NUMBER,ENTRY_USERID,ENTRY_TIMESTAMP) VALUES
	 (2370398,1092357,NULL,NULL,'SPA',TIMESTAMP'2012-02-01 11:58:59','Opening/related details were modified.',NULL,'N',NULL,1,'IDIR\KCSMITH',TIMESTAMP'2012-02-01 11:58:59'),
	 (2370399,1092357,NULL,NULL,'SPA',TIMESTAMP'2012-02-01 11:59:07','Opening/related details were modified.',NULL,'N',NULL,1,'IDIR\KCSMITH',TIMESTAMP'2012-02-01 11:59:07'),
	 (2370400,1092357,NULL,NULL,'SPA',TIMESTAMP'2012-02-01 11:59:13','Opening/related details were modified.',NULL,'N',NULL,1,'IDIR\KCSMITH',TIMESTAMP'2012-02-01 11:59:13'),
	 (2370402,1092357,NULL,NULL,'SPA',TIMESTAMP'2012-02-01 11:59:19','Opening/related details were modified.',NULL,'N',NULL,1,'IDIR\KCSMITH',TIMESTAMP'2012-02-01 11:59:19'),
	 (2370695,1092357,NULL,NULL,'MIL',TIMESTAMP'2012-02-01 13:04:11','Milestone was modified.',NULL,'N',NULL,NULL,'IDIR\KCSMITH',TIMESTAMP'2012-02-01 13:04:11'),
	 (2370694,1092357,NULL,NULL,'SPA',TIMESTAMP'2012-02-01 13:04:11','Stocking information modified.',NULL,'N',NULL,1,'IDIR\KCSMITH',TIMESTAMP'2012-02-01 13:04:11'),
	 (2370703,1092357,NULL,NULL,'SPA',TIMESTAMP'2012-02-01 13:04:55','Opening/related details were modified.',NULL,'N',NULL,1,'IDIR\KCSMITH',TIMESTAMP'2012-02-01 13:04:55'),
	 (2370704,1092357,NULL,NULL,'SPA',TIMESTAMP'2012-02-01 13:05:02','Opening/related details were modified.',NULL,'N',NULL,1,'IDIR\KCSMITH',TIMESTAMP'2012-02-01 13:05:02'),
	 (2370705,1092357,NULL,NULL,'SPA',TIMESTAMP'2012-02-01 13:05:08','Opening/related details were modified.',NULL,'N',NULL,1,'IDIR\KCSMITH',TIMESTAMP'2012-02-01 13:05:08'),
	 (2370706,1092357,NULL,NULL,'SPA',TIMESTAMP'2012-02-01 13:05:16','Opening/related details were modified.',NULL,'N',NULL,1,'IDIR\KCSMITH',TIMESTAMP'2012-02-01 13:05:16'),
	 (3366283,1092357,NULL,NULL,'COR',TIMESTAMP'2015-05-06 16:50:48','OPENING_STATUS_CODE update as per DATAFIX_LOB38870',NULL,'N',NULL,NULL,'DATAFIX_LOB38870',TIMESTAMP'2015-05-06 16:50:48');
