INSERT INTO RESULTS_ELECTRONIC_SUBMISSION (RESULTS_SUBMISSION_ID,SUBMISSION_TIMESTAMP,SUBMITTED_BY,CLIENT_NUMBER,CLIENT_LOCN_CODE,ORG_UNIT_NO,USER_FILENAME,USER_REFERENCE,ENTRY_USERID,ENTRY_TIMESTAMP,UPDATE_USERID,UPDATE_TIMESTAMP,REVISION_COUNT) VALUES
	 (129231,TIMESTAMP'2005-11-16 00:00:00','BCEID\DSCOTT',NULL,NULL,2,'original file name',NULL,'BCEID\DSCOTT',TIMESTAMP'2005-11-16 07:28:17','BCEID\DSCOTT',TIMESTAMP'2005-11-16 07:28:17',1),
	 (279646,TIMESTAMP'2006-11-27 00:00:00','BCEID\DSCOTT',NULL,NULL,2,'145-1AmendmentUpdate.xml',NULL,'BCEID\DSCOTT',TIMESTAMP'2006-11-27 13:38:07','BCEID\DSCOTT',TIMESTAMP'2006-11-27 13:38:07',1),
	 (1106043,TIMESTAMP'2012-04-16 00:00:00','BCEID\DSCOTT','00010006','00',2,'145-1FormCFreegrowing.xml',NULL,'BCEID\DSCOTT',TIMESTAMP'2012-04-16 08:37:30','BCEID\DSCOTT',TIMESTAMP'2012-04-16 08:37:30',1);

INSERT INTO OPENING (OPENING_ID,GEO_DISTRICT_NO,ADMIN_DISTRICT_NO,MAPSHEET_GRID,MAPSHEET_LETTER,MAPSHEET_SQUARE,MAPSHEET_QUAD,MAPSHEET_SUB_QUAD,OPENING_NUMBER,OPENING_LOCN_NAME,OPEN_CATEGORY_CODE,LICENSEE_OPENING_ID,TSB_NUMBER_CODE,OPENING_STATUS_CODE,ORG_UNIT_NO,DIST_ADMIN_ZONE,MAX_ALLOW_PERMNT_ACCESS_PCT,PREV_AGE_CLASS_CODE,PREV_SITE_INDEX,PREV_SITE_INDEX_SOURCE_CODE,PREV_HEIGHT_CLASS_CODE,PREV_SITE_CLASS_CODE,PREV_STOCKING_CLASS_CODE,PREV_STOCKING_STATUS_CODE,PREV_TREE_SPP1_CODE,PREV_TREE_SPP2_CODE,APP_ENT_BY_USERID,APPROVE_DATE,AMENDMENT_IND,RESULTS_SUBMISSION_ID,ENTRY_USERID,ENTRY_TIMESTAMP,UPDATE_USERID,UPDATE_TIMESTAMP,REVISION_COUNT) VALUES
	 (60000,12,2,' 93','P','016','0','0','  73','MURRAY RIVER','FTML','418385','41B','FG',NULL,NULL,7,'7',17,'H','3',NULL,'1','MAT','PLI','SW','LKSTRAND',TIMESTAMP'1997-06-12 00:00:00','Y',279646,'MLSIS',TIMESTAMP'1999-10-15 12:31:18','BCEID\DSCOTT',TIMESTAMP'2012-04-16 08:37:33',18);

INSERT INTO TIMBER_MARK (TIMBER_MARK,FOREST_FILE_ID,CUTTING_PERMIT_ID,FOREST_DISTRICT,GEOGRAPHIC_DISTRCT,CASCADE_SPLIT_CODE,QUOTA_TYPE_CODE,DECIDUOUS_IND,CATASTROPHIC_IND,CROWN_GRANTED_IND,CRUISE_BASED_IND,CERTIFICATE,HDBS_TIMBER_MARK,VM_TIMBER_MARK,TENURE_TERM,BCAA_FOLIO_NUMBER,ACTIVATED_USERID,AMENDED_USERID,DISTRICT_ADMN_ZONE,GRANTED_ACQRD_DATE,LANDS_REGION,CROWN_GRANTED_ACQ_DESC,MARK_STATUS_ST,MARK_STATUS_DATE,MARK_AMEND_DATE,MARK_APPL_DATE,MARK_CANCEL_DATE,MARK_EXTEND_DATE,MARK_EXTEND_RSN_CD,MARK_EXTEND_COUNT,MARK_ISSUE_DATE,MARK_EXPIRY_DATE,MARKNG_INSTRMNT_CD,MARKING_METHOD_CD,ENTRY_USERID,ENTRY_TIMESTAMP,UPDATE_USERID,UPDATE_TIMESTAMP,REVISION_COUNT,SMALL_PATCH_SALVAGE_IND,SALVAGE_TYPE_CODE) VALUES
	 ('FA9145','A13840','145',2,12,'E','A','N','N','N','N',NULL,NULL,'FA9145',24,NULL,NULL,NULL,'DEAD',NULL,'8',NULL,'HC',TIMESTAMP'2000-03-09 00:00:00',NULL,NULL,NULL,NULL,NULL,0,TIMESTAMP'1997-06-15 00:00:00',TIMESTAMP'1999-06-14 00:00:00','P','4','TECUTLER',TIMESTAMP'1996-12-06 08:20:54','BHENNEY',TIMESTAMP'2003-10-24 14:36:10',1,'N',NULL);

INSERT INTO CUT_BLOCK (CB_SKEY,HVA_SKEY,FOREST_FILE_ID,CUTTING_PERMIT_ID,TIMBER_MARK,CUT_BLOCK_ID,SP_EXEMPT_IND,BLOCK_STATUS_DATE,CUT_BLOCK_DESCRIPTION,CUT_REGULATION_CODE,BLOCK_STATUS_ST,REFOREST_DECLARE_TYPE_CODE,REVISION_COUNT,ENTRY_USERID,ENTRY_TIMESTAMP,UPDATE_USERID,UPDATE_TIMESTAMP,IS_WASTE_ASSESSMENT_REQUIRED,CUT_BLOCK_GUID,FIRE_HARVESTING_REASON_CODE,IS_UNDER_PARTITION_ORDER,REPORTED_FIRE_DATE) VALUES
	 (88061,99592,'A13840','145','FA9145','1','Y',TIMESTAMP'1999-06-08 00:00:00',NULL,NULL,'S',NULL,1,'FTA_CONV',TIMESTAMP'2003-11-15 10:48:04','FTA 4.0 DATA CONVERSION',TIMESTAMP'2007-06-02 11:15:37','U','B9B0909F2719645AE05332B3228EA5A5',NULL,NULL,NULL);

INSERT INTO CUT_BLOCK_OPEN_ADMIN (CUT_BLOCK_OPEN_ADMIN_ID,FOREST_FILE_ID,TIMBER_MARK,CUT_BLOCK_ID,CUTTING_PERMIT_ID,DISTURBANCE_GROSS_AREA,DISTURBANCE_START_DATE,DISTURBANCE_END_DATE,OPENING_ID,OPENING_GROSS_AREA,PLANNED_HARVEST_DATE,PLANNED_GROSS_BLOCK_AREA,PLANNED_NET_BLOCK_AREA,OPENING_PRIME_LICENCE_IND,CB_SKEY,REVISION_COUNT,ENTRY_USERID,ENTRY_TIMESTAMP,UPDATE_USERID,UPDATE_TIMESTAMP) VALUES
	 (8021,'A13840','FA9145','1','145',49.3,TIMESTAMP'1998-06-01 00:00:00',TIMESTAMP'1998-08-01 00:00:00',60000,47.6,TIMESTAMP'1998-06-24 00:00:00',49.3,39,'Y',88061,4,'RESULTS_CONV',TIMESTAMP'9999-12-31 00:00:00','FTA 4.0 DATA CONVERSION',TIMESTAMP'2007-06-02 11:17:23');

INSERT INTO ACTIVITY_TREATMENT_UNIT (ACTIVITY_TREATMENT_UNIT_ID,ACTIVITY_TU_SEQ_NO,ORG_UNIT_NO,OPENING_ID,SILVICULTURE_PROJECT_ID,PROJECT_UNIT_ID,SILV_BASE_CODE,SILV_TECHNIQUE_CODE,SILV_METHOD_CODE,SILV_OBJECTIVE_CODE_1,SILV_OBJECTIVE_CODE_2,SILV_OBJECTIVE_CODE_3,SILV_FUND_SRCE_CODE,SILV_ACTIVITY_MEASUREMENT_CODE,ACTIVITY_LICENSEE_ID,TREATMENT_AMOUNT,ACTUAL_TREATMENT_COST,ACT_PLANTED_NO,PLAN_SILV_TECHNIQUE_CODE,PLAN_SILV_METHOD_CODE,PLAN_SILV_FUND_SRCE_CODE,PLANNED_DATE,PLANNED_TREATMENT_AMOUNT,PLANNED_TREATMENT_COST,PLAN_SILV_OBJECTIVE_CODE_1,PLAN_SILV_OBJECTIVE_CODE_2,PLAN_SILV_OBJECTIVE_CODE_3,TARGET_PREPARED_SPOTS,PRUNING_MIN_CROWN_PCT,PRUNE_HEIGHT,STEMS_TO_PRUNE,MIN_ACCEPTABLE_DENSITY,TOTAL_STEMS_PER_HA,INTER_TREE_TARGET_DISTANCE,INTER_TREE_VARIATION,INTER_TREE_MIN_DISTANCE,MAX_TREES_PER_PLOT,MAX_TREES_PER_HA,SURVEY_PLANNED_NUM_PLOTS,SURVEY_ACTUAL_NUM_PLOTS,SURVEY_MIN_PLOTS_PER_STRATUM,SILV_TREE_SPECIES_CODE,ATU_START_DATE,ATU_COMPLETION_DATE,RESULTS_IND,UNIT_BID_PRICE,FIA_PROJECT_ID,RESULTS_SUBMISSION_ID,DISTURBANCE_CODE,SILV_SYSTEM_CODE,SILV_SYSTEM_VARIANT_CODE,SILV_CUT_PHASE_CODE,CUT_BLOCK_OPEN_ADMIN_ID,DISTURBANCE_COMPLETED_IND,ENTRY_USERID,ENTRY_TIMESTAMP,UPDATE_USERID,UPDATE_TIMESTAMP,REVISION_COUNT) VALUES
	 (533908,1,2,60000,NULL,NULL,'DN','HV',NULL,NULL,NULL,NULL,'IA','HA',NULL,49.3,NULL,0,NULL,NULL,NULL,NULL,NULL,NULL,NULL,NULL,NULL,NULL,NULL,NULL,NULL,NULL,NULL,NULL,NULL,NULL,NULL,NULL,NULL,NULL,NULL,NULL,TIMESTAMP'1998-06-01 00:00:00',TIMESTAMP'1998-08-01 00:00:00','Y',NULL,NULL,NULL,'L','CLEAR',NULL,'REMOV',NULL,NULL,'MLSIS',TIMESTAMP'1999-10-15 12:31:18','BMCLENNA',TIMESTAMP'1999-10-15 12:31:18',1),
	 (777297,2,2,60000,NULL,NULL,'PL','PL','CTAIN','CE',NULL,NULL,'IA','HA',NULL,39,NULL,65385,NULL,NULL,NULL,NULL,NULL,NULL,NULL,NULL,NULL,NULL,NULL,NULL,NULL,NULL,NULL,NULL,NULL,NULL,NULL,NULL,NULL,NULL,NULL,NULL,NULL,TIMESTAMP'2000-07-01 00:00:00','Y',NULL,NULL,NULL,NULL,NULL,NULL,NULL,NULL,NULL,'MLSEDT',TIMESTAMP'2001-02-01 09:43:36','MLSEDT',TIMESTAMP'2001-02-01 09:43:36',1),
	 (935381,5,2,60000,NULL,NULL,'BR','CA','HELI','CGE',NULL,NULL,'IA','HA',NULL,38.5,NULL,0,NULL,NULL,NULL,NULL,NULL,NULL,NULL,NULL,NULL,NULL,NULL,NULL,NULL,NULL,NULL,NULL,NULL,NULL,NULL,NULL,NULL,NULL,NULL,NULL,NULL,TIMESTAMP'2002-08-01 00:00:00','Y',NULL,NULL,NULL,NULL,NULL,NULL,NULL,NULL,NULL,'MLSEDT',TIMESTAMP'2003-02-20 07:28:16','MLSEDT',TIMESTAMP'2003-02-20 07:28:16',1),
	 (868501,3,2,60000,NULL,NULL,'SU','RG','PLOT','RG',NULL,NULL,'IA','HA',NULL,39,NULL,0,NULL,NULL,NULL,NULL,NULL,NULL,NULL,NULL,NULL,NULL,NULL,NULL,NULL,NULL,NULL,NULL,NULL,NULL,NULL,NULL,NULL,NULL,NULL,NULL,NULL,TIMESTAMP'2001-10-01 00:00:00','Y',NULL,NULL,NULL,NULL,NULL,NULL,NULL,NULL,NULL,'MLSEDT',TIMESTAMP'2002-03-20 13:38:40','MLSEDT',TIMESTAMP'2002-03-20 13:38:40',1),
	 (868502,4,2,60000,NULL,NULL,'SU','RG','WALK','RG','BR','CE','IA','HA',NULL,39,NULL,0,NULL,NULL,NULL,NULL,NULL,NULL,NULL,NULL,NULL,NULL,NULL,NULL,NULL,NULL,NULL,NULL,NULL,NULL,NULL,NULL,NULL,NULL,NULL,NULL,NULL,TIMESTAMP'2001-10-01 00:00:00','Y',NULL,NULL,NULL,NULL,NULL,NULL,NULL,NULL,NULL,'MLSEDT',TIMESTAMP'2002-03-20 13:38:41','MLSEDT',TIMESTAMP'2002-03-20 13:38:41',1),
	 (1661074,1,2,60000,NULL,NULL,'SU','RA','WALK','RA',NULL,NULL,'IA','HA',NULL,39,NULL,NULL,NULL,NULL,NULL,NULL,NULL,NULL,NULL,NULL,NULL,NULL,NULL,NULL,NULL,NULL,NULL,NULL,NULL,NULL,NULL,NULL,NULL,NULL,NULL,NULL,NULL,TIMESTAMP'2003-09-01 00:00:00','Y',NULL,NULL,NULL,NULL,NULL,NULL,NULL,NULL,NULL,'IDIR\RNEAGELE',TIMESTAMP'2005-02-11 16:36:00','IDIR\RNEAGELE',TIMESTAMP'2005-02-11 16:36:00',1),
	 (1729448,6,2,60000,NULL,NULL,'SU','RA','PLOT','RA',NULL,NULL,'IA','HA',NULL,39,NULL,NULL,NULL,NULL,NULL,NULL,NULL,NULL,NULL,NULL,NULL,NULL,NULL,NULL,NULL,NULL,NULL,NULL,NULL,NULL,NULL,NULL,NULL,NULL,NULL,NULL,NULL,TIMESTAMP'2005-05-30 00:00:00','Y',NULL,NULL,129231,NULL,NULL,NULL,NULL,NULL,NULL,'BCEID\DSCOTT',TIMESTAMP'2005-11-16 07:28:17','BCEID\DSCOTT',TIMESTAMP'2005-11-16 07:28:17',2);

INSERT INTO STOCKING_STANDARD_UNIT (STOCKING_STANDARD_UNIT_ID,OPENING_ID,STANDARDS_UNIT_ID,STANDARDS_REGIME_ID,NET_AREA,MAX_ALLOW_SOIL_DISTURBANCE_PCT,VARIANCE_IND,ENTRY_USERID,ENTRY_TIMESTAMP,UPDATE_USERID,UPDATE_TIMESTAMP,REVISION_COUNT) VALUES
	 (101419,60000,'1',NULL,13.3,10,NULL,'RESULTS_CONV',TIMESTAMP'2003-11-15 19:46:02','BCEID\DSCOTT',TIMESTAMP'2006-11-27 13:58:18',7),
	 (101420,60000,'2',NULL,10.1,10,NULL,'RESULTS_CONV',TIMESTAMP'2003-11-15 19:46:02','BCEID\DSCOTT',TIMESTAMP'2006-11-27 13:38:07',6),
	 (101421,60000,'3',NULL,10.5,5,NULL,'RESULTS_CONV',TIMESTAMP'2003-11-15 19:46:02','BCEID\DSCOTT',TIMESTAMP'2006-11-27 13:38:07',7),
	 (101422,60000,'4',NULL,1.9,10,NULL,'RESULTS_CONV',TIMESTAMP'2003-11-15 19:46:02','BCEID\DSCOTT',TIMESTAMP'2006-11-27 13:38:07',7);

INSERT INTO STOCKING_MILESTONE (STOCKING_STANDARD_UNIT_ID,SILV_MILESTONE_TYPE_CODE,RESULTS_SUBMISSION_ID,DECLARED_DATE,DECLARED_USERID,DECLARE_IND,DECLARATION_SUBMITTED_DATE,EARLY_OFFSET_YEARS,LATE_OFFSET_YEARS,DUE_EARLY_DATE,DUE_LATE_DATE,ENTRY_USERID,ENTRY_TIMESTAMP,UPDATE_USERID,UPDATE_TIMESTAMP,REVISION_COUNT,EXTENT_FEASIBLE_DECLARED_IND) VALUES
	 (101419,'FG',1106043,TIMESTAMP'2011-05-25 00:00:00','BCEID\DSCOTT','Y',TIMESTAMP'2012-04-16 08:37:33',12,15,TIMESTAMP'2010-06-01 00:00:00',TIMESTAMP'2013-06-01 00:00:00','RESULTS_CONV',TIMESTAMP'2003-11-15 19:43:53','BCEID\DSCOTT',TIMESTAMP'2012-04-16 08:37:33',6,'N'),
	 (101419,'PH',NULL,NULL,NULL,'N',NULL,NULL,NULL,NULL,NULL,'RESULTS_CONV',TIMESTAMP'2003-11-15 19:43:53','BCEID\DSCOTT',TIMESTAMP'2012-04-16 08:37:33',6,'N'),
	 (101419,'RG',NULL,TIMESTAMP'2001-10-11 00:00:00','LKSTRAND','Y',TIMESTAMP'2003-11-15 19:43:53',NULL,7,NULL,TIMESTAMP'2005-06-01 00:00:00','RESULTS_CONV',TIMESTAMP'2003-11-15 19:43:53','BCEID\DSCOTT',TIMESTAMP'2012-04-16 08:37:33',5,'N'),
	 (101420,'FG',1106043,TIMESTAMP'2011-05-25 00:00:00','BCEID\DSCOTT','Y',TIMESTAMP'2012-04-16 08:37:33',9,15,TIMESTAMP'2007-06-01 00:00:00',TIMESTAMP'2013-06-01 00:00:00','RESULTS_CONV',TIMESTAMP'2003-11-15 19:43:53','BCEID\DSCOTT',TIMESTAMP'2012-04-16 08:37:33',6,'N'),
	 (101420,'PH',NULL,NULL,NULL,'N',NULL,NULL,NULL,NULL,NULL,'RESULTS_CONV',TIMESTAMP'2003-11-15 19:43:53','BCEID\DSCOTT',TIMESTAMP'2012-04-16 08:37:33',6,'N'),
	 (101420,'RG',NULL,TIMESTAMP'2001-10-11 00:00:00','LKSTRAND','Y',TIMESTAMP'2003-11-15 19:43:53',NULL,4,NULL,TIMESTAMP'2002-06-01 00:00:00','RESULTS_CONV',TIMESTAMP'2003-11-15 19:43:53','BCEID\DSCOTT',TIMESTAMP'2012-04-16 08:37:33',5,'N'),
	 (101421,'FG',1106043,TIMESTAMP'2011-05-25 00:00:00','BCEID\DSCOTT','Y',TIMESTAMP'2012-04-16 08:37:33',12,15,TIMESTAMP'2010-06-01 00:00:00',TIMESTAMP'2013-06-01 00:00:00','RESULTS_CONV',TIMESTAMP'2003-11-15 19:43:53','BCEID\DSCOTT',TIMESTAMP'2012-04-16 08:37:33',6,'N'),
	 (101421,'PH',NULL,NULL,NULL,'N',NULL,NULL,NULL,NULL,NULL,'RESULTS_CONV',TIMESTAMP'2003-11-15 19:43:53','BCEID\DSCOTT',TIMESTAMP'2012-04-16 08:37:33',6,'N'),
	 (101421,'RG',NULL,TIMESTAMP'2001-10-11 00:00:00','LKSTRAND','Y',TIMESTAMP'2003-11-15 19:43:53',NULL,7,NULL,TIMESTAMP'2005-06-01 00:00:00','RESULTS_CONV',TIMESTAMP'2003-11-15 19:43:53','BCEID\DSCOTT',TIMESTAMP'2012-04-16 08:37:33',5,'N'),
	 (101422,'FG',1106043,TIMESTAMP'2011-05-25 00:00:00','BCEID\DSCOTT','Y',TIMESTAMP'2012-04-16 08:37:33',9,15,TIMESTAMP'2007-06-01 00:00:00',TIMESTAMP'2013-06-01 00:00:00','RESULTS_CONV',TIMESTAMP'2003-11-15 19:43:53','BCEID\DSCOTT',TIMESTAMP'2012-04-16 08:37:33',6,'N'),
	 (101422,'PH',NULL,NULL,NULL,'N',NULL,NULL,NULL,NULL,NULL,'RESULTS_CONV',TIMESTAMP'2003-11-15 19:43:53','BCEID\DSCOTT',TIMESTAMP'2012-04-16 08:37:33',6,'N'),
	 (101422,'RG',NULL,TIMESTAMP'2001-10-11 00:00:00','LKSTRAND','Y',TIMESTAMP'2003-11-15 19:43:53',NULL,4,NULL,TIMESTAMP'2002-06-01 00:00:00','RESULTS_CONV',TIMESTAMP'2003-11-15 19:43:53','BCEID\DSCOTT',TIMESTAMP'2012-04-16 08:37:33',5,'N');

INSERT INTO STOCKING_ECOLOGY (STOCKING_ECOLOGY_ID,OPENING_ID,STOCKING_STANDARD_UNIT_ID,BEC_REGION_CODE,BGC_ZONE_CODE,BGC_SUBZONE_CODE,BGC_VARIANT,BGC_PHASE,BEC_SITE_SERIES,BEC_SITE_TYPE,BEC_SERAL,ENTRY_USERID,ENTRY_TIMESTAMP,UPDATE_USERID,UPDATE_TIMESTAMP,REVISION_COUNT) VALUES
	 (103858,60000,101419,NULL,'BWBS','wk','1',NULL,'03',NULL,NULL,'RESULTS_CONV',TIMESTAMP'2003-11-15 18:54:41','BCEID\DSCOTT',TIMESTAMP'2006-11-27 13:38:07',2),
	 (103859,60000,101420,NULL,'BWBS','wk','1',NULL,'01',NULL,NULL,'RESULTS_CONV',TIMESTAMP'2003-11-15 18:54:41','BCEID\DSCOTT',TIMESTAMP'2006-11-27 13:38:07',2),
	 (103860,60000,101421,NULL,'BWBS','wk','1',NULL,'05',NULL,NULL,'RESULTS_CONV',TIMESTAMP'2003-11-15 18:54:41','BCEID\DSCOTT',TIMESTAMP'2006-11-27 13:38:07',2),
	 (103861,60000,101422,NULL,'BWBS','wk','1',NULL,'08',NULL,NULL,'RESULTS_CONV',TIMESTAMP'2003-11-15 18:54:41','BCEID\DSCOTT',TIMESTAMP'2006-11-27 13:38:07',2);

INSERT INTO STOCKING_LAYER (STOCKING_LAYER_ID,STOCKING_STANDARD_UNIT_ID,OPENING_ID,STOCKING_LAYER_CODE,TARGET_STOCKING,RESIDUAL_BASAL_AREA,MIN_HORIZONTAL_DISTANCE,MIN_PREF_STOCKING_STANDARD,MIN_POST_SPACING,MIN_STOCKING_STANDARD,MAX_POST_SPACING,MAX_CONIFER,HGHT_RELATIVE_TO_COMP,TREE_SIZE_UNIT_CODE,ENTRY_USERID,ENTRY_TIMESTAMP,UPDATE_USERID,UPDATE_TIMESTAMP,REVISION_COUNT) VALUES
	 (1086386,101419,60000,'I',1200,NULL,2,600,NULL,700,NULL,NULL,150,'%','BCEID\DSCOTT',TIMESTAMP'2006-11-27 13:51:55','BCEID\DSCOTT',TIMESTAMP'2006-11-27 13:51:55',1),
	 (1086388,101420,60000,'I',1200,NULL,2,600,NULL,700,NULL,NULL,150,'%','BCEID\DSCOTT',TIMESTAMP'2006-11-27 13:53:17','BCEID\DSCOTT',TIMESTAMP'2006-11-27 13:53:17',1),
	 (1086389,101421,60000,'I',1200,NULL,2,600,NULL,700,NULL,NULL,150,'%','BCEID\DSCOTT',TIMESTAMP'2006-11-27 13:54:30','BCEID\DSCOTT',TIMESTAMP'2006-11-27 13:54:30',1),
	 (1086390,101422,60000,'I',400,NULL,1,200,NULL,200,NULL,NULL,150,'%','BCEID\DSCOTT',TIMESTAMP'2006-11-27 13:55:45','BCEID\DSCOTT',TIMESTAMP'2006-11-27 13:55:45',1);

INSERT INTO STOCKING_LAYER_SPECIES (STOCKING_LAYER_ID,SILV_TREE_SPECIES_CODE,SPECIES_ORDER,PREFERRED_IND,MIN_HEIGHT,ENTRY_USERID,ENTRY_TIMESTAMP,UPDATE_USERID,UPDATE_TIMESTAMP,REVISION_COUNT) VALUES
	 (1086386,'PLI',1,'Y',2,'BCEID\DSCOTT',TIMESTAMP'2006-11-27 13:52:23','BCEID\DSCOTT',TIMESTAMP'2006-11-27 13:52:23',1),
	 (1086386,'SW',2,'Y',1,'BCEID\DSCOTT',TIMESTAMP'2006-11-27 13:52:35','BCEID\DSCOTT',TIMESTAMP'2006-11-27 13:52:35',1),
	 (1086388,'PLI',1,'Y',2,'BCEID\DSCOTT',TIMESTAMP'2006-11-27 13:53:31','BCEID\DSCOTT',TIMESTAMP'2006-11-27 13:53:31',1),
	 (1086388,'SW',2,'Y',1,'BCEID\DSCOTT',TIMESTAMP'2006-11-27 13:53:47','BCEID\DSCOTT',TIMESTAMP'2006-11-27 13:53:47',1),
	 (1086389,'PLI',2,'Y',2,'BCEID\DSCOTT',TIMESTAMP'2006-11-27 13:55:18','BCEID\DSCOTT',TIMESTAMP'2006-11-27 13:55:18',1),
	 (1086389,'SW',1,'Y',1,'BCEID\DSCOTT',TIMESTAMP'2006-11-27 13:55:01','BCEID\DSCOTT',TIMESTAMP'2006-11-27 13:55:01',1),
	 (1086390,'PLI',2,'Y',1.4,'BCEID\DSCOTT',TIMESTAMP'2006-11-27 13:56:13','BCEID\DSCOTT',TIMESTAMP'2006-11-27 13:56:13',1),
	 (1086390,'SW',1,'Y',0.8,'BCEID\DSCOTT',TIMESTAMP'2006-11-27 13:55:58','BCEID\DSCOTT',TIMESTAMP'2006-11-27 13:55:58',1);

INSERT INTO FOREST_COVER (FOREST_COVER_ID,OPENING_ID,STOCKING_STANDARD_UNIT_ID,SILV_POLYGON_NO,SILV_POLYGON_AREA,SILV_POLYGON_NET_AREA,STOCKING_CLASS_CODE,STOCKING_STATUS_CODE,STOCKING_TYPE_CODE,REFERENCE_YEAR,REENTRY_YEAR,SITE_CLASS_CODE,SITE_INDEX,SITE_INDEX_SOURCE_CODE,SILV_RESERVE_CODE,SILV_RESERVE_OBJECTIVE_CODE,TREE_SPECIES_CODE,TREE_COVER_PATTERN_CODE,RESULTS_SUBMISSION_ID,ENTRY_USERID,ENTRY_TIMESTAMP,UPDATE_USERID,UPDATE_TIMESTAMP,REVISION_COUNT) VALUES
	 (2638619,60000,101419,'A1',13.3,13.3,NULL,'IMM','ART',2011,NULL,NULL,12,'E',NULL,NULL,'PLI',NULL,1106043,'BCEID\DSCOTT',TIMESTAMP'2002-04-26 00:00:00','BCEID\DSCOTT',TIMESTAMP'2012-04-16 08:37:31',5),
	 (2638620,60000,101420,'B2',10.1,10.1,NULL,'IMM','NAT',2011,NULL,NULL,15,'E',NULL,NULL,'PLI',NULL,1106043,'BCEID\DSCOTT',TIMESTAMP'2002-04-26 00:00:00','BCEID\DSCOTT',TIMESTAMP'2012-04-16 08:37:31',5),
	 (2638621,60000,101421,'C3',10.5,10.5,NULL,'IMM','ART',2011,NULL,NULL,15,'E',NULL,NULL,'SX',NULL,1106043,'BCEID\DSCOTT',TIMESTAMP'2002-04-26 00:00:00','BCEID\DSCOTT',TIMESTAMP'2012-04-16 08:37:31',6),
	 (2638622,60000,101422,'D4',1.9,1.9,NULL,'IMM','ART',2011,NULL,NULL,6,'E',NULL,NULL,'SX',NULL,1106043,'BCEID\DSCOTT',TIMESTAMP'2002-04-26 00:00:00','BCEID\DSCOTT',TIMESTAMP'2012-04-16 08:37:31',7),
	 (2638623,60000,NULL,'E',9.3,9.3,NULL,'MAT','NAT',2001,NULL,NULL,15,'H','G','WTR','PLI',NULL,1106043,'BCEID\DSCOTT',TIMESTAMP'2002-04-26 00:00:00','BCEID\DSCOTT',TIMESTAMP'2012-04-16 08:37:31',3),
	 (2638624,60000,NULL,'L',2.6,2.6,NULL,'NP','UNN',2006,NULL,NULL,NULL,NULL,NULL,NULL,NULL,NULL,1106043,'BCEID\DSCOTT',TIMESTAMP'2002-04-26 00:00:00','BCEID\DSCOTT',TIMESTAMP'2012-04-16 08:37:31',1);

INSERT INTO OPENING_AMENDMENT_HISTORY (OPENING_ID,OPENING_AMENDMENT_NUMBER,AMENDMENT_USERID,AMENDMENT_DATE,SUBMITTED_BY_USERID,SUBMITTED_DATE,APP_ENT_BY_USERID,APPROVE_DATE,ENTRY_USERID,ENTRY_TIMESTAMP,UPDATE_USERID,UPDATE_TIMESTAMP,REVISION_COUNT) VALUES
	 (60000,1,'RNEAGELE',TIMESTAMP'1999-09-01 00:00:00','D.L. Way, D.M. Designate',TIMESTAMP'2003-11-15 18:27:52','RNEAGELE',TIMESTAMP'2000-01-21 00:00:00','RESULTS_CONV',TIMESTAMP'2003-11-15 18:27:52','RESULTS_CONV',TIMESTAMP'2003-11-15 18:27:52',1),
	 (60000,2,'RNEAGELE',TIMESTAMP'2003-09-18 00:00:00','D.L.Way',TIMESTAMP'2003-11-15 18:27:52','RNEAGELE',TIMESTAMP'2003-11-10 00:00:00','RESULTS_CONV',TIMESTAMP'2003-11-15 18:27:52','RESULTS_CONV',TIMESTAMP'2003-11-15 18:27:52',1);

INSERT INTO STOCKING_EVENT_HISTORY (STOCKING_EVENT_HISTORY_ID,OPENING_ID,OPENING_AMENDMENT_ID,OPENING_AMENDMENT_NUMBER,RESULTS_AUDIT_ACTION_CODE,SUBMITTED_USERID,RESULTS_SUBMISSION_ID,AMEND_EVENT_TIMESTAMP,ENTRY_USERID,ENTRY_TIMESTAMP,REVISION_COUNT) VALUES
	 (1344961,60000,60000,2,'O','Results data conversion',NULL,TIMESTAMP'2008-03-11 14:33:51','Results data conversion',TIMESTAMP'2008-03-11 14:33:51',1);

INSERT INTO RESULTS_AUDIT_EVENT (RESULTS_AUDIT_EVENT_ID,OPENING_ID,STANDARDS_REGIME_ID,SILVICULTURE_PROJECT_ID,RESULTS_AUDIT_ACTION_CODE,ACTION_DATE,DESCRIPTION,USER_ID,EMAIL_SENT_IND,XML_SUBMISSION_ID,OPENING_AMENDMENT_NUMBER,ENTRY_USERID,ENTRY_TIMESTAMP) VALUES
	 (101550,60000,NULL,NULL,'UPD',TIMESTAMP'2005-02-11 16:36:00','Opening/related details were modified.',NULL,'N',NULL,NULL,'IDIR\RNEAGELE',TIMESTAMP'2005-02-11 16:36:00'),
	 (335014,60000,NULL,NULL,'ES',TIMESTAMP'2005-11-16 07:28:17','Inserting Activity: Activity Id = 1729448, Activity Base = ''SU''',NULL,'Y',129231,NULL,'BCEID\DSCOTT',TIMESTAMP'2005-11-16 07:28:17'),
	 (672650,60000,NULL,NULL,'COR',TIMESTAMP'2006-11-27 13:38:07','Stocking information modified.',NULL,'Y',279646,NULL,'BCEID\DSCOTT',TIMESTAMP'2006-11-27 13:38:07'),
	 (672649,60000,NULL,NULL,'ES',TIMESTAMP'2006-11-27 13:38:07','Opening ID 60000 updated',NULL,'Y',279646,NULL,'BCEID\DSCOTT',TIMESTAMP'2006-11-27 13:38:07'),
	 (2483912,60000,NULL,NULL,'ES',TIMESTAMP'2012-04-16 08:37:31','Forest Cover Polygon No. A1 (Id=2638619)',NULL,'Y',1106043,NULL,'BCEID\DSCOTT',TIMESTAMP'2012-04-16 08:37:31'),
	 (2483913,60000,NULL,NULL,'ES',TIMESTAMP'2012-04-16 08:37:31','Forest Cover Polygon No. B2 (Id=2638620)',NULL,'Y',1106043,NULL,'BCEID\DSCOTT',TIMESTAMP'2012-04-16 08:37:31'),
	 (2483914,60000,NULL,NULL,'ES',TIMESTAMP'2012-04-16 08:37:31','Forest Cover Polygon No. C3 (Id=2638621)',NULL,'Y',1106043,NULL,'BCEID\DSCOTT',TIMESTAMP'2012-04-16 08:37:31'),
	 (2483915,60000,NULL,NULL,'ES',TIMESTAMP'2012-04-16 08:37:31','Forest Cover Polygon No. D4 (Id=2638622)',NULL,'Y',1106043,NULL,'BCEID\DSCOTT',TIMESTAMP'2012-04-16 08:37:31'),
	 (2483916,60000,NULL,NULL,'ES',TIMESTAMP'2012-04-16 08:37:31','Forest Cover Polygon No. E (Id=2638623)',NULL,'Y',1106043,NULL,'BCEID\DSCOTT',TIMESTAMP'2012-04-16 08:37:31'),
	 (2483917,60000,NULL,NULL,'ES',TIMESTAMP'2012-04-16 08:37:31','Forest Cover Polygon No. L (Id=2638624)',NULL,'Y',1106043,NULL,'BCEID\DSCOTT',TIMESTAMP'2012-04-16 08:37:31'),
	 (2483918,60000,NULL,NULL,'MIL',TIMESTAMP'2012-04-16 08:37:32','Milestone was modified',NULL,'Y',1106043,NULL,'BCEID\DSCOTT',TIMESTAMP'2012-04-16 08:37:32');
