INSERT INTO RESULTS_ELECTRONIC_SUBMISSION (RESULTS_SUBMISSION_ID,SUBMISSION_TIMESTAMP,SUBMITTED_BY,CLIENT_NUMBER,CLIENT_LOCN_CODE,ORG_UNIT_NO,USER_FILENAME,USER_REFERENCE,ENTRY_USERID,ENTRY_TIMESTAMP,UPDATE_USERID,UPDATE_TIMESTAMP,REVISION_COUNT) VALUES
	 (2366349,TIMESTAMP'2024-09-04 14:09:32','IDIR\CENNIS','00010003','13',2,'TA1687_SAsoSL_RG_Milestone_FC20240903.xml',NULL,'IDIR\CENNIS',TIMESTAMP'2024-09-04 14:09:59','IDIR\CENNIS',TIMESTAMP'2024-09-04 14:09:59',1),
	 (2267940,TIMESTAMP'2023-06-20 16:33:17','IDIR\HFRASER','00010003','13',2,'4SL.xml',NULL,'IDIR\HFRASER',TIMESTAMP'2023-06-20 16:33:25','IDIR\HFRASER',TIMESTAMP'2023-06-20 16:33:25',1),
	 (2350206,TIMESTAMP'2024-05-31 14:29:56','IDIR\CENNIS','00010003','13',2,'TA1687_SAso4SL_RG_FC_ACT24.xml',NULL,'IDIR\CENNIS',TIMESTAMP'2024-05-31 14:30:29','IDIR\CENNIS',TIMESTAMP'2024-05-31 14:30:29',1),
	 (2413805,TIMESTAMP'2025-02-27 16:35:12','IDIR\DDOUBINI','00010003','13',2,'SAso4SL_SP_Amend_1.xml',NULL,'IDIR\DDOUBINI',TIMESTAMP'2025-02-27 16:35:55','IDIR\DDOUBINI',TIMESTAMP'2025-02-27 16:35:55',1),
	 (2356926,TIMESTAMP'2024-07-11 08:24:37','IDIR\CENNIS','00010003','13',2,'TA1687_SAso4SL_RG_FC_ACT24_20240711.xml',NULL,'IDIR\CENNIS',TIMESTAMP'2024-07-11 08:24:50','IDIR\CENNIS',TIMESTAMP'2024-07-11 08:24:50',1);

INSERT INTO OPENING (OPENING_ID,GEO_DISTRICT_NO,ADMIN_DISTRICT_NO,MAPSHEET_GRID,MAPSHEET_LETTER,MAPSHEET_SQUARE,MAPSHEET_QUAD,MAPSHEET_SUB_QUAD,OPENING_NUMBER,OPENING_LOCN_NAME,OPEN_CATEGORY_CODE,LICENSEE_OPENING_ID,TSB_NUMBER_CODE,OPENING_STATUS_CODE,ORG_UNIT_NO,DIST_ADMIN_ZONE,MAX_ALLOW_PERMNT_ACCESS_PCT,PREV_AGE_CLASS_CODE,PREV_SITE_INDEX,PREV_SITE_INDEX_SOURCE_CODE,PREV_HEIGHT_CLASS_CODE,PREV_SITE_CLASS_CODE,PREV_STOCKING_CLASS_CODE,PREV_STOCKING_STATUS_CODE,PREV_TREE_SPP1_CODE,PREV_TREE_SPP2_CODE,APP_ENT_BY_USERID,APPROVE_DATE,AMENDMENT_IND,RESULTS_SUBMISSION_ID,ENTRY_USERID,ENTRY_TIMESTAMP,UPDATE_USERID,UPDATE_TIMESTAMP,REVISION_COUNT) VALUES
	 (1777756,2,2,' 92','K','003','0','0',' 375','SA','FTSBF','160382203',NULL,'APP',2,NULL,7,'4',36,'E','5',NULL,NULL,'IMM','FDC','HW',NULL,TIMESTAMP'2023-06-20 16:33:25','Y',2413805,'IDIR\HFRASER',TIMESTAMP'2023-06-20 16:33:25','IDIR\DDOUBINI',TIMESTAMP'2025-02-27 16:35:55',11);

INSERT INTO TIMBER_MARK (TIMBER_MARK,FOREST_FILE_ID,CUTTING_PERMIT_ID,FOREST_DISTRICT,GEOGRAPHIC_DISTRCT,CASCADE_SPLIT_CODE,QUOTA_TYPE_CODE,DECIDUOUS_IND,CATASTROPHIC_IND,CROWN_GRANTED_IND,CRUISE_BASED_IND,CERTIFICATE,HDBS_TIMBER_MARK,VM_TIMBER_MARK,TENURE_TERM,BCAA_FOLIO_NUMBER,ACTIVATED_USERID,AMENDED_USERID,DISTRICT_ADMN_ZONE,GRANTED_ACQRD_DATE,LANDS_REGION,CROWN_GRANTED_ACQ_DESC,MARK_STATUS_ST,MARK_STATUS_DATE,MARK_AMEND_DATE,MARK_APPL_DATE,MARK_CANCEL_DATE,MARK_EXTEND_DATE,MARK_EXTEND_RSN_CD,MARK_EXTEND_COUNT,MARK_ISSUE_DATE,MARK_EXPIRY_DATE,MARKNG_INSTRMNT_CD,MARKING_METHOD_CD,ENTRY_USERID,ENTRY_TIMESTAMP,UPDATE_USERID,UPDATE_TIMESTAMP,REVISION_COUNT,SMALL_PATCH_SALVAGE_IND,SALVAGE_TYPE_CODE) VALUES
	 ('A1687','TA1687',' ',2,2,'W','D','N','N','N','N',NULL,NULL,NULL,24,NULL,NULL,NULL,'CR1',NULL,'1',NULL,'LC',TIMESTAMP'2023-06-26 00:00:00',NULL,NULL,NULL,NULL,NULL,0,TIMESTAMP'2022-12-12 00:00:00',TIMESTAMP'2024-12-11 00:00:00','H','S','IDIR\JPINDROC',TIMESTAMP'2022-08-03 13:31:21','IDIR\JKENNING',TIMESTAMP'2023-09-27 12:01:10',6,'N',NULL);

INSERT INTO CUT_BLOCK (CB_SKEY,HVA_SKEY,FOREST_FILE_ID,CUTTING_PERMIT_ID,TIMBER_MARK,CUT_BLOCK_ID,SP_EXEMPT_IND,BLOCK_STATUS_DATE,CUT_BLOCK_DESCRIPTION,CUT_REGULATION_CODE,BLOCK_STATUS_ST,REFOREST_DECLARE_TYPE_CODE,REVISION_COUNT,ENTRY_USERID,ENTRY_TIMESTAMP,UPDATE_USERID,UPDATE_TIMESTAMP,IS_WASTE_ASSESSMENT_REQUIRED,CUT_BLOCK_GUID,FIRE_HARVESTING_REASON_CODE,IS_UNDER_PARTITION_ORDER,REPORTED_FIRE_DATE) VALUES
	 (817821,800140,'TA1687',' ','A1687','SASO4SL','N',TIMESTAMP'2023-06-20 16:33:26','SA',NULL,'LC',NULL,4,'IDIR\JPINDROC',TIMESTAMP'2022-08-03 13:31:21','IDIR\DDOUBINI',TIMESTAMP'2024-03-01 11:41:25','Y','E55D1D9FA5882A67E05332B3228E33C1',NULL,NULL,NULL);

INSERT INTO CUT_BLOCK_OPEN_ADMIN (CUT_BLOCK_OPEN_ADMIN_ID,FOREST_FILE_ID,TIMBER_MARK,CUT_BLOCK_ID,CUTTING_PERMIT_ID,DISTURBANCE_GROSS_AREA,DISTURBANCE_START_DATE,DISTURBANCE_END_DATE,OPENING_ID,OPENING_GROSS_AREA,PLANNED_HARVEST_DATE,PLANNED_GROSS_BLOCK_AREA,PLANNED_NET_BLOCK_AREA,OPENING_PRIME_LICENCE_IND,CB_SKEY,REVISION_COUNT,ENTRY_USERID,ENTRY_TIMESTAMP,UPDATE_USERID,UPDATE_TIMESTAMP) VALUES
	 (511287,'TA1687','A1687','SASO4SL',' ',6.5,TIMESTAMP'2023-04-07 00:00:00',TIMESTAMP'2023-05-18 00:00:00',1777756,8.2,TIMESTAMP'2022-09-03 00:00:00',8.1515,6.6,'Y',817821,5,'IDIR\JPINDROC',TIMESTAMP'2022-08-03 13:31:21','IDIR\DDOUBINI',TIMESTAMP'2025-02-27 16:35:55');

INSERT INTO ACTIVITY_TREATMENT_UNIT (ACTIVITY_TREATMENT_UNIT_ID,ACTIVITY_TU_SEQ_NO,ORG_UNIT_NO,OPENING_ID,SILVICULTURE_PROJECT_ID,PROJECT_UNIT_ID,SILV_BASE_CODE,SILV_TECHNIQUE_CODE,SILV_METHOD_CODE,SILV_OBJECTIVE_CODE_1,SILV_OBJECTIVE_CODE_2,SILV_OBJECTIVE_CODE_3,SILV_FUND_SRCE_CODE,SILV_ACTIVITY_MEASUREMENT_CODE,ACTIVITY_LICENSEE_ID,TREATMENT_AMOUNT,ACTUAL_TREATMENT_COST,ACT_PLANTED_NO,PLAN_SILV_TECHNIQUE_CODE,PLAN_SILV_METHOD_CODE,PLAN_SILV_FUND_SRCE_CODE,PLANNED_DATE,PLANNED_TREATMENT_AMOUNT,PLANNED_TREATMENT_COST,PLAN_SILV_OBJECTIVE_CODE_1,PLAN_SILV_OBJECTIVE_CODE_2,PLAN_SILV_OBJECTIVE_CODE_3,TARGET_PREPARED_SPOTS,PRUNING_MIN_CROWN_PCT,PRUNE_HEIGHT,STEMS_TO_PRUNE,MIN_ACCEPTABLE_DENSITY,TOTAL_STEMS_PER_HA,INTER_TREE_TARGET_DISTANCE,INTER_TREE_VARIATION,INTER_TREE_MIN_DISTANCE,MAX_TREES_PER_PLOT,MAX_TREES_PER_HA,SURVEY_PLANNED_NUM_PLOTS,SURVEY_ACTUAL_NUM_PLOTS,SURVEY_MIN_PLOTS_PER_STRATUM,SILV_TREE_SPECIES_CODE,ATU_START_DATE,ATU_COMPLETION_DATE,RESULTS_IND,UNIT_BID_PRICE,FIA_PROJECT_ID,RESULTS_SUBMISSION_ID,DISTURBANCE_CODE,SILV_SYSTEM_CODE,SILV_SYSTEM_VARIANT_CODE,SILV_CUT_PHASE_CODE,CUT_BLOCK_OPEN_ADMIN_ID,DISTURBANCE_COMPLETED_IND,ENTRY_USERID,ENTRY_TIMESTAMP,UPDATE_USERID,UPDATE_TIMESTAMP,REVISION_COUNT) VALUES
	 (4099233,4,2,1777756,NULL,NULL,'SU','RG','PLOT',NULL,NULL,NULL,'BCT','HA','163582146',6.1,NULL,NULL,NULL,NULL,NULL,NULL,NULL,NULL,NULL,NULL,NULL,NULL,NULL,NULL,NULL,NULL,NULL,NULL,NULL,NULL,NULL,NULL,NULL,NULL,NULL,NULL,NULL,TIMESTAMP'2024-03-13 00:00:00','Y',NULL,NULL,2350206,NULL,NULL,NULL,NULL,NULL,NULL,'IDIR\CENNIS',TIMESTAMP'2024-05-31 14:30:29','IDIR\CENNIS',TIMESTAMP'2024-05-31 14:30:29',1),
	 (4104938,5,2,1777756,NULL,NULL,'PL','PL','CTAIN',NULL,NULL,NULL,'BCT','HA','163582144',6.1,NULL,7480,NULL,NULL,NULL,NULL,NULL,NULL,NULL,NULL,NULL,NULL,NULL,NULL,NULL,NULL,NULL,NULL,NULL,NULL,NULL,NULL,NULL,NULL,NULL,NULL,NULL,TIMESTAMP'2024-03-12 00:00:00','Y',NULL,NULL,2356926,NULL,NULL,NULL,NULL,NULL,NULL,'IDIR\CENNIS',TIMESTAMP'2024-07-11 08:24:50','IDIR\CENNIS',TIMESTAMP'2024-07-11 08:24:50',2),
	 (4012357,1,2,1777756,NULL,NULL,'DN',NULL,NULL,NULL,NULL,NULL,NULL,'HA','160389388',6.1,NULL,NULL,NULL,NULL,NULL,NULL,NULL,NULL,NULL,NULL,NULL,NULL,NULL,NULL,NULL,NULL,NULL,NULL,NULL,NULL,NULL,NULL,NULL,NULL,NULL,NULL,TIMESTAMP'2023-04-07 00:00:00',TIMESTAMP'2023-05-18 00:00:00','Y',NULL,NULL,2267940,'L','CCRES',NULL,'REMOV',511287,'Y','IDIR\HFRASER',TIMESTAMP'2023-06-20 16:33:26','IDIR\HFRASER',TIMESTAMP'2023-06-20 16:33:26',1),
	 (4012358,2,2,1777756,NULL,NULL,'DN',NULL,NULL,NULL,NULL,NULL,NULL,'HA','160389389',0.4,NULL,NULL,NULL,NULL,NULL,NULL,NULL,NULL,NULL,NULL,NULL,NULL,NULL,NULL,NULL,NULL,NULL,NULL,NULL,NULL,NULL,NULL,NULL,NULL,NULL,NULL,TIMESTAMP'2023-04-07 00:00:00',TIMESTAMP'2023-05-18 00:00:00','Y',NULL,NULL,2267940,'L','CCRES',NULL,'REMOV',511287,'Y','IDIR\HFRASER',TIMESTAMP'2023-06-20 16:33:26','IDIR\HFRASER',TIMESTAMP'2023-06-20 16:33:26',1),
	 (4012359,3,2,1777756,NULL,NULL,'SU','PO','WALK',NULL,NULL,NULL,'BCT','HA','163582142',8.2,NULL,NULL,NULL,NULL,NULL,NULL,NULL,NULL,NULL,NULL,NULL,NULL,NULL,NULL,NULL,NULL,NULL,NULL,NULL,NULL,NULL,NULL,NULL,NULL,NULL,NULL,NULL,TIMESTAMP'2023-06-07 00:00:00','Y',NULL,NULL,2267940,NULL,NULL,NULL,NULL,NULL,NULL,'IDIR\HFRASER',TIMESTAMP'2023-06-20 16:33:26','IDIR\HFRASER',TIMESTAMP'2023-06-20 16:33:26',1);

INSERT INTO STANDARDS_REGIME (STANDARDS_REGIME_ID,STANDARDS_REGIME_NAME,STANDARDS_REGIME_STATUS_CODE,SILV_STATUTE_CODE,STANDARDS_OBJECTIVE,GEOGRAPHIC_DESCRIPTION,MOF_DEFAULT_STANDARD_IND,REGEN_DELAY_OFFSET_YRS,REGEN_OBLIGATION_IND,NO_REGEN_EARLY_OFFSET_YRS,NO_REGEN_LATE_OFFSET_YRS,FREE_GROWING_EARLY_OFFSET_YRS,FREE_GROWING_LATE_OFFSET_YRS,APPROVED_BY_USERID,APPROVED_DATE,SUBMITTED_BY_USERID,SUBMITTED_DATE,EFFECTIVE_DATE,EXPIRY_DATE,ADDITIONAL_STANDARDS,REJECT_NOTE,ENTRY_USERID,ENTRY_TIMESTAMP,UPDATE_USERID,UPDATE_TIMESTAMP,REVISION_COUNT) VALUES
	 (1056501,'51.','APP',NULL,'even aged management',NULL,'N',3,'Y',NULL,NULL,NULL,20,NULL,NULL,NULL,NULL,TIMESTAMP'2018-02-20 00:00:00',NULL,'31. (PW) must use blister rust resistant stock- see BC Journal of Ecosystems and Management 10(1):97-100 for supplementary information.',NULL,'IDIR\KWILLIS',TIMESTAMP'2018-01-29 16:48:59','IDIR\DANTURNE',TIMESTAMP'2018-03-08 15:11:04',7);

INSERT INTO STOCKING_STANDARD_UNIT (STOCKING_STANDARD_UNIT_ID,OPENING_ID,STANDARDS_UNIT_ID,STANDARDS_REGIME_ID,NET_AREA,MAX_ALLOW_SOIL_DISTURBANCE_PCT,VARIANCE_IND,ENTRY_USERID,ENTRY_TIMESTAMP,UPDATE_USERID,UPDATE_TIMESTAMP,REVISION_COUNT) VALUES
	 (2367701,1777756,'1',1056501,6.3,5,'Y','IDIR\HFRASER',TIMESTAMP'2023-06-20 16:33:25','IDIR\DDOUBINI',TIMESTAMP'2025-02-27 16:35:55',2);

INSERT INTO STOCKING_MILESTONE (STOCKING_STANDARD_UNIT_ID,SILV_MILESTONE_TYPE_CODE,RESULTS_SUBMISSION_ID,DECLARED_DATE,DECLARED_USERID,DECLARE_IND,DECLARATION_SUBMITTED_DATE,EARLY_OFFSET_YEARS,LATE_OFFSET_YEARS,DUE_EARLY_DATE,DUE_LATE_DATE,ENTRY_USERID,ENTRY_TIMESTAMP,UPDATE_USERID,UPDATE_TIMESTAMP,REVISION_COUNT,EXTENT_FEASIBLE_DECLARED_IND) VALUES
	 (2367701,'FG',NULL,NULL,NULL,NULL,NULL,0,20,TIMESTAMP'2023-04-07 00:00:00',TIMESTAMP'2043-04-07 00:00:00','IDIR\HFRASER',TIMESTAMP'2023-06-20 16:33:25','IDIR\DDOUBINI',TIMESTAMP'2025-02-27 16:35:55',15,'N'),
	 (2367701,'PH',NULL,NULL,NULL,NULL,NULL,NULL,NULL,NULL,NULL,'IDIR\HFRASER',TIMESTAMP'2023-06-20 16:33:25','IDIR\DDOUBINI',TIMESTAMP'2025-02-27 16:35:55',15,'N'),
	 (2367701,'RG',2366349,TIMESTAMP'2024-03-13 00:00:00','IDIR\CENNIS','Y',TIMESTAMP'2024-09-04 14:09:59',NULL,3,NULL,TIMESTAMP'2026-04-07 00:00:00','IDIR\HFRASER',TIMESTAMP'2023-06-20 16:33:25','IDIR\DDOUBINI',TIMESTAMP'2025-02-27 16:35:55',16,'N');

INSERT INTO STOCKING_ECOLOGY (STOCKING_ECOLOGY_ID,OPENING_ID,STOCKING_STANDARD_UNIT_ID,BEC_REGION_CODE,BGC_ZONE_CODE,BGC_SUBZONE_CODE,BGC_VARIANT,BGC_PHASE,BEC_SITE_SERIES,BEC_SITE_TYPE,BEC_SERAL,ENTRY_USERID,ENTRY_TIMESTAMP,UPDATE_USERID,UPDATE_TIMESTAMP,REVISION_COUNT) VALUES
	 (2367240,1777756,2367701,NULL,'CWH','xm',NULL,NULL,'05',NULL,NULL,'IDIR\HFRASER',TIMESTAMP'2023-06-20 16:33:25','IDIR\DDOUBINI',TIMESTAMP'2025-02-27 16:35:55',2);

INSERT INTO FOREST_STEWARDSHIP_PLAN (FSP_ID,FSP_AMENDMENT_NUMBER,FSP_STATUS_CODE,FSP_AMENDMENT_CODE,LICENSEE_AMENDMENT_NAME,PLAN_NAME,PLAN_TERM_YEARS,PLAN_TERM_MONTHS,PLAN_START_DATE,PLAN_END_DATE,PLAN_SUBMISSION_DATE,PLAN_DECISION_DATE,PLAN_DECISION_USERID,TRANSITION_IND,IDENTIFIED_AREAS_UPDATE_IND,FDU_UPDATE_IND,STOCKING_STANDARD_UPDATE_IND,FRPA197_ELECTION_IND,CONTACT_NAME,TELEPHONE_NUMBER,EMAIL_ADDRESS,AMENDMENT_APPROVAL_DATE,AMENDMENT_AUTHORITY,AMENDMENT_APPROVAL_REQUIRD_IND,AMENDMENT_SUBMISSION_DATE,REVISION_COUNT,ENTRY_USERID,ENTRY_TIMESTAMP,UPDATE_USERID,UPDATE_TIMESTAMP) VALUES
	 (688,0,'APP','ORG',NULL,'Campbell River FSP',5,0,TIMESTAMP'2018-02-20 00:00:00',TIMESTAMP'2023-02-20 00:00:00',TIMESTAMP'2018-02-20 00:00:00',TIMESTAMP'2018-02-20 00:00:00','IDIR\DANTURNE','N','N','Y','N','Y','Laura Chessor','2502869431','laura.chessor@gov.bc.ca',TIMESTAMP'2018-03-08 00:00:00','IDIR\DANTURNE','Y',TIMESTAMP'2018-02-20 00:00:00',17,'IDIR\KWILLIS',TIMESTAMP'2017-08-24 11:51:28','IDIR\DANTURNE',TIMESTAMP'2018-11-02 10:26:11'),
	 (688,1,'APP','AMD',NULL,'Campbell River FSP',5,0,TIMESTAMP'2018-07-05 00:00:00',TIMESTAMP'2023-02-20 00:00:00',TIMESTAMP'2018-02-20 00:00:00',TIMESTAMP'2018-07-09 00:00:00','IDIR\MICBAKER','N','N','Y','N','Y','Laura Chessor','2502869431','laura.chessor@gov.bc.ca',TIMESTAMP'2018-07-10 00:00:00','IDIR\MICBAKER','Y',TIMESTAMP'2018-07-05 00:00:00',12,'IDIR\LCHESSOR',TIMESTAMP'2018-05-29 13:16:10','IDIR\DANTURNE',TIMESTAMP'2018-11-02 10:26:21'),
	 (688,2,'APP','AMD','2','Campbell River FSP',5,0,TIMESTAMP'2019-10-31 00:00:00',TIMESTAMP'2023-02-20 00:00:00',TIMESTAMP'2018-02-20 00:00:00',TIMESTAMP'2019-10-31 00:00:00','IDIR\TMHARTZ','N','N','N','Y','Y','Jeff Hamilton, RPF','2502869371','jeffery.hamilton@gov.bc.ca',TIMESTAMP'2019-10-31 00:00:00','IDIR\TMHARTZ','Y',TIMESTAMP'2019-10-29 00:00:00',12,'IDIR\LCHESSOR',TIMESTAMP'2019-06-12 14:18:36','IDIR\TMHARTZ',TIMESTAMP'2019-10-31 13:12:29'),
	 (688,3,'INE','AMD','3','Campbell River FSP',NULL,NULL,TIMESTAMP'2021-02-23 00:00:00',TIMESTAMP'2023-07-20 00:00:00',TIMESTAMP'2018-02-20 00:00:00',NULL,'IDIR\JEFHAMIL','N','N','Y','Y','Y','Jeffery Hamilton','2508501771','jeffery.hamilton@gov.bc.ca',TIMESTAMP'2021-02-23 00:00:00',NULL,'N',TIMESTAMP'2021-02-23 00:00:00',12,'IDIR\JEFHAMIL',TIMESTAMP'2021-02-10 09:49:20','AMND_PLAN_UPDATE',TIMESTAMP'2023-06-29 11:13:03'),
	 (688,4,'REJ','AMD','14(4) Declaration June 8 2023','Campbell River FSP',NULL,NULL,TIMESTAMP'2023-06-26 00:00:00',TIMESTAMP'2023-07-20 00:00:00',TIMESTAMP'2018-02-20 00:00:00',TIMESTAMP'2023-06-28 00:00:00','IDIR\MPITRE','N','Y','N','N','Y','Mike Pitre, RPF','2364720065','mike.pitre@gov.bc.ca',TIMESTAMP'2023-06-26 00:00:00',NULL,'N',TIMESTAMP'2023-06-26 00:00:00',12,'IDIR\MPITRE',TIMESTAMP'2023-06-08 10:43:01','IDIR\JACARROL',TIMESTAMP'2023-06-26 13:37:26'),
	 (688,5,'INE','AMD','14(4) Declaration Feb 2024','Campbell River FSP',NULL,NULL,TIMESTAMP'2023-06-29 00:00:00',TIMESTAMP'2023-07-20 00:00:00',TIMESTAMP'2018-02-20 00:00:00',NULL,'IDIR\MPITRE','N','Y','N','N','Y','Mike Pitre, RPF','2364720065','mike.pitre@gov.bc.ca',TIMESTAMP'2023-06-29 00:00:00',NULL,'N',TIMESTAMP'2023-06-29 00:00:00',11,'IDIR\MPITRE',TIMESTAMP'2023-06-29 11:06:50','IDIR\SCAKERLE',TIMESTAMP'2024-02-28 15:58:44');

INSERT INTO FSP_STANDARDS_REGIME_XREF (FSP_ID,FSP_AMENDMENT_NUMBER,STANDARDS_REGIME_ID,REVISION_COUNT,ENTRY_USERID,ENTRY_TIMESTAMP,UPDATE_USERID,UPDATE_TIMESTAMP) VALUES
	 (688,0,1056501,1,'IDIR\KWILLIS',TIMESTAMP'2018-01-29 16:48:59','IDIR\KWILLIS',TIMESTAMP'2018-01-29 16:48:59');

INSERT INTO STOCKING_LAYER (STOCKING_LAYER_ID,STOCKING_STANDARD_UNIT_ID,OPENING_ID,STOCKING_LAYER_CODE,TARGET_STOCKING,RESIDUAL_BASAL_AREA,MIN_HORIZONTAL_DISTANCE,MIN_PREF_STOCKING_STANDARD,MIN_POST_SPACING,MIN_STOCKING_STANDARD,MAX_POST_SPACING,MAX_CONIFER,HGHT_RELATIVE_TO_COMP,TREE_SIZE_UNIT_CODE,ENTRY_USERID,ENTRY_TIMESTAMP,UPDATE_USERID,UPDATE_TIMESTAMP,REVISION_COUNT) VALUES
	 (2157570,2367701,1777756,'I',900,NULL,2,400,NULL,500,NULL,NULL,150,'%','IDIR\HFRASER',TIMESTAMP'2023-06-20 16:33:25','IDIR\DDOUBINI',TIMESTAMP'2025-02-27 16:35:55',2);

INSERT INTO STOCKING_LAYER_SPECIES (STOCKING_LAYER_ID,SILV_TREE_SPECIES_CODE,SPECIES_ORDER,PREFERRED_IND,MIN_HEIGHT,ENTRY_USERID,ENTRY_TIMESTAMP,UPDATE_USERID,UPDATE_TIMESTAMP,REVISION_COUNT) VALUES
	 (2157570,'CW',1,'Y',2,'IDIR\HFRASER',TIMESTAMP'2023-06-20 16:33:25','IDIR\DDOUBINI',TIMESTAMP'2025-02-27 16:35:55',2),
	 (2157570,'FDC',2,'Y',4,'IDIR\HFRASER',TIMESTAMP'2023-06-20 16:33:25','IDIR\DDOUBINI',TIMESTAMP'2025-02-27 16:35:55',2),
	 (2157570,'PW',1,'N',2.5,'IDIR\HFRASER',TIMESTAMP'2023-06-20 16:33:25','IDIR\DDOUBINI',TIMESTAMP'2025-02-27 16:35:55',2);

INSERT INTO FOREST_COVER (FOREST_COVER_ID,OPENING_ID,STOCKING_STANDARD_UNIT_ID,SILV_POLYGON_NO,SILV_POLYGON_AREA,SILV_POLYGON_NET_AREA,STOCKING_CLASS_CODE,STOCKING_STATUS_CODE,STOCKING_TYPE_CODE,REFERENCE_YEAR,REENTRY_YEAR,SITE_CLASS_CODE,SITE_INDEX,SITE_INDEX_SOURCE_CODE,SILV_RESERVE_CODE,SILV_RESERVE_OBJECTIVE_CODE,TREE_SPECIES_CODE,TREE_COVER_PATTERN_CODE,RESULTS_SUBMISSION_ID,ENTRY_USERID,ENTRY_TIMESTAMP,UPDATE_USERID,UPDATE_TIMESTAMP,REVISION_COUNT) VALUES
	 (4563462,1777756,2367701,'1',6.1,6.1,NULL,'IMM','ART',2024,NULL,NULL,35,'E',NULL,NULL,'FDC',NULL,2366349,'IDIR\CENNIS',TIMESTAMP'2024-09-04 00:00:00','IDIR\CENNIS',TIMESTAMP'2024-09-04 14:09:59',2),
	 (4563463,1777756,NULL,'PAS',0.4,0.4,NULL,'NP','RD',2023,NULL,NULL,NULL,NULL,NULL,NULL,'FDC',NULL,2366349,'IDIR\CENNIS',TIMESTAMP'2024-09-04 00:00:00','IDIR\CENNIS',TIMESTAMP'2024-09-04 14:09:59',1),
	 (4563464,1777756,NULL,'WTRA',1.6,1.6,NULL,'MAT','NAT',2023,NULL,NULL,30,'E','G','WTR','FDC',NULL,2366349,'IDIR\CENNIS',TIMESTAMP'2024-09-04 00:00:00','IDIR\CENNIS',TIMESTAMP'2024-09-04 14:09:59',2);

INSERT INTO OPENING_AMENDMENT_HISTORY (OPENING_ID,OPENING_AMENDMENT_NUMBER,AMENDMENT_USERID,AMENDMENT_DATE,SUBMITTED_BY_USERID,SUBMITTED_DATE,APP_ENT_BY_USERID,APPROVE_DATE,ENTRY_USERID,ENTRY_TIMESTAMP,UPDATE_USERID,UPDATE_TIMESTAMP,REVISION_COUNT) VALUES
	 (1777756,1,'IDIR\DDOUBINI',TIMESTAMP'2025-02-27 16:35:55',NULL,NULL,NULL,NULL,'IDIR\DDOUBINI',TIMESTAMP'2025-02-27 16:35:55','IDIR\DDOUBINI',TIMESTAMP'2025-02-27 16:35:55',1);

INSERT INTO STOCKING_EVENT_HISTORY (STOCKING_EVENT_HISTORY_ID,OPENING_ID,OPENING_AMENDMENT_ID,OPENING_AMENDMENT_NUMBER,RESULTS_AUDIT_ACTION_CODE,SUBMITTED_USERID,RESULTS_SUBMISSION_ID,AMEND_EVENT_TIMESTAMP,ENTRY_USERID,ENTRY_TIMESTAMP,REVISION_COUNT) VALUES
	 (1740378,1777756,1777756,1,'SPA','IDIR\DDOUBINI',2413805,TIMESTAMP'2025-02-27 16:35:55','IDIR\DDOUBINI',TIMESTAMP'2025-02-27 16:35:55',1),
	 (1719915,1777756,1777756,NULL,'ES','IDIR\HFRASER',2267940,TIMESTAMP'2023-06-20 16:33:25','IDIR\HFRASER',TIMESTAMP'2023-06-20 16:33:25',1);

INSERT INTO RESULTS_AUDIT_EVENT (RESULTS_AUDIT_EVENT_ID,OPENING_ID,STANDARDS_REGIME_ID,SILVICULTURE_PROJECT_ID,RESULTS_AUDIT_ACTION_CODE,ACTION_DATE,DESCRIPTION,USER_ID,EMAIL_SENT_IND,XML_SUBMISSION_ID,OPENING_AMENDMENT_NUMBER,ENTRY_USERID,ENTRY_TIMESTAMP) VALUES
	 (5468551,1777756,NULL,NULL,'ES',TIMESTAMP'2023-06-20 16:33:25','Opening ID 1777756 created',NULL,'Y',2267940,NULL,'IDIR\HFRASER',TIMESTAMP'2023-06-20 16:33:25'),
	 (5468552,1777756,1056501,NULL,'ES',TIMESTAMP'2023-06-20 16:33:25','Standard was changed',NULL,'Y',2267940,NULL,'IDIR\HFRASER',TIMESTAMP'2023-06-20 16:33:25'),
	 (5468553,1777756,NULL,NULL,'ES',TIMESTAMP'2023-06-20 16:33:26','Creating Disturbance Activity: Activity Id = 4012357',NULL,'Y',2267940,NULL,'IDIR\HFRASER',TIMESTAMP'2023-06-20 16:33:26'),
	 (5468554,1777756,NULL,NULL,'ES',TIMESTAMP'2023-06-20 16:33:26','Creating Disturbance Activity: Activity Id = 4012358',NULL,'Y',2267940,NULL,'IDIR\HFRASER',TIMESTAMP'2023-06-20 16:33:26'),
	 (5468555,1777756,NULL,NULL,'ES',TIMESTAMP'2023-06-20 16:33:26','Inserting Activity: Activity Id = 4012359, Activity Base = ''SU''',NULL,'Y',2267940,NULL,'IDIR\HFRASER',TIMESTAMP'2023-06-20 16:33:26'),
	 (5624119,1777756,NULL,NULL,'MIL',TIMESTAMP'2024-03-01 10:41:23','Opening/related details were modified.',NULL,'N',NULL,NULL,'IDIR\DDOUBINI',TIMESTAMP'2024-03-01 10:41:23'),
	 (5624118,1777756,NULL,NULL,'UPD',TIMESTAMP'2024-03-01 10:41:23','Opening/Tenure Online Entry',NULL,'N',NULL,NULL,'IDIR\DDOUBINI',TIMESTAMP'2024-03-01 10:41:23'),
	 (5624475,1777756,NULL,NULL,'MIL',TIMESTAMP'2024-03-01 11:41:25','Opening/related details were modified.',NULL,'N',NULL,NULL,'IDIR\DDOUBINI',TIMESTAMP'2024-03-01 11:41:25'),
	 (5624474,1777756,NULL,NULL,'UPD',TIMESTAMP'2024-03-01 11:41:25','Opening/Tenure Online Entry',NULL,'N',NULL,NULL,'IDIR\DDOUBINI',TIMESTAMP'2024-03-01 11:41:25'),
	 (5704574,1777756,NULL,NULL,'ES',TIMESTAMP'2024-05-31 14:30:29','Inserting Activity: Activity Id = 4099233, Activity Base = ''SU''',NULL,'Y',2350206,NULL,'IDIR\CENNIS',TIMESTAMP'2024-05-31 14:30:29'),
	 (5728101,1777756,NULL,NULL,'ES',TIMESTAMP'2024-07-11 08:24:50','Inserting Activity: Activity Id = 4104938, Activity Base = ''PL''',NULL,'Y',2356926,NULL,'IDIR\CENNIS',TIMESTAMP'2024-07-11 08:24:50'),
	 (5754433,1777756,NULL,NULL,'ES',TIMESTAMP'2024-09-04 14:02:31','Forest Cover Polygon No. 1 (Id=4563459)',NULL,'Y',2366348,NULL,'IDIR\CENNIS',TIMESTAMP'2024-09-04 14:02:31'),
	 (5754434,1777756,NULL,NULL,'ES',TIMESTAMP'2024-09-04 14:02:31','Forest Cover Polygon No. PAS (Id=4563460)',NULL,'Y',2366348,NULL,'IDIR\CENNIS',TIMESTAMP'2024-09-04 14:02:31'),
	 (5754435,1777756,NULL,NULL,'ES',TIMESTAMP'2024-09-04 14:02:31','Forest Cover Polygon No. WTRA (Id=4563461)',NULL,'Y',2366348,NULL,'IDIR\CENNIS',TIMESTAMP'2024-09-04 14:02:31'),
	 (5754469,1777756,NULL,NULL,'ES',TIMESTAMP'2024-09-04 14:09:59','Forest Cover Polygon No. 1 (Id=4563462)',NULL,'Y',2366349,NULL,'IDIR\CENNIS',TIMESTAMP'2024-09-04 14:09:59'),
	 (5754470,1777756,NULL,NULL,'ES',TIMESTAMP'2024-09-04 14:09:59','Forest Cover Polygon No. PAS (Id=4563463)',NULL,'Y',2366349,NULL,'IDIR\CENNIS',TIMESTAMP'2024-09-04 14:09:59'),
	 (5754471,1777756,NULL,NULL,'ES',TIMESTAMP'2024-09-04 14:09:59','Forest Cover Polygon No. WTRA (Id=4563464)',NULL,'Y',2366349,NULL,'IDIR\CENNIS',TIMESTAMP'2024-09-04 14:09:59'),
	 (5754472,1777756,NULL,NULL,'MIL',TIMESTAMP'2024-09-04 14:09:59','Milestone was modified',NULL,'Y',2366349,NULL,'IDIR\CENNIS',TIMESTAMP'2024-09-04 14:09:59'),
	 (5897075,1777756,NULL,NULL,'ES',TIMESTAMP'2025-02-27 16:35:55','Opening ID 1777756 updated',NULL,'Y',2413805,NULL,'IDIR\DDOUBINI',TIMESTAMP'2025-02-27 16:35:55'),
	 (5897076,1777756,NULL,NULL,'SPA',TIMESTAMP'2025-02-27 16:35:55','Stocking information modified.',NULL,'Y',2413805,1,'IDIR\DDOUBINI',TIMESTAMP'2025-02-27 16:35:55');