INSERT INTO silva.results_electronic_submission (results_submission_id, submission_timestamp, submitted_by, client_number, client_locn_code, org_unit_no, user_filename, user_reference, entry_userid, entry_timestamp, update_userid, update_timestamp, revision_count) VALUES
	 (1293475,TIMESTAMP'2014-02-26 00:00:00','BCEID\JPRESTMODA','00010006','00',1,NULL,NULL,'BCEID\JPRESTMODA',TIMESTAMP'2014-02-26 11:01:31','BCEID\JPRESTMODA',TIMESTAMP'2014-02-26 11:01:31',1),
	 (1293417,TIMESTAMP'2014-02-26 00:00:00','BCEID\JPRESTMODA','00010006','00',1,NULL,NULL,'BCEID\JPRESTMODA',TIMESTAMP'2014-02-26 10:45:31','BCEID\JPRESTMODA',TIMESTAMP'2014-02-26 10:45:31',1),
	 (1707770,TIMESTAMP'2017-10-06 12:49:51','BCEID\SJONES12','00010006','00',1,NULL,NULL,'BCEID\SJONES12',TIMESTAMP'2017-10-06 12:50:00','BCEID\SJONES12',TIMESTAMP'2017-10-06 12:50:00',1);

INSERT INTO silva.opening (opening_id, geo_district_no, admin_district_no, mapsheet_grid, mapsheet_letter, mapsheet_square, mapsheet_quad, mapsheet_sub_quad, opening_number, opening_locn_name, open_category_code, licensee_opening_id, tsb_number_code, opening_status_code, org_unit_no, dist_admin_zone, max_allow_permnt_access_pct, prev_age_class_code, prev_site_index, prev_site_index_source_code, prev_height_class_code, prev_site_class_code, prev_stocking_class_code, prev_stocking_status_code, prev_tree_spp1_code, prev_tree_spp2_code, app_ent_by_userid, approve_date, amendment_ind, results_submission_id, entry_userid, entry_timestamp, update_userid, update_timestamp, revision_count) VALUES
	 (1589595,1,1,' 93','F','072','0','0',' 849','SQUARE LAKE','FTMSL','01',NULL,'FG',1,NULL,7,'8',17,'H','3',NULL,'1','MAT','PL',NULL,'IDIR\GKJENNIN',TIMESTAMP'2003-12-03 00:00:00','Y',1293417,'BCEID\JPRESTMODA',TIMESTAMP'2014-02-24 10:07:28','IDIR\CSTEVENS',TIMESTAMP'2017-11-30 12:15:34',19);

INSERT INTO silva.timber_mark (timber_mark, forest_file_id, cutting_permit_id, forest_district, geographic_distrct, cascade_split_code, quota_type_code, deciduous_ind, catastrophic_ind, crown_granted_ind, cruise_based_ind, certificate, hdbs_timber_mark, vm_timber_mark, tenure_term, bcaa_folio_number, activated_userid, amended_userid, district_admn_zone, granted_acqrd_date, lands_region, crown_granted_acq_desc, mark_status_st, mark_status_date, mark_amend_date, mark_appl_date, mark_cancel_date, mark_extend_date, mark_extend_rsn_cd, mark_extend_count, mark_issue_date, mark_expiry_date, markng_instrmnt_cd, marking_method_cd, entry_userid, entry_timestamp, update_userid, update_timestamp, revision_count, small_patch_salvage_ind, salvage_type_code) VALUES
	 ('AU6001','A70881','001',1,13,'E','A','N','Y','N','N',NULL,NULL,'AU6001',24,NULL,NULL,NULL,'A',NULL,NULL,NULL,'HC',TIMESTAMP'2005-07-26 00:00:00',NULL,NULL,NULL,NULL,NULL,0,TIMESTAMP'2003-12-03 00:00:00',TIMESTAMP'2005-12-02 00:00:00','H','5','IDIR\jcballar',TIMESTAMP'2004-01-07 14:28:53','IDIR\JSILLES',TIMESTAMP'2005-07-26 10:22:13',4,'N',NULL),
	 ('AY5001','A72929','001',1,13,'E','A','N','Y','N','N',NULL,NULL,'AY5001',24,NULL,NULL,NULL,'A',NULL,NULL,NULL,'HC',TIMESTAMP'2005-07-26 00:00:00',NULL,NULL,NULL,NULL,NULL,0,TIMESTAMP'2003-12-03 00:00:00',TIMESTAMP'2005-12-02 00:00:00','H','5','IDIR\jcballar',TIMESTAMP'2004-01-07 14:33:24','IDIR\JSILLES',TIMESTAMP'2005-07-26 11:14:34',4,'N',NULL);

INSERT INTO silva.cut_block (cb_skey, hva_skey, forest_file_id, cutting_permit_id, timber_mark, cut_block_id, sp_exempt_ind, block_status_date, cut_block_description, cut_regulation_code, block_status_st, reforest_declare_type_code, revision_count, entry_userid, entry_timestamp, update_userid, update_timestamp, is_waste_assessment_required, cut_block_guid, fire_harvesting_reason_code, is_under_partition_order, reported_fire_date) VALUES
	 (43589,114530,'A72929','001','AY5001','028','N',TIMESTAMP'2005-07-26 00:00:00',NULL,NULL,'S',NULL,5,'idir\jcballar',TIMESTAMP'2005-05-04 12:57:01','IDIR\CSTEVENS',TIMESTAMP'2009-05-19 14:11:37','U','B9B0909E82C4645AE05332B3228EA5A5',NULL,NULL,NULL),
	 (43591,114530,'A72929','001','AY5001','027','N',TIMESTAMP'2005-07-26 00:00:00',NULL,NULL,'S',NULL,5,'idir\jcballar',TIMESTAMP'2005-05-04 12:57:01','IDIR\CSTEVENS',TIMESTAMP'2009-05-19 15:34:04','U','B9B0909E82C6645AE05332B3228EA5A5',NULL,NULL,NULL),
	 (43592,114530,'A72929','001','AY5001','025','N',TIMESTAMP'2005-07-26 00:00:00',NULL,NULL,'S',NULL,5,'idir\jcballar',TIMESTAMP'2005-05-04 12:57:01','IDIR\CSTEVENS',TIMESTAMP'2009-05-19 15:33:03','U','B9B0909E82C7645AE05332B3228EA5A5',NULL,NULL,NULL),
	 (43593,114530,'A72929','001','AY5001','024','N',TIMESTAMP'2005-07-26 00:00:00',NULL,NULL,'S',NULL,5,'idir\jcballar',TIMESTAMP'2005-05-04 12:57:01','IDIR\CSTEVENS',TIMESTAMP'2009-05-19 15:32:16','U','B9B0909E82C8645AE05332B3228EA5A5',NULL,NULL,NULL),
	 (43594,114530,'A72929','001','AY5001','023','N',TIMESTAMP'2005-07-26 00:00:00',NULL,NULL,'S',NULL,6,'idir\jcballar',TIMESTAMP'2005-05-04 12:57:01','IDIR\CSTEVENS',TIMESTAMP'2017-11-20 14:41:54','U','B9B0909E82C9645AE05332B3228EA5A5',NULL,NULL,NULL),
	 (43598,114530,'A72929','001','AY5001','031','N',TIMESTAMP'2005-07-26 00:00:00',NULL,NULL,'S',NULL,5,'idir\jcballar',TIMESTAMP'2005-05-04 12:57:01','IDIR\CSTEVENS',TIMESTAMP'2009-05-19 15:34:47','U','B9B0909E82CD645AE05332B3228EA5A5',NULL,NULL,NULL),
	 (43599,114530,'A72929','001','AY5001','034','N',TIMESTAMP'2005-07-26 00:00:00',NULL,NULL,'S',NULL,5,'idir\jcballar',TIMESTAMP'2005-05-04 12:57:01','IDIR\CSTEVENS',TIMESTAMP'2009-05-19 15:35:16','U','B9B0909E82CE645AE05332B3228EA5A5',NULL,NULL,NULL),
	 (43600,114530,'A72929','001','AY5001','037','N',TIMESTAMP'2005-07-26 00:00:00',NULL,NULL,'S',NULL,5,'idir\jcballar',TIMESTAMP'2005-05-04 12:57:01','IDIR\CSTEVENS',TIMESTAMP'2009-05-19 15:36:44','U','B9B0909E82CF645AE05332B3228EA5A5',NULL,NULL,NULL),
	 (43601,114530,'A72929','001','AY5001','036','N',TIMESTAMP'2005-07-26 00:00:00',NULL,NULL,'S',NULL,5,'idir\jcballar',TIMESTAMP'2005-05-04 12:57:01','IDIR\CSTEVENS',TIMESTAMP'2009-05-19 15:36:18','U','B9B0909E82D0645AE05332B3228EA5A5',NULL,NULL,NULL),
	 (43603,114530,'A72929','001','AY5001','038','N',TIMESTAMP'2005-07-26 00:00:00',NULL,NULL,'S',NULL,5,'idir\jcballar',TIMESTAMP'2005-05-04 12:57:01','IDIR\CSTEVENS',TIMESTAMP'2009-05-19 15:37:20','U','B9B0909E82D2645AE05332B3228EA5A5',NULL,NULL,NULL),
	 (43604,114530,'A72929','001','AY5001','039','N',TIMESTAMP'2005-07-26 00:00:00',NULL,NULL,'S',NULL,6,'idir\jcballar',TIMESTAMP'2005-05-04 12:57:01','IDIR\CSTEVENS',TIMESTAMP'2009-05-19 15:37:46','U','B9B0909E82D3645AE05332B3228EA5A5',NULL,NULL,NULL),
	 (65703,111525,'A70881','001','AU6001','072','N',TIMESTAMP'2005-07-26 00:00:00',NULL,NULL,'S',NULL,5,'idir\jcballar',TIMESTAMP'2005-05-04 14:01:04','IDIR\CSTEVENS',TIMESTAMP'2009-05-19 22:37:07','U','B9B0909ED181645AE05332B3228EA5A5',NULL,NULL,NULL),
	 (65704,111525,'A70881','001','AU6001','073','N',TIMESTAMP'2005-07-26 00:00:00',NULL,NULL,'S',NULL,5,'idir\jcballar',TIMESTAMP'2005-05-04 14:01:04','IDIR\CSTEVENS',TIMESTAMP'2009-05-19 22:40:06','U','B9B0909ED182645AE05332B3228EA5A5',NULL,NULL,NULL),
	 (65705,111525,'A70881','001','AU6001','074','N',TIMESTAMP'2005-07-26 00:00:00',NULL,NULL,'S',NULL,5,'idir\jcballar',TIMESTAMP'2005-05-04 14:01:04','IDIR\CSTEVENS',TIMESTAMP'2009-05-19 22:43:18','U','B9B0909ED183645AE05332B3228EA5A5',NULL,NULL,NULL),
	 (65706,111525,'A70881','001','AU6001','075','N',TIMESTAMP'2005-07-26 00:00:00',NULL,NULL,'S',NULL,5,'idir\jcballar',TIMESTAMP'2005-05-04 14:01:04','IDIR\CSTEVENS',TIMESTAMP'2009-05-19 22:45:39','U','B9B0909ED184645AE05332B3228EA5A5',NULL,NULL,NULL),
	 (65707,111525,'A70881','001','AU6001','076','Y',TIMESTAMP'2005-07-26 00:00:00',NULL,NULL,'S',NULL,7,'idir\jcballar',TIMESTAMP'2005-05-04 14:01:04','IDIR\CSTEVENS',TIMESTAMP'2009-05-19 23:49:49','U','B9B0909ED185645AE05332B3228EA5A5',NULL,NULL,NULL),
	 (65708,111525,'A70881','001','AU6001','082','N',TIMESTAMP'2005-07-26 00:00:00',NULL,NULL,'S',NULL,6,'idir\jcballar',TIMESTAMP'2005-05-04 14:01:04','IDIR\CSTEVENS',TIMESTAMP'2009-05-19 22:55:59','U','B9B0909ED186645AE05332B3228EA5A5',NULL,NULL,NULL),
	 (65709,111525,'A70881','001','AU6001','077','N',TIMESTAMP'2005-07-26 00:00:00',NULL,NULL,'S',NULL,5,'idir\jcballar',TIMESTAMP'2005-05-04 14:01:04','IDIR\CSTEVENS',TIMESTAMP'2009-05-19 22:47:55','U','B9B0909ED187645AE05332B3228EA5A5',NULL,NULL,NULL),
	 (65710,111525,'A70881','001','AU6001','083','N',TIMESTAMP'2005-07-26 00:00:00',NULL,NULL,'S',NULL,5,'idir\jcballar',TIMESTAMP'2005-05-04 14:01:04','IDIR\CSTEVENS',TIMESTAMP'2009-05-19 23:05:33','U','B9B0909ED188645AE05332B3228EA5A5',NULL,NULL,NULL),
	 (65711,111525,'A70881','001','AU6001','032','N',TIMESTAMP'2005-07-25 00:00:00',NULL,NULL,'S',NULL,5,'idir\jcballar',TIMESTAMP'2005-05-04 14:01:04','IDIR\CSTEVENS',TIMESTAMP'2009-05-19 22:21:46','U','B9B0909ED189645AE05332B3228EA5A5',NULL,NULL,NULL);
INSERT INTO silva.cut_block (cb_skey, hva_skey, forest_file_id, cutting_permit_id, timber_mark, cut_block_id, sp_exempt_ind, block_status_date, cut_block_description, cut_regulation_code, block_status_st, reforest_declare_type_code, revision_count, entry_userid, entry_timestamp, update_userid, update_timestamp, is_waste_assessment_required, cut_block_guid, fire_harvesting_reason_code, is_under_partition_order, reported_fire_date) VALUES
	 (65712,111525,'A70881','001','AU6001','033','N',TIMESTAMP'2005-07-25 00:00:00',NULL,NULL,'S',NULL,5,'idir\jcballar',TIMESTAMP'2005-05-04 14:01:04','IDIR\CSTEVENS',TIMESTAMP'2009-05-19 22:24:08','U','B9B0909ED18A645AE05332B3228EA5A5',NULL,NULL,NULL);

INSERT INTO silva.cut_block_client (cblk_client_skey, cb_skey, cut_block_client_type_code, licensee_start_date, licensee_end_date, client_locn_code, client_number, revision_count, entry_userid, entry_timestamp, update_userid, update_timestamp) VALUES
	 (366755,43589,'O',TIMESTAMP'2007-09-19 00:00:00',NULL,'00','00010006',0,'IDIR\CSTEVENS',TIMESTAMP'2009-06-18 09:51:03','IDIR\CSTEVENS',TIMESTAMP'2009-06-18 09:51:03'),
	 (366754,43591,'O',TIMESTAMP'2007-09-19 00:00:00',NULL,'00','00010006',0,'IDIR\CSTEVENS',TIMESTAMP'2009-06-18 09:50:27','IDIR\CSTEVENS',TIMESTAMP'2009-06-18 09:50:27'),
	 (366752,43592,'O',TIMESTAMP'2007-09-19 00:00:00',NULL,'00','00010006',0,'IDIR\CSTEVENS',TIMESTAMP'2009-06-18 09:49:09','IDIR\CSTEVENS',TIMESTAMP'2009-06-18 09:49:09'),
	 (366751,43593,'O',TIMESTAMP'2007-09-19 00:00:00',NULL,'00','00010006',0,'IDIR\CSTEVENS',TIMESTAMP'2009-06-18 09:48:39','IDIR\CSTEVENS',TIMESTAMP'2009-06-18 09:48:39'),
	 (366750,43594,'O',TIMESTAMP'2007-09-19 00:00:00',NULL,'00','00010006',0,'IDIR\CSTEVENS',TIMESTAMP'2009-06-18 09:47:53','IDIR\CSTEVENS',TIMESTAMP'2009-06-18 09:47:53'),
	 (366756,43598,'O',TIMESTAMP'2007-09-19 00:00:00',NULL,'00','00010006',0,'IDIR\CSTEVENS',TIMESTAMP'2009-06-18 09:51:32','IDIR\CSTEVENS',TIMESTAMP'2009-06-18 09:51:32'),
	 (366757,43599,'O',TIMESTAMP'2007-09-19 00:00:00',NULL,'00','00010006',0,'IDIR\CSTEVENS',TIMESTAMP'2009-06-18 09:52:04','IDIR\CSTEVENS',TIMESTAMP'2009-06-18 09:52:04'),
	 (366760,43600,'O',TIMESTAMP'2007-09-19 00:00:00',NULL,'00','00010006',0,'IDIR\CSTEVENS',TIMESTAMP'2009-06-18 09:53:45','IDIR\CSTEVENS',TIMESTAMP'2009-06-18 09:53:45'),
	 (366759,43601,'O',TIMESTAMP'2007-09-19 00:00:00',NULL,'00','00010006',0,'IDIR\CSTEVENS',TIMESTAMP'2009-06-18 09:53:15','IDIR\CSTEVENS',TIMESTAMP'2009-06-18 09:53:15'),
	 (366761,43603,'O',TIMESTAMP'2007-09-19 00:00:00',NULL,'00','00010006',0,'IDIR\CSTEVENS',TIMESTAMP'2009-06-18 09:54:15','IDIR\CSTEVENS',TIMESTAMP'2009-06-18 09:54:15'),
	 (366762,43604,'O',TIMESTAMP'2007-09-19 00:00:00',NULL,'00','00010006',0,'IDIR\CSTEVENS',TIMESTAMP'2009-06-18 09:54:43','IDIR\CSTEVENS',TIMESTAMP'2009-06-18 09:54:43'),
	 (366643,65703,'O',TIMESTAMP'2008-11-07 00:00:00',NULL,'00','00010006',0,'IDIR\CSTEVENS',TIMESTAMP'2009-06-17 11:31:40','IDIR\CSTEVENS',TIMESTAMP'2009-06-17 11:31:40'),
	 (366644,65704,'O',TIMESTAMP'2008-11-07 00:00:00',NULL,'00','00010006',0,'IDIR\CSTEVENS',TIMESTAMP'2009-06-17 11:32:11','IDIR\CSTEVENS',TIMESTAMP'2009-06-17 11:32:11'),
	 (366645,65705,'O',TIMESTAMP'2008-11-07 00:00:00',NULL,'00','00010006',0,'IDIR\CSTEVENS',TIMESTAMP'2009-06-17 11:32:38','IDIR\CSTEVENS',TIMESTAMP'2009-06-17 11:32:38'),
	 (366646,65706,'O',TIMESTAMP'2008-11-07 00:00:00',NULL,'00','00010006',0,'IDIR\CSTEVENS',TIMESTAMP'2009-06-17 11:33:06','IDIR\CSTEVENS',TIMESTAMP'2009-06-17 11:33:06'),
	 (366622,65707,'O',TIMESTAMP'2008-11-07 00:00:00',NULL,'00','00010006',0,'IDIR\CSTEVENS',TIMESTAMP'2009-06-17 11:17:15','IDIR\CSTEVENS',TIMESTAMP'2009-06-17 11:17:15'),
	 (366650,65708,'O',TIMESTAMP'2008-11-07 00:00:00',NULL,'00','00010006',0,'IDIR\CSTEVENS',TIMESTAMP'2009-06-17 11:34:59','IDIR\CSTEVENS',TIMESTAMP'2009-06-17 11:34:59'),
	 (366647,65709,'O',TIMESTAMP'2008-11-07 00:00:00',NULL,'00','00010006',0,'IDIR\CSTEVENS',TIMESTAMP'2009-06-17 11:33:32','IDIR\CSTEVENS',TIMESTAMP'2009-06-17 11:33:32'),
	 (366651,65710,'O',TIMESTAMP'2008-11-07 00:00:00',NULL,'00','00010006',0,'IDIR\CSTEVENS',TIMESTAMP'2009-06-17 11:35:29','IDIR\CSTEVENS',TIMESTAMP'2009-06-17 11:35:29'),
	 (366637,65711,'O',TIMESTAMP'2008-11-07 00:00:00',NULL,'00','00010006',0,'IDIR\CSTEVENS',TIMESTAMP'2009-06-17 11:26:20','IDIR\CSTEVENS',TIMESTAMP'2009-06-17 11:26:20');
INSERT INTO silva.cut_block_client (cblk_client_skey, cb_skey, cut_block_client_type_code, licensee_start_date, licensee_end_date, client_locn_code, client_number, revision_count, entry_userid, entry_timestamp, update_userid, update_timestamp) VALUES
	 (366638,65712,'O',TIMESTAMP'2008-11-07 00:00:00',NULL,'00','00010006',0,'IDIR\CSTEVENS',TIMESTAMP'2009-06-17 11:26:52','IDIR\CSTEVENS',TIMESTAMP'2009-06-17 11:26:52');

INSERT INTO silva.cut_block_open_admin (cut_block_open_admin_id, forest_file_id, timber_mark, cut_block_id, cutting_permit_id, disturbance_gross_area, disturbance_start_date, disturbance_end_date, opening_id, opening_gross_area, planned_harvest_date, planned_gross_block_area, planned_net_block_area, opening_prime_licence_ind, cb_skey, revision_count, entry_userid, entry_timestamp, update_userid, update_timestamp) VALUES
	 (258074,'A72929','AY5001','024','001',2,TIMESTAMP'2002-12-01 00:00:00',TIMESTAMP'2003-03-01 00:00:00',1589595,61.7,TIMESTAMP'2003-12-03 00:00:00',1.9685,1.957,'N',43593,70,'idir\jcballar',TIMESTAMP'2005-05-04 12:57:01','BCEID\JPRESTMODA',TIMESTAMP'2014-02-26 10:56:26'),
	 (258110,'A70881','AU6001','082','001',2.6,TIMESTAMP'2002-12-01 00:00:00',TIMESTAMP'2003-03-01 00:00:00',1589595,61.7,TIMESTAMP'2003-12-03 00:00:00',2.5715,2.5714,'N',65708,70,'idir\jcballar',TIMESTAMP'2005-05-04 14:01:04','BCEID\JPRESTMODA',TIMESTAMP'2014-02-26 10:56:26'),
	 (258109,'A70881','AU6001','077','001',2.3,TIMESTAMP'2002-12-01 00:00:00',TIMESTAMP'2003-03-01 00:00:00',1589595,61.7,TIMESTAMP'2003-12-03 00:00:00',2.2945,2.2944,'N',65709,70,'idir\jcballar',TIMESTAMP'2005-05-04 14:01:04','BCEID\JPRESTMODA',TIMESTAMP'2014-02-26 10:56:26'),
	 (258063,'A72929','AY5001','039','001',4.3,TIMESTAMP'2002-12-01 00:00:00',TIMESTAMP'2003-03-01 00:00:00',1589595,61.7,TIMESTAMP'2003-12-03 00:00:00',4.2901,4.2654,'N',43604,70,'idir\jcballar',TIMESTAMP'2005-05-04 12:57:01','BCEID\JPRESTMODA',TIMESTAMP'2014-02-26 10:56:26'),
	 (258064,'A72929','AY5001','038','001',4.5,TIMESTAMP'2002-12-01 00:00:00',TIMESTAMP'2003-03-01 00:00:00',1589595,61.7,TIMESTAMP'2003-12-03 00:00:00',4.4794,4.4536,'N',43603,70,'idir\jcballar',TIMESTAMP'2005-05-04 12:57:01','BCEID\JPRESTMODA',TIMESTAMP'2014-02-26 10:56:26'),
	 (258066,'A72929','AY5001','036','001',5.3,TIMESTAMP'2002-12-01 00:00:00',TIMESTAMP'2003-03-01 00:00:00',1589595,61.7,TIMESTAMP'2003-12-03 00:00:00',5.2569,5.2266,'N',43601,71,'idir\jcballar',TIMESTAMP'2005-05-04 12:57:01','BCEID\JPRESTMODA',TIMESTAMP'2014-02-26 10:56:26'),
	 (258067,'A72929','AY5001','037','001',2.2,TIMESTAMP'2002-12-01 00:00:00',TIMESTAMP'2003-03-01 00:00:00',1589595,61.7,TIMESTAMP'2003-12-03 00:00:00',2.1878,2.1751,'N',43600,70,'idir\jcballar',TIMESTAMP'2005-05-04 12:57:01','BCEID\JPRESTMODA',TIMESTAMP'2014-02-26 10:56:26'),
	 (258068,'A72929','AY5001','034','001',1.5,TIMESTAMP'2002-12-01 00:00:00',TIMESTAMP'2003-03-01 00:00:00',1589595,61.7,TIMESTAMP'2003-12-03 00:00:00',1.4515,1.4431,'N',43599,70,'idir\jcballar',TIMESTAMP'2005-05-04 12:57:01','BCEID\JPRESTMODA',TIMESTAMP'2014-02-26 10:56:26'),
	 (258069,'A72929','AY5001','031','001',5.2,TIMESTAMP'2002-12-01 00:00:00',TIMESTAMP'2003-03-01 00:00:00',1589595,61.7,TIMESTAMP'2003-12-03 00:00:00',5.156,5.1262,'N',43598,70,'idir\jcballar',TIMESTAMP'2005-05-04 12:57:01','BCEID\JPRESTMODA',TIMESTAMP'2014-02-26 10:56:26'),
	 (258073,'A72929','AY5001','023','001',7.7,TIMESTAMP'2002-12-01 00:00:00',TIMESTAMP'2003-03-01 00:00:00',1589595,61.7,TIMESTAMP'2003-12-03 00:00:00',7.6866,7.642,'Y',43594,70,'idir\jcballar',TIMESTAMP'2005-05-04 12:57:01','BCEID\JPRESTMODA',TIMESTAMP'2014-02-26 10:56:26'),
	 (258075,'A72929','AY5001','025','001',7.2,TIMESTAMP'2002-12-01 00:00:00',TIMESTAMP'2003-03-01 00:00:00',1589595,61.7,TIMESTAMP'2003-12-03 00:00:00',7.1579,7.1163,'N',43592,70,'idir\jcballar',TIMESTAMP'2005-05-04 12:57:01','BCEID\JPRESTMODA',TIMESTAMP'2014-02-26 10:56:26'),
	 (258076,'A72929','AY5001','027','001',1,TIMESTAMP'2002-12-01 00:00:00',TIMESTAMP'2003-03-01 00:00:00',1589595,61.7,TIMESTAMP'2003-12-03 00:00:00',1.0353,1.0293,'N',43591,70,'idir\jcballar',TIMESTAMP'2005-05-04 12:57:01','BCEID\JPRESTMODA',TIMESTAMP'2014-02-26 10:56:26'),
	 (258078,'A72929','AY5001','028','001',0.4,TIMESTAMP'2002-12-01 00:00:00',TIMESTAMP'2003-03-01 00:00:00',1589595,61.7,TIMESTAMP'2003-12-03 00:00:00',0.4326,0.43,'N',43589,70,'idir\jcballar',TIMESTAMP'2005-05-04 12:57:01','BCEID\JPRESTMODA',TIMESTAMP'2014-02-26 10:56:26'),
	 (258106,'A70881','AU6001','033','001',1.7,TIMESTAMP'2002-12-01 00:00:00',TIMESTAMP'2003-03-01 00:00:00',1589595,61.7,TIMESTAMP'2003-12-03 00:00:00',1.7305,1.7305,'N',65712,66,'idir\jcballar',TIMESTAMP'2005-05-04 14:01:04','BCEID\JPRESTMODA',TIMESTAMP'2014-02-26 10:56:26'),
	 (258107,'A70881','AU6001','032','001',7.6,TIMESTAMP'2002-12-01 00:00:00',TIMESTAMP'2003-03-01 00:00:00',1589595,61.7,TIMESTAMP'2003-12-03 00:00:00',7.6018,7.6017,'N',65711,66,'idir\jcballar',TIMESTAMP'2005-05-04 14:01:04','BCEID\JPRESTMODA',TIMESTAMP'2014-02-26 10:56:26'),
	 (258108,'A70881','AU6001','083','001',4.4,TIMESTAMP'2002-12-01 00:00:00',TIMESTAMP'2003-03-01 00:00:00',1589595,61.7,TIMESTAMP'2003-12-03 00:00:00',4.3987,4.3986,'N',65710,67,'idir\jcballar',TIMESTAMP'2005-05-04 14:01:04','BCEID\JPRESTMODA',TIMESTAMP'2014-02-26 10:56:26'),
	 (258111,'A70881','AU6001','076','001',0.6,TIMESTAMP'2002-12-01 00:00:00',TIMESTAMP'2003-03-01 00:00:00',1589595,61.7,TIMESTAMP'2003-12-03 00:00:00',0.6062,0.6061,'N',65707,70,'idir\jcballar',TIMESTAMP'2005-05-04 14:01:04','BCEID\JPRESTMODA',TIMESTAMP'2014-02-26 10:56:26'),
	 (258112,'A70881','AU6001','075','001',1.3,TIMESTAMP'2002-12-01 00:00:00',TIMESTAMP'2003-03-01 00:00:00',1589595,61.7,TIMESTAMP'2003-12-03 00:00:00',1.281,1.281,'N',65706,70,'idir\jcballar',TIMESTAMP'2005-05-04 14:01:04','BCEID\JPRESTMODA',TIMESTAMP'2014-02-26 10:56:26'),
	 (258113,'A70881','AU6001','074','001',2.1,TIMESTAMP'2002-12-01 00:00:00',TIMESTAMP'2003-03-01 00:00:00',1589595,61.7,TIMESTAMP'2003-12-03 00:00:00',2.1169,2.1169,'N',65705,68,'idir\jcballar',TIMESTAMP'2005-05-04 14:01:04','BCEID\JPRESTMODA',TIMESTAMP'2014-02-26 10:56:26'),
	 (258114,'A70881','AU6001','073','001',1.1,TIMESTAMP'2002-12-01 00:00:00',TIMESTAMP'2003-03-01 00:00:00',1589595,61.7,TIMESTAMP'2003-12-03 00:00:00',1.1086,1.1086,'N',65704,68,'idir\jcballar',TIMESTAMP'2005-05-04 14:01:04','BCEID\JPRESTMODA',TIMESTAMP'2014-02-26 10:56:26');
INSERT INTO silva.cut_block_open_admin (cut_block_open_admin_id, forest_file_id, timber_mark, cut_block_id, cutting_permit_id, disturbance_gross_area, disturbance_start_date, disturbance_end_date, opening_id, opening_gross_area, planned_harvest_date, planned_gross_block_area, planned_net_block_area, opening_prime_licence_ind, cb_skey, revision_count, entry_userid, entry_timestamp, update_userid, update_timestamp) VALUES
	 (258115,'A70881','AU6001','072','001',1.7,TIMESTAMP'2002-12-01 00:00:00',TIMESTAMP'2003-03-01 00:00:00',1589595,61.7,TIMESTAMP'2003-12-03 00:00:00',1.6792,1.6791,'N',65703,68,'idir\jcballar',TIMESTAMP'2005-05-04 14:01:04','BCEID\JPRESTMODA',TIMESTAMP'2014-02-26 10:56:26');

INSERT INTO silva.silviculture_project (silviculture_project_id, silv_base_code, fiscal_year, org_unit_no, project_sequence, project_location, silv_project_status_code, client_number, start_date, view_date, coordinator_userid, overhead_cost, crew_contract_hire_code, dist_admin_zone, unit_bid_code, entry_userid, entry_timestamp, update_userid, update_timestamp, revision_count) VALUES
	 (7,'SU',2010,1,'001','BurnsLake /SquareLake','COM',NULL,TIMESTAMP'2009-05-01 00:00:00',NULL,'stevens',NULL,'T',NULL,'HA','IDIR\CSTEVENS',TIMESTAMP'2009-03-23 20:05:42','BCEID\SJONES12',TIMESTAMP'2017-11-07 10:26:28',326),
	 (14,'SU',2014,1,'001','NRFL Square Lake area','COM','00010006',TIMESTAMP'2013-05-06 00:00:00',TIMESTAMP'2013-05-01 00:00:00','Stevens SU14845-001',NULL,'T',NULL,'HA','IDIR\CSTEVENS',TIMESTAMP'2009-08-18 10:18:14','IDIR\CSTEVENS',TIMESTAMP'2014-03-18 16:34:53',229),
	 (15,'SU',2018,1,'001','NRFL south & Square Lake area','COM','00010008',TIMESTAMP'2017-06-15 00:00:00',TIMESTAMP'2017-04-25 00:00:00','Stevens/DND',NULL,'T',NULL,'HA','IDIR\CSTEVENS',TIMESTAMP'2009-08-18 10:36:44','IDIR\CSTEVENS',TIMESTAMP'2018-01-12 11:21:28',471),
	 (16,'BR',2011,1,'001','NRFL SquareLake area','COM','00010005',TIMESTAMP'2010-06-28 00:00:00',NULL,'Stevens',NULL,'T',NULL,'HA','IDIR\CSTEVENS',TIMESTAMP'2009-08-18 13:07:34','IDIR\CSTEVENS',TIMESTAMP'2014-02-25 11:26:04',29),
	 (25,'PL',2012,1,'002','square Lk','COM','00010004',TIMESTAMP'2011-05-13 00:00:00',TIMESTAMP'2011-05-11 00:00:00',NULL,NULL,'D',NULL,'TRE','IDIR\CSTEVENS',TIMESTAMP'2011-05-11 12:43:11','IDIR\CSTEVENS',TIMESTAMP'2014-02-25 11:40:57',200),
	 (26,'PL',2012,1,'003',NULL,'COM','00010006',TIMESTAMP'2011-05-13 00:00:00',TIMESTAMP'2011-05-11 00:00:00','Stevens',NULL,'D',NULL,'TRE','IDIR\CSTEVENS',TIMESTAMP'2011-05-11 12:46:26','IDIR\CSTEVENS',TIMESTAMP'2014-02-25 11:40:57',106);

INSERT INTO silva.activity_treatment_unit (activity_treatment_unit_id, activity_tu_seq_no, org_unit_no, opening_id, silviculture_project_id, project_unit_id, silv_base_code, silv_technique_code, silv_method_code, silv_objective_code_1, silv_objective_code_2, silv_objective_code_3, silv_fund_srce_code, silv_activity_measurement_code, activity_licensee_id, treatment_amount, actual_treatment_cost, act_planted_no, plan_silv_technique_code, plan_silv_method_code, plan_silv_fund_srce_code, planned_date, planned_treatment_amount, planned_treatment_cost, plan_silv_objective_code_1, plan_silv_objective_code_2, plan_silv_objective_code_3, target_prepared_spots, pruning_min_crown_pct, prune_height, stems_to_prune, min_acceptable_density, total_stems_per_ha, inter_tree_target_distance, inter_tree_variation, inter_tree_min_distance, max_trees_per_plot, max_trees_per_ha, survey_planned_num_plots, survey_actual_num_plots, survey_min_plots_per_stratum, silv_tree_species_code, atu_start_date, atu_completion_date, results_ind, unit_bid_price, fia_project_id, results_submission_id, disturbance_code, silv_system_code, silv_system_variant_code, silv_cut_phase_code, cut_block_open_admin_id, disturbance_completed_ind, entry_userid, entry_timestamp, update_userid, update_timestamp, revision_count) VALUES
	 (1799854,1,1,1589595,NULL,NULL,'DN','HV',NULL,NULL,NULL,NULL,NULL,'HA',NULL,5.3,NULL,NULL,NULL,NULL,NULL,NULL,NULL,NULL,NULL,NULL,NULL,NULL,NULL,NULL,NULL,NULL,NULL,NULL,NULL,NULL,NULL,NULL,NULL,NULL,NULL,NULL,TIMESTAMP'2002-12-01 00:00:00',TIMESTAMP'2003-03-01 00:00:00','Y',NULL,NULL,NULL,'S','CLEAR',NULL,'REMOV',258066,'N','IDIR\GKJENNIN',TIMESTAMP'2006-06-15 09:02:22','IDIR\CSTEVENS',TIMESTAMP'2014-02-25 11:17:05',3),
	 (1799856,1,1,1589595,NULL,NULL,'DN','HV',NULL,NULL,NULL,NULL,NULL,'HA',NULL,2.2,NULL,NULL,NULL,NULL,NULL,NULL,NULL,NULL,NULL,NULL,NULL,NULL,NULL,NULL,NULL,NULL,NULL,NULL,NULL,NULL,NULL,NULL,NULL,NULL,NULL,NULL,TIMESTAMP'2002-12-01 00:00:00',TIMESTAMP'2003-03-01 00:00:00','Y',NULL,NULL,NULL,'S','CLEAR',NULL,'REMOV',258067,'N','IDIR\GKJENNIN',TIMESTAMP'2006-06-15 09:12:47','IDIR\CSTEVENS',TIMESTAMP'2014-02-25 11:17:05',2),
	 (1799859,1,1,1589595,NULL,NULL,'DN','HV',NULL,NULL,NULL,NULL,NULL,'HA',NULL,4.5,NULL,NULL,NULL,NULL,NULL,NULL,NULL,NULL,NULL,NULL,NULL,NULL,NULL,NULL,NULL,NULL,NULL,NULL,NULL,NULL,NULL,NULL,NULL,NULL,NULL,NULL,TIMESTAMP'2002-12-01 00:00:00',TIMESTAMP'2003-03-01 00:00:00','Y',NULL,NULL,NULL,'S','CLEAR',NULL,'REMOV',258064,'N','IDIR\GKJENNIN',TIMESTAMP'2006-06-15 09:18:16','IDIR\CSTEVENS',TIMESTAMP'2014-02-25 11:17:06',2),
	 (1799860,1,1,1589595,NULL,NULL,'DN','HV',NULL,NULL,NULL,NULL,NULL,'HA',NULL,4.3,NULL,NULL,NULL,NULL,NULL,NULL,NULL,NULL,NULL,NULL,NULL,NULL,NULL,NULL,NULL,NULL,NULL,NULL,NULL,NULL,NULL,NULL,NULL,NULL,NULL,NULL,TIMESTAMP'2002-12-01 00:00:00',TIMESTAMP'2003-03-01 00:00:00','Y',NULL,NULL,NULL,'S','CLEAR',NULL,'REMOV',258063,'N','IDIR\GKJENNIN',TIMESTAMP'2006-06-15 09:24:19','IDIR\CSTEVENS',TIMESTAMP'2014-02-25 11:17:06',2),
	 (1799916,1,1,1589595,NULL,NULL,'DN','HV',NULL,NULL,NULL,NULL,NULL,'HA',NULL,7.7,NULL,NULL,NULL,NULL,NULL,NULL,NULL,NULL,NULL,NULL,NULL,NULL,NULL,NULL,NULL,NULL,NULL,NULL,NULL,NULL,NULL,NULL,NULL,NULL,NULL,NULL,TIMESTAMP'2002-12-01 00:00:00',TIMESTAMP'2003-03-01 00:00:00','Y',NULL,NULL,NULL,'S','CLEAR',NULL,'REMOV',258073,'N','IDIR\GKJENNIN',TIMESTAMP'2006-06-15 11:26:25','IDIR\CSTEVENS',TIMESTAMP'2014-02-25 11:17:05',2),
	 (1799917,1,1,1589595,NULL,NULL,'DN','HV',NULL,NULL,NULL,NULL,NULL,'HA',NULL,2,NULL,NULL,NULL,NULL,NULL,NULL,NULL,NULL,NULL,NULL,NULL,NULL,NULL,NULL,NULL,NULL,NULL,NULL,NULL,NULL,NULL,NULL,NULL,NULL,NULL,NULL,TIMESTAMP'2002-12-01 00:00:00',TIMESTAMP'2003-03-01 00:00:00','Y',NULL,NULL,NULL,'S','CLEAR',NULL,'REMOV',258074,'N','IDIR\GKJENNIN',TIMESTAMP'2006-06-15 11:28:37','IDIR\CSTEVENS',TIMESTAMP'2014-02-25 11:17:06',2),
	 (1799918,1,1,1589595,NULL,NULL,'DN','HV',NULL,NULL,NULL,NULL,NULL,'HA',NULL,7.2,NULL,NULL,NULL,NULL,NULL,NULL,NULL,NULL,NULL,NULL,NULL,NULL,NULL,NULL,NULL,NULL,NULL,NULL,NULL,NULL,NULL,NULL,NULL,NULL,NULL,NULL,TIMESTAMP'2002-12-01 00:00:00',TIMESTAMP'2003-03-01 00:00:00','Y',NULL,NULL,NULL,'S','CLEAR',NULL,'REMOV',258075,'N','IDIR\GKJENNIN',TIMESTAMP'2006-06-15 11:31:38','IDIR\CSTEVENS',TIMESTAMP'2014-02-25 11:17:07',2),
	 (1799920,1,1,1589595,NULL,NULL,'DN','HV',NULL,NULL,NULL,NULL,NULL,'HA',NULL,1,NULL,NULL,NULL,NULL,NULL,NULL,NULL,NULL,NULL,NULL,NULL,NULL,NULL,NULL,NULL,NULL,NULL,NULL,NULL,NULL,NULL,NULL,NULL,NULL,NULL,NULL,TIMESTAMP'2002-12-01 00:00:00',TIMESTAMP'2003-03-01 00:00:00','Y',NULL,NULL,NULL,'S','CLEAR',NULL,'REMOV',258076,'N','IDIR\GKJENNIN',TIMESTAMP'2006-06-15 11:35:16','IDIR\CSTEVENS',TIMESTAMP'2014-02-25 11:17:07',2),
	 (1799922,1,1,1589595,NULL,NULL,'DN','HV',NULL,NULL,NULL,NULL,NULL,'HA',NULL,0.4,NULL,NULL,NULL,NULL,NULL,NULL,NULL,NULL,NULL,NULL,NULL,NULL,NULL,NULL,NULL,NULL,NULL,NULL,NULL,NULL,NULL,NULL,NULL,NULL,NULL,NULL,TIMESTAMP'2002-12-01 00:00:00',TIMESTAMP'2003-03-01 00:00:00','Y',NULL,NULL,NULL,'S','CLEAR',NULL,'REMOV',258078,'N','IDIR\GKJENNIN',TIMESTAMP'2006-06-15 11:38:04','IDIR\CSTEVENS',TIMESTAMP'2014-02-25 11:17:08',2),
	 (1799923,1,1,1589595,NULL,NULL,'DN','HV',NULL,NULL,NULL,NULL,NULL,'HA',NULL,5.2,NULL,NULL,NULL,NULL,NULL,NULL,NULL,NULL,NULL,NULL,NULL,NULL,NULL,NULL,NULL,NULL,NULL,NULL,NULL,NULL,NULL,NULL,NULL,NULL,NULL,NULL,TIMESTAMP'2002-12-01 00:00:00',TIMESTAMP'2003-03-01 00:00:00','Y',NULL,NULL,NULL,'S','CLEAR',NULL,'REMOV',258069,'N','IDIR\GKJENNIN',TIMESTAMP'2006-06-15 11:41:50','IDIR\CSTEVENS',TIMESTAMP'2014-02-25 11:17:08',2),
	 (1799924,1,1,1589595,NULL,NULL,'DN','HV',NULL,NULL,NULL,NULL,NULL,'HA',NULL,1.5,NULL,NULL,NULL,NULL,NULL,NULL,NULL,NULL,NULL,NULL,NULL,NULL,NULL,NULL,NULL,NULL,NULL,NULL,NULL,NULL,NULL,NULL,NULL,NULL,NULL,NULL,TIMESTAMP'2002-12-01 00:00:00',TIMESTAMP'2003-03-01 00:00:00','Y',NULL,NULL,NULL,'S','CLEAR',NULL,'REMOV',258068,'N','IDIR\GKJENNIN',TIMESTAMP'2006-06-15 11:47:03','IDIR\CSTEVENS',TIMESTAMP'2014-02-25 11:17:09',2),
	 (1799945,1,1,1589595,NULL,NULL,'DN','HV',NULL,NULL,NULL,NULL,NULL,'HA',NULL,7.6,NULL,NULL,NULL,NULL,NULL,NULL,NULL,NULL,NULL,NULL,NULL,NULL,NULL,NULL,NULL,NULL,NULL,NULL,NULL,NULL,NULL,NULL,NULL,NULL,NULL,NULL,TIMESTAMP'2002-12-01 00:00:00',TIMESTAMP'2003-03-01 00:00:00','Y',NULL,NULL,NULL,'S','CLEAR',NULL,'REMOV',258107,'N','IDIR\GKJENNIN',TIMESTAMP'2006-06-15 13:50:49','IDIR\CSTEVENS',TIMESTAMP'2014-02-25 11:17:09',2),
	 (1799946,1,1,1589595,NULL,NULL,'DN','HV',NULL,NULL,NULL,NULL,NULL,'HA',NULL,1.7,NULL,NULL,NULL,NULL,NULL,NULL,NULL,NULL,NULL,NULL,NULL,NULL,NULL,NULL,NULL,NULL,NULL,NULL,NULL,NULL,NULL,NULL,NULL,NULL,NULL,NULL,TIMESTAMP'2002-12-01 00:00:00',TIMESTAMP'2003-03-01 00:00:00','Y',NULL,NULL,NULL,'S','CLEAR',NULL,'REMOV',258106,'N','IDIR\GKJENNIN',TIMESTAMP'2006-06-15 13:52:57','IDIR\CSTEVENS',TIMESTAMP'2014-02-25 11:17:09',2),
	 (1799960,1,1,1589595,NULL,NULL,'DN','HV',NULL,NULL,NULL,NULL,NULL,'HA',NULL,1.7,NULL,NULL,NULL,NULL,NULL,NULL,NULL,NULL,NULL,NULL,NULL,NULL,NULL,NULL,NULL,NULL,NULL,NULL,NULL,NULL,NULL,NULL,NULL,NULL,NULL,NULL,TIMESTAMP'2002-12-01 00:00:00',TIMESTAMP'2003-03-01 00:00:00','Y',NULL,NULL,NULL,'S','CLEAR',NULL,'REMOV',258115,'N','IDIR\GKJENNIN',TIMESTAMP'2006-06-15 14:28:18','IDIR\CSTEVENS',TIMESTAMP'2014-02-25 11:17:10',2),
	 (1799961,1,1,1589595,NULL,NULL,'DN','HV',NULL,NULL,NULL,NULL,NULL,'HA',NULL,1.1,NULL,NULL,NULL,NULL,NULL,NULL,NULL,NULL,NULL,NULL,NULL,NULL,NULL,NULL,NULL,NULL,NULL,NULL,NULL,NULL,NULL,NULL,NULL,NULL,NULL,NULL,TIMESTAMP'2002-12-01 00:00:00',TIMESTAMP'2003-03-01 00:00:00','Y',NULL,NULL,NULL,'S','CLEAR',NULL,'REMOV',258114,'N','IDIR\GKJENNIN',TIMESTAMP'2006-06-15 14:31:19','IDIR\CSTEVENS',TIMESTAMP'2014-02-25 11:17:10',2),
	 (1799964,1,1,1589595,NULL,NULL,'DN','HV',NULL,NULL,NULL,NULL,NULL,'HA',NULL,2.1,NULL,NULL,NULL,NULL,NULL,NULL,NULL,NULL,NULL,NULL,NULL,NULL,NULL,NULL,NULL,NULL,NULL,NULL,NULL,NULL,NULL,NULL,NULL,NULL,NULL,NULL,TIMESTAMP'2002-12-01 00:00:00',TIMESTAMP'2003-03-01 00:00:00','Y',NULL,NULL,NULL,'S','CLEAR',NULL,'REMOV',258113,'N','IDIR\GKJENNIN',TIMESTAMP'2006-06-15 14:34:45','IDIR\CSTEVENS',TIMESTAMP'2014-02-25 11:17:10',2),
	 (1799965,1,1,1589595,NULL,NULL,'DN','HV',NULL,NULL,NULL,NULL,NULL,'HA',NULL,1.3,NULL,NULL,NULL,NULL,NULL,NULL,NULL,NULL,NULL,NULL,NULL,NULL,NULL,NULL,NULL,NULL,NULL,NULL,NULL,NULL,NULL,NULL,NULL,NULL,NULL,NULL,TIMESTAMP'2002-12-01 00:00:00',TIMESTAMP'2003-03-01 00:00:00','Y',NULL,NULL,NULL,'S','CLEAR',NULL,'REMOV',258112,'N','IDIR\GKJENNIN',TIMESTAMP'2006-06-15 14:39:49','IDIR\CSTEVENS',TIMESTAMP'2014-02-25 11:17:11',2),
	 (1799966,1,1,1589595,NULL,NULL,'DN','HV',NULL,NULL,NULL,NULL,NULL,'HA',NULL,0.6,NULL,NULL,NULL,NULL,NULL,NULL,NULL,NULL,NULL,NULL,NULL,NULL,NULL,NULL,NULL,NULL,NULL,NULL,NULL,NULL,NULL,NULL,NULL,NULL,NULL,NULL,TIMESTAMP'2002-12-01 00:00:00',TIMESTAMP'2003-03-01 00:00:00','Y',NULL,NULL,NULL,'S','CLEAR',NULL,'REMOV',258111,'N','IDIR\GKJENNIN',TIMESTAMP'2006-06-15 14:42:17','IDIR\CSTEVENS',TIMESTAMP'2014-02-25 11:17:11',2),
	 (1799967,1,1,1589595,NULL,NULL,'DN','HV',NULL,NULL,NULL,NULL,NULL,'HA',NULL,2.3,NULL,NULL,NULL,NULL,NULL,NULL,NULL,NULL,NULL,NULL,NULL,NULL,NULL,NULL,NULL,NULL,NULL,NULL,NULL,NULL,NULL,NULL,NULL,NULL,NULL,NULL,TIMESTAMP'2002-12-01 00:00:00',TIMESTAMP'2003-03-01 00:00:00','Y',NULL,NULL,NULL,'S','CLEAR',NULL,'REMOV',258109,'N','IDIR\GKJENNIN',TIMESTAMP'2006-06-15 14:45:02','IDIR\CSTEVENS',TIMESTAMP'2014-02-25 11:17:11',2),
	 (1800464,1,1,1589595,NULL,NULL,'DN','HV',NULL,NULL,NULL,NULL,NULL,'HA',NULL,2.6,NULL,NULL,NULL,NULL,NULL,NULL,NULL,NULL,NULL,NULL,NULL,NULL,NULL,NULL,NULL,NULL,NULL,NULL,NULL,NULL,NULL,NULL,NULL,NULL,NULL,NULL,TIMESTAMP'2002-12-01 00:00:00',TIMESTAMP'2003-03-01 00:00:00','Y',NULL,NULL,NULL,'S','CLEAR',NULL,'REMOV',258110,'N','IDIR\GKJENNIN',TIMESTAMP'2006-06-20 15:17:29','IDIR\CSTEVENS',TIMESTAMP'2014-02-25 11:17:11',2);
INSERT INTO silva.activity_treatment_unit (activity_treatment_unit_id, activity_tu_seq_no, org_unit_no, opening_id, silviculture_project_id, project_unit_id, silv_base_code, silv_technique_code, silv_method_code, silv_objective_code_1, silv_objective_code_2, silv_objective_code_3, silv_fund_srce_code, silv_activity_measurement_code, activity_licensee_id, treatment_amount, actual_treatment_cost, act_planted_no, plan_silv_technique_code, plan_silv_method_code, plan_silv_fund_srce_code, planned_date, planned_treatment_amount, planned_treatment_cost, plan_silv_objective_code_1, plan_silv_objective_code_2, plan_silv_objective_code_3, target_prepared_spots, pruning_min_crown_pct, prune_height, stems_to_prune, min_acceptable_density, total_stems_per_ha, inter_tree_target_distance, inter_tree_variation, inter_tree_min_distance, max_trees_per_plot, max_trees_per_ha, survey_planned_num_plots, survey_actual_num_plots, survey_min_plots_per_stratum, silv_tree_species_code, atu_start_date, atu_completion_date, results_ind, unit_bid_price, fia_project_id, results_submission_id, disturbance_code, silv_system_code, silv_system_variant_code, silv_cut_phase_code, cut_block_open_admin_id, disturbance_completed_ind, entry_userid, entry_timestamp, update_userid, update_timestamp, revision_count) VALUES
	 (1800470,1,1,1589595,NULL,NULL,'DN','HV',NULL,NULL,NULL,NULL,NULL,'HA',NULL,4.4,NULL,NULL,NULL,NULL,NULL,NULL,NULL,NULL,NULL,NULL,NULL,NULL,NULL,NULL,NULL,NULL,NULL,NULL,NULL,NULL,NULL,NULL,NULL,NULL,NULL,NULL,TIMESTAMP'2002-12-01 00:00:00',TIMESTAMP'2003-03-01 00:00:00','Y',NULL,NULL,NULL,'S','CLEAR',NULL,'REMOV',258108,'N','IDIR\GKJENNIN',TIMESTAMP'2006-06-20 15:21:20','IDIR\CSTEVENS',TIMESTAMP'2014-02-25 11:17:12',2),
	 (2297294,2,1,1589595,7,42,'SU','RE','PLOT','CE',NULL,NULL,'XXX','HA',NULL,0.4,1,NULL,'RE','PLOT','GFS',TIMESTAMP'2009-06-15 00:00:00',0.4,50,'CE',NULL,NULL,NULL,NULL,NULL,NULL,NULL,NULL,NULL,NULL,NULL,NULL,NULL,5,5,5,NULL,NULL,TIMESTAMP'2009-06-26 00:00:00','Y',NULL,NULL,NULL,NULL,NULL,NULL,NULL,NULL,NULL,'IDIR\CSTEVENS',TIMESTAMP'2009-05-19 14:13:46','IDIR\CSTEVENS',TIMESTAMP'2014-02-25 11:17:08',5),
	 (2297504,2,1,1589595,7,72,'SU','RE','PLOT','CE',NULL,NULL,'XXX','HA',NULL,7.1,1,NULL,'RE','PLOT','GFS',TIMESTAMP'2009-06-15 00:00:00',7.6,225,'CE',NULL,NULL,NULL,NULL,NULL,NULL,NULL,NULL,NULL,NULL,NULL,NULL,NULL,5,5,5,NULL,NULL,TIMESTAMP'2009-06-29 00:00:00','Y',NULL,NULL,NULL,NULL,NULL,NULL,NULL,NULL,NULL,'IDIR\CSTEVENS',TIMESTAMP'2009-05-19 22:23:18','IDIR\CSTEVENS',TIMESTAMP'2014-02-25 11:17:09',4),
	 (2297505,2,1,1589595,7,73,'SU','RE','PLOT','CE',NULL,NULL,'XXX','HA',NULL,1.6,1,NULL,'RE','PLOT','GFS',TIMESTAMP'2009-06-15 00:00:00',1.7,125,'CE',NULL,NULL,NULL,NULL,NULL,NULL,NULL,NULL,NULL,NULL,NULL,NULL,NULL,5,5,5,NULL,NULL,TIMESTAMP'2009-06-29 00:00:00','Y',NULL,NULL,NULL,NULL,NULL,NULL,NULL,NULL,NULL,'IDIR\CSTEVENS',TIMESTAMP'2009-05-19 22:26:10','IDIR\CSTEVENS',TIMESTAMP'2014-02-25 11:17:09',4),
	 (2297511,2,1,1589595,7,79,'SU','RE','PLOT','CE',NULL,NULL,'XXX','HA',NULL,1,1,NULL,'RE','PLOT','GFS',TIMESTAMP'2009-06-15 00:00:00',1,125,'CE',NULL,NULL,NULL,NULL,NULL,NULL,NULL,NULL,NULL,NULL,NULL,NULL,NULL,5,5,5,NULL,NULL,TIMESTAMP'2009-06-26 00:00:00','Y',NULL,NULL,NULL,NULL,NULL,NULL,NULL,NULL,NULL,'IDIR\CSTEVENS',TIMESTAMP'2009-05-19 22:42:23','IDIR\CSTEVENS',TIMESTAMP'2014-02-25 11:17:10',4),
	 (2297512,2,1,1589595,7,80,'SU','RE','PLOT','CE',NULL,NULL,'XXX','HA',NULL,2,1,NULL,'RE','PLOT','GFS',TIMESTAMP'2009-06-15 00:00:00',2,125,'CE',NULL,NULL,NULL,NULL,NULL,NULL,NULL,NULL,NULL,NULL,NULL,NULL,NULL,5,5,5,NULL,NULL,TIMESTAMP'2009-06-26 00:00:00','Y',NULL,NULL,NULL,NULL,NULL,NULL,NULL,NULL,NULL,'IDIR\CSTEVENS',TIMESTAMP'2009-05-19 22:44:47','IDIR\CSTEVENS',TIMESTAMP'2014-02-25 11:17:10',4),
	 (2297513,2,1,1589595,7,81,'SU','RE','PLOT','CE',NULL,NULL,'XXX','HA',NULL,1.2,1,NULL,'RE','PLOT','GFS',TIMESTAMP'2009-06-15 00:00:00',1.3,125,'CE',NULL,NULL,NULL,NULL,NULL,NULL,NULL,NULL,NULL,NULL,NULL,NULL,NULL,5,5,5,NULL,NULL,TIMESTAMP'2009-06-26 00:00:00','Y',NULL,NULL,NULL,NULL,NULL,NULL,NULL,NULL,NULL,'IDIR\CSTEVENS',TIMESTAMP'2009-05-19 22:47:15','IDIR\CSTEVENS',TIMESTAMP'2014-02-25 11:17:11',4),
	 (2297514,2,1,1589595,7,82,'SU','RE','PLOT','CE',NULL,NULL,'XXX','HA',NULL,2.1,1,NULL,'RE','PLOT','GFS',TIMESTAMP'2009-06-15 00:00:00',2.3,125,'CE',NULL,NULL,NULL,NULL,NULL,NULL,NULL,NULL,NULL,NULL,NULL,NULL,NULL,5,5,5,NULL,NULL,TIMESTAMP'2009-06-29 00:00:00','Y',NULL,NULL,NULL,NULL,NULL,NULL,NULL,NULL,NULL,'IDIR\CSTEVENS',TIMESTAMP'2009-05-19 22:49:18','IDIR\CSTEVENS',TIMESTAMP'2014-02-25 11:17:11',4),
	 (2297517,2,1,1589595,7,85,'SU','RE','PLOT','CE',NULL,NULL,'GFS','HA',NULL,2.4,1,NULL,'RE','PLOT','GFS',TIMESTAMP'2009-06-15 00:00:00',2.6,125,'CE',NULL,NULL,NULL,NULL,NULL,NULL,NULL,NULL,NULL,NULL,NULL,NULL,NULL,5,5,5,NULL,NULL,TIMESTAMP'2009-06-29 00:00:00','Y',NULL,NULL,NULL,NULL,NULL,NULL,NULL,NULL,NULL,'IDIR\CSTEVENS',TIMESTAMP'2009-05-19 23:04:40','IDIR\CSTEVENS',TIMESTAMP'2014-02-25 11:17:11',4),
	 (2297518,2,1,1589595,7,86,'SU','RE','PLOT','CE',NULL,NULL,'GFS','HA',NULL,4.1,1,NULL,'RE','PLOT','GFS',TIMESTAMP'2009-06-15 00:00:00',4.4,125,'CE',NULL,NULL,NULL,NULL,NULL,NULL,NULL,NULL,NULL,NULL,NULL,NULL,NULL,5,5,5,NULL,NULL,TIMESTAMP'2009-06-29 00:00:00','Y',NULL,NULL,NULL,NULL,NULL,NULL,NULL,NULL,NULL,'IDIR\CSTEVENS',TIMESTAMP'2009-05-19 23:07:32','IDIR\CSTEVENS',TIMESTAMP'2014-02-25 11:17:12',5),
	 (2297537,2,1,1589595,7,105,'SU','RE','PLOT','CE',NULL,NULL,'XXX','HA',NULL,0.6,1,NULL,'RE','PLOT','GFS',TIMESTAMP'2009-06-15 00:00:00',0.6,125,'CE',NULL,NULL,NULL,NULL,NULL,NULL,NULL,NULL,NULL,NULL,NULL,NULL,NULL,NULL,NULL,NULL,NULL,NULL,TIMESTAMP'2009-06-26 00:00:00','Y',NULL,NULL,NULL,NULL,NULL,NULL,NULL,NULL,NULL,'IDIR\CSTEVENS',TIMESTAMP'2009-05-19 23:51:03','IDIR\CSTEVENS',TIMESTAMP'2014-02-25 11:17:11',4),
	 (2311407,6,1,1589595,25,2,'PL','RP','MXPLT','CE',NULL,NULL,'FTM','HA',NULL,4.8,2314,5420,'RP','MXPLT','GFS',TIMESTAMP'2011-05-15 00:00:00',4.8,2050,'CE',NULL,NULL,NULL,NULL,NULL,NULL,1000,NULL,2,NULL,1.5,NULL,NULL,NULL,NULL,NULL,NULL,NULL,TIMESTAMP'2011-06-15 00:00:00','Y',NULL,'4011271845',NULL,NULL,NULL,NULL,NULL,NULL,NULL,'IDIR\CSTEVENS',TIMESTAMP'2009-06-27 20:46:11','IDIR\CSTEVENS',TIMESTAMP'2014-02-25 11:17:09',16),
	 (2312118,4,1,1589595,16,6,'BR','MA','BRUSH','CGE',NULL,NULL,'GFS','HA',NULL,0.4,199,NULL,'MA','BRUSH','GFS',TIMESTAMP'2011-07-11 00:00:00',0.4,400,'CGE',NULL,NULL,NULL,NULL,NULL,NULL,NULL,NULL,NULL,NULL,NULL,NULL,NULL,NULL,NULL,NULL,NULL,NULL,TIMESTAMP'2010-09-17 00:00:00','Y',NULL,NULL,NULL,NULL,NULL,NULL,NULL,NULL,NULL,'IDIR\CSTEVENS',TIMESTAMP'2009-06-30 16:11:44','IDIR\CSTEVENS',TIMESTAMP'2014-02-25 11:17:08',5),
	 (2315336,3,1,1589595,26,15,'PL','FP','CTAIN','CE',NULL,NULL,'GFS','HA',NULL,4.1,1443,3380,'FP','CTAIN','GFS',TIMESTAMP'2011-05-10 00:00:00',4.1,2000,'CE',NULL,NULL,NULL,NULL,NULL,NULL,800,NULL,2.5,NULL,1.5,NULL,NULL,NULL,NULL,NULL,NULL,NULL,TIMESTAMP'2011-06-15 00:00:00','Y',NULL,NULL,NULL,NULL,NULL,NULL,NULL,NULL,NULL,'IDIR\CSTEVENS',TIMESTAMP'2009-07-09 17:41:08','IDIR\CSTEVENS',TIMESTAMP'2014-02-25 11:17:12',9),
	 (2320914,3,1,1589595,16,8,'BR','MA','BRUSH','CE',NULL,NULL,'GFS','HA',NULL,2,994,NULL,'MA','BRUSH','GFS',TIMESTAMP'2010-07-20 00:00:00',2,700,'CE',NULL,NULL,NULL,NULL,NULL,NULL,NULL,NULL,NULL,NULL,NULL,NULL,NULL,NULL,NULL,NULL,NULL,NULL,TIMESTAMP'2010-09-17 00:00:00','Y',NULL,NULL,NULL,NULL,NULL,NULL,NULL,NULL,NULL,'IDIR\CSTEVENS',TIMESTAMP'2009-07-28 13:08:29','IDIR\CSTEVENS',TIMESTAMP'2014-02-25 11:17:10',5),
	 (2320924,3,1,1589595,26,13,'PL','PL','CTAIN','CE',NULL,NULL,'GFS','HA',NULL,1,307,720,'PL','CTAIN','GFS',TIMESTAMP'2011-05-10 00:00:00',1,550,'CE',NULL,NULL,NULL,NULL,NULL,NULL,1000,NULL,2.5,NULL,1.2,NULL,NULL,NULL,NULL,NULL,NULL,NULL,TIMESTAMP'2011-06-15 00:00:00','Y',NULL,NULL,NULL,NULL,NULL,NULL,NULL,NULL,NULL,'IDIR\CSTEVENS',TIMESTAMP'2009-07-28 13:17:08','IDIR\CSTEVENS',TIMESTAMP'2014-02-25 11:17:10',8),
	 (2297510,2,1,1589595,7,78,'SU','RE','PLOT','CE',NULL,NULL,'XXX','HA',NULL,1.6,1,NULL,'RE','PLOT','GFS',TIMESTAMP'2009-06-15 00:00:00',1.7,125,'CE',NULL,NULL,NULL,NULL,NULL,NULL,NULL,NULL,NULL,NULL,NULL,NULL,NULL,5,5,5,NULL,NULL,TIMESTAMP'2009-06-26 00:00:00','Y',NULL,NULL,NULL,NULL,NULL,NULL,NULL,NULL,NULL,'IDIR\CSTEVENS',TIMESTAMP'2009-05-19 22:38:43','IDIR\CSTEVENS',TIMESTAMP'2014-02-25 11:17:10',4),
	 (2262789,4,1,1589595,7,5,'SU','RG','PLOT','RG',NULL,NULL,'XXX','HA',NULL,7.2,1,NULL,'RG','PLOT','XXX',TIMESTAMP'2009-05-15 00:00:00',7.2,180,'RG',NULL,NULL,NULL,NULL,NULL,NULL,NULL,NULL,NULL,NULL,NULL,NULL,NULL,7,7,5,NULL,NULL,TIMESTAMP'2009-06-29 00:00:00','Y',NULL,NULL,NULL,NULL,NULL,NULL,NULL,NULL,NULL,'IDIR\CSTEVENS',TIMESTAMP'2009-03-23 18:56:22','IDIR\CSTEVENS',TIMESTAMP'2014-02-25 11:17:05',6),
	 (2262809,4,1,1589595,7,4,'SU','RG','PLOT','RG',NULL,NULL,'XXX','HA',NULL,1.8,1,NULL,'RG','PLOT','XXX',TIMESTAMP'2009-05-15 00:00:00',1.8,45,'RG',NULL,NULL,NULL,NULL,NULL,NULL,NULL,NULL,NULL,NULL,NULL,NULL,NULL,5,5,5,NULL,NULL,TIMESTAMP'2009-06-29 00:00:00','Y',NULL,NULL,NULL,NULL,NULL,NULL,NULL,NULL,NULL,'IDIR\CSTEVENS',TIMESTAMP'2009-03-23 19:16:25','IDIR\CSTEVENS',TIMESTAMP'2014-02-25 11:17:07',6),
	 (2262813,4,1,1589595,7,3,'SU','RG','PLOT','RG',NULL,NULL,'XXX','HA',NULL,6.7,1,NULL,'RG','PLOT','XXX',TIMESTAMP'2009-05-15 00:00:00',6.7,168,'RG',NULL,NULL,NULL,NULL,NULL,NULL,NULL,NULL,NULL,NULL,NULL,NULL,NULL,7,7,5,NULL,NULL,TIMESTAMP'2009-06-26 00:00:00','Y',NULL,NULL,NULL,NULL,NULL,NULL,NULL,NULL,NULL,'IDIR\CSTEVENS',TIMESTAMP'2009-03-23 19:31:09','IDIR\CSTEVENS',TIMESTAMP'2014-02-25 11:17:07',6);
INSERT INTO silva.activity_treatment_unit (activity_treatment_unit_id, activity_tu_seq_no, org_unit_no, opening_id, silviculture_project_id, project_unit_id, silv_base_code, silv_technique_code, silv_method_code, silv_objective_code_1, silv_objective_code_2, silv_objective_code_3, silv_fund_srce_code, silv_activity_measurement_code, activity_licensee_id, treatment_amount, actual_treatment_cost, act_planted_no, plan_silv_technique_code, plan_silv_method_code, plan_silv_fund_srce_code, planned_date, planned_treatment_amount, planned_treatment_cost, plan_silv_objective_code_1, plan_silv_objective_code_2, plan_silv_objective_code_3, target_prepared_spots, pruning_min_crown_pct, prune_height, stems_to_prune, min_acceptable_density, total_stems_per_ha, inter_tree_target_distance, inter_tree_variation, inter_tree_min_distance, max_trees_per_plot, max_trees_per_ha, survey_planned_num_plots, survey_actual_num_plots, survey_min_plots_per_stratum, silv_tree_species_code, atu_start_date, atu_completion_date, results_ind, unit_bid_price, fia_project_id, results_submission_id, disturbance_code, silv_system_code, silv_system_variant_code, silv_cut_phase_code, cut_block_open_admin_id, disturbance_completed_ind, entry_userid, entry_timestamp, update_userid, update_timestamp, revision_count) VALUES
	 (2262817,4,1,1589595,7,2,'SU','RG','PLOT','RG',NULL,NULL,'XXX','HA',NULL,1,1,NULL,'RG','PLOT','XXX',TIMESTAMP'2009-05-15 00:00:00',1,25,'RG',NULL,NULL,NULL,NULL,NULL,NULL,NULL,NULL,NULL,NULL,NULL,NULL,NULL,5,5,5,NULL,NULL,TIMESTAMP'2009-06-26 00:00:00','Y',NULL,NULL,NULL,NULL,NULL,NULL,NULL,NULL,NULL,'IDIR\CSTEVENS',TIMESTAMP'2009-03-23 19:45:55','IDIR\CSTEVENS',TIMESTAMP'2014-02-25 11:17:07',6),
	 (2262821,4,1,1589595,7,1,'SU','RG','PLOT','RG',NULL,NULL,'XXX','HA',NULL,4.8,1,NULL,'RG','PLOT','XXX',TIMESTAMP'2009-05-15 00:00:00',4.8,120,'RG',NULL,NULL,NULL,NULL,NULL,NULL,NULL,NULL,NULL,NULL,NULL,NULL,NULL,5,5,5,NULL,NULL,TIMESTAMP'2009-06-10 00:00:00','Y',NULL,NULL,NULL,NULL,NULL,NULL,NULL,NULL,NULL,'IDIR\CSTEVENS',TIMESTAMP'2009-03-23 19:55:10','IDIR\CSTEVENS',TIMESTAMP'2014-02-25 11:17:08',6),
	 (2262829,4,1,1589595,7,9,'SU','RG','PLOT','RG',NULL,NULL,'XXX','HA',NULL,1.4,1,NULL,'RG','PLOT','XXX',TIMESTAMP'2009-05-15 00:00:00',1.4,35,'RG',NULL,NULL,NULL,NULL,NULL,NULL,NULL,NULL,NULL,NULL,NULL,NULL,NULL,5,5,5,NULL,NULL,TIMESTAMP'2009-06-26 00:00:00','Y',NULL,NULL,NULL,NULL,NULL,NULL,NULL,NULL,NULL,'IDIR\CSTEVENS',TIMESTAMP'2009-03-23 20:31:13','IDIR\CSTEVENS',TIMESTAMP'2014-02-25 11:17:09',5),
	 (2262839,4,1,1589595,7,11,'SU','RG','PLOT','RG',NULL,NULL,'XXX','HA',NULL,4.5,1,NULL,'RG','PLOT','XXX',TIMESTAMP'2009-05-15 00:00:00',4.9,123,'RG',NULL,NULL,NULL,NULL,NULL,NULL,NULL,NULL,NULL,NULL,NULL,NULL,NULL,5,5,5,NULL,NULL,TIMESTAMP'2009-06-29 00:00:00','Y',NULL,NULL,NULL,NULL,NULL,NULL,NULL,NULL,NULL,'IDIR\CSTEVENS',TIMESTAMP'2009-03-23 20:59:16','IDIR\CSTEVENS',TIMESTAMP'2014-02-25 11:17:05',6),
	 (2262844,4,1,1589595,7,12,'SU','RG','PLOT','RG',NULL,NULL,'XXX','HA',NULL,2,1,NULL,'RG','PLOT','XXX',TIMESTAMP'2009-05-15 00:00:00',2,50,'RG',NULL,NULL,NULL,NULL,NULL,NULL,NULL,NULL,NULL,NULL,NULL,NULL,NULL,5,5,5,NULL,NULL,TIMESTAMP'2009-06-29 00:00:00','Y',NULL,NULL,NULL,NULL,NULL,NULL,NULL,NULL,NULL,'IDIR\CSTEVENS',TIMESTAMP'2009-03-23 21:10:03','IDIR\CSTEVENS',TIMESTAMP'2014-02-25 11:17:06',5),
	 (2262849,4,1,1589595,7,13,'SU','RG','PLOT','RG',NULL,NULL,'XXX','HA',NULL,4.2,1,NULL,'RG','PLOT','XXX',TIMESTAMP'2009-05-15 00:00:00',4.2,105,'RG',NULL,NULL,NULL,NULL,NULL,NULL,NULL,NULL,NULL,NULL,NULL,NULL,NULL,5,5,5,NULL,NULL,TIMESTAMP'2009-06-29 00:00:00','Y',NULL,NULL,NULL,NULL,NULL,NULL,NULL,NULL,NULL,'IDIR\CSTEVENS',TIMESTAMP'2009-03-23 21:18:15','IDIR\CSTEVENS',TIMESTAMP'2014-02-25 11:17:06',5),
	 (2262855,4,1,1589595,7,14,'SU','RG','PLOT','RG',NULL,NULL,'XXX','HA',NULL,4,1,NULL,'RG','PLOT','XXX',TIMESTAMP'2009-05-15 00:00:00',4,100,'RG',NULL,NULL,NULL,NULL,NULL,NULL,NULL,NULL,NULL,NULL,NULL,NULL,NULL,5,5,5,NULL,NULL,TIMESTAMP'2009-06-29 00:00:00','Y',NULL,NULL,NULL,NULL,NULL,NULL,NULL,NULL,NULL,'IDIR\CSTEVENS',TIMESTAMP'2009-03-23 21:33:29','IDIR\CSTEVENS',TIMESTAMP'2014-02-25 11:17:06',5),
	 (3480140,9,1,1589595,NULL,NULL,'SU',NULL,NULL,NULL,NULL,NULL,NULL,'HA',NULL,NULL,NULL,NULL,'FH','PLOT','FTM',TIMESTAMP'2022-06-01 00:00:00',61.7,1481,'DS',NULL,NULL,NULL,NULL,NULL,NULL,NULL,NULL,NULL,NULL,NULL,NULL,NULL,NULL,NULL,NULL,NULL,NULL,NULL,'N',NULL,NULL,NULL,NULL,NULL,NULL,NULL,NULL,NULL,'IDIR\CSTEVENS',TIMESTAMP'2017-11-30 12:15:34','IDIR\CSTEVENS',TIMESTAMP'2017-11-30 12:15:34',1),
	 (3070065,7,1,1589595,14,123,'SU','RG','PLOT','ST',NULL,NULL,'GFS','HA',NULL,61.7,4000,NULL,NULL,NULL,NULL,NULL,NULL,NULL,NULL,NULL,NULL,NULL,NULL,NULL,NULL,NULL,NULL,NULL,NULL,NULL,NULL,NULL,NULL,NULL,NULL,NULL,NULL,TIMESTAMP'2013-08-19 00:00:00','Y',NULL,'2014DND001',1293475,NULL,NULL,NULL,NULL,NULL,NULL,'BCEID\JPRESTMODA',TIMESTAMP'2014-02-26 11:01:31','IDIR\CSTEVENS',TIMESTAMP'2014-03-18 14:47:50',4),
	 (3070066,8,1,1589595,15,127,'SU','FG','PLOT','FG',NULL,NULL,'FTM','HA',NULL,61.7,2170,NULL,'FG','PLOT','GFS',TIMESTAMP'2017-07-01 00:00:00',61.7,1481,'FG',NULL,NULL,NULL,NULL,NULL,NULL,NULL,NULL,NULL,NULL,NULL,NULL,NULL,NULL,NULL,NULL,NULL,NULL,TIMESTAMP'2017-07-26 00:00:00','Y',NULL,'SU18DND001',1707770,NULL,NULL,NULL,NULL,NULL,NULL,'BCEID\JPRESTMODA',TIMESTAMP'2014-02-26 11:01:31','BCEID\SJONES12',TIMESTAMP'2017-10-06 12:50:00',5);

INSERT INTO silva.standards_regime (standards_regime_id, standards_regime_name, standards_regime_status_code, silv_statute_code, standards_objective, geographic_description, mof_default_standard_ind, regen_delay_offset_yrs, regen_obligation_ind, no_regen_early_offset_yrs, no_regen_late_offset_yrs, free_growing_early_offset_yrs, free_growing_late_offset_yrs, approved_by_userid, approved_date, submitted_by_userid, submitted_date, effective_date, expiry_date, additional_standards, reject_note, entry_userid, entry_timestamp, update_userid, update_timestamp, revision_count) VALUES
	 (20305,NULL,'APP',NULL,NULL,NULL,'Y',4,'Y',NULL,NULL,9,15,'RESULTS_CNV',TIMESTAMP'2003-11-28 14:22:26',NULL,TIMESTAMP'2003-11-28 14:22:26',TIMESTAMP'2003-02-05 00:00:00',NULL,'(FDI9) ; FDI-restricted to southerly aspects; (FDI18) ; FDI-restricted to eastern portion of biogeoclimatic unit in region',NULL,'RESULTS_CNV',TIMESTAMP'2003-11-28 14:22:26','FSP_Datafix',TIMESTAMP'2008-05-15 13:19:14',2);

INSERT INTO silva.stocking_standard_unit (stocking_standard_unit_id, opening_id, standards_unit_id, standards_regime_id, net_area, max_allow_soil_disturbance_pct, variance_ind, entry_userid, entry_timestamp, update_userid, update_timestamp, revision_count) VALUES
	 (1120544,1589595,'1',20305,61.7,5,'Y','IDIR\GKJENNIN',TIMESTAMP'2006-06-20 15:19:29','BCEID\JPRESTMODA',TIMESTAMP'2014-02-26 10:46:07',4);

INSERT INTO silva.stocking_milestone (stocking_standard_unit_id, silv_milestone_type_code, results_submission_id, declared_date, declared_userid, declare_ind, declaration_submitted_date, early_offset_years, late_offset_years, due_early_date, due_late_date, entry_userid, entry_timestamp, update_userid, update_timestamp, revision_count, extent_feasible_declared_ind) VALUES
	 (1120544,'FG',NULL,TIMESTAMP'2017-07-26 00:00:00','BCEID\SJONES12','Y',TIMESTAMP'2017-10-06 12:53:24',9,15,TIMESTAMP'2011-12-01 00:00:00',TIMESTAMP'2017-12-01 00:00:00','IDIR\GKJENNIN',TIMESTAMP'2006-06-20 15:20:00','IDIR\CSTEVENS',TIMESTAMP'2017-11-30 12:15:34',199,'N'),
	 (1120544,'PH',NULL,TIMESTAMP'2003-03-01 00:00:00','IDIR\GKJENNIN','Y',TIMESTAMP'2006-06-20 15:22:55',NULL,NULL,NULL,NULL,'IDIR\GKJENNIN',TIMESTAMP'2006-06-20 15:20:00','IDIR\CSTEVENS',TIMESTAMP'2017-11-30 12:15:34',199,'N'),
	 (1120544,'RG',NULL,TIMESTAMP'2011-06-15 00:00:00','IDIR\CSTEVENS','Y',TIMESTAMP'2011-09-06 16:17:21',NULL,4,NULL,TIMESTAMP'2006-12-01 00:00:00','IDIR\GKJENNIN',TIMESTAMP'2006-06-20 15:20:00','IDIR\CSTEVENS',TIMESTAMP'2017-11-30 12:15:34',199,'N');

INSERT INTO silva.stocking_ecology (stocking_ecology_id, opening_id, stocking_standard_unit_id, bec_region_code, bgc_zone_code, bgc_subzone_code, bgc_variant, bgc_phase, bec_site_series, bec_site_type, bec_seral, entry_userid, entry_timestamp, update_userid, update_timestamp, revision_count) VALUES
	 (1127797,1589595,1120544,NULL,'SBS','dk',NULL,NULL,'06',NULL,NULL,'IDIR\GKJENNIN',TIMESTAMP'2006-06-20 15:19:29','BCEID\JPRESTMODA',TIMESTAMP'2014-02-26 10:46:07',3);

INSERT INTO silva.stocking_layer (stocking_layer_id, stocking_standard_unit_id, opening_id, stocking_layer_code, target_stocking, residual_basal_area, min_horizontal_distance, min_pref_stocking_standard, min_post_spacing, min_stocking_standard, max_post_spacing, max_conifer, hght_relative_to_comp, tree_size_unit_code, entry_userid, entry_timestamp, update_userid, update_timestamp, revision_count) VALUES
	 (1888509,1120544,1589595,'I',1200,NULL,1.5,600,NULL,700,NULL,10000,150,'%','BCEID\JPRESTMODA',TIMESTAMP'2014-02-26 10:46:07','BCEID\JPRESTMODA',TIMESTAMP'2014-02-26 10:46:07',1);

INSERT INTO silva.stocking_layer_species (stocking_layer_id, silv_tree_species_code, species_order, preferred_ind, min_height, entry_userid, entry_timestamp, update_userid, update_timestamp, revision_count) VALUES
	 (1888509,'FDI',1,'N',1,'BCEID\JPRESTMODA',TIMESTAMP'2014-02-26 10:46:07','BCEID\JPRESTMODA',TIMESTAMP'2014-02-26 10:46:07',1),
	 (1888509,'PLI',1,'Y',2,'BCEID\JPRESTMODA',TIMESTAMP'2014-02-26 10:46:07','BCEID\JPRESTMODA',TIMESTAMP'2014-02-26 10:46:07',1),
	 (1888509,'SX',2,'Y',1,'BCEID\JPRESTMODA',TIMESTAMP'2014-02-26 10:46:07','BCEID\JPRESTMODA',TIMESTAMP'2014-02-26 10:46:07',1);

INSERT INTO silva.forest_cover (forest_cover_id, opening_id, stocking_standard_unit_id, silv_polygon_no, silv_polygon_area, silv_polygon_net_area, stocking_class_code, stocking_status_code, stocking_type_code, reference_year, reentry_year, site_class_code, site_index, site_index_source_code, silv_reserve_code, silv_reserve_objective_code, tree_species_code, tree_cover_pattern_code, results_submission_id, entry_userid, entry_timestamp, update_userid, update_timestamp, revision_count) VALUES
	 (3621310,1589595,1120544,'1',61.7,61.7,NULL,'IMM','NAT',2017,NULL,NULL,18,'E',NULL,NULL,'PLI',NULL,1707770,'BCEID\SJONES12',TIMESTAMP'2014-02-26 00:00:00','BCEID\SJONES12',TIMESTAMP'2017-10-06 12:50:00',2);

INSERT INTO silva.opening_amendment_history (opening_id, opening_amendment_number, amendment_userid, amendment_date, submitted_by_userid, submitted_date, app_ent_by_userid, approve_date, entry_userid, entry_timestamp, update_userid, update_timestamp, revision_count) VALUES
	 (1589595,1,'IDIR\GKJENNIN',TIMESTAMP'2006-06-15 11:25:27','IDIR\GKJENNIN',TIMESTAMP'2006-06-15 11:58:33','IDIR\GKJENNIN',TIMESTAMP'2006-06-15 11:58:33','IDIR\GKJENNIN',TIMESTAMP'2006-06-15 11:25:27','IDIR\GKJENNIN',TIMESTAMP'2006-06-15 11:58:33',3),
	 (1589595,20,'IDIR\GKJENNIN',TIMESTAMP'2006-06-15 08:59:59','IDIR\GKJENNIN',TIMESTAMP'2006-06-15 09:01:25','IDIR\GKJENNIN',TIMESTAMP'2006-06-15 09:01:25','IDIR\GKJENNIN',TIMESTAMP'2006-06-15 08:59:59','IDIR\GKJENNIN',TIMESTAMP'2006-06-15 09:01:25',3),
	 (1589595,30,'IDIR\GKJENNIN',TIMESTAMP'2006-06-15 09:11:35','IDIR\GKJENNIN',TIMESTAMP'2006-06-15 09:13:21','IDIR\GKJENNIN',TIMESTAMP'2006-06-15 09:13:21','IDIR\GKJENNIN',TIMESTAMP'2006-06-15 09:11:35','IDIR\GKJENNIN',TIMESTAMP'2006-06-15 09:13:21',3),
	 (1589595,40,'IDIR\GKJENNIN',TIMESTAMP'2006-06-15 09:17:06','IDIR\GKJENNIN',TIMESTAMP'2006-06-15 09:25:27','IDIR\GKJENNIN',TIMESTAMP'2006-06-15 09:25:27','IDIR\GKJENNIN',TIMESTAMP'2006-06-15 09:17:06','IDIR\GKJENNIN',TIMESTAMP'2006-06-15 09:25:27',3),
	 (1589595,50,'IDIR\GKJENNIN',TIMESTAMP'2006-06-15 09:23:21','IDIR\GKJENNIN',TIMESTAMP'2006-06-15 09:25:31','IDIR\GKJENNIN',TIMESTAMP'2006-06-15 09:25:31','IDIR\GKJENNIN',TIMESTAMP'2006-06-15 09:23:21','IDIR\GKJENNIN',TIMESTAMP'2006-06-15 09:25:31',3),
	 (1589595,60,'IDIR\GKJENNIN',TIMESTAMP'2006-06-15 11:27:47','IDIR\GKJENNIN',TIMESTAMP'2006-06-15 11:58:36','IDIR\GKJENNIN',TIMESTAMP'2006-06-15 11:58:36','IDIR\GKJENNIN',TIMESTAMP'2006-06-15 11:27:47','IDIR\GKJENNIN',TIMESTAMP'2006-06-15 11:58:36',3),
	 (1589595,70,'IDIR\GKJENNIN',TIMESTAMP'2006-06-15 11:30:01','IDIR\GKJENNIN',TIMESTAMP'2006-06-15 11:58:40','IDIR\GKJENNIN',TIMESTAMP'2006-06-15 11:58:40','IDIR\GKJENNIN',TIMESTAMP'2006-06-15 11:30:01','IDIR\GKJENNIN',TIMESTAMP'2006-06-15 11:58:40',3),
	 (1589595,80,'IDIR\GKJENNIN',TIMESTAMP'2006-06-15 11:35:25','IDIR\GKJENNIN',TIMESTAMP'2006-06-15 11:58:48','IDIR\GKJENNIN',TIMESTAMP'2006-06-15 11:58:48','IDIR\GKJENNIN',TIMESTAMP'2006-06-15 11:35:25','IDIR\GKJENNIN',TIMESTAMP'2006-06-15 11:58:48',3),
	 (1589595,90,'IDIR\GKJENNIN',TIMESTAMP'2006-06-15 11:37:09','IDIR\GKJENNIN',TIMESTAMP'2006-06-15 11:58:52','IDIR\GKJENNIN',TIMESTAMP'2006-06-15 11:58:52','IDIR\GKJENNIN',TIMESTAMP'2006-06-15 11:37:09','IDIR\GKJENNIN',TIMESTAMP'2006-06-15 11:58:52',3),
	 (1589595,100,'IDIR\GKJENNIN',TIMESTAMP'2006-06-15 11:40:42','IDIR\GKJENNIN',TIMESTAMP'2006-06-15 11:58:55','IDIR\GKJENNIN',TIMESTAMP'2006-06-15 11:58:55','IDIR\GKJENNIN',TIMESTAMP'2006-06-15 11:40:42','IDIR\GKJENNIN',TIMESTAMP'2006-06-15 11:58:55',3),
	 (1589595,110,'IDIR\GKJENNIN',TIMESTAMP'2006-06-15 11:46:14','IDIR\GKJENNIN',TIMESTAMP'2006-06-15 11:58:58','IDIR\GKJENNIN',TIMESTAMP'2006-06-15 11:58:58','IDIR\GKJENNIN',TIMESTAMP'2006-06-15 11:46:14','IDIR\GKJENNIN',TIMESTAMP'2006-06-15 11:58:58',3),
	 (1589595,120,'IDIR\GKJENNIN',TIMESTAMP'2006-06-15 13:50:03','IDIR\GKJENNIN',TIMESTAMP'2006-06-15 13:56:51','IDIR\GKJENNIN',TIMESTAMP'2006-06-15 13:56:51','IDIR\GKJENNIN',TIMESTAMP'2006-06-15 13:50:03','IDIR\GKJENNIN',TIMESTAMP'2006-06-15 13:56:51',3),
	 (1589595,130,'IDIR\GKJENNIN',TIMESTAMP'2006-06-15 13:52:12','IDIR\GKJENNIN',TIMESTAMP'2006-06-15 13:56:54','IDIR\GKJENNIN',TIMESTAMP'2006-06-15 13:56:54','IDIR\GKJENNIN',TIMESTAMP'2006-06-15 13:52:12','IDIR\GKJENNIN',TIMESTAMP'2006-06-15 13:56:54',3),
	 (1589595,140,'IDIR\GKJENNIN',TIMESTAMP'2006-06-15 14:28:37','IDIR\GKJENNIN',TIMESTAMP'2006-06-15 14:32:26','IDIR\GKJENNIN',TIMESTAMP'2006-06-15 14:32:26','IDIR\GKJENNIN',TIMESTAMP'2006-06-15 14:28:37','IDIR\GKJENNIN',TIMESTAMP'2006-06-15 14:32:26',3),
	 (1589595,150,'IDIR\GKJENNIN',TIMESTAMP'2006-06-15 14:30:33','IDIR\GKJENNIN',TIMESTAMP'2006-06-15 14:32:29','IDIR\GKJENNIN',TIMESTAMP'2006-06-15 14:32:29','IDIR\GKJENNIN',TIMESTAMP'2006-06-15 14:30:33','IDIR\GKJENNIN',TIMESTAMP'2006-06-15 14:32:29',3),
	 (1589595,160,'IDIR\GKJENNIN',TIMESTAMP'2006-06-15 14:33:49','IDIR\GKJENNIN',TIMESTAMP'2006-06-15 14:47:47','IDIR\GKJENNIN',TIMESTAMP'2006-06-15 14:47:47','IDIR\GKJENNIN',TIMESTAMP'2006-06-15 14:33:49','IDIR\GKJENNIN',TIMESTAMP'2006-06-15 14:47:47',3),
	 (1589595,170,'IDIR\GKJENNIN',TIMESTAMP'2006-06-15 14:38:35','IDIR\GKJENNIN',TIMESTAMP'2006-06-15 14:47:54','IDIR\GKJENNIN',TIMESTAMP'2006-06-15 14:47:54','IDIR\GKJENNIN',TIMESTAMP'2006-06-15 14:38:35','IDIR\GKJENNIN',TIMESTAMP'2006-06-15 14:47:54',3),
	 (1589595,180,'IDIR\GKJENNIN',TIMESTAMP'2006-06-15 14:41:18','IDIR\GKJENNIN',TIMESTAMP'2006-06-15 14:47:59','IDIR\GKJENNIN',TIMESTAMP'2006-06-15 14:47:59','IDIR\GKJENNIN',TIMESTAMP'2006-06-15 14:41:18','IDIR\GKJENNIN',TIMESTAMP'2006-06-15 14:47:59',3),
	 (1589595,190,'IDIR\GKJENNIN',TIMESTAMP'2006-06-15 14:44:08','IDIR\GKJENNIN',TIMESTAMP'2006-06-15 14:48:03','IDIR\GKJENNIN',TIMESTAMP'2006-06-15 14:48:03','IDIR\GKJENNIN',TIMESTAMP'2006-06-15 14:44:08','IDIR\GKJENNIN',TIMESTAMP'2006-06-15 14:48:03',3),
	 (1589595,200,'IDIR\GKJENNIN',TIMESTAMP'2006-06-20 15:15:43','IDIR\GKJENNIN',TIMESTAMP'2006-06-20 15:16:37','IDIR\GKJENNIN',TIMESTAMP'2006-06-20 15:16:37','IDIR\GKJENNIN',TIMESTAMP'2006-06-20 15:15:43','IDIR\GKJENNIN',TIMESTAMP'2006-06-20 15:16:37',3);
INSERT INTO silva.opening_amendment_history (opening_id, opening_amendment_number, amendment_userid, amendment_date, submitted_by_userid, submitted_date, app_ent_by_userid, approve_date, entry_userid, entry_timestamp, update_userid, update_timestamp, revision_count) VALUES
	 (1589595,210,'IDIR\GKJENNIN',TIMESTAMP'2006-06-20 15:19:04','IDIR\GKJENNIN',TIMESTAMP'2006-06-20 15:20:00','IDIR\GKJENNIN',TIMESTAMP'2006-06-20 15:20:00','IDIR\GKJENNIN',TIMESTAMP'2006-06-20 15:19:04','IDIR\GKJENNIN',TIMESTAMP'2006-06-20 15:20:00',3),
	 (1589595,211,'BCEID\JPRESTMODA',TIMESTAMP'2014-02-26 10:45:32',NULL,NULL,NULL,NULL,'BCEID\JPRESTMODA',TIMESTAMP'2014-02-26 10:45:32','BCEID\JPRESTMODA',TIMESTAMP'2014-02-26 10:45:32',1);

INSERT INTO silva.stocking_event_history (stocking_event_history_id, opening_id, opening_amendment_id, opening_amendment_number, results_audit_action_code, submitted_userid, results_submission_id, amend_event_timestamp, entry_userid, entry_timestamp, revision_count) VALUES
	 (1271072,1589595,1589595,50,'O','Results data conversion',NULL,TIMESTAMP'2008-03-11 14:28:51','Results data conversion',TIMESTAMP'2008-03-11 14:28:51',1),
	 (1262899,1589595,1589595,20,'O','Results data conversion',NULL,TIMESTAMP'2008-03-11 14:28:08','Results data conversion',TIMESTAMP'2008-03-11 14:28:08',1),
	 (1262902,1589595,1589595,190,'O','Results data conversion',NULL,TIMESTAMP'2008-03-11 14:28:08','Results data conversion',TIMESTAMP'2008-03-11 14:28:08',1),
	 (1247747,1589595,1589595,100,'O','Results data conversion',NULL,TIMESTAMP'2008-03-11 14:26:41','Results data conversion',TIMESTAMP'2008-03-11 14:26:41',1),
	 (1251335,1589595,1589595,110,'O','Results data conversion',NULL,TIMESTAMP'2008-03-11 14:27:03','Results data conversion',TIMESTAMP'2008-03-11 14:27:03',1),
	 (1228133,1589595,1589595,70,'O','Results data conversion',NULL,TIMESTAMP'2008-03-11 14:24:13','Results data conversion',TIMESTAMP'2008-03-11 14:24:13',1),
	 (1228134,1589595,1589595,150,'O','Results data conversion',NULL,TIMESTAMP'2008-03-11 14:24:13','Results data conversion',TIMESTAMP'2008-03-11 14:24:13',1),
	 (1228135,1589595,1589595,180,'O','Results data conversion',NULL,TIMESTAMP'2008-03-11 14:24:13','Results data conversion',TIMESTAMP'2008-03-11 14:24:13',1),
	 (1228136,1589595,1589595,200,'O','Results data conversion',NULL,TIMESTAMP'2008-03-11 14:24:13','Results data conversion',TIMESTAMP'2008-03-11 14:24:13',1),
	 (1556490,1589595,1589595,211,'SPA','BCEID\JPRESTMODA',1293417,TIMESTAMP'2014-02-26 10:46:08','BCEID\JPRESTMODA',TIMESTAMP'2014-02-26 10:46:08',1),
	 (1481874,1589595,1589595,50,'VAR','IDIR\JCBALLAR',874607,TIMESTAMP'2011-01-18 16:34:20','IDIR\JCBALLAR',TIMESTAMP'2011-01-18 16:34:20',1),
	 (1481875,1589595,1589595,40,'VAR','IDIR\JCBALLAR',874607,TIMESTAMP'2011-01-18 16:34:21','IDIR\JCBALLAR',TIMESTAMP'2011-01-18 16:34:21',1),
	 (1481876,1589595,1589595,30,'VAR','IDIR\JCBALLAR',874607,TIMESTAMP'2011-01-18 16:34:22','IDIR\JCBALLAR',TIMESTAMP'2011-01-18 16:34:22',1),
	 (1481877,1589595,1589595,20,'VAR','IDIR\JCBALLAR',874607,TIMESTAMP'2011-01-18 16:34:22','IDIR\JCBALLAR',TIMESTAMP'2011-01-18 16:34:22',1),
	 (1481878,1589595,1589595,110,'VAR','IDIR\JCBALLAR',874607,TIMESTAMP'2011-01-18 16:34:23','IDIR\JCBALLAR',TIMESTAMP'2011-01-18 16:34:23',1),
	 (1481879,1589595,1589595,100,'VAR','IDIR\JCBALLAR',874607,TIMESTAMP'2011-01-18 16:34:23','IDIR\JCBALLAR',TIMESTAMP'2011-01-18 16:34:23',1),
	 (1481883,1589595,1589595,1,'VAR','IDIR\JCBALLAR',874607,TIMESTAMP'2011-01-18 16:34:25','IDIR\JCBALLAR',TIMESTAMP'2011-01-18 16:34:25',1),
	 (1481884,1589595,1589595,60,'VAR','IDIR\JCBALLAR',874607,TIMESTAMP'2011-01-18 16:34:26','IDIR\JCBALLAR',TIMESTAMP'2011-01-18 16:34:26',1),
	 (1481885,1589595,1589595,70,'VAR','IDIR\JCBALLAR',874607,TIMESTAMP'2011-01-18 16:34:26','IDIR\JCBALLAR',TIMESTAMP'2011-01-18 16:34:26',1),
	 (1481886,1589595,1589595,80,'VAR','IDIR\JCBALLAR',874607,TIMESTAMP'2011-01-18 16:34:27','IDIR\JCBALLAR',TIMESTAMP'2011-01-18 16:34:27',1);
INSERT INTO silva.stocking_event_history (stocking_event_history_id, opening_id, opening_amendment_id, opening_amendment_number, results_audit_action_code, submitted_userid, results_submission_id, amend_event_timestamp, entry_userid, entry_timestamp, revision_count) VALUES
	 (1481887,1589595,1589595,90,'VAR','IDIR\JCBALLAR',874607,TIMESTAMP'2011-01-18 16:34:27','IDIR\JCBALLAR',TIMESTAMP'2011-01-18 16:34:27',1),
	 (1483064,1589595,1589595,170,'VAR','IDIR\JCBALLAR',878220,TIMESTAMP'2011-01-26 16:36:55','IDIR\JCBALLAR',TIMESTAMP'2011-01-26 16:36:55',1),
	 (1483065,1589595,1589595,180,'VAR','IDIR\JCBALLAR',878220,TIMESTAMP'2011-01-26 16:36:56','IDIR\JCBALLAR',TIMESTAMP'2011-01-26 16:36:56',1),
	 (1483066,1589595,1589595,190,'VAR','IDIR\JCBALLAR',878220,TIMESTAMP'2011-01-26 16:36:58','IDIR\JCBALLAR',TIMESTAMP'2011-01-26 16:36:58',1),
	 (1483069,1589595,1589595,200,'VAR','IDIR\JCBALLAR',878220,TIMESTAMP'2011-01-26 16:37:02','IDIR\JCBALLAR',TIMESTAMP'2011-01-26 16:37:02',1),
	 (1483563,1589595,1589595,140,'VAR','IDIR\JCBALLAR',879451,TIMESTAMP'2011-01-31 10:53:08','IDIR\JCBALLAR',TIMESTAMP'2011-01-31 10:53:08',1),
	 (1483564,1589595,1589595,150,'VAR','IDIR\JCBALLAR',879451,TIMESTAMP'2011-01-31 10:53:09','IDIR\JCBALLAR',TIMESTAMP'2011-01-31 10:53:09',1),
	 (1483565,1589595,1589595,160,'VAR','IDIR\JCBALLAR',879451,TIMESTAMP'2011-01-31 10:53:10','IDIR\JCBALLAR',TIMESTAMP'2011-01-31 10:53:10',1),
	 (1451077,1589595,1589595,200,'VAR','IDIR\KJZELENY',669334,TIMESTAMP'2009-07-16 17:07:12','IDIR\KJZELENY',TIMESTAMP'2009-07-16 17:07:12',1),
	 (1451078,1589595,1589595,190,'VAR','IDIR\KJZELENY',669334,TIMESTAMP'2009-07-16 17:07:14','IDIR\KJZELENY',TIMESTAMP'2009-07-16 17:07:14',1),
	 (1451079,1589595,1589595,170,'VAR','IDIR\KJZELENY',669334,TIMESTAMP'2009-07-16 17:07:15','IDIR\KJZELENY',TIMESTAMP'2009-07-16 17:07:15',1),
	 (1451080,1589595,1589595,150,'VAR','IDIR\KJZELENY',669334,TIMESTAMP'2009-07-16 17:07:17','IDIR\KJZELENY',TIMESTAMP'2009-07-16 17:07:17',1),
	 (1451081,1589595,1589595,140,'VAR','IDIR\KJZELENY',669334,TIMESTAMP'2009-07-16 17:07:18','IDIR\KJZELENY',TIMESTAMP'2009-07-16 17:07:18',1),
	 (1451082,1589595,1589595,160,'VAR','IDIR\KJZELENY',669334,TIMESTAMP'2009-07-16 17:07:19','IDIR\KJZELENY',TIMESTAMP'2009-07-16 17:07:19',1),
	 (1451083,1589595,1589595,210,'MIN','IDIR\KJZELENY',669352,TIMESTAMP'2009-07-16 17:44:43','IDIR\KJZELENY',TIMESTAMP'2009-07-16 17:44:43',1),
	 (1452442,1589595,1589595,130,'VAR','IDIR\JCBALLAR',689218,TIMESTAMP'2009-08-24 16:30:37','IDIR\JCBALLAR',TIMESTAMP'2009-08-24 16:30:37',1),
	 (1452451,1589595,1589595,120,'VAR','IDIR\JCBALLAR',689221,TIMESTAMP'2009-08-24 16:34:44','IDIR\JCBALLAR',TIMESTAMP'2009-08-24 16:34:44',1),
	 (1441486,1589595,1589595,60,'VAR','IDIR\KJZELENY',568258,TIMESTAMP'2009-03-25 14:19:15','IDIR\KJZELENY',TIMESTAMP'2009-03-25 14:19:15',1),
	 (1441487,1589595,1589595,70,'VAR','IDIR\KJZELENY',568258,TIMESTAMP'2009-03-25 14:19:16','IDIR\KJZELENY',TIMESTAMP'2009-03-25 14:19:16',1),
	 (1441488,1589595,1589595,80,'VAR','IDIR\KJZELENY',568258,TIMESTAMP'2009-03-25 14:19:16','IDIR\KJZELENY',TIMESTAMP'2009-03-25 14:19:16',1);
INSERT INTO silva.stocking_event_history (stocking_event_history_id, opening_id, opening_amendment_id, opening_amendment_number, results_audit_action_code, submitted_userid, results_submission_id, amend_event_timestamp, entry_userid, entry_timestamp, revision_count) VALUES
	 (1441489,1589595,1589595,100,'VAR','IDIR\KJZELENY',568258,TIMESTAMP'2009-03-25 14:19:17','IDIR\KJZELENY',TIMESTAMP'2009-03-25 14:19:17',1),
	 (1441490,1589595,1589595,110,'VAR','IDIR\KJZELENY',568258,TIMESTAMP'2009-03-25 14:19:17','IDIR\KJZELENY',TIMESTAMP'2009-03-25 14:19:17',1),
	 (1441492,1589595,1589595,20,'VAR','IDIR\KJZELENY',568258,TIMESTAMP'2009-03-25 14:19:19','IDIR\KJZELENY',TIMESTAMP'2009-03-25 14:19:19',1),
	 (1441493,1589595,1589595,30,'VAR','IDIR\KJZELENY',568258,TIMESTAMP'2009-03-25 14:19:19','IDIR\KJZELENY',TIMESTAMP'2009-03-25 14:19:19',1),
	 (1441494,1589595,1589595,40,'VAR','IDIR\KJZELENY',568258,TIMESTAMP'2009-03-25 14:19:20','IDIR\KJZELENY',TIMESTAMP'2009-03-25 14:19:20',1),
	 (1441495,1589595,1589595,50,'VAR','IDIR\KJZELENY',568258,TIMESTAMP'2009-03-25 14:19:21','IDIR\KJZELENY',TIMESTAMP'2009-03-25 14:19:21',1),
	 (1441522,1589595,1589595,1,'VAR','IDIR\KJZELENY',568258,TIMESTAMP'2009-03-25 14:19:45','IDIR\KJZELENY',TIMESTAMP'2009-03-25 14:19:45',1),
	 (1448786,1589595,1589595,120,'VAR','IDIR\KJZELENY',605872,TIMESTAMP'2009-05-28 15:42:51','IDIR\KJZELENY',TIMESTAMP'2009-05-28 15:42:51',1),
	 (1448787,1589595,1589595,130,'VAR','IDIR\KJZELENY',605872,TIMESTAMP'2009-05-28 15:42:51','IDIR\KJZELENY',TIMESTAMP'2009-05-28 15:42:51',1),
	 (1448796,1589595,1589595,90,'VAR','IDIR\KJZELENY',605903,TIMESTAMP'2009-05-28 16:35:41','IDIR\KJZELENY',TIMESTAMP'2009-05-28 16:35:41',1),
	 (1448806,1589595,1589595,1,'VAR','IDIR\KJZELENY',605903,TIMESTAMP'2009-05-28 16:35:51','IDIR\KJZELENY',TIMESTAMP'2009-05-28 16:35:51',1),
	 (1448807,1589595,1589595,60,'VAR','IDIR\KJZELENY',605903,TIMESTAMP'2009-05-28 16:35:51','IDIR\KJZELENY',TIMESTAMP'2009-05-28 16:35:51',1),
	 (1448808,1589595,1589595,70,'VAR','IDIR\KJZELENY',605903,TIMESTAMP'2009-05-28 16:35:52','IDIR\KJZELENY',TIMESTAMP'2009-05-28 16:35:52',1),
	 (1448809,1589595,1589595,80,'VAR','IDIR\KJZELENY',605903,TIMESTAMP'2009-05-28 16:35:53','IDIR\KJZELENY',TIMESTAMP'2009-05-28 16:35:53',1),
	 (1448810,1589595,1589595,100,'VAR','IDIR\KJZELENY',605903,TIMESTAMP'2009-05-28 16:35:53','IDIR\KJZELENY',TIMESTAMP'2009-05-28 16:35:53',1),
	 (1448811,1589595,1589595,110,'VAR','IDIR\KJZELENY',605903,TIMESTAMP'2009-05-28 16:35:54','IDIR\KJZELENY',TIMESTAMP'2009-05-28 16:35:54',1),
	 (1448813,1589595,1589595,20,'VAR','IDIR\KJZELENY',605903,TIMESTAMP'2009-05-28 16:35:56','IDIR\KJZELENY',TIMESTAMP'2009-05-28 16:35:56',1),
	 (1448814,1589595,1589595,30,'VAR','IDIR\KJZELENY',605903,TIMESTAMP'2009-05-28 16:35:56','IDIR\KJZELENY',TIMESTAMP'2009-05-28 16:35:56',1),
	 (1448815,1589595,1589595,40,'VAR','IDIR\KJZELENY',605903,TIMESTAMP'2009-05-28 16:35:57','IDIR\KJZELENY',TIMESTAMP'2009-05-28 16:35:57',1),
	 (1448816,1589595,1589595,50,'VAR','IDIR\KJZELENY',605903,TIMESTAMP'2009-05-28 16:35:58','IDIR\KJZELENY',TIMESTAMP'2009-05-28 16:35:58',1);
INSERT INTO silva.stocking_event_history (stocking_event_history_id, opening_id, opening_amendment_id, opening_amendment_number, results_audit_action_code, submitted_userid, results_submission_id, amend_event_timestamp, entry_userid, entry_timestamp, revision_count) VALUES
	 (1403815,1589595,1589595,30,'O','Results data conversion',NULL,TIMESTAMP'2008-03-11 14:37:49','Results data conversion',TIMESTAMP'2008-03-11 14:37:49',1),
	 (1380698,1589595,1589595,130,'O','Results data conversion',NULL,TIMESTAMP'2008-03-11 14:36:24','Results data conversion',TIMESTAMP'2008-03-11 14:36:24',1),
	 (1365813,1589595,1589595,160,'O','Results data conversion',NULL,TIMESTAMP'2008-03-11 14:35:17','Results data conversion',TIMESTAMP'2008-03-11 14:35:17',1),
	 (1369215,1589595,1589595,60,'O','Results data conversion',NULL,TIMESTAMP'2008-03-11 14:35:32','Results data conversion',TIMESTAMP'2008-03-11 14:35:32',1),
	 (1346119,1589595,1589595,140,'O','Results data conversion',NULL,TIMESTAMP'2008-03-11 14:33:54','Results data conversion',TIMESTAMP'2008-03-11 14:33:54',1),
	 (1330994,1589595,1589595,90,'O','Results data conversion',NULL,TIMESTAMP'2008-03-11 14:32:56','Results data conversion',TIMESTAMP'2008-03-11 14:32:56',1),
	 (1330995,1589595,1589595,120,'O','Results data conversion',NULL,TIMESTAMP'2008-03-11 14:32:56','Results data conversion',TIMESTAMP'2008-03-11 14:32:56',1),
	 (1330997,1589595,1589595,210,'O','Results data conversion',NULL,TIMESTAMP'2008-03-11 14:32:56','Results data conversion',TIMESTAMP'2008-03-11 14:32:56',1),
	 (1319375,1589595,1589595,40,'O','Results data conversion',NULL,TIMESTAMP'2008-03-11 14:32:05','Results data conversion',TIMESTAMP'2008-03-11 14:32:05',1),
	 (1319379,1589595,1589595,80,'O','Results data conversion',NULL,TIMESTAMP'2008-03-11 14:32:05','Results data conversion',TIMESTAMP'2008-03-11 14:32:05',1),
	 (1322825,1589595,1589595,170,'O','Results data conversion',NULL,TIMESTAMP'2008-03-11 14:32:20','Results data conversion',TIMESTAMP'2008-03-11 14:32:20',1),
	 (1297679,1589595,1589595,1,'O','Results data conversion',NULL,TIMESTAMP'2008-03-11 14:31:04','Results data conversion',TIMESTAMP'2008-03-11 14:31:04',1);

INSERT INTO silva.results_audit_event (results_audit_event_id, opening_id, standards_regime_id, silviculture_project_id, results_audit_action_code, action_date, description, user_id, email_sent_ind, xml_submission_id, opening_amendment_number, entry_userid, entry_timestamp) VALUES
	 (3028385,1589595,NULL,NULL,'SUB',TIMESTAMP'2014-02-24 10:07:28','Opening Amalgamation Submission','John Prestmo','Y',NULL,NULL,'BCEID\JPRESTMODA',TIMESTAMP'2014-02-24 10:07:28'),
	 (3028384,1589595,NULL,NULL,'UPD',TIMESTAMP'2014-02-24 10:07:28','Opening/Tenure Online Amalgamation Entry',NULL,'N',NULL,NULL,'BCEID\JPRESTMODA',TIMESTAMP'2014-02-24 10:07:28'),
	 (3030357,1589595,NULL,NULL,'APP',TIMESTAMP'2014-02-25 11:17:13','Amalgamation approved: ***Opening amalgamated : Opening ID = 1070808 Opening No. =  93F 072 0.0  901, Admin District = DND, Licensee = 00136467 00, Licence = A70881, Cutting Permit = 001, Timber Mark = AU6001, Cut Block = 083.   ***Opening amalgamated : Opening ID = 1070807 Opening No. =  93F 072 0.0  900, Admin District = DND, Licensee = 00136467 00, Licence = A70881, Cutting Permit = 001, Timber Mark = AU6001, Cut Block = 082.   ***Opening amalgamated : Opening ID = 1070803 Opening No. =  93F 072 0.0  897, Admin District = DND, Licensee = 00136467 00, Licence = A70881, Cutting Permit = 001, Timber Mark = AU6001, Cut Block = 077.   ***Opening amalgamated : Opening ID = 1070802 Opening No. =  93F 072 0.0  967, Admin District = DND, Licensee = 00136467 00, Licence = A70881, Cutting Permit = 001, Timber Mark = AU6001, Cut Block = 076.   ***Opening amalgamated : Opening ID = 1070795 Opening No. =  93F 072 0.0  896, Admin District = DND, Licensee = 00136467 00, Licence = A70881, Cutting Permit = 001, Timber Mark = AU6001, Cut Block = 075.   ***Opening amalgamated : Opening ID = 1070794 Opening No. =  93F 072 0.0  895, Admin District = DND, Licensee = 00136467 00, Licence = A70881, Cutting Permit = 001, Timber Mark = AU6001, Cut Block = 074.   ***Opening amalgamated : Opening ID = 1070793 Opening No. =  93F 072 0.0  894, Admin District = DND, Licensee = 00136467 00, Licence = A70881, Cutting Permit = 001, Timber Mark = AU6001, Cut Block = 073.   ***Opening amalgamated : Opening ID = 1070792 Opening No. =  93F 072 0.0  893, Admin District = DND, Licensee = 00136467 00, Licence = A70881, Cutting Permit = 001, Timber Mark = AU6001, Cut Block = 072.   ***Opening amalgamated : Opening ID = 1070781 Opening No. =  93F 072 0.0  888, Admin District = DND, Licensee = 00136467 00, Licence = A70881, Cutting Permit = 001, Timber Mark = AU6001, Cut Block = 033.   ***Opening amalgamated : Opening ID = 1070780 Opening No. =  93F 072 0.0  887, Admin District = DND, Licensee = 00136467 00',NULL,'N',NULL,NULL,'IDIR\CSTEVENS',TIMESTAMP'2014-02-25 11:17:13'),
	 (3032602,1589595,NULL,NULL,'ES',TIMESTAMP'2014-02-26 10:45:32','Opening ID 1589595 updated',NULL,'Y',1293417,NULL,'BCEID\JPRESTMODA',TIMESTAMP'2014-02-26 10:45:32'),
	 (3032608,1589595,NULL,NULL,'SPA',TIMESTAMP'2014-02-26 10:46:07','Stocking information modified.',NULL,'Y',1293417,211,'BCEID\JPRESTMODA',TIMESTAMP'2014-02-26 10:46:07'),
	 (3032610,1589595,NULL,NULL,'DEL',TIMESTAMP'2014-02-26 10:46:14','Deleting Activity: Activity ID=2262788; Activity Base = PL ',NULL,'N',NULL,NULL,'BCEID\JPRESTMODA',TIMESTAMP'2014-02-26 10:46:14'),
	 (3032611,1589595,NULL,NULL,'DEL',TIMESTAMP'2014-02-26 10:46:24','Deleting Activity: Activity ID=2262808; Activity Base = PL ',NULL,'N',NULL,NULL,'BCEID\JPRESTMODA',TIMESTAMP'2014-02-26 10:46:24'),
	 (3032615,1589595,NULL,NULL,'DEL',TIMESTAMP'2014-02-26 10:46:33','Deleting Activity: Activity ID=2262812; Activity Base = PL ',NULL,'N',NULL,NULL,'BCEID\JPRESTMODA',TIMESTAMP'2014-02-26 10:46:33'),
	 (3032616,1589595,NULL,NULL,'DEL',TIMESTAMP'2014-02-26 10:46:47','Deleting Activity: Activity ID=2262816; Activity Base = PL ',NULL,'N',NULL,NULL,'BCEID\JPRESTMODA',TIMESTAMP'2014-02-26 10:46:47'),
	 (3032617,1589595,NULL,NULL,'DEL',TIMESTAMP'2014-02-26 10:46:54','Deleting Activity: Activity ID=2262820; Activity Base = PL ',NULL,'N',NULL,NULL,'BCEID\JPRESTMODA',TIMESTAMP'2014-02-26 10:46:54'),
	 (3032618,1589595,NULL,NULL,'DEL',TIMESTAMP'2014-02-26 10:47:03','Deleting Activity: Activity ID=2262828; Activity Base = PL ',NULL,'N',NULL,NULL,'BCEID\JPRESTMODA',TIMESTAMP'2014-02-26 10:47:03'),
	 (3032619,1589595,NULL,NULL,'DEL',TIMESTAMP'2014-02-26 10:47:09','Deleting Activity: Activity ID=2262838; Activity Base = PL ',NULL,'N',NULL,NULL,'BCEID\JPRESTMODA',TIMESTAMP'2014-02-26 10:47:09'),
	 (3032620,1589595,NULL,NULL,'DEL',TIMESTAMP'2014-02-26 10:47:17','Deleting Activity: Activity ID=2262843; Activity Base = PL ',NULL,'N',NULL,NULL,'BCEID\JPRESTMODA',TIMESTAMP'2014-02-26 10:47:17'),
	 (3032622,1589595,NULL,NULL,'DEL',TIMESTAMP'2014-02-26 10:47:22','Deleting Activity: Activity ID=2262848; Activity Base = PL ',NULL,'N',NULL,NULL,'BCEID\JPRESTMODA',TIMESTAMP'2014-02-26 10:47:22'),
	 (3032623,1589595,NULL,NULL,'DEL',TIMESTAMP'2014-02-26 10:47:29','Deleting Activity: Activity ID=2262854; Activity Base = PL ',NULL,'N',NULL,NULL,'BCEID\JPRESTMODA',TIMESTAMP'2014-02-26 10:47:29'),
	 (3032625,1589595,NULL,NULL,'UPD',TIMESTAMP'2014-02-26 10:47:50','Opening/related details were modified.',NULL,'N',NULL,NULL,'BCEID\JPRESTMODA',TIMESTAMP'2014-02-26 10:47:50'),
	 (3032626,1589595,NULL,NULL,'DEL',TIMESTAMP'2014-02-26 10:47:58','Deleting Activity: Activity ID=2312112; Activity Base = PL ',NULL,'N',NULL,NULL,'BCEID\JPRESTMODA',TIMESTAMP'2014-02-26 10:47:58'),
	 (3032627,1589595,NULL,NULL,'UPD',TIMESTAMP'2014-02-26 10:48:17','Opening/related details were modified.',NULL,'N',NULL,NULL,'BCEID\JPRESTMODA',TIMESTAMP'2014-02-26 10:48:17'),
	 (3032630,1589595,NULL,NULL,'DEL',TIMESTAMP'2014-02-26 10:48:52','Deleting Activity: Activity ID=2320915; Activity Base = PL ',NULL,'N',NULL,NULL,'BCEID\JPRESTMODA',TIMESTAMP'2014-02-26 10:48:52'),
	 (3032632,1589595,NULL,NULL,'UPD',TIMESTAMP'2014-02-26 10:49:14','Opening/related details were modified.',NULL,'N',NULL,NULL,'BCEID\JPRESTMODA',TIMESTAMP'2014-02-26 10:49:14');
INSERT INTO silva.results_audit_event (results_audit_event_id, opening_id, standards_regime_id, silviculture_project_id, results_audit_action_code, action_date, description, user_id, email_sent_ind, xml_submission_id, opening_amendment_number, entry_userid, entry_timestamp) VALUES
	 (3032633,1589595,NULL,NULL,'DEL',TIMESTAMP'2014-02-26 10:49:24','Deleting Activity: Activity ID=2320953; Activity Base = PL ',NULL,'N',NULL,NULL,'BCEID\JPRESTMODA',TIMESTAMP'2014-02-26 10:49:24'),
	 (3032651,1589595,NULL,NULL,'UPD',TIMESTAMP'2014-02-26 10:50:37','Opening/related details were modified.',NULL,'N',NULL,NULL,'BCEID\JPRESTMODA',TIMESTAMP'2014-02-26 10:50:37'),
	 (3032652,1589595,NULL,NULL,'DEL',TIMESTAMP'2014-02-26 10:50:47','Deleting Activity: Activity ID=2550848; Activity Base = PL ',NULL,'N',NULL,NULL,'BCEID\JPRESTMODA',TIMESTAMP'2014-02-26 10:50:47'),
	 (3032653,1589595,NULL,NULL,'DEL',TIMESTAMP'2014-02-26 10:50:55','Deleting Activity: Activity ID=2311427; Activity Base = SU ',NULL,'N',NULL,NULL,'BCEID\JPRESTMODA',TIMESTAMP'2014-02-26 10:50:55'),
	 (3032656,1589595,NULL,NULL,'DEL',TIMESTAMP'2014-02-26 10:52:01','Deleting Activity: Activity ID=2262827; Activity Base = SU ',NULL,'N',NULL,NULL,'BCEID\JPRESTMODA',TIMESTAMP'2014-02-26 10:52:01'),
	 (3032657,1589595,NULL,NULL,'DEL',TIMESTAMP'2014-02-26 10:52:06','Deleting Activity: Activity ID=2262837; Activity Base = SU ',NULL,'N',NULL,NULL,'BCEID\JPRESTMODA',TIMESTAMP'2014-02-26 10:52:06'),
	 (3032658,1589595,NULL,NULL,'DEL',TIMESTAMP'2014-02-26 10:52:12','Deleting Activity: Activity ID=2262842; Activity Base = SU ',NULL,'N',NULL,NULL,'BCEID\JPRESTMODA',TIMESTAMP'2014-02-26 10:52:12'),
	 (3032659,1589595,NULL,NULL,'DEL',TIMESTAMP'2014-02-26 10:52:22','Deleting Activity: Activity ID=2262853; Activity Base = SU ',NULL,'N',NULL,NULL,'BCEID\JPRESTMODA',TIMESTAMP'2014-02-26 10:52:22'),
	 (3032660,1589595,NULL,NULL,'DEL',TIMESTAMP'2014-02-26 10:52:32','Deleting Activity: Activity ID=2262815; Activity Base = SU ',NULL,'N',NULL,NULL,'BCEID\JPRESTMODA',TIMESTAMP'2014-02-26 10:52:32'),
	 (3032661,1589595,NULL,NULL,'DEL',TIMESTAMP'2014-02-26 10:52:37','Deleting Activity: Activity ID=2320922; Activity Base = SU ',NULL,'N',NULL,NULL,'BCEID\JPRESTMODA',TIMESTAMP'2014-02-26 10:52:37'),
	 (3032662,1589595,NULL,NULL,'DEL',TIMESTAMP'2014-02-26 10:52:44','Deleting Activity: Activity ID=2320925; Activity Base = SU ',NULL,'N',NULL,NULL,'BCEID\JPRESTMODA',TIMESTAMP'2014-02-26 10:52:44'),
	 (3032663,1589595,NULL,NULL,'DEL',TIMESTAMP'2014-02-26 10:52:51','Deleting Activity: Activity ID=2321232; Activity Base = SU ',NULL,'N',NULL,NULL,'BCEID\JPRESTMODA',TIMESTAMP'2014-02-26 10:52:51'),
	 (3032664,1589595,NULL,NULL,'DEL',TIMESTAMP'2014-02-26 10:52:56','Deleting Activity: Activity ID=2321254; Activity Base = SU ',NULL,'N',NULL,NULL,'BCEID\JPRESTMODA',TIMESTAMP'2014-02-26 10:52:56'),
	 (3032665,1589595,NULL,NULL,'DEL',TIMESTAMP'2014-02-26 10:53:05','Deleting Activity: Activity ID=2262787; Activity Base = SU ',NULL,'N',NULL,NULL,'BCEID\JPRESTMODA',TIMESTAMP'2014-02-26 10:53:05'),
	 (3032666,1589595,NULL,NULL,'DEL',TIMESTAMP'2014-02-26 10:53:09','Deleting Activity: Activity ID=2262811; Activity Base = SU ',NULL,'N',NULL,NULL,'BCEID\JPRESTMODA',TIMESTAMP'2014-02-26 10:53:09'),
	 (3032667,1589595,NULL,NULL,'DEL',TIMESTAMP'2014-02-26 10:53:14','Deleting Activity: Activity ID=2312113; Activity Base = SU ',NULL,'N',NULL,NULL,'BCEID\JPRESTMODA',TIMESTAMP'2014-02-26 10:53:14'),
	 (3032668,1589595,NULL,NULL,'DEL',TIMESTAMP'2014-02-26 10:53:22','Deleting Activity: Activity ID=2315327; Activity Base = SU ',NULL,'N',NULL,NULL,'BCEID\JPRESTMODA',TIMESTAMP'2014-02-26 10:53:22'),
	 (3032669,1589595,NULL,NULL,'DEL',TIMESTAMP'2014-02-26 10:53:27','Deleting Activity: Activity ID=2262850; Activity Base = SU ',NULL,'N',NULL,NULL,'BCEID\JPRESTMODA',TIMESTAMP'2014-02-26 10:53:27'),
	 (3032670,1589595,NULL,NULL,'DEL',TIMESTAMP'2014-02-26 10:53:33','Deleting Activity: Activity ID=2320905; Activity Base = SU ',NULL,'N',NULL,NULL,'BCEID\JPRESTMODA',TIMESTAMP'2014-02-26 10:53:33'),
	 (3032671,1589595,NULL,NULL,'DEL',TIMESTAMP'2014-02-26 10:53:38','Deleting Activity: Activity ID=2315328; Activity Base = SU ',NULL,'N',NULL,NULL,'BCEID\JPRESTMODA',TIMESTAMP'2014-02-26 10:53:38');
INSERT INTO silva.results_audit_event (results_audit_event_id, opening_id, standards_regime_id, silviculture_project_id, results_audit_action_code, action_date, description, user_id, email_sent_ind, xml_submission_id, opening_amendment_number, entry_userid, entry_timestamp) VALUES
	 (3032680,1589595,NULL,NULL,'DEL',TIMESTAMP'2014-02-26 10:53:46','Deleting Activity: Activity ID=2262856; Activity Base = SU ',NULL,'N',NULL,NULL,'BCEID\JPRESTMODA',TIMESTAMP'2014-02-26 10:53:46'),
	 (3032686,1589595,NULL,NULL,'DEL',TIMESTAMP'2014-02-26 10:53:53','Deleting Activity: Activity ID=2262790; Activity Base = SU ',NULL,'N',NULL,NULL,'BCEID\JPRESTMODA',TIMESTAMP'2014-02-26 10:53:53'),
	 (3032688,1589595,NULL,NULL,'DEL',TIMESTAMP'2014-02-26 10:53:58','Deleting Activity: Activity ID=2315333; Activity Base = SU ',NULL,'N',NULL,NULL,'BCEID\JPRESTMODA',TIMESTAMP'2014-02-26 10:53:58'),
	 (3032690,1589595,NULL,NULL,'DEL',TIMESTAMP'2014-02-26 10:54:13','Deleting Activity: Activity ID=2320923; Activity Base = SU ',NULL,'N',NULL,NULL,'BCEID\JPRESTMODA',TIMESTAMP'2014-02-26 10:54:13'),
	 (3032689,1589595,NULL,NULL,'UPD',TIMESTAMP'2014-02-26 10:54:13','Opening/related details were modified.',NULL,'N',NULL,NULL,'BCEID\JPRESTMODA',TIMESTAMP'2014-02-26 10:54:13'),
	 (3032691,1589595,NULL,NULL,'DEL',TIMESTAMP'2014-02-26 10:54:23','Deleting Activity: Activity ID=2315334; Activity Base = SU ',NULL,'N',NULL,NULL,'BCEID\JPRESTMODA',TIMESTAMP'2014-02-26 10:54:23'),
	 (3032692,1589595,NULL,NULL,'DEL',TIMESTAMP'2014-02-26 10:54:28','Deleting Activity: Activity ID=2262845; Activity Base = SU ',NULL,'N',NULL,NULL,'BCEID\JPRESTMODA',TIMESTAMP'2014-02-26 10:54:28'),
	 (3032693,1589595,NULL,NULL,'DEL',TIMESTAMP'2014-02-26 10:54:34','Deleting Activity: Activity ID=2321237; Activity Base = SU ',NULL,'N',NULL,NULL,'BCEID\JPRESTMODA',TIMESTAMP'2014-02-26 10:54:34'),
	 (3032694,1589595,NULL,NULL,'DEL',TIMESTAMP'2014-02-26 10:54:44','Deleting Activity: Activity ID=2315332; Activity Base = SU ',NULL,'N',NULL,NULL,'BCEID\JPRESTMODA',TIMESTAMP'2014-02-26 10:54:44'),
	 (3032695,1589595,NULL,NULL,'DEL',TIMESTAMP'2014-02-26 10:54:49','Deleting Activity: Activity ID=2262810; Activity Base = SU ',NULL,'N',NULL,NULL,'BCEID\JPRESTMODA',TIMESTAMP'2014-02-26 10:54:49'),
	 (3032696,1589595,NULL,NULL,'DEL',TIMESTAMP'2014-02-26 10:54:54','Deleting Activity: Activity ID=2315338; Activity Base = SU ',NULL,'N',NULL,NULL,'BCEID\JPRESTMODA',TIMESTAMP'2014-02-26 10:54:54'),
	 (3032697,1589595,NULL,NULL,'DEL',TIMESTAMP'2014-02-26 10:55:00','Deleting Activity: Activity ID=2262819; Activity Base = SU ',NULL,'N',NULL,NULL,'BCEID\JPRESTMODA',TIMESTAMP'2014-02-26 10:55:00'),
	 (3032698,1589595,NULL,NULL,'DEL',TIMESTAMP'2014-02-26 10:55:05','Deleting Activity: Activity ID=2262814; Activity Base = SU ',NULL,'N',NULL,NULL,'BCEID\JPRESTMODA',TIMESTAMP'2014-02-26 10:55:05'),
	 (3032699,1589595,NULL,NULL,'DEL',TIMESTAMP'2014-02-26 10:55:12','Deleting Activity: Activity ID=2262807; Activity Base = SU ',NULL,'N',NULL,NULL,'BCEID\JPRESTMODA',TIMESTAMP'2014-02-26 10:55:12'),
	 (3032702,1589595,NULL,NULL,'DEL',TIMESTAMP'2014-02-26 10:55:18','Deleting Activity: Activity ID=2315337; Activity Base = SU ',NULL,'N',NULL,NULL,'BCEID\JPRESTMODA',TIMESTAMP'2014-02-26 10:55:18'),
	 (3032704,1589595,NULL,NULL,'DEL',TIMESTAMP'2014-02-26 10:55:22','Deleting Activity: Activity ID=2320954; Activity Base = SU ',NULL,'N',NULL,NULL,'BCEID\JPRESTMODA',TIMESTAMP'2014-02-26 10:55:22'),
	 (3032705,1589595,NULL,NULL,'DEL',TIMESTAMP'2014-02-26 10:55:27','Deleting Activity: Activity ID=2262847; Activity Base = SU ',NULL,'N',NULL,NULL,'BCEID\JPRESTMODA',TIMESTAMP'2014-02-26 10:55:27'),
	 (3032709,1589595,NULL,NULL,'DEL',TIMESTAMP'2014-02-26 10:55:36','Deleting Activity: Activity ID=2320906; Activity Base = SU ',NULL,'N',NULL,NULL,'BCEID\JPRESTMODA',TIMESTAMP'2014-02-26 10:55:36'),
	 (3032710,1589595,NULL,NULL,'DEL',TIMESTAMP'2014-02-26 10:55:42','Deleting Activity: Activity ID=2262830; Activity Base = SU ',NULL,'N',NULL,NULL,'BCEID\JPRESTMODA',TIMESTAMP'2014-02-26 10:55:42'),
	 (3032711,1589595,NULL,NULL,'DEL',TIMESTAMP'2014-02-26 10:55:48','Deleting Activity: Activity ID=2262818; Activity Base = SU ',NULL,'N',NULL,NULL,'BCEID\JPRESTMODA',TIMESTAMP'2014-02-26 10:55:48');
INSERT INTO silva.results_audit_event (results_audit_event_id, opening_id, standards_regime_id, silviculture_project_id, results_audit_action_code, action_date, description, user_id, email_sent_ind, xml_submission_id, opening_amendment_number, entry_userid, entry_timestamp) VALUES
	 (3032712,1589595,NULL,NULL,'DEL',TIMESTAMP'2014-02-26 10:55:53','Deleting Activity: Activity ID=2312120; Activity Base = SU ',NULL,'N',NULL,NULL,'BCEID\JPRESTMODA',TIMESTAMP'2014-02-26 10:55:53'),
	 (3032713,1589595,NULL,NULL,'DEL',TIMESTAMP'2014-02-26 10:56:00','Deleting Activity: Activity ID=2315335; Activity Base = SU ',NULL,'N',NULL,NULL,'BCEID\JPRESTMODA',TIMESTAMP'2014-02-26 10:56:00'),
	 (3032715,1589595,NULL,NULL,'DEL',TIMESTAMP'2014-02-26 10:56:06','Deleting Activity: Activity ID=2262840; Activity Base = SU ',NULL,'N',NULL,NULL,'BCEID\JPRESTMODA',TIMESTAMP'2014-02-26 10:56:06'),
	 (3032716,1589595,NULL,NULL,'DEL',TIMESTAMP'2014-02-26 10:56:10','Deleting Activity: Activity ID=2320926; Activity Base = SU ',NULL,'N',NULL,NULL,'BCEID\JPRESTMODA',TIMESTAMP'2014-02-26 10:56:10'),
	 (3032717,1589595,NULL,NULL,'DEL',TIMESTAMP'2014-02-26 10:56:15','Deleting Activity: Activity ID=2320955; Activity Base = SU ',NULL,'N',NULL,NULL,'BCEID\JPRESTMODA',TIMESTAMP'2014-02-26 10:56:15'),
	 (3032719,1589595,NULL,NULL,'DEL',TIMESTAMP'2014-02-26 10:56:20','Deleting Activity: Activity ID=2321252; Activity Base = SU ',NULL,'N',NULL,NULL,'BCEID\JPRESTMODA',TIMESTAMP'2014-02-26 10:56:20'),
	 (3032720,1589595,NULL,NULL,'DEL',TIMESTAMP'2014-02-26 10:56:26','Deleting Activity: Activity ID=2262822; Activity Base = SU ',NULL,'N',NULL,NULL,'BCEID\JPRESTMODA',TIMESTAMP'2014-02-26 10:56:26'),
	 (3032739,1589595,NULL,NULL,'ES',TIMESTAMP'2014-02-26 11:01:31','Inserting Activity: Activity Id = 3070065, Activity Base = ''SU''',NULL,'Y',1293475,NULL,'BCEID\JPRESTMODA',TIMESTAMP'2014-02-26 11:01:31'),
	 (3032740,1589595,NULL,NULL,'ES',TIMESTAMP'2014-02-26 11:01:31','Inserting Activity: Activity Id = 3070066, Activity Base = ''SU''',NULL,'Y',1293475,NULL,'BCEID\JPRESTMODA',TIMESTAMP'2014-02-26 11:01:31'),
	 (3032741,1589595,NULL,NULL,'ES',TIMESTAMP'2014-02-26 11:01:54','Forest Cover Polygon No. A (Id=3042624)',NULL,'Y',1293475,NULL,'BCEID\JPRESTMODA',TIMESTAMP'2014-02-26 11:01:54'),
	 (3032748,1589595,NULL,NULL,'UPD',TIMESTAMP'2014-02-26 11:04:12','Opening/related details were modified.',NULL,'N',NULL,NULL,'BCEID\JPRESTMODA',TIMESTAMP'2014-02-26 11:04:12'),
	 (3032757,1589595,NULL,NULL,'UPD',TIMESTAMP'2014-02-26 11:04:42','Opening/related details were modified.',NULL,'N',NULL,NULL,'BCEID\JPRESTMODA',TIMESTAMP'2014-02-26 11:04:42'),
	 (3060924,1589595,NULL,NULL,'UPD',TIMESTAMP'2014-03-18 09:18:49','Opening/related details were modified.',NULL,'N',NULL,NULL,'IDIR\CSTEVENS',TIMESTAMP'2014-03-18 09:18:49'),
	 (3062450,1589595,NULL,NULL,'UPD',TIMESTAMP'2014-03-18 14:47:25','Opening/related details were modified.',NULL,'N',NULL,NULL,'IDIR\CSTEVENS',TIMESTAMP'2014-03-18 14:47:25'),
	 (3062457,1589595,NULL,NULL,'UPD',TIMESTAMP'2014-03-18 14:47:50','Opening/related details were modified.',NULL,'N',NULL,NULL,'IDIR\CSTEVENS',TIMESTAMP'2014-03-18 14:47:50'),
	 (3997858,1589595,NULL,NULL,'ES',TIMESTAMP'2017-10-06 12:50:00','Updating Activity: Activity Id = 3070066, Activity Base = ''SU''',NULL,'Y',1707770,NULL,'BCEID\SJONES12',TIMESTAMP'2017-10-06 12:50:00'),
	 (3997860,1589595,NULL,NULL,'ES',TIMESTAMP'2017-10-06 12:50:00','Forest Cover Polygon No. 1 (Id=3621310)',NULL,'Y',1707770,NULL,'BCEID\SJONES12',TIMESTAMP'2017-10-06 12:50:00'),
	 (3997865,1589595,NULL,NULL,'MIL',TIMESTAMP'2017-10-06 12:53:24','Milestone was modified.',NULL,'N',NULL,NULL,'BCEID\SJONES12',TIMESTAMP'2017-10-06 12:53:24'),
	 (4023552,1589595,NULL,NULL,'UPD',TIMESTAMP'2017-11-20 14:41:54','Opening/Tenure Online Entry',NULL,'N',NULL,NULL,'IDIR\CSTEVENS',TIMESTAMP'2017-11-20 14:41:54'),
	 (4039232,1589595,NULL,NULL,'UPD',TIMESTAMP'2017-11-30 12:15:34','Opening/related details were modified.',NULL,'N',NULL,NULL,'IDIR\CSTEVENS',TIMESTAMP'2017-11-30 12:15:34');

INSERT INTO silva.request_item (request_skey, item_id, standard_workplan_skey, vegetation_code, sample_id, family_lot_number, rqst_sdlngs_rsrvd, rqst_sdlngs_srpls, cone_ind, no_of_containers, no_of_cones, cone_volume, seed_quantity, sample_elevation, shipto_cli_number, shipto_cli_locn_cd, required_by_date, latest_actioned_date, rcmnded_sowing_date, spcfied_sowing_date, tender_number, tender_bid_group, tender_issued_date, assigned_price, nrsry_obligatn_ind, nrsry_cli_number, nrsry_cli_locn_cd, facility_code, extrct_cli_number, extrct_cli_locn_cd, authorization_code, srv_blng_create_ts, sample_loc_desc, interim_storge_loc, authorized_by_prsn, test_approved_userid, test_approved_date, test_update_userid, test_update_timestamp, test_comment, seedlot_qa_test_status_code) VALUES
	 (266432,'A',3,NULL,NULL,NULL,0,56,NULL,NULL,NULL,NULL,NULL,NULL,NULL,NULL,NULL,TIMESTAMP'2010-03-14 00:00:00',TIMESTAMP'2010-04-26 00:00:00',NULL,'2010F','084',NULL,17.5,'Y','00020589','00','GH',NULL,NULL,NULL,TIMESTAMP'2010-05-04 15:19:28',NULL,NULL,NULL,NULL,NULL,NULL,NULL,NULL,NULL),
	 (266434,'A',2,NULL,NULL,NULL,0,73.6,NULL,NULL,NULL,NULL,NULL,NULL,NULL,NULL,NULL,TIMESTAMP'2010-01-20 00:00:00',TIMESTAMP'2010-02-25 00:00:00',NULL,'2010E','096',NULL,22.3,'Y','00150102','11','GH',NULL,NULL,NULL,TIMESTAMP'2010-05-04 15:19:28',NULL,NULL,NULL,NULL,NULL,NULL,NULL,NULL,NULL);

INSERT INTO silva.planting_rslt (activity_treatment_unit_id, results_ind, plant_rslt_seq_no, silv_tree_species_code, number_planted, planted_no_beyond_xfer_limit, bid_price_per_tree, seedlot_number, veg_lot_id, request_skey, item_id, entry_userid, entry_timestamp, update_userid, update_timestamp, revision_count, climate_based_seed_xfer_ind) VALUES
	 (2311407,'N',1,'PLI',970,NULL,0.427,'63155',NULL,266432,'A','IDIR\CSTEVENS',TIMESTAMP'2011-09-01 14:37:35','IDIR\CSTEVENS',TIMESTAMP'2011-09-01 14:37:35',1,'N'),
	 (2311407,'N',2,'SX',4450,NULL,0.427,'63121',NULL,266434,'A','IDIR\CSTEVENS',TIMESTAMP'2011-09-01 14:37:35','IDIR\CSTEVENS',TIMESTAMP'2011-09-01 14:37:35',1,'N'),
	 (2311407,'Y',1,'PLI',970,NULL,0.427,'63155',NULL,266432,'A','IDIR\CSTEVENS',TIMESTAMP'2011-09-09 11:25:56','IDIR\CSTEVENS',TIMESTAMP'2011-09-09 11:25:56',1,'N'),
	 (2311407,'Y',2,'SX',4450,NULL,0.427,'63121',NULL,266434,'A','IDIR\CSTEVENS',TIMESTAMP'2011-09-09 11:25:56','IDIR\CSTEVENS',TIMESTAMP'2011-09-09 11:25:56',1,'N'),
	 (2315336,'N',1,'SX',2296,NULL,0.427,NULL,NULL,NULL,NULL,'IDIR\CSTEVENS',TIMESTAMP'2011-05-11 13:59:36','IDIR\CSTEVENS',TIMESTAMP'2011-05-11 13:59:36',1,'N'),
	 (2315336,'N',2,'FDI',984,NULL,0.427,NULL,NULL,NULL,NULL,'IDIR\CSTEVENS',TIMESTAMP'2011-05-11 13:59:36','IDIR\CSTEVENS',TIMESTAMP'2011-05-11 13:59:36',1,'N'),
	 (2315336,'Y',1,'SX',2370,NULL,0.427,'63121',NULL,266434,'A','IDIR\CSTEVENS',TIMESTAMP'2011-09-06 16:14:24','IDIR\CSTEVENS',TIMESTAMP'2011-09-06 16:14:24',1,'N'),
	 (2315336,'Y',2,'PLI',1010,NULL,0.427,'63155',NULL,266432,'A','IDIR\CSTEVENS',TIMESTAMP'2011-09-06 16:14:24','IDIR\CSTEVENS',TIMESTAMP'2011-09-06 16:14:24',1,'N'),
	 (2320924,'N',1,'SX',1000,NULL,0.427,NULL,NULL,NULL,NULL,'IDIR\CSTEVENS',TIMESTAMP'2011-05-11 13:58:07','IDIR\CSTEVENS',TIMESTAMP'2011-05-11 13:58:07',1,'N'),
	 (2320924,'Y',1,'SX',720,NULL,0.427,'63121',NULL,266434,'A','IDIR\CSTEVENS',TIMESTAMP'2011-09-06 16:05:23','IDIR\CSTEVENS',TIMESTAMP'2011-09-06 16:05:23',1,'N');

INSERT INTO silva.forest_cover_layer (forest_cover_id, forest_cover_layer_id, forest_cover_layer_code, stocking_type_code, stocking_status_code, total_stems_per_ha, total_well_spaced_stems_per_ha, well_spaced_stems_per_ha, free_growing_stems_per_ha, crown_closure_pct, basal_area, entry_userid, entry_timestamp, update_userid, update_timestamp, revision_count) VALUES
	 (3621310,4100029,'I',NULL,NULL,2913,1187,NULL,NULL,16,NULL,'BCEID\SJONES12',TIMESTAMP'2017-10-06 12:50:00','BCEID\SJONES12',TIMESTAMP'2017-10-06 12:50:00',1),
	 (3621310,4100030,'S',NULL,NULL,NULL,1187,1110,990,16,NULL,'BCEID\SJONES12',TIMESTAMP'2017-10-06 12:50:00','BCEID\SJONES12',TIMESTAMP'2017-10-06 12:50:00',1);

INSERT INTO silva.forest_cover_layer_species (forest_cover_id, forest_cover_layer_id, species_order, tree_species_code, tree_species_pct, avg_age, avg_height, entry_userid, entry_timestamp, update_userid, update_timestamp, revision_count) VALUES
	 (3621310,4100029,1,'PLI',70,10,2.2,'BCEID\SJONES12',TIMESTAMP'2017-10-06 12:50:00','BCEID\SJONES12',TIMESTAMP'2017-10-06 12:50:00',1),
	 (3621310,4100029,2,'SX',20,9,1.1,'BCEID\SJONES12',TIMESTAMP'2017-10-06 12:50:00','BCEID\SJONES12',TIMESTAMP'2017-10-06 12:50:00',1),
	 (3621310,4100029,3,'AT',10,6,1.2,'BCEID\SJONES12',TIMESTAMP'2017-10-06 12:50:00','BCEID\SJONES12',TIMESTAMP'2017-10-06 12:50:00',1),
	 (3621310,4100030,1,'PLI',81,11,2.5,'BCEID\SJONES12',TIMESTAMP'2017-10-06 12:50:00','BCEID\SJONES12',TIMESTAMP'2017-10-06 12:50:00',1),
	 (3621310,4100030,2,'SX',19,NULL,1.6,'BCEID\SJONES12',TIMESTAMP'2017-10-06 12:50:00','BCEID\SJONES12',TIMESTAMP'2017-10-06 12:50:00',1);

INSERT INTO silva.forhealth_rslt (forhealth_rslt_id, opening_id, forest_cover_id, forest_cover_layer_id, silv_damage_agent_code, incidence_pct, incidence_area, observation_date, entry_userid, entry_timestamp, update_userid, update_timestamp, revision_count) VALUES
	 (2063103,1589595,3621310,4100029,'AB',1,NULL,TIMESTAMP'2017-10-06 12:50:00','BCEID\SJONES12',TIMESTAMP'2017-10-06 12:50:00','BCEID\SJONES12',TIMESTAMP'2017-10-06 12:50:00',1),
	 (2063104,1589595,3621310,4100029,'A',1,NULL,TIMESTAMP'2017-10-06 12:50:00','BCEID\SJONES12',TIMESTAMP'2017-10-06 12:50:00','BCEID\SJONES12',TIMESTAMP'2017-10-06 12:50:00',1),
	 (2063105,1589595,3621310,4100029,'DSC',7,NULL,TIMESTAMP'2017-10-06 12:50:00','BCEID\SJONES12',TIMESTAMP'2017-10-06 12:50:00','BCEID\SJONES12',TIMESTAMP'2017-10-06 12:50:00',1),
	 (2063106,1589595,3621310,4100029,'DSG',1,NULL,TIMESTAMP'2017-10-06 12:50:00','BCEID\SJONES12',TIMESTAMP'2017-10-06 12:50:00','BCEID\SJONES12',TIMESTAMP'2017-10-06 12:50:00',1),
	 (2063107,1589595,3621310,4100029,'DSS',1,NULL,TIMESTAMP'2017-10-06 12:50:00','BCEID\SJONES12',TIMESTAMP'2017-10-06 12:50:00','BCEID\SJONES12',TIMESTAMP'2017-10-06 12:50:00',1),
	 (2063108,1589595,3621310,4100029,'IWW',1,NULL,TIMESTAMP'2017-10-06 12:50:00','BCEID\SJONES12',TIMESTAMP'2017-10-06 12:50:00','BCEID\SJONES12',TIMESTAMP'2017-10-06 12:50:00',1),
	 (2063109,1589595,3621310,4100029,'NY',1,NULL,TIMESTAMP'2017-10-06 12:50:00','BCEID\SJONES12',TIMESTAMP'2017-10-06 12:50:00','BCEID\SJONES12',TIMESTAMP'2017-10-06 12:50:00',1),
	 (2063110,1589595,3621310,4100030,'AB',1,NULL,TIMESTAMP'2017-10-06 12:50:00','BCEID\SJONES12',TIMESTAMP'2017-10-06 12:50:00','BCEID\SJONES12',TIMESTAMP'2017-10-06 12:50:00',1),
	 (2063111,1589595,3621310,4100030,'A',1,NULL,TIMESTAMP'2017-10-06 12:50:00','BCEID\SJONES12',TIMESTAMP'2017-10-06 12:50:00','BCEID\SJONES12',TIMESTAMP'2017-10-06 12:50:00',1),
	 (2063112,1589595,3621310,4100030,'DSC',7,NULL,TIMESTAMP'2017-10-06 12:50:00','BCEID\SJONES12',TIMESTAMP'2017-10-06 12:50:00','BCEID\SJONES12',TIMESTAMP'2017-10-06 12:50:00',1),
	 (2063113,1589595,3621310,4100030,'DSG',0,NULL,TIMESTAMP'2017-10-06 12:50:00','BCEID\SJONES12',TIMESTAMP'2017-10-06 12:50:00','BCEID\SJONES12',TIMESTAMP'2017-10-06 12:50:00',1),
	 (2063114,1589595,3621310,4100030,'DSS',0,NULL,TIMESTAMP'2017-10-06 12:50:00','BCEID\SJONES12',TIMESTAMP'2017-10-06 12:50:00','BCEID\SJONES12',TIMESTAMP'2017-10-06 12:50:00',1),
	 (2063115,1589595,3621310,4100030,'IWW',1,NULL,TIMESTAMP'2017-10-06 12:50:00','BCEID\SJONES12',TIMESTAMP'2017-10-06 12:50:00','BCEID\SJONES12',TIMESTAMP'2017-10-06 12:50:00',1),
	 (2063116,1589595,3621310,4100030,'NY',1,NULL,TIMESTAMP'2017-10-06 12:50:00','BCEID\SJONES12',TIMESTAMP'2017-10-06 12:50:00','BCEID\SJONES12',TIMESTAMP'2017-10-06 12:50:00',1);
