INSERT INTO silva.opening (opening_id, geo_district_no, admin_district_no, mapsheet_grid, mapsheet_letter, mapsheet_square, mapsheet_quad, mapsheet_sub_quad, opening_number, opening_locn_name, open_category_code, licensee_opening_id, tsb_number_code, opening_status_code, org_unit_no, dist_admin_zone, max_allow_permnt_access_pct, prev_age_class_code, prev_site_index, prev_site_index_source_code, prev_height_class_code, prev_site_class_code, prev_stocking_class_code, prev_stocking_status_code, prev_tree_spp1_code, prev_tree_spp2_code, app_ent_by_userid, approve_date, amendment_ind, results_submission_id, entry_userid, entry_timestamp, update_userid, update_timestamp, revision_count) VALUES
	 (1480130,1,1,NULL,NULL,NULL,NULL,NULL,NULL,'Scott Test Opening','SPEX','Scott''s Test Opening',NULL,'APP',1,NULL,2,'6',25,'A','4',NULL,'3','MAT','BB','BG','IDIR\SKILLAM',TIMESTAMP'2012-09-26 00:00:00','N',NULL,'IDIR\SKILLAM',TIMESTAMP'2012-09-26 12:00:24','IDIR\CAROWOOD',TIMESTAMP'2025-04-02 12:06:47',30);

INSERT INTO silva.cut_block_open_admin (cut_block_open_admin_id, forest_file_id, timber_mark, cut_block_id, cutting_permit_id, disturbance_gross_area, disturbance_start_date, disturbance_end_date, opening_id, opening_gross_area, planned_harvest_date, planned_gross_block_area, planned_net_block_area, opening_prime_licence_ind, cb_skey, revision_count, entry_userid, entry_timestamp, update_userid, update_timestamp) VALUES
	 (379437,NULL,NULL,NULL,NULL,285,TIMESTAMP'2012-08-26 00:00:00',TIMESTAMP'2025-02-25 00:00:00',1480130,300,NULL,NULL,NULL,'Y',NULL,6,'IDIR\SKILLAM',TIMESTAMP'2012-09-26 12:00:25','IDIR\CAROWOOD',TIMESTAMP'2025-03-14 10:48:32');

INSERT INTO silva.activity_treatment_unit (activity_treatment_unit_id, activity_tu_seq_no, org_unit_no, opening_id, silviculture_project_id, project_unit_id, silv_base_code, silv_technique_code, silv_method_code, silv_objective_code_1, silv_objective_code_2, silv_objective_code_3, silv_fund_srce_code, silv_activity_measurement_code, activity_licensee_id, treatment_amount, actual_treatment_cost, act_planted_no, plan_silv_technique_code, plan_silv_method_code, plan_silv_fund_srce_code, planned_date, planned_treatment_amount, planned_treatment_cost, plan_silv_objective_code_1, plan_silv_objective_code_2, plan_silv_objective_code_3, target_prepared_spots, pruning_min_crown_pct, prune_height, stems_to_prune, min_acceptable_density, total_stems_per_ha, inter_tree_target_distance, inter_tree_variation, inter_tree_min_distance, max_trees_per_plot, max_trees_per_ha, survey_planned_num_plots, survey_actual_num_plots, survey_min_plots_per_stratum, silv_tree_species_code, atu_start_date, atu_completion_date, results_ind, unit_bid_price, fia_project_id, results_submission_id, disturbance_code, silv_system_code, silv_system_variant_code, silv_cut_phase_code, cut_block_open_admin_id, disturbance_completed_ind, entry_userid, entry_timestamp, update_userid, update_timestamp, revision_count) VALUES
	 (2817108,1,1,1480130,NULL,NULL,'DN',NULL,NULL,NULL,NULL,NULL,NULL,'HA','Scott test',280,NULL,NULL,NULL,NULL,NULL,NULL,NULL,NULL,NULL,NULL,NULL,NULL,NULL,NULL,NULL,NULL,NULL,NULL,NULL,NULL,NULL,NULL,NULL,NULL,NULL,NULL,TIMESTAMP'2012-08-26 00:00:00',TIMESTAMP'2012-08-27 00:00:00','Y',NULL,NULL,NULL,'B',NULL,NULL,NULL,NULL,'Y','IDIR\SKILLAM',TIMESTAMP'2012-09-26 12:01:23','IDIR\SKILLAM',TIMESTAMP'2012-09-26 12:01:23',1),
	 (4179285,2,1,1480130,NULL,NULL,'DN',NULL,NULL,NULL,NULL,NULL,NULL,'HA',NULL,5,NULL,NULL,NULL,NULL,NULL,NULL,NULL,NULL,NULL,NULL,NULL,NULL,NULL,NULL,NULL,NULL,NULL,NULL,NULL,NULL,NULL,NULL,NULL,NULL,NULL,NULL,TIMESTAMP'2024-03-17 00:00:00',TIMESTAMP'2025-02-25 00:00:00','Y',NULL,NULL,NULL,'L','CLEAR',NULL,'REMOV',NULL,'Y','IDIR\CAROWOOD',TIMESTAMP'2025-03-14 10:48:32','IDIR\CAROWOOD',TIMESTAMP'2025-03-14 10:48:32',1);

INSERT INTO silva.standards_regime (standards_regime_id, standards_regime_name, standards_regime_status_code, silv_statute_code, standards_objective, geographic_description, mof_default_standard_ind, regen_delay_offset_yrs, regen_obligation_ind, no_regen_early_offset_yrs, no_regen_late_offset_yrs, free_growing_early_offset_yrs, free_growing_late_offset_yrs, approved_by_userid, approved_date, submitted_by_userid, submitted_date, effective_date, expiry_date, additional_standards, reject_note, entry_userid, entry_timestamp, update_userid, update_timestamp, revision_count) VALUES
	 (36008,NULL,'APP',NULL,NULL,NULL,'N',3,'Y',NULL,NULL,8,11,'DATAFIX2006-06-07',TIMESTAMP'2006-06-08 11:53:59',NULL,TIMESTAMP'2004-06-02 11:21:26',TIMESTAMP'2004-01-09 00:00:00',NULL,'(ALL713) ; ALL SPECIES - MITD will be 2.0m with the following exceptions:  MITD will be 1.0m within 20m of the road centre line in areas of poor plantability associated with harvest activities.  The MITD can be reduced to 1.5m for any site series where productive and plantable sites are limited by site characteristics such as large blocky colluvium, hygric or sub hydric sites.  ; Site Series 01s.  YC based on trials near Port McNeill, limit YC leading stands to <10% of stands on this EA.  HW productivity is limited and should not exceed 20% of target stocking unless under a fertilization regime with multiple treatments, in which case HW may be preferred and S1ha standards apply.  ',NULL,'RESULTS_CNV',TIMESTAMP'2004-06-02 11:21:26','DATAFIX2006-06-07',TIMESTAMP'2006-06-08 11:53:59',3),
	 (1079794,'Caroline recent action Silva test','APP',NULL,NULL,NULL,'N',3,'Y',NULL,NULL,NULL,20,'IDIR\CAROWOOD',TIMESTAMP'2025-02-18 13:50:31','IDIR\CAROWOOD',TIMESTAMP'2025-02-18 13:49:33',NULL,NULL,'Test',NULL,'IDIR\CAROWOOD',TIMESTAMP'2025-02-18 13:47:37','IDIR\CAROWOOD',TIMESTAMP'2025-03-14 10:46:11',8);

INSERT INTO silva.stocking_standard_unit (stocking_standard_unit_id, opening_id, standards_unit_id, standards_regime_id, net_area, max_allow_soil_disturbance_pct, variance_ind, entry_userid, entry_timestamp, update_userid, update_timestamp, revision_count) VALUES
	 (2411888,1480130,'C',1079794,5,5,'N','IDIR\CAROWOOD',TIMESTAMP'2025-03-14 10:46:37','IDIR\CAROWOOD',TIMESTAMP'2025-03-14 10:46:37',1),
	 (1795272,1480130,'A',36008,140,2,'Y','IDIR\SKILLAM',TIMESTAMP'2012-09-26 12:08:47','IDIR\CAROWOOD',TIMESTAMP'2025-02-03 17:18:44',3),
	 (1795273,1480130,'B',NULL,140,2,'N','IDIR\SKILLAM',TIMESTAMP'2012-09-26 12:09:10','IDIR\SKILLAM',TIMESTAMP'2012-09-26 12:09:10',3);

INSERT INTO silva.stocking_milestone (stocking_standard_unit_id, silv_milestone_type_code, results_submission_id, declared_date, declared_userid, declare_ind, declaration_submitted_date, early_offset_years, late_offset_years, due_early_date, due_late_date, entry_userid, entry_timestamp, update_userid, update_timestamp, revision_count, extent_feasible_declared_ind) VALUES
	 (2411888,'FG',NULL,NULL,NULL,NULL,NULL,NULL,20,NULL,TIMESTAMP'2032-09-26 00:00:00','IDIR\CAROWOOD',TIMESTAMP'2025-03-14 10:46:37','IDIR\CAROWOOD',TIMESTAMP'2025-03-14 10:48:32',4,'N'),
	 (2411888,'PH',NULL,NULL,NULL,NULL,NULL,NULL,NULL,NULL,NULL,'IDIR\CAROWOOD',TIMESTAMP'2025-03-14 10:46:37','IDIR\CAROWOOD',TIMESTAMP'2025-03-14 10:48:32',4,'N'),
	 (2411888,'RG',NULL,NULL,NULL,NULL,NULL,NULL,3,NULL,TIMESTAMP'2015-09-26 00:00:00','IDIR\CAROWOOD',TIMESTAMP'2025-03-14 10:46:37','IDIR\CAROWOOD',TIMESTAMP'2025-03-14 10:48:32',4,'N'),
	 (1795272,'FG',NULL,NULL,NULL,NULL,NULL,8,11,TIMESTAMP'2020-09-26 00:00:00',TIMESTAMP'2023-09-26 00:00:00','IDIR\SKILLAM',TIMESTAMP'2012-09-26 12:08:48','IDIR\CAROWOOD',TIMESTAMP'2025-03-14 10:48:32',13,'N'),
	 (1795272,'PH',NULL,TIMESTAMP'2002-01-16 00:00:00','IDIR\CAROWOOD','Y',TIMESTAMP'2025-01-27 10:50:57',NULL,NULL,NULL,NULL,'IDIR\SKILLAM',TIMESTAMP'2012-09-26 12:08:48','IDIR\CAROWOOD',TIMESTAMP'2025-03-14 10:56:07',15,'N'),
	 (1795272,'RG',NULL,TIMESTAMP'2016-01-01 00:00:00','IDIR\CAROWOOD','Y',TIMESTAMP'2025-03-14 10:57:29',NULL,3,NULL,TIMESTAMP'2015-09-26 00:00:00','IDIR\SKILLAM',TIMESTAMP'2012-09-26 12:08:48','IDIR\CAROWOOD',TIMESTAMP'2025-03-14 10:58:08',15,'N'),
	 (1795273,'FG',NULL,NULL,NULL,NULL,NULL,NULL,20,NULL,TIMESTAMP'2032-09-26 00:00:00','IDIR\SKILLAM',TIMESTAMP'2012-09-26 12:09:10','IDIR\CAROWOOD',TIMESTAMP'2025-03-14 10:48:32',13,'N'),
	 (1795273,'PH',NULL,NULL,NULL,NULL,NULL,NULL,NULL,NULL,NULL,'IDIR\SKILLAM',TIMESTAMP'2012-09-26 12:09:10','IDIR\CAROWOOD',TIMESTAMP'2025-03-14 10:48:32',13,'N'),
	 (1795273,'RG',NULL,TIMESTAMP'2017-07-01 00:00:00','IDIR\CAROWOOD','Y',TIMESTAMP'2025-04-02 12:06:47',NULL,5,NULL,TIMESTAMP'2017-09-26 00:00:00','IDIR\SKILLAM',TIMESTAMP'2012-09-26 12:09:10','IDIR\CAROWOOD',TIMESTAMP'2025-04-02 12:06:47',14,'N');

INSERT INTO silva.stocking_ecology (stocking_ecology_id, opening_id, stocking_standard_unit_id, bec_region_code, bgc_zone_code, bgc_subzone_code, bgc_variant, bgc_phase, bec_site_series, bec_site_type, bec_seral, entry_userid, entry_timestamp, update_userid, update_timestamp, revision_count) VALUES
	 (1796867,1480130,1795272,NULL,'CWH','vm','1',NULL,'01',NULL,NULL,'IDIR\SKILLAM',TIMESTAMP'2012-09-26 12:08:48','IDIR\CAROWOOD',TIMESTAMP'2025-02-03 17:18:44',3),
	 (1796868,1480130,1795273,NULL,'CWH','mm','1',NULL,'05',NULL,NULL,'IDIR\SKILLAM',TIMESTAMP'2012-09-26 12:09:10','IDIR\SKILLAM',TIMESTAMP'2012-09-26 12:09:10',1),
	 (2411568,1480130,2411888,NULL,'CWH','vm','1',NULL,'01',NULL,NULL,'IDIR\CAROWOOD',TIMESTAMP'2025-03-14 10:46:37','IDIR\CAROWOOD',TIMESTAMP'2025-03-14 10:46:37',1);

INSERT INTO silva.stocking_layer (stocking_layer_id, stocking_standard_unit_id, opening_id, stocking_layer_code, target_stocking, residual_basal_area, min_horizontal_distance, min_pref_stocking_standard, min_post_spacing, min_stocking_standard, max_post_spacing, max_conifer, hght_relative_to_comp, tree_size_unit_code, entry_userid, entry_timestamp, update_userid, update_timestamp, revision_count) VALUES
	 (2185039,1795272,1480130,'I',900,NULL,2,400,800,500,1200,10000,150,'%','IDIR\CAROWOOD',TIMESTAMP'2025-02-03 17:18:00','IDIR\CAROWOOD',TIMESTAMP'2025-02-03 17:18:00',1),
	 (1739328,1795273,1480130,'I',NULL,NULL,NULL,NULL,NULL,NULL,NULL,NULL,NULL,NULL,'IDIR\SKILLAM',TIMESTAMP'2012-09-26 12:09:10','IDIR\SKILLAM',TIMESTAMP'2012-09-26 12:09:10',1),
	 (2187601,2411888,1480130,'I',900,NULL,1.5,600,NULL,NULL,NULL,NULL,180,'CM','IDIR\CAROWOOD',TIMESTAMP'2025-03-14 10:46:37','IDIR\CAROWOOD',TIMESTAMP'2025-03-14 10:46:37',1);

INSERT INTO silva.stocking_layer_species (stocking_layer_id, silv_tree_species_code, species_order, preferred_ind, min_height, entry_userid, entry_timestamp, update_userid, update_timestamp, revision_count) VALUES
	 (2185039,'CW',1,'Y',1.5,'IDIR\CAROWOOD',TIMESTAMP'2025-02-03 17:18:00','IDIR\CAROWOOD',TIMESTAMP'2025-02-03 17:18:00',1),
	 (2185039,'HW',1,'N',2,'IDIR\CAROWOOD',TIMESTAMP'2025-02-03 17:18:00','IDIR\CAROWOOD',TIMESTAMP'2025-02-03 17:18:00',1),
	 (2185039,'YC',2,'Y',1.5,'IDIR\CAROWOOD',TIMESTAMP'2025-02-03 17:18:00','IDIR\CAROWOOD',TIMESTAMP'2025-02-03 17:18:00',1),
	 (2187601,'CW',1,'Y',1.5,'IDIR\CAROWOOD',TIMESTAMP'2025-03-14 10:46:37','IDIR\CAROWOOD',TIMESTAMP'2025-03-14 10:46:37',1),
	 (2187601,'FDC',2,'Y',1.8,'IDIR\CAROWOOD',TIMESTAMP'2025-03-14 10:46:37','IDIR\CAROWOOD',TIMESTAMP'2025-03-14 10:46:37',1);

INSERT INTO silva.forest_cover (forest_cover_id, opening_id, stocking_standard_unit_id, silv_polygon_no, silv_polygon_area, silv_polygon_net_area, stocking_class_code, stocking_status_code, stocking_type_code, reference_year, reentry_year, site_class_code, site_index, site_index_source_code, silv_reserve_code, silv_reserve_objective_code, tree_species_code, tree_cover_pattern_code, results_submission_id, entry_userid, entry_timestamp, update_userid, update_timestamp, revision_count) VALUES
	 (4656974,1480130,1795272,'A1',3,2.5,NULL,'IMM','ART',2020,NULL,NULL,22,'E',NULL,NULL,'AT',NULL,NULL,'IDIR\CAROWOOD',TIMESTAMP'2012-09-26 00:00:00','IDIR\CAROWOOD',TIMESTAMP'2025-04-25 09:31:55',2);

INSERT INTO silva.opening_amendment_history (opening_id, opening_amendment_number, amendment_userid, amendment_date, submitted_by_userid, submitted_date, app_ent_by_userid, approve_date, entry_userid, entry_timestamp, update_userid, update_timestamp, revision_count) VALUES
	 (1480130,1,'IDIR\CAROWOOD',TIMESTAMP'2025-02-03 16:31:01','IDIR\CAROWOOD',TIMESTAMP'2025-02-03 16:53:50','IDIR\CAROWOOD',TIMESTAMP'2025-02-03 16:56:50','IDIR\CAROWOOD',TIMESTAMP'2025-02-03 16:31:01','IDIR\CAROWOOD',TIMESTAMP'2025-02-03 16:56:50',3),
	 (1480130,2,'IDIR\CAROWOOD',TIMESTAMP'2025-02-03 17:16:51','IDIR\CAROWOOD',TIMESTAMP'2025-02-03 17:21:55','IDIR\CAROWOOD',TIMESTAMP'2025-02-03 17:22:17','IDIR\CAROWOOD',TIMESTAMP'2025-02-03 17:16:51','IDIR\CAROWOOD',TIMESTAMP'2025-02-03 17:22:17',5),
	 (1480130,3,'IDIR\CAROWOOD',TIMESTAMP'2025-03-14 10:46:37',NULL,NULL,NULL,NULL,'IDIR\CAROWOOD',TIMESTAMP'2025-03-14 10:46:37','IDIR\CAROWOOD',TIMESTAMP'2025-03-14 10:46:37',1);

INSERT INTO silva.stocking_event_history (stocking_event_history_id, opening_id, opening_amendment_id, opening_amendment_number, results_audit_action_code, submitted_userid, results_submission_id, amend_event_timestamp, entry_userid, entry_timestamp, revision_count) VALUES
	 (1739158,1480130,1480130,1,'AMD','IDIR\SKILLAM',NULL,TIMESTAMP'2025-02-03 16:56:50','IDIR\SKILLAM',TIMESTAMP'2025-02-03 16:56:50',1),
	 (1739159,1480130,1480130,2,'AMD','IDIR\SKILLAM',NULL,TIMESTAMP'2025-02-03 17:22:17','IDIR\SKILLAM',TIMESTAMP'2025-02-03 17:22:17',1),
	 (1741496,1480130,1480130,3,'SPA','IDIR\CAROWOOD',NULL,TIMESTAMP'2025-03-14 10:46:37','IDIR\CAROWOOD',TIMESTAMP'2025-03-14 10:46:37',1),
	 (1524245,1480130,1480130,NULL,'COR','IDIR\SKILLAM',NULL,TIMESTAMP'2012-09-26 12:08:48','IDIR\SKILLAM',TIMESTAMP'2012-09-26 12:08:48',1);

INSERT INTO silva.results_audit_event (results_audit_event_id, opening_id, standards_regime_id, silviculture_project_id, results_audit_action_code, action_date, description, user_id, email_sent_ind, xml_submission_id, opening_amendment_number, entry_userid, entry_timestamp) VALUES
	 (2579921,1480130,NULL,NULL,'UPD',TIMESTAMP'2012-09-26 12:00:24','Opening/Tenure Online Entry',NULL,'N',NULL,NULL,'IDIR\SKILLAM',TIMESTAMP'2012-09-26 12:00:24'),
	 (2579922,1480130,NULL,NULL,'UPD',TIMESTAMP'2012-09-26 12:01:23','Opening/related details were modified.',NULL,'N',NULL,NULL,'IDIR\SKILLAM',TIMESTAMP'2012-09-26 12:01:23'),
	 (2579928,1480130,NULL,NULL,'COR',TIMESTAMP'2012-09-26 12:08:47','Stocking information added.',NULL,'N',NULL,NULL,'IDIR\SKILLAM',TIMESTAMP'2012-09-26 12:08:47'),
	 (2579929,1480130,NULL,NULL,'MIL',TIMESTAMP'2012-09-26 12:08:48','Milestone was modified.',NULL,'N',NULL,NULL,'IDIR\SKILLAM',TIMESTAMP'2012-09-26 12:08:48'),
	 (2579930,1480130,NULL,NULL,'COR',TIMESTAMP'2012-09-26 12:09:10','Stocking information added.',NULL,'N',NULL,NULL,'IDIR\SKILLAM',TIMESTAMP'2012-09-26 12:09:10'),
	 (2579931,1480130,NULL,NULL,'MIL',TIMESTAMP'2012-09-26 12:09:10','Milestone was modified.',NULL,'N',NULL,NULL,'IDIR\SKILLAM',TIMESTAMP'2012-09-26 12:09:10'),
	 (2579933,1480130,NULL,NULL,'ES',TIMESTAMP'2012-09-26 12:10:13','Forest Cover Polygon No. A (Id=2717529)',NULL,'Y',1144730,NULL,'IDIR\SKILLAM',TIMESTAMP'2012-09-26 12:10:13'),
	 (2579934,1480130,NULL,NULL,'ES',TIMESTAMP'2012-09-26 12:10:13','Forest Cover Polygon No. B (Id=2717530)',NULL,'Y',1144730,NULL,'IDIR\SKILLAM',TIMESTAMP'2012-09-26 12:10:13'),
	 (2579935,1480130,NULL,NULL,'ES',TIMESTAMP'2012-09-26 12:10:13','Forest Cover Polygon No. W (Id=2717531)',NULL,'Y',1144730,NULL,'IDIR\SKILLAM',TIMESTAMP'2012-09-26 12:10:13'),
	 (2579953,1480130,NULL,NULL,'UPD',TIMESTAMP'2012-09-26 12:35:20','Opening/Tenure Online Entry',NULL,'N',NULL,NULL,'IDIR\SKILLAM',TIMESTAMP'2012-09-26 12:35:20'),
	 (2579954,1480130,NULL,NULL,'MIL',TIMESTAMP'2012-09-26 12:35:21','Opening/related details were modified.',NULL,'N',NULL,NULL,'IDIR\SKILLAM',TIMESTAMP'2012-09-26 12:35:21'),
	 (2579955,1480130,NULL,NULL,'DEL',TIMESTAMP'2012-09-26 12:35:46','Delete forest cover geometry for opening id 1480130',NULL,'N',NULL,NULL,'IDIR\SKILLAM',TIMESTAMP'2012-09-26 12:35:46'),
	 (2579956,1480130,NULL,NULL,'DEL',TIMESTAMP'2012-09-26 12:35:46','Delete forest cover geometry for opening id 1480130',NULL,'N',NULL,NULL,'IDIR\SKILLAM',TIMESTAMP'2012-09-26 12:35:46'),
	 (2579957,1480130,NULL,NULL,'DEL',TIMESTAMP'2012-09-26 12:35:46','Delete forest cover geometry for opening id 1480130',NULL,'N',NULL,NULL,'IDIR\SKILLAM',TIMESTAMP'2012-09-26 12:35:46'),
	 (2579958,1480130,NULL,NULL,'DEL',TIMESTAMP'2012-09-26 12:35:46','Delete forest cover for opening id 1480130',NULL,'N',NULL,NULL,'IDIR\SKILLAM',TIMESTAMP'2012-09-26 12:35:46'),
	 (2579976,1480130,NULL,NULL,'ES',TIMESTAMP'2012-09-26 13:01:36','Forest Cover Polygon No. A (Id=2717564)',NULL,'Y',1144735,NULL,'IDIR\SKILLAM',TIMESTAMP'2012-09-26 13:01:36'),
	 (2579977,1480130,NULL,NULL,'ES',TIMESTAMP'2012-09-26 13:01:36','Forest Cover Polygon No. B (Id=2717565)',NULL,'Y',1144735,NULL,'IDIR\SKILLAM',TIMESTAMP'2012-09-26 13:01:36'),
	 (2579978,1480130,NULL,NULL,'ES',TIMESTAMP'2012-09-26 13:01:36','Forest Cover Polygon No. W (Id=2717566)',NULL,'Y',1144735,NULL,'IDIR\SKILLAM',TIMESTAMP'2012-09-26 13:01:36'),
	 (2580349,1480130,NULL,NULL,'DEL',TIMESTAMP'2012-09-27 00:45:20','Delete forest cover geometry for opening id 1480130',NULL,'N',NULL,NULL,'IDIR\SKILLAM',TIMESTAMP'2012-09-27 00:45:22'),
	 (2580350,1480130,NULL,NULL,'DEL',TIMESTAMP'2012-09-27 00:46:07','Delete forest cover geometry for opening id 1480130',NULL,'N',NULL,NULL,'IDIR\SKILLAM',TIMESTAMP'2012-09-27 00:46:07');
INSERT INTO silva.results_audit_event (results_audit_event_id, opening_id, standards_regime_id, silviculture_project_id, results_audit_action_code, action_date, description, user_id, email_sent_ind, xml_submission_id, opening_amendment_number, entry_userid, entry_timestamp) VALUES
	 (2580351,1480130,NULL,NULL,'DEL',TIMESTAMP'2012-09-27 00:46:07','Delete forest cover geometry for opening id 1480130',NULL,'N',NULL,NULL,'IDIR\SKILLAM',TIMESTAMP'2012-09-27 00:46:07'),
	 (2580352,1480130,NULL,NULL,'DEL',TIMESTAMP'2012-09-27 00:46:08','Delete forest cover for opening id 1480130',NULL,'N',NULL,NULL,'IDIR\SKILLAM',TIMESTAMP'2012-09-27 00:46:08'),
	 (5861133,1480130,NULL,NULL,'MIL',TIMESTAMP'2025-01-27 10:50:57','Milestone was modified.',NULL,'N',NULL,NULL,'IDIR\CAROWOOD',TIMESTAMP'2025-01-27 10:50:57'),
	 (5861137,1480130,NULL,NULL,'MIL',TIMESTAMP'2025-01-27 10:51:40','Opening/related details were modified.',NULL,'N',NULL,NULL,'IDIR\CAROWOOD',TIMESTAMP'2025-01-27 10:51:40'),
	 (5861136,1480130,NULL,NULL,'UPD',TIMESTAMP'2025-01-27 10:51:40','Opening/Tenure Online Entry',NULL,'N',NULL,NULL,'IDIR\CAROWOOD',TIMESTAMP'2025-01-27 10:51:40'),
	 (5861138,1480130,NULL,NULL,'MIL',TIMESTAMP'2025-01-27 10:51:41','Opening/related details were modified.',NULL,'N',NULL,NULL,'IDIR\CAROWOOD',TIMESTAMP'2025-01-27 10:51:41'),
	 (5870345,1480130,NULL,NULL,'AMD',TIMESTAMP'2025-02-03 16:31:01','Opening Amended.',NULL,'N',NULL,1,'IDIR\CAROWOOD',TIMESTAMP'2025-02-03 16:31:01'),
	 (5870367,1480130,NULL,NULL,'SUB',TIMESTAMP'2025-02-03 16:53:50','Opening is submitted for review.',NULL,'N',NULL,1,'IDIR\CAROWOOD',TIMESTAMP'2025-02-03 16:53:50'),
	 (5870368,1480130,NULL,NULL,'APP',TIMESTAMP'2025-02-03 16:56:46','Opening is approved.',NULL,'N',NULL,1,'IDIR\CAROWOOD',TIMESTAMP'2025-02-03 16:56:46'),
	 (5870385,1480130,NULL,NULL,'AMD',TIMESTAMP'2025-02-03 17:16:51','Opening Amended.',NULL,'N',NULL,2,'IDIR\CAROWOOD',TIMESTAMP'2025-02-03 17:16:51'),
	 (5870386,1480130,NULL,NULL,'SUB',TIMESTAMP'2025-02-03 17:20:01','Opening is submitted for review.',NULL,'N',NULL,2,'IDIR\CAROWOOD',TIMESTAMP'2025-02-03 17:20:01'),
	 (5870387,1480130,NULL,NULL,'REJ',TIMESTAMP'2025-02-03 17:20:50','Opening amendment is rejected, status set back to AMD(amended). Rejection note contents: TEST - Caroline Wood',NULL,'N',NULL,2,'IDIR\CAROWOOD',TIMESTAMP'2025-02-03 17:20:50'),
	 (5870388,1480130,NULL,NULL,'SUB',TIMESTAMP'2025-02-03 17:21:55','Opening is submitted for review.',NULL,'N',NULL,2,'IDIR\CAROWOOD',TIMESTAMP'2025-02-03 17:21:55'),
	 (5870390,1480130,NULL,NULL,'APP',TIMESTAMP'2025-02-03 17:22:12','Opening is approved.',NULL,'N',NULL,2,'IDIR\CAROWOOD',TIMESTAMP'2025-02-03 17:22:12'),
	 (5870395,1480130,NULL,NULL,'MIL',TIMESTAMP'2025-02-03 17:22:17','Milestone was modified.',NULL,'N',NULL,NULL,'IDIR\CAROWOOD',TIMESTAMP'2025-02-03 17:22:17'),
	 (5917369,1480130,NULL,NULL,'MIL',TIMESTAMP'2025-03-14 10:45:06','Opening/related details were modified.',NULL,'N',NULL,NULL,'IDIR\CAROWOOD',TIMESTAMP'2025-03-14 10:45:06'),
	 (5917368,1480130,NULL,NULL,'UPD',TIMESTAMP'2025-03-14 10:45:06','Opening/Tenure Online Entry',NULL,'N',NULL,NULL,'IDIR\CAROWOOD',TIMESTAMP'2025-03-14 10:45:06'),
	 (5917371,1480130,NULL,NULL,'SPA',TIMESTAMP'2025-03-14 10:46:37','Stocking information added.',NULL,'N',NULL,3,'IDIR\CAROWOOD',TIMESTAMP'2025-03-14 10:46:37'),
	 (5917382,1480130,NULL,NULL,'UPD',TIMESTAMP'2025-03-14 10:48:32','Opening/related details were modified.',NULL,'N',NULL,NULL,'IDIR\CAROWOOD',TIMESTAMP'2025-03-14 10:48:32'),
	 (5917402,1480130,NULL,NULL,'MIL',TIMESTAMP'2025-03-14 10:56:07','Milestone was modified.',NULL,'N',NULL,NULL,'IDIR\CAROWOOD',TIMESTAMP'2025-03-14 10:56:07');
INSERT INTO silva.results_audit_event (results_audit_event_id, opening_id, standards_regime_id, silviculture_project_id, results_audit_action_code, action_date, description, user_id, email_sent_ind, xml_submission_id, opening_amendment_number, entry_userid, entry_timestamp) VALUES
	 (5917403,1480130,NULL,NULL,'MIL',TIMESTAMP'2025-03-14 10:57:29','Milestone was modified.',NULL,'N',NULL,NULL,'IDIR\CAROWOOD',TIMESTAMP'2025-03-14 10:57:29'),
	 (5917405,1480130,NULL,NULL,'MIL',TIMESTAMP'2025-03-14 10:58:08','Milestone was modified.',NULL,'N',NULL,NULL,'IDIR\CAROWOOD',TIMESTAMP'2025-03-14 10:58:08'),
	 (5940503,1480130,NULL,NULL,'MIL',TIMESTAMP'2025-04-02 12:05:20','Opening/related details were modified.',NULL,'N',NULL,NULL,'IDIR\CAROWOOD',TIMESTAMP'2025-04-02 12:05:20'),
	 (5940502,1480130,NULL,NULL,'UPD',TIMESTAMP'2025-04-02 12:05:20','Opening/Tenure Online Entry',NULL,'N',NULL,NULL,'IDIR\CAROWOOD',TIMESTAMP'2025-04-02 12:05:20'),
	 (5940504,1480130,NULL,NULL,'MIL',TIMESTAMP'2025-04-02 12:06:47','Milestone was modified.',NULL,'N',NULL,NULL,'IDIR\CAROWOOD',TIMESTAMP'2025-04-02 12:06:47');

INSERT INTO silva.forest_cover_non_mapped_area (forest_cover_id, non_mapped_area_id, non_mapped_area, stocking_status_code, stocking_type_code, revision_count) VALUES
	 (4656974,'R',0.5,'NP','RD',1);

INSERT INTO silva.forest_cover_layer (forest_cover_id, forest_cover_layer_id, forest_cover_layer_code, stocking_type_code, stocking_status_code, total_stems_per_ha, total_well_spaced_stems_per_ha, well_spaced_stems_per_ha, free_growing_stems_per_ha, crown_closure_pct, basal_area, entry_userid, entry_timestamp, update_userid, update_timestamp, revision_count) VALUES
	 (4656974,5057982,'I',NULL,NULL,500,450,NULL,NULL,NULL,NULL,'IDIR\CAROWOOD',TIMESTAMP'2025-04-25 09:31:55','IDIR\CAROWOOD',TIMESTAMP'2025-04-25 09:31:55',1),
	 (4656974,5057983,'S',NULL,NULL,NULL,450,400,NULL,NULL,NULL,'IDIR\CAROWOOD',TIMESTAMP'2025-04-25 09:31:55','IDIR\CAROWOOD',TIMESTAMP'2025-04-25 09:31:55',1);

INSERT INTO silva.forest_cover_layer_species (forest_cover_id, forest_cover_layer_id, species_order, tree_species_code, tree_species_pct, avg_age, avg_height, entry_userid, entry_timestamp, update_userid, update_timestamp, revision_count) VALUES
	 (4656974,5057982,1,'AT',70,2,0.5,'IDIR\CAROWOOD',TIMESTAMP'2025-04-25 09:31:55','IDIR\CAROWOOD',TIMESTAMP'2025-04-25 09:31:55',1),
	 (4656974,5057982,2,'BG',30,3,0.6,'IDIR\CAROWOOD',TIMESTAMP'2025-04-25 09:31:55','IDIR\CAROWOOD',TIMESTAMP'2025-04-25 09:31:55',1),
	 (4656974,5057983,1,'BA',50,3,0.7,'IDIR\CAROWOOD',TIMESTAMP'2025-04-25 09:31:55','IDIR\CAROWOOD',TIMESTAMP'2025-04-25 09:31:55',1),
	 (4656974,5057983,2,'BG',50,3,0.6,'IDIR\CAROWOOD',TIMESTAMP'2025-04-25 09:31:55','IDIR\CAROWOOD',TIMESTAMP'2025-04-25 09:31:55',1);

INSERT INTO silva.opening_land_status (opening_id, opening_land_status_date, np_unn_area, np_nat_area, np_for_area, nsr_npl_area, nsr_nat_area, nsr_pl_area, sr_art_area, sr_nat_area, mat_area, fg_norm_area, nc_br_area, entry_userid, entry_timestamp, update_userid, update_timestamp, revision_count) VALUES(1480130, TIMESTAMP '2012-09-26 00:00:00', 1.9, 0, 0, 0, 0, 0, 18.5, 0, 4.3, 0, 0, 'IDIR\JDOE', TIMESTAMP '2012-09-26 12:10:14', 'IDIR\JDOE', TIMESTAMP '2012-09-26 13:01:37', 2);
INSERT INTO silva.opening_land_status (opening_id, opening_land_status_date, np_unn_area, np_nat_area, np_for_area, nsr_npl_area, nsr_nat_area, nsr_pl_area, sr_art_area, sr_nat_area, mat_area, fg_norm_area, nc_br_area, entry_userid, entry_timestamp, update_userid, update_timestamp, revision_count) VALUES(1480130, TIMESTAMP '2025-04-25 00:00:00', 0.5, 0, 0, 0, 0, 0, 2.5, 0, 0, 0, 0, 'IDIR\JDOE', TIMESTAMP '2025-04-25 09:31:55', 'IDIR\JDOE', TIMESTAMP '2025-04-25 09:31:55', 1);

INSERT INTO silva.stocking_standard_unit_archive (stocking_standard_unit_id, stocking_event_history_id, opening_id, standards_unit_id, standards_regime_id, net_area, max_allow_soil_disturbance_pct, variance_ind, regen_delay_offset_yrs, regen_obligation_ind, no_regen_early_offset_yrs, no_regen_late_offset_yrs, free_growing_early_offset_yrs, free_growing_late_offset_yrs, amendment_rationale_comment, entry_userid, entry_timestamp, update_userid, update_timestamp, revision_count) VALUES(1795272, 1524245, 1480130, 'A', NULL, 140, 2, 'N', 5, 'Y', NULL, NULL, NULL, 20, NULL, 'IDIR\JDOE', TIMESTAMP '2012-09-26 12:08:47', 'IDIR\JDOE', TIMESTAMP '2012-09-26 12:08:47', 1);
INSERT INTO silva.stocking_standard_unit_archive (stocking_standard_unit_id, stocking_event_history_id, opening_id, standards_unit_id, standards_regime_id, net_area, max_allow_soil_disturbance_pct, variance_ind, regen_delay_offset_yrs, regen_obligation_ind, no_regen_early_offset_yrs, no_regen_late_offset_yrs, free_growing_early_offset_yrs, free_growing_late_offset_yrs, amendment_rationale_comment, entry_userid, entry_timestamp, update_userid, update_timestamp, revision_count) VALUES(1795273, 1524245, 1480130, 'B', NULL, 140, 2, 'N', 5, 'Y', NULL, NULL, NULL, 20, NULL, 'IDIR\JDOE', TIMESTAMP '2012-09-26 12:09:10', 'IDIR\JDOE', TIMESTAMP '2012-09-26 12:09:10', 1);
INSERT INTO silva.stocking_standard_unit_archive (stocking_standard_unit_id, stocking_event_history_id, opening_id, standards_unit_id, standards_regime_id, net_area, max_allow_soil_disturbance_pct, variance_ind, regen_delay_offset_yrs, regen_obligation_ind, no_regen_early_offset_yrs, no_regen_late_offset_yrs, free_growing_early_offset_yrs, free_growing_late_offset_yrs, amendment_rationale_comment, entry_userid, entry_timestamp, update_userid, update_timestamp, revision_count) VALUES(1795273, 1739159, 1480130, 'B', NULL, 140, 2, 'N', 5, 'Y', NULL, NULL, NULL, 20, NULL, 'IDIR\JDOE', TIMESTAMP '2012-09-26 12:09:10', 'IDIR\JDOE', TIMESTAMP '2012-09-26 12:09:10', 3);
INSERT INTO silva.stocking_standard_unit_archive (stocking_standard_unit_id, stocking_event_history_id, opening_id, standards_unit_id, standards_regime_id, net_area, max_allow_soil_disturbance_pct, variance_ind, regen_delay_offset_yrs, regen_obligation_ind, no_regen_early_offset_yrs, no_regen_late_offset_yrs, free_growing_early_offset_yrs, free_growing_late_offset_yrs, amendment_rationale_comment, entry_userid, entry_timestamp, update_userid, update_timestamp, revision_count) VALUES(1795272, 1739158, 1480130, 'A', NULL, 140, 2, 'Y', 5, 'Y', NULL, NULL, NULL, 20, NULL, 'IDIR\JDOE', TIMESTAMP '2012-09-26 12:08:47', 'IDIR\JDOE', TIMESTAMP '2012-09-26 12:08:47', 2);
INSERT INTO silva.stocking_standard_unit_archive (stocking_standard_unit_id, stocking_event_history_id, opening_id, standards_unit_id, standards_regime_id, net_area, max_allow_soil_disturbance_pct, variance_ind, regen_delay_offset_yrs, regen_obligation_ind, no_regen_early_offset_yrs, no_regen_late_offset_yrs, free_growing_early_offset_yrs, free_growing_late_offset_yrs, amendment_rationale_comment, entry_userid, entry_timestamp, update_userid, update_timestamp, revision_count) VALUES(1795273, 1739158, 1480130, 'B', NULL, 140, 2, 'N', 5, 'Y', NULL, NULL, NULL, 20, NULL, 'IDIR\JDOE', TIMESTAMP '2012-09-26 12:09:10', 'IDIR\JDOE', TIMESTAMP '2012-09-26 12:09:10', 2);
INSERT INTO silva.stocking_standard_unit_archive (stocking_standard_unit_id, stocking_event_history_id, opening_id, standards_unit_id, standards_regime_id, net_area, max_allow_soil_disturbance_pct, variance_ind, regen_delay_offset_yrs, regen_obligation_ind, no_regen_early_offset_yrs, no_regen_late_offset_yrs, free_growing_early_offset_yrs, free_growing_late_offset_yrs, amendment_rationale_comment, entry_userid, entry_timestamp, update_userid, update_timestamp, revision_count) VALUES(1795272, 1739159, 1480130, 'A', 36008, 140, 2, 'Y', 3, 'Y', NULL, NULL, 8, 11, NULL, 'IDIR\JDOE', TIMESTAMP '2012-09-26 12:08:47', 'IDIR\JDOE', TIMESTAMP '2025-02-03 17:18:44', 3);
INSERT INTO silva.stocking_standard_unit_archive (stocking_standard_unit_id, stocking_event_history_id, opening_id, standards_unit_id, standards_regime_id, net_area, max_allow_soil_disturbance_pct, variance_ind, regen_delay_offset_yrs, regen_obligation_ind, no_regen_early_offset_yrs, no_regen_late_offset_yrs, free_growing_early_offset_yrs, free_growing_late_offset_yrs, amendment_rationale_comment, entry_userid, entry_timestamp, update_userid, update_timestamp, revision_count) VALUES(2411888, 1741496, 1480130, 'C', 1079794, 5, 5, 'N', 3, 'Y', NULL, NULL, NULL, 20, NULL, 'IDIR\JDOE', TIMESTAMP '2025-03-14 10:46:37', 'IDIR\JDOE', TIMESTAMP '2025-03-14 10:46:37', 1);
INSERT INTO silva.stocking_standard_unit_archive (stocking_standard_unit_id, stocking_event_history_id, opening_id, standards_unit_id, standards_regime_id, net_area, max_allow_soil_disturbance_pct, variance_ind, regen_delay_offset_yrs, regen_obligation_ind, no_regen_early_offset_yrs, no_regen_late_offset_yrs, free_growing_early_offset_yrs, free_growing_late_offset_yrs, amendment_rationale_comment, entry_userid, entry_timestamp, update_userid, update_timestamp, revision_count) VALUES(1795272, 1741496, 1480130, 'A', 36008, 140, 2, 'Y', 3, 'Y', NULL, NULL, 8, 11, NULL, 'IDIR\JDOE', TIMESTAMP '2012-09-26 12:08:47', 'IDIR\JDOE', TIMESTAMP '2025-02-03 17:18:44', 3);
INSERT INTO silva.stocking_standard_unit_archive (stocking_standard_unit_id, stocking_event_history_id, opening_id, standards_unit_id, standards_regime_id, net_area, max_allow_soil_disturbance_pct, variance_ind, regen_delay_offset_yrs, regen_obligation_ind, no_regen_early_offset_yrs, no_regen_late_offset_yrs, free_growing_early_offset_yrs, free_growing_late_offset_yrs, amendment_rationale_comment, entry_userid, entry_timestamp, update_userid, update_timestamp, revision_count) VALUES(1795273, 1741496, 1480130, 'B', NULL, 140, 2, 'N', 5, 'Y', NULL, NULL, NULL, 20, NULL, 'IDIR\JDOE', TIMESTAMP '2012-09-26 12:09:10', 'IDIR\JDOE', TIMESTAMP '2012-09-26 12:09:10', 3);

INSERT INTO silva.stocking_ecology_archive (stocking_ecology_id, stocking_event_history_id, stocking_standard_unit_id, opening_id, bec_region_code, bgc_zone_code, bgc_subzone_code, bgc_variant, bgc_phase, bec_site_series, bec_site_type, bec_seral, revision_count, entry_userid, entry_timestamp, update_userid, update_timestamp) VALUES(1796867, 1524245, 1795272, 1480130, NULL, 'CWH', 'mm', '1', NULL, '01', NULL, NULL, 1, 'IDIR\JDOE', TIMESTAMP '2012-09-26 12:08:48', 'IDIR\JDOE', TIMESTAMP '2012-09-26 12:08:48');
INSERT INTO silva.stocking_ecology_archive (stocking_ecology_id, stocking_event_history_id, stocking_standard_unit_id, opening_id, bec_region_code, bgc_zone_code, bgc_subzone_code, bgc_variant, bgc_phase, bec_site_series, bec_site_type, bec_seral, revision_count, entry_userid, entry_timestamp, update_userid, update_timestamp) VALUES(1796868, 1524245, 1795273, 1480130, NULL, 'CWH', 'mm', '1', NULL, '05', NULL, NULL, 1, 'IDIR\JDOE', TIMESTAMP '2012-09-26 12:09:10', 'IDIR\JDOE', TIMESTAMP '2012-09-26 12:09:10');
INSERT INTO silva.stocking_ecology_archive (stocking_ecology_id, stocking_event_history_id, stocking_standard_unit_id, opening_id, bec_region_code, bgc_zone_code, bgc_subzone_code, bgc_variant, bgc_phase, bec_site_series, bec_site_type, bec_seral, revision_count, entry_userid, entry_timestamp, update_userid, update_timestamp) VALUES(1796867, 1739158, 1795272, 1480130, NULL, 'CWH', 'mm', '1', NULL, '01', NULL, NULL, 1, 'IDIR\JDOE', TIMESTAMP '2012-09-26 12:08:48', 'IDIR\JDOE', TIMESTAMP '2012-09-26 12:08:48');
INSERT INTO silva.stocking_ecology_archive (stocking_ecology_id, stocking_event_history_id, stocking_standard_unit_id, opening_id, bec_region_code, bgc_zone_code, bgc_subzone_code, bgc_variant, bgc_phase, bec_site_series, bec_site_type, bec_seral, revision_count, entry_userid, entry_timestamp, update_userid, update_timestamp) VALUES(1796868, 1739158, 1795273, 1480130, NULL, 'CWH', 'mm', '1', NULL, '05', NULL, NULL, 1, 'IDIR\JDOE', TIMESTAMP '2012-09-26 12:09:10', 'IDIR\JDOE', TIMESTAMP '2012-09-26 12:09:10');
INSERT INTO silva.stocking_ecology_archive (stocking_ecology_id, stocking_event_history_id, stocking_standard_unit_id, opening_id, bec_region_code, bgc_zone_code, bgc_subzone_code, bgc_variant, bgc_phase, bec_site_series, bec_site_type, bec_seral, revision_count, entry_userid, entry_timestamp, update_userid, update_timestamp) VALUES(1796867, 1739159, 1795272, 1480130, NULL, 'CWH', 'vm', '1', NULL, '01', NULL, NULL, 3, 'IDIR\JDOE', TIMESTAMP '2012-09-26 12:08:48', 'IDIR\JDOE', TIMESTAMP '2025-02-03 17:18:44');
INSERT INTO silva.stocking_ecology_archive (stocking_ecology_id, stocking_event_history_id, stocking_standard_unit_id, opening_id, bec_region_code, bgc_zone_code, bgc_subzone_code, bgc_variant, bgc_phase, bec_site_series, bec_site_type, bec_seral, revision_count, entry_userid, entry_timestamp, update_userid, update_timestamp) VALUES(1796868, 1739159, 1795273, 1480130, NULL, 'CWH', 'mm', '1', NULL, '05', NULL, NULL, 1, 'IDIR\JDOE', TIMESTAMP '2012-09-26 12:09:10', 'IDIR\JDOE', TIMESTAMP '2012-09-26 12:09:10');
INSERT INTO silva.stocking_ecology_archive (stocking_ecology_id, stocking_event_history_id, stocking_standard_unit_id, opening_id, bec_region_code, bgc_zone_code, bgc_subzone_code, bgc_variant, bgc_phase, bec_site_series, bec_site_type, bec_seral, revision_count, entry_userid, entry_timestamp, update_userid, update_timestamp) VALUES(2411568, 1741496, 2411888, 1480130, NULL, 'CWH', 'vm', '1', NULL, '01', NULL, NULL, 1, 'IDIR\JDOE', TIMESTAMP '2025-03-14 10:46:37', 'IDIR\JDOE', TIMESTAMP '2025-03-14 10:46:37');
INSERT INTO silva.stocking_ecology_archive (stocking_ecology_id, stocking_event_history_id, stocking_standard_unit_id, opening_id, bec_region_code, bgc_zone_code, bgc_subzone_code, bgc_variant, bgc_phase, bec_site_series, bec_site_type, bec_seral, revision_count, entry_userid, entry_timestamp, update_userid, update_timestamp) VALUES(1796867, 1741496, 1795272, 1480130, NULL, 'CWH', 'vm', '1', NULL, '01', NULL, NULL, 3, 'IDIR\JDOE', TIMESTAMP '2012-09-26 12:08:48', 'IDIR\JDOE', TIMESTAMP '2025-02-03 17:18:44');
INSERT INTO silva.stocking_ecology_archive (stocking_ecology_id, stocking_event_history_id, stocking_standard_unit_id, opening_id, bec_region_code, bgc_zone_code, bgc_subzone_code, bgc_variant, bgc_phase, bec_site_series, bec_site_type, bec_seral, revision_count, entry_userid, entry_timestamp, update_userid, update_timestamp) VALUES(1796868, 1741496, 1795273, 1480130, NULL, 'CWH', 'mm', '1', NULL, '05', NULL, NULL, 1, 'IDIR\JDOE', TIMESTAMP '2012-09-26 12:09:10', 'IDIR\JDOE', TIMESTAMP '2012-09-26 12:09:10');

INSERT INTO silva.stocking_layer_archive (stocking_layer_id, stocking_event_history_id, stocking_standard_unit_id, opening_id, stocking_layer_code, min_horizontal_distance, min_pref_stocking_standard, min_stocking_standard, min_post_spacing, residual_basal_area, target_stocking, hght_relative_to_comp, tree_size_unit_code, max_conifer, max_post_spacing, entry_userid, entry_timestamp, update_userid, update_timestamp, revision_count) VALUES(1739327, 1524245, 1795272, 1480130, 'I', NULL, NULL, NULL, NULL, NULL, NULL, NULL, NULL, NULL, NULL, 'IDIR\JDOE', TIMESTAMP '2012-09-26 12:08:48', 'IDIR\JDOE', TIMESTAMP '2012-09-26 12:08:48', 1);
INSERT INTO silva.stocking_layer_archive (stocking_layer_id, stocking_event_history_id, stocking_standard_unit_id, opening_id, stocking_layer_code, min_horizontal_distance, min_pref_stocking_standard, min_stocking_standard, min_post_spacing, residual_basal_area, target_stocking, hght_relative_to_comp, tree_size_unit_code, max_conifer, max_post_spacing, entry_userid, entry_timestamp, update_userid, update_timestamp, revision_count) VALUES(1739328, 1524245, 1795273, 1480130, 'I', NULL, NULL, NULL, NULL, NULL, NULL, NULL, NULL, NULL, NULL, 'IDIR\JDOE', TIMESTAMP '2012-09-26 12:09:10', 'IDIR\JDOE', TIMESTAMP '2012-09-26 12:09:10', 1);
INSERT INTO silva.stocking_layer_archive (stocking_layer_id, stocking_event_history_id, stocking_standard_unit_id, opening_id, stocking_layer_code, min_horizontal_distance, min_pref_stocking_standard, min_stocking_standard, min_post_spacing, residual_basal_area, target_stocking, hght_relative_to_comp, tree_size_unit_code, max_conifer, max_post_spacing, entry_userid, entry_timestamp, update_userid, update_timestamp, revision_count) VALUES(1739327, 1739158, 1795272, 1480130, 'I', NULL, NULL, NULL, NULL, NULL, NULL, NULL, NULL, NULL, NULL, 'IDIR\JDOE', TIMESTAMP '2012-09-26 12:08:48', 'IDIR\JDOE', TIMESTAMP '2012-09-26 12:08:48', 1);
INSERT INTO silva.stocking_layer_archive (stocking_layer_id, stocking_event_history_id, stocking_standard_unit_id, opening_id, stocking_layer_code, min_horizontal_distance, min_pref_stocking_standard, min_stocking_standard, min_post_spacing, residual_basal_area, target_stocking, hght_relative_to_comp, tree_size_unit_code, max_conifer, max_post_spacing, entry_userid, entry_timestamp, update_userid, update_timestamp, revision_count) VALUES(1739328, 1739158, 1795273, 1480130, 'I', NULL, NULL, NULL, NULL, NULL, NULL, NULL, NULL, NULL, NULL, 'IDIR\JDOE', TIMESTAMP '2012-09-26 12:09:10', 'IDIR\JDOE', TIMESTAMP '2012-09-26 12:09:10', 1);
INSERT INTO silva.stocking_layer_archive (stocking_layer_id, stocking_event_history_id, stocking_standard_unit_id, opening_id, stocking_layer_code, min_horizontal_distance, min_pref_stocking_standard, min_stocking_standard, min_post_spacing, residual_basal_area, target_stocking, hght_relative_to_comp, tree_size_unit_code, max_conifer, max_post_spacing, entry_userid, entry_timestamp, update_userid, update_timestamp, revision_count) VALUES(2185039, 1739159, 1795272, 1480130, 'I', 2, 400, 500, 800, NULL, 900, 150, '%', 10000, 1200, 'IDIR\JDOE', TIMESTAMP '2025-02-03 17:18:00', 'IDIR\JDOE', TIMESTAMP '2025-02-03 17:18:00', 1);
INSERT INTO silva.stocking_layer_archive (stocking_layer_id, stocking_event_history_id, stocking_standard_unit_id, opening_id, stocking_layer_code, min_horizontal_distance, min_pref_stocking_standard, min_stocking_standard, min_post_spacing, residual_basal_area, target_stocking, hght_relative_to_comp, tree_size_unit_code, max_conifer, max_post_spacing, entry_userid, entry_timestamp, update_userid, update_timestamp, revision_count) VALUES(1739328, 1739159, 1795273, 1480130, 'I', NULL, NULL, NULL, NULL, NULL, NULL, NULL, NULL, NULL, NULL, 'IDIR\JDOE', TIMESTAMP '2012-09-26 12:09:10', 'IDIR\JDOE', TIMESTAMP '2012-09-26 12:09:10', 1);
INSERT INTO silva.stocking_layer_archive (stocking_layer_id, stocking_event_history_id, stocking_standard_unit_id, opening_id, stocking_layer_code, min_horizontal_distance, min_pref_stocking_standard, min_stocking_standard, min_post_spacing, residual_basal_area, target_stocking, hght_relative_to_comp, tree_size_unit_code, max_conifer, max_post_spacing, entry_userid, entry_timestamp, update_userid, update_timestamp, revision_count) VALUES(2187601, 1741496, 2411888, 1480130, 'I', 1.5, 600, NULL, NULL, NULL, 900, 180, 'CM', NULL, NULL, 'IDIR\JDOE', TIMESTAMP '2025-03-14 10:46:37', 'IDIR\JDOE', TIMESTAMP '2025-03-14 10:46:37', 1);
INSERT INTO silva.stocking_layer_archive (stocking_layer_id, stocking_event_history_id, stocking_standard_unit_id, opening_id, stocking_layer_code, min_horizontal_distance, min_pref_stocking_standard, min_stocking_standard, min_post_spacing, residual_basal_area, target_stocking, hght_relative_to_comp, tree_size_unit_code, max_conifer, max_post_spacing, entry_userid, entry_timestamp, update_userid, update_timestamp, revision_count) VALUES(2185039, 1741496, 1795272, 1480130, 'I', 2, 400, 500, 800, NULL, 900, 150, '%', 10000, 1200, 'IDIR\JDOE', TIMESTAMP '2025-02-03 17:18:00', 'IDIR\JDOE', TIMESTAMP '2025-02-03 17:18:00', 1);
INSERT INTO silva.stocking_layer_archive (stocking_layer_id, stocking_event_history_id, stocking_standard_unit_id, opening_id, stocking_layer_code, min_horizontal_distance, min_pref_stocking_standard, min_stocking_standard, min_post_spacing, residual_basal_area, target_stocking, hght_relative_to_comp, tree_size_unit_code, max_conifer, max_post_spacing, entry_userid, entry_timestamp, update_userid, update_timestamp, revision_count) VALUES(1739328, 1741496, 1795273, 1480130, 'I', NULL, NULL, NULL, NULL, NULL, NULL, NULL, NULL, NULL, NULL, 'IDIR\JDOE', TIMESTAMP '2012-09-26 12:09:10', 'IDIR\JDOE', TIMESTAMP '2012-09-26 12:09:10', 1);

INSERT INTO silva.stocking_layer_species_archive (stocking_layer_id, stocking_event_history_id, stocking_standard_unit_id, species_order, silv_tree_species_code, preferred_ind, min_height, entry_userid, entry_timestamp, update_userid, update_timestamp, revision_count) VALUES(1739327, 1739158, 1795272, 1, 'PLC', 'Y', 1.5, 'IDIR\JDOE', TIMESTAMP '2025-02-03 16:31:35', 'IDIR\JDOE', TIMESTAMP '2025-02-03 16:31:35', 1);
INSERT INTO silva.stocking_layer_species_archive (stocking_layer_id, stocking_event_history_id, stocking_standard_unit_id, species_order, silv_tree_species_code, preferred_ind, min_height, entry_userid, entry_timestamp, update_userid, update_timestamp, revision_count) VALUES(2185039, 1739159, 1795272, 1, 'CW', 'Y', 1.5, 'IDIR\JDOE', TIMESTAMP '2025-02-03 17:18:00', 'IDIR\JDOE', TIMESTAMP '2025-02-03 17:18:00', 1);
INSERT INTO silva.stocking_layer_species_archive (stocking_layer_id, stocking_event_history_id, stocking_standard_unit_id, species_order, silv_tree_species_code, preferred_ind, min_height, entry_userid, entry_timestamp, update_userid, update_timestamp, revision_count) VALUES(2185039, 1739159, 1795272, 1, 'HW', 'N', 2, 'IDIR\JDOE', TIMESTAMP '2025-02-03 17:18:00', 'IDIR\JDOE', TIMESTAMP '2025-02-03 17:18:00', 1);
INSERT INTO silva.stocking_layer_species_archive (stocking_layer_id, stocking_event_history_id, stocking_standard_unit_id, species_order, silv_tree_species_code, preferred_ind, min_height, entry_userid, entry_timestamp, update_userid, update_timestamp, revision_count) VALUES(2185039, 1739159, 1795272, 2, 'YC', 'Y', 1.5, 'IDIR\JDOE', TIMESTAMP '2025-02-03 17:18:00', 'IDIR\JDOE', TIMESTAMP '2025-02-03 17:18:00', 1);
INSERT INTO silva.stocking_layer_species_archive (stocking_layer_id, stocking_event_history_id, stocking_standard_unit_id, species_order, silv_tree_species_code, preferred_ind, min_height, entry_userid, entry_timestamp, update_userid, update_timestamp, revision_count) VALUES(2185039, 1741496, 1795272, 1, 'CW', 'Y', 1.5, 'IDIR\JDOE', TIMESTAMP '2025-02-03 17:18:00', 'IDIR\JDOE', TIMESTAMP '2025-02-03 17:18:00', 1);
INSERT INTO silva.stocking_layer_species_archive (stocking_layer_id, stocking_event_history_id, stocking_standard_unit_id, species_order, silv_tree_species_code, preferred_ind, min_height, entry_userid, entry_timestamp, update_userid, update_timestamp, revision_count) VALUES(2185039, 1741496, 1795272, 1, 'HW', 'N', 2, 'IDIR\JDOE', TIMESTAMP '2025-02-03 17:18:00', 'IDIR\JDOE', TIMESTAMP '2025-02-03 17:18:00', 1);
INSERT INTO silva.stocking_layer_species_archive (stocking_layer_id, stocking_event_history_id, stocking_standard_unit_id, species_order, silv_tree_species_code, preferred_ind, min_height, entry_userid, entry_timestamp, update_userid, update_timestamp, revision_count) VALUES(2185039, 1741496, 1795272, 2, 'YC', 'Y', 1.5, 'IDIR\JDOE', TIMESTAMP '2025-02-03 17:18:00', 'IDIR\JDOE', TIMESTAMP '2025-02-03 17:18:00', 1);
INSERT INTO silva.stocking_layer_species_archive (stocking_layer_id, stocking_event_history_id, stocking_standard_unit_id, species_order, silv_tree_species_code, preferred_ind, min_height, entry_userid, entry_timestamp, update_userid, update_timestamp, revision_count) VALUES(2187601, 1741496, 2411888, 1, 'CW', 'Y', 1.5, 'IDIR\JDOE', TIMESTAMP '2025-03-14 10:46:37', 'IDIR\JDOE', TIMESTAMP '2025-03-14 10:46:37', 1);
INSERT INTO silva.stocking_layer_species_archive (stocking_layer_id, stocking_event_history_id, stocking_standard_unit_id, species_order, silv_tree_species_code, preferred_ind, min_height, entry_userid, entry_timestamp, update_userid, update_timestamp, revision_count) VALUES(2187601, 1741496, 2411888, 2, 'FDC', 'Y', 1.8, 'IDIR\JDOE', TIMESTAMP '2025-03-14 10:46:37', 'IDIR\JDOE', TIMESTAMP '2025-03-14 10:46:37', 1);
