INSERT INTO silva.results_electronic_submission (results_submission_id, submission_timestamp, submitted_by, client_number, client_locn_code, org_unit_no, user_filename, user_reference, entry_userid, entry_timestamp, update_userid, update_timestamp, revision_count) VALUES
(68659, TIMESTAMP '2005-05-04 00:00:00', 'BCEID\ASKYWALKER', NULL, NULL, 1, 'original file name', NULL, 'BCEID\ASKYWALKER', TIMESTAMP '2005-05-04 16:21:21', 'BCEID\ASKYWALKER', TIMESTAMP '2005-05-04 16:21:21', 1),
(67773, TIMESTAMP '2005-05-02 00:00:00', 'BCEID\ASKYWALKER', NULL, NULL, 1, 'original file name', NULL, 'BCEID\ASKYWALKER', TIMESTAMP '2005-05-02 16:56:12', 'BCEID\ASKYWALKER', TIMESTAMP '2005-05-02 16:56:12', 1),
(68609, TIMESTAMP '2005-05-04 00:00:00', 'BCEID\ASKYWALKER', NULL, NULL, 1, 'original file name', NULL, 'BCEID\ASKYWALKER', TIMESTAMP '2005-05-04 15:03:21', 'BCEID\ASKYWALKER', TIMESTAMP '2005-05-04 15:03:21', 1),
(215305, TIMESTAMP '2006-05-16 00:00:00', 'BCEID\ASKYWALKER', NULL, NULL, 1, '904226_SitePrep.xml', NULL, 'BCEID\ASKYWALKER', TIMESTAMP '2006-05-16 08:36:41', 'BCEID\ASKYWALKER', TIMESTAMP '2006-05-16 08:36:41', 1),
(343491, TIMESTAMP '2007-05-24 00:00:00', 'BCEID\ASKYWALKER', NULL, NULL, 1, 'AE_Plant4_May07.xml', NULL, 'BCEID\ASKYWALKER', TIMESTAMP '2007-05-24 11:33:28', 'BCEID\ASKYWALKER', TIMESTAMP '2007-05-24 11:33:28', 1),
(1311633, TIMESTAMP '2014-04-14 00:00:00', 'BCEID\ASKYWALKER', '00010002', '03', 1, '904226 GP_Silv_2014-04-14.xml', NULL, 'BCEID\ASKYWALKER', TIMESTAMP '2014-04-14 10:09:01', 'BCEID\ASKYWALKER', TIMESTAMP '2014-04-14 10:09:01', 1),
(1738902, TIMESTAMP '2018-01-26 09:32:08', 'BCEID\ASKYWALKER', '00010002', '03', 1, '904226_silv_act_2018-01-26.xml', NULL, 'BCEID\ASKYWALKER', TIMESTAMP '2018-01-26 09:33:00', 'BCEID\ASKYWALKER', TIMESTAMP '2018-01-26 09:33:00', 1),
(1738903,TIMESTAMP'2018-01-26 09:32:36','BCEID\ASKYWALKER','00010002','03',1,'864409_fc_fg_2018-01-26.xml',NULL,'BCEID\ASKYWALKER',TIMESTAMP'2018-01-26 09:33:01','BCEID\ASKYWALKER',TIMESTAMP'2018-01-26 09:33:01',1),
(501684,TIMESTAMP'2008-09-12 00:00:00','BCEID\ASKYWALKER','00010002','03',1,'864409_regen_sept-2008.xml',NULL,'BCEID\ASKYWALKER',TIMESTAMP'2008-09-12 14:02:38','BCEID\ASKYWALKER',TIMESTAMP'2008-09-12 14:02:38',1);

INSERT INTO silva.opening (opening_id, geo_district_no, admin_district_no, mapsheet_grid, mapsheet_letter, mapsheet_square, mapsheet_quad, mapsheet_sub_quad, opening_number, opening_locn_name, open_category_code, licensee_opening_id, tsb_number_code, opening_status_code, org_unit_no, dist_admin_zone, max_allow_permnt_access_pct, prev_age_class_code, prev_site_index, prev_site_index_source_code, prev_height_class_code, prev_site_class_code, prev_stocking_class_code, prev_stocking_status_code, prev_tree_spp1_code, prev_tree_spp2_code, app_ent_by_userid, approve_date, amendment_ind, results_submission_id, entry_userid, entry_timestamp, update_userid, update_timestamp, revision_count) VALUES
(1009974, 1, 1, NULL, NULL, NULL, NULL, NULL, NULL, 'Tatooine', 'FTML', '012345678', NULL, 'FG', 1, NULL, 7, '9', 26, 'E', '4', NULL, '1', 'MAT', 'CW', 'HW', NULL, TIMESTAMP '2005-05-02 15:56:26', 'Y', 68659, 'BCEID\ASKYWALKER', TIMESTAMP '2005-05-02 15:56:26', 'IDIR\JAKETHEDOG', TIMESTAMP '2018-10-09 11:29:23', 16);

INSERT INTO silva.timber_mark (timber_mark, forest_file_id, cutting_permit_id, forest_district, geographic_distrct, cascade_split_code, quota_type_code, deciduous_ind, catastrophic_ind, crown_granted_ind, cruise_based_ind, certificate, hdbs_timber_mark, vm_timber_mark, tenure_term, bcaa_folio_number, activated_userid, amended_userid, district_admn_zone, granted_acqrd_date, lands_region, crown_granted_acq_desc, mark_status_st, mark_status_date, mark_amend_date, mark_appl_date, mark_cancel_date, mark_extend_date, mark_extend_rsn_cd, mark_extend_count, mark_issue_date, mark_expiry_date, markng_instrmnt_cd, marking_method_cd, entry_userid, entry_timestamp, update_userid, update_timestamp, revision_count, small_patch_salvage_ind, salvage_type_code) VALUES
('44/270', 'TFL44', '270', 2, 2, 'W', 'A', 'N', 'N', 'N', 'N', NULL, NULL, '44/270', 36, NULL, NULL, NULL, '1', NULL, NULL, NULL, 'HC', TIMESTAMP '2008-12-04 00:00:00', NULL, NULL, NULL, NULL, NULL, 0, TIMESTAMP '2003-11-19 00:00:00', TIMESTAMP '2006-11-18 00:00:00', 'H', 'S', 'JAKETHEDOG', TIMESTAMP '2003-11-04 10:30:08', 'IDIR\JAKETHEDOG', TIMESTAMP '2008-12-04 10:52:21', 2, 'N', NULL);

INSERT INTO silva.cut_block (cb_skey, hva_skey, forest_file_id, cutting_permit_id, timber_mark, cut_block_id, sp_exempt_ind, block_status_date, cut_block_description, cut_regulation_code, block_status_st, reforest_declare_type_code, revision_count, entry_userid, entry_timestamp, update_userid, update_timestamp, is_waste_assessment_required, cut_block_guid, fire_harvesting_reason_code, is_under_partition_order, reported_fire_date) VALUES
(214031, 123731, 'TFL44', '270', '44/270', '864409', 'N', TIMESTAMP '2005-05-04 15:03:21', NULL, NULL, 'S', NULL, 1, 'DATAFIX', TIMESTAMP '2004-06-02 08:13:17', 'FTA 4.0 DATA CONVERSION', TIMESTAMP '2007-06-02 11:15:37', 'U', 'B9B090A11022645AE05332B3228EA5A5', NULL, NULL, NULL);

INSERT INTO silva.cut_block_open_admin (cut_block_open_admin_id, forest_file_id, timber_mark, cut_block_id, cutting_permit_id, disturbance_gross_area, disturbance_start_date, disturbance_end_date, opening_id, opening_gross_area, planned_harvest_date, planned_gross_block_area, planned_net_block_area, opening_prime_licence_ind, cb_skey, revision_count, entry_userid, entry_timestamp, update_userid, update_timestamp) VALUES
(242521, 'TFL44', '44/270', '904226', '270', 25.5, TIMESTAMP '2004-01-19 00:00:00', TIMESTAMP '2004-05-28 00:00:00', 1009974, 38.7, TIMESTAMP '2003-11-19 00:00:00', 38.7655, 24.3, 'Y', 214031, 10, 'DATAFIX', TIMESTAMP '2004-06-02 08:13:36', 'FTA 4.0 DATA CONVERSION', TIMESTAMP '2007-06-02 11:17:23');

INSERT INTO silva.activity_treatment_unit (activity_treatment_unit_id, activity_tu_seq_no, org_unit_no, opening_id, silviculture_project_id, project_unit_id, silv_base_code, silv_technique_code, silv_method_code, silv_objective_code_1, silv_objective_code_2, silv_objective_code_3, silv_fund_srce_code, silv_activity_measurement_code, activity_licensee_id, treatment_amount, actual_treatment_cost, act_planted_no, plan_silv_technique_code, plan_silv_method_code, plan_silv_fund_srce_code, planned_date, planned_treatment_amount, planned_treatment_cost, plan_silv_objective_code_1, plan_silv_objective_code_2, plan_silv_objective_code_3, target_prepared_spots, pruning_min_crown_pct, prune_height, stems_to_prune, min_acceptable_density, total_stems_per_ha, inter_tree_target_distance, inter_tree_variation, inter_tree_min_distance, max_trees_per_plot, max_trees_per_ha, survey_planned_num_plots, survey_actual_num_plots, survey_min_plots_per_stratum, silv_tree_species_code, atu_start_date, atu_completion_date, results_ind, unit_bid_price, fia_project_id, results_submission_id, disturbance_code, silv_system_code, silv_system_variant_code, silv_cut_phase_code, cut_block_open_admin_id, disturbance_completed_ind, entry_userid, entry_timestamp, update_userid, update_timestamp, revision_count) VALUES
(1683934, 1, 1, 1009974, NULL, NULL, 'SP', 'ME', 'PILE', NULL, NULL, NULL, 'IA', 'HA', '715011423', 0.5, NULL, NULL, NULL, NULL, NULL, NULL, NULL, NULL, NULL, NULL, NULL, NULL, NULL, NULL, NULL, NULL, NULL, NULL, NULL, NULL, NULL, NULL, NULL, NULL, NULL, NULL, NULL, TIMESTAMP '2004-06-10 00:00:00', 'Y', NULL, NULL, 67773, NULL, NULL, NULL, NULL, NULL, NULL, 'BCEID\ASKYWALKER', TIMESTAMP '2005-05-02 16:56:12', 'BCEID\ASKYWALKER', TIMESTAMP '2005-05-02 16:56:12', 2),
(1684733, 2, 1, 1009974, NULL, NULL, 'DN', 'HV', NULL, NULL, NULL, NULL, NULL, 'HA', '710000501', 25.5, NULL, NULL, NULL, NULL, NULL, NULL, NULL, NULL, NULL, NULL, NULL, NULL, NULL, NULL, NULL, NULL, NULL, NULL, NULL, NULL, NULL, NULL, NULL, NULL, NULL, NULL, TIMESTAMP '2004-01-19 00:00:00', TIMESTAMP '2004-05-28 00:00:00', 'Y', NULL, NULL, 68609, 'L', 'RETEN', NULL, 'REMOV', 242521, 'N', 'BCEID\ASKYWALKER', TIMESTAMP '2005-05-04 15:03:21', 'BCEID\ASKYWALKER', TIMESTAMP '2005-05-04 15:03:21', 1),
(3098703, 6, 1, 1009974, NULL, NULL, 'SU', 'RA', 'WALK', NULL, NULL, NULL, 'IA', 'HA', '715042147', 25.5, NULL, NULL, NULL, NULL, NULL, NULL, NULL, NULL, NULL, NULL, NULL, NULL, NULL, NULL, NULL, NULL, NULL, NULL, NULL, NULL, NULL, NULL, NULL, NULL, NULL, NULL, NULL, TIMESTAMP '2013-06-07 00:00:00', 'Y', NULL, NULL, 1311633, NULL, NULL, NULL, NULL, NULL, NULL, 'BCEID\ASKYWALKER', TIMESTAMP '2014-04-14 10:09:03', 'BCEID\ASKYWALKER', TIMESTAMP '2014-04-14 10:09:03', 1),
(1915482, 4, 1, 1009974, NULL, NULL, 'PL', 'PL', 'CTAIN', NULL, NULL, NULL, 'IA', 'HA', '715000033', 25.5, NULL, 23410, NULL, NULL, NULL, NULL, NULL, NULL, NULL, NULL, NULL, NULL, NULL, NULL, NULL, NULL, NULL, NULL, NULL, NULL, NULL, NULL, NULL, NULL, NULL, NULL, NULL, TIMESTAMP '2006-09-23 00:00:00', 'Y', NULL, NULL, 343491, NULL, NULL, NULL, NULL, NULL, NULL, 'BCEID\ASKYWALKER', TIMESTAMP '2007-05-24 11:33:37', 'IDIR\OKENOBI', TIMESTAMP '2018-10-09 11:29:23', 6),
(1785961, 3, 1, 1009974, NULL, NULL, 'SP', 'BU', 'RPILE', NULL, NULL, NULL, 'IA', 'HA', '715010357', 0.5, NULL, NULL, NULL, NULL, NULL, NULL, NULL, NULL, NULL, NULL, NULL, NULL, NULL, NULL, NULL, NULL, NULL, NULL, NULL, NULL, NULL, NULL, NULL, NULL, NULL, NULL, NULL, TIMESTAMP '2005-11-03 00:00:00', 'Y', NULL, NULL, 215305, NULL, NULL, NULL, NULL, NULL, NULL, 'BCEID\ASKYWALKER', TIMESTAMP '2006-05-16 08:36:41', 'BCEID\ASKYWALKER', TIMESTAMP '2006-05-16 08:36:41', 2),
(3499621, 7, 1, 1009974, NULL, NULL, 'SU', 'FG', 'PLOT', NULL, NULL, NULL, 'IA', 'HA', '715000035', 25.5, NULL, NULL, NULL, NULL, NULL, NULL, NULL, NULL, NULL, NULL, NULL, NULL, NULL, NULL, NULL, NULL, NULL, NULL, NULL, NULL, NULL, NULL, NULL, NULL, NULL, NULL, NULL, TIMESTAMP '2017-05-30 00:00:00', 'Y', NULL, NULL, 1738902, NULL, NULL, NULL, NULL, NULL, NULL, 'BCEID\ASKYWALKER', TIMESTAMP '2018-01-26 09:33:00', 'BCEID\ASKYWALKER', TIMESTAMP '2018-01-26 09:33:00', 1),
(3098702, 5, 1, 1009974, NULL, NULL, 'SU', 'SU', 'PLOT', NULL, NULL, NULL, 'IA', 'HA', '715000034', 24.5, NULL, NULL, NULL, NULL, NULL, NULL, NULL, NULL, NULL, NULL, NULL, NULL, NULL, NULL, NULL, NULL, NULL, NULL, NULL, NULL, NULL, NULL, NULL, NULL, NULL, NULL, NULL, TIMESTAMP '2007-06-14 00:00:00', 'Y', NULL, NULL, 1311633, NULL, NULL, NULL, NULL, NULL, NULL, 'BCEID\ASKYWALKER', TIMESTAMP '2014-04-14 10:09:03', 'BCEID\ASKYWALKER', TIMESTAMP '2014-04-14 10:09:03', 1);

INSERT INTO silva.standards_regime (standards_regime_id, standards_regime_name, standards_regime_status_code, silv_statute_code, standards_objective, geographic_description, mof_default_standard_ind, regen_delay_offset_yrs, regen_obligation_ind, no_regen_early_offset_yrs, no_regen_late_offset_yrs, free_growing_early_offset_yrs, free_growing_late_offset_yrs, approved_by_userid, approved_date, submitted_by_userid, submitted_date, effective_date, expiry_date, additional_standards, reject_note, entry_userid, entry_timestamp, update_userid, update_timestamp, revision_count) VALUES
(36109, NULL, 'APP', NULL, NULL, NULL, 'N', 6, 'Y', NULL, NULL, 11, 14, 'DATAFIX2006-06-07', TIMESTAMP '2006-06-08 11:53:59', NULL, TIMESTAMP '2004-01-06 11:48:00', TIMESTAMP '2003-03-17 00:00:00', NULL, '(ALL625) ; ALL SPECIES - minimum inter-tree spacing within the net area to be reforested may be reduced to 1.5 metres to allow the selection of the most productive microsites in areas of poor plantability due to hygric conditions and bedrock areas.; (ALL626) ; ALL SPECIES - minimum inter-tree spacing within 20 metres of either site of road centreline may be reduced to 1 metre where road construction or harvesting activities have created soil disturbance and reduced plantability.; (FDC628) ; FDC - is a preffered species on steep southerly aspects (SE to SW) or on southerly, westerly and easterly slopes where pre-harvest stand composition of Fd is >20% by merchantable volume.', NULL, 'RESULTS_CNV', TIMESTAMP '2004-01-06 11:48:00', 'IDIR\SCAKERLE', TIMESTAMP '2011-02-04 13:41:27', 6);

INSERT INTO silva.stocking_standard_unit (stocking_standard_unit_id, opening_id, standards_unit_id, standards_regime_id, net_area, max_allow_soil_disturbance_pct, variance_ind, entry_userid, entry_timestamp, update_userid, update_timestamp, revision_count) VALUES
(1013720, 1009974, 'A', 36109, 25.5, 5, 'Y', 'BCEID\ASKYWALKER', TIMESTAMP '2005-05-02 15:56:26', 'BCEID\ASKYWALKER', TIMESTAMP '2005-05-04 16:21:21', 3);

INSERT INTO silva.stocking_milestone (stocking_standard_unit_id, silv_milestone_type_code, results_submission_id, declared_date, declared_userid, declare_ind, declaration_submitted_date, early_offset_years, late_offset_years, due_early_date, due_late_date, entry_userid, entry_timestamp, update_userid, update_timestamp, revision_count, extent_feasible_declared_ind) VALUES
(1013720, 'FG', 1738903, TIMESTAMP '2017-05-30 00:00:00', 'BCEID\ASKYWALKER', 'Y', TIMESTAMP '2018-01-26 09:33:02', 11, 14, TIMESTAMP '2015-01-19 00:00:00', TIMESTAMP '2018-01-19 00:00:00', 'BCEID\ASKYWALKER', TIMESTAMP '2005-05-02 15:56:26', 'IDIR\OKENOBI', TIMESTAMP '2018-10-09 11:29:23', 19, 'N'),
(1013720, 'PH', 68609, TIMESTAMP '2005-01-24 00:00:00', 'BCEID\ASKYWALKER', 'Y', TIMESTAMP '2005-05-04 16:21:21', NULL, NULL, NULL, NULL, 'BCEID\ASKYWALKER', TIMESTAMP '2005-05-02 15:56:26', 'IDIR\OKENOBI', TIMESTAMP '2018-10-09 11:29:23', 19, 'N'),
(1013720, 'RG', 501684, TIMESTAMP '2007-06-15 00:00:00', 'BCEID\ASKYWALKER', 'Y', TIMESTAMP '2008-09-12 14:02:43', NULL, 6, NULL, TIMESTAMP '2010-01-19 00:00:00', 'BCEID\ASKYWALKER', TIMESTAMP '2005-05-02 15:56:26', 'IDIR\OKENOBI', TIMESTAMP '2018-10-09 11:29:23', 19, 'N');

INSERT INTO silva.stocking_ecology (stocking_ecology_id, opening_id, stocking_standard_unit_id, bec_region_code, bgc_zone_code, bgc_subzone_code, bgc_variant, bgc_phase, bec_site_series, bec_site_type, bec_seral, entry_userid, entry_timestamp, update_userid, update_timestamp, revision_count) VALUES
(1013948, 1009974, 1013720, NULL, 'CWH', 'vm', '1', NULL, '01', NULL, NULL, 'BCEID\ASKYWALKER', TIMESTAMP '2005-05-02 15:56:26', 'BCEID\ASKYWALKER', TIMESTAMP '2005-05-04 16:21:21', 3);

INSERT INTO silva.stocking_layer (stocking_layer_id, stocking_standard_unit_id, opening_id, stocking_layer_code, target_stocking, residual_basal_area, min_horizontal_distance, min_pref_stocking_standard, min_post_spacing, min_stocking_standard, max_post_spacing, max_conifer, hght_relative_to_comp, tree_size_unit_code, entry_userid, entry_timestamp, update_userid, update_timestamp, revision_count) VALUES
(1012145, 1013720, 1009974, 'I', 900, NULL, 2, 400, 800, 500, 2000, 10000, 150, '%', 'BCEID\ASKYWALKER', TIMESTAMP '2005-05-02 15:56:26', 'BCEID\ASKYWALKER', TIMESTAMP '2005-05-02 16:53:58', 2);

INSERT INTO silva.stocking_layer_species (stocking_layer_id, silv_tree_species_code, species_order, preferred_ind, min_height, entry_userid, entry_timestamp, update_userid, update_timestamp, revision_count) VALUES
(1012145,'BA',4,'N',1.8,'BCEID\ASKYWALKER',TIMESTAMP'2005-05-02 15:56:26','BCEID\ASKYWALKER',TIMESTAMP'2005-05-02 15:56:26',1),
(1012145,'CW',1,'Y',1.5,'BCEID\ASKYWALKER',TIMESTAMP'2005-05-02 15:56:26','BCEID\ASKYWALKER',TIMESTAMP'2005-05-02 15:56:26',1),
(1012145,'FDC',3,'Y',3,'BCEID\ASKYWALKER',TIMESTAMP'2005-05-02 15:56:26','BCEID\ASKYWALKER',TIMESTAMP'2005-05-02 15:56:26',1),
(1012145,'HW',2,'Y',3,'BCEID\ASKYWALKER',TIMESTAMP'2005-05-02 15:56:26','BCEID\ASKYWALKER',TIMESTAMP'2005-05-02 15:56:26',1);

INSERT INTO silva.forest_cover (forest_cover_id, opening_id, stocking_standard_unit_id, silv_polygon_no, silv_polygon_area, silv_polygon_net_area, stocking_class_code, stocking_status_code, stocking_type_code, reference_year, reentry_year, site_class_code, site_index, site_index_source_code, silv_reserve_code, silv_reserve_objective_code, tree_species_code, tree_cover_pattern_code, results_submission_id, entry_userid, entry_timestamp, update_userid, update_timestamp, revision_count) VALUES
	 (3679043,1009974,NULL,'X',2.6,2.6,NULL,'NP','UNN',2004,NULL,NULL,NULL,NULL,NULL,NULL,'CW',NULL,1738903,'BCEID\DBRYANTWFP',TIMESTAMP'2008-09-12 14:02:42','BCEID\DBRYANTWFP',TIMESTAMP'2018-01-26 09:33:01',1),
	 (3679044,1009974,NULL,'T',8.1,8.1,NULL,'MAT','NAT',2004,NULL,NULL,NULL,NULL,'G','OTH','CW',NULL,1738903,'BCEID\DBRYANTWFP',TIMESTAMP'2008-09-12 14:02:42','BCEID\DBRYANTWFP',TIMESTAMP'2018-01-26 09:33:01',1),
	 (3679045,1009974,NULL,'W',2.6,2.6,NULL,'MAT','NAT',2004,NULL,NULL,NULL,NULL,'G','WTR','CW',NULL,1738903,'BCEID\DBRYANTWFP',TIMESTAMP'2008-09-12 14:02:42','BCEID\DBRYANTWFP',TIMESTAMP'2018-01-26 09:33:01',1),
	 (3679046,1009974,1013720,'A',25.5,25.5,NULL,'IMM','ART',2017,NULL,NULL,23,'E','N',NULL,'CW',NULL,1738903,'BCEID\DBRYANTWFP',TIMESTAMP'2008-09-12 14:02:42','BCEID\DBRYANTWFP',TIMESTAMP'2018-01-26 09:33:01',2);

INSERT INTO silva.stocking_event_history (stocking_event_history_id, opening_id, opening_amendment_id, opening_amendment_number, results_audit_action_code, submitted_userid, results_submission_id, amend_event_timestamp, entry_userid, entry_timestamp, revision_count) VALUES
(1262610, 1009974, NULL, NULL, 'O', 'Results data conversion', NULL, TIMESTAMP '2008-03-11 14:28:06', 'Results data conversion', TIMESTAMP '2008-03-11 14:28:06', 1);

INSERT INTO silva.results_audit_event (results_audit_event_id, opening_id, standards_regime_id, silviculture_project_id, results_audit_action_code, action_date, description, user_id, email_sent_ind, xml_submission_id, opening_amendment_number, entry_userid, entry_timestamp) VALUES
(184401, 1009974, NULL, NULL, 'ES', TIMESTAMP '2005-05-02 15:56:26', 'Opening: Ministry =  1619', NULL, 'Y', 67655, NULL, 'BCEID\ASKYWALKER', TIMESTAMP '2005-05-02 15:56:26'),
(184402, 1009974, 36109, NULL, 'ES', TIMESTAMP '2005-05-02 15:56:26', 'Standard was changed.', NULL, 'N', NULL, NULL, 'BCEID\ASKYWALKER', TIMESTAMP '2005-05-02 15:56:26'),
(184778, 1009974, NULL, NULL, 'ES', TIMESTAMP '2005-05-02 16:53:21', 'Opening: Ministry =  1619', NULL, 'Y', 67759, NULL, 'BCEID\ASKYWALKER', TIMESTAMP '2005-05-02 16:53:21'),
(187617, 1009974, NULL, NULL, 'ES', TIMESTAMP '2005-05-04 15:03:21', 'Forest Cover 1106510', NULL, 'Y', 68609, NULL, 'BCEID\ASKYWALKER', TIMESTAMP '2005-05-04 15:03:21'),
(184809, 1009974, NULL, NULL, 'VAR', TIMESTAMP '2005-05-02 16:53:58', 'Opening/related details were modified.', NULL, 'N', NULL, NULL, 'BCEID\ASKYWALKER', TIMESTAMP '2005-05-02 16:53:58'),
(184831, 1009974, NULL, NULL, 'ES', TIMESTAMP '2005-05-02 16:56:12', 'Inserting Activity: Activity Id = 1683934, Activity Base = ''SP''', NULL, 'Y', 67773, NULL, 'BCEID\ASKYWALKER', TIMESTAMP '2005-05-02 16:56:12'),
(187614, 1009974, NULL, NULL, 'ES', TIMESTAMP '2005-05-04 15:03:21', 'Creating Disturbance Activity: Activity Id = 1684733', NULL, 'Y', 68609, NULL, 'BCEID\ASKYWALKER', TIMESTAMP '2005-05-04 15:03:21'),
(187615, 1009974, NULL, NULL, 'ES', TIMESTAMP '2005-05-04 15:03:21', 'Forest Cover 1106508', NULL, 'Y', 68609, NULL, 'BCEID\ASKYWALKER', TIMESTAMP '2005-05-04 15:03:21'),
(187616, 1009974, NULL, NULL, 'ES', TIMESTAMP '2005-05-04 15:03:21', 'Forest Cover 1106509', NULL, 'Y', 68609, NULL, 'BCEID\ASKYWALKER', TIMESTAMP '2005-05-04 15:03:21'),
(187618, 1009974, NULL, NULL, 'ES', TIMESTAMP '2005-05-04 15:03:21', 'Forest Cover 1106511', NULL, 'Y', 68609, NULL, 'BCEID\ASKYWALKER', TIMESTAMP '2005-05-04 15:03:21'),
(187619, 1009974, NULL, NULL, 'ES', TIMESTAMP '2005-05-04 15:03:21', 'Milestones modified', NULL, 'Y', 68609, NULL, 'BCEID\ASKYWALKER', TIMESTAMP '2005-05-04 15:03:21'),
(3088641, 1009974, NULL, NULL, 'ES', TIMESTAMP '2014-04-14 10:09:03', 'Inserting Activity: Activity Id = 3098702, Activity Base = ''SU''', NULL, 'Y', 1311633, NULL, 'BCEID\ASKYWALKER', TIMESTAMP '2014-04-14 10:09:03'),
(187806, 1009974, NULL, NULL, 'ES', TIMESTAMP '2005-05-04 16:21:21', 'Opening: Ministry =  1619', NULL, 'Y', 68659, NULL, 'BCEID\ASKYWALKER', TIMESTAMP '2005-05-04 16:21:21'),
(543349, 1009974, NULL, NULL, 'ES', TIMESTAMP '2006-05-16 08:36:41', 'Inserting Activity: Activity Id = 1785961, Activity Base = ''SP''', NULL, 'Y', 215305, NULL, 'BCEID\ASKYWALKER', TIMESTAMP '2006-05-16 08:36:41'),
(828298, 1009974, NULL, NULL, 'ES', TIMESTAMP '2007-05-24 11:33:37', 'Inserting Activity: Activity Id = 1915482, Activity Base = ''PL''', NULL, 'Y', 343491, NULL, 'BCEID\ASKYWALKER', TIMESTAMP '2007-05-24 11:33:37'),
(1257172, 1009974, NULL, NULL, 'ES', TIMESTAMP '2008-09-12 14:02:42', 'Forest Cover Polygon No. X (Id=1860799)', NULL, 'Y', 501684, NULL, 'BCEID\ASKYWALKER', TIMESTAMP '2008-09-12 14:02:42'),
(1257173, 1009974, NULL, NULL, 'ES', TIMESTAMP '2008-09-12 14:02:42', 'Forest Cover Polygon No. A (Id=1860800)', NULL, 'Y', 501684, NULL, 'BCEID\ASKYWALKER', TIMESTAMP '2008-09-12 14:02:42'),
(1257174, 1009974, NULL, NULL, 'ES', TIMESTAMP '2008-09-12 14:02:42', 'Forest Cover Polygon No. T (Id=1860801)', NULL, 'Y', 501684, NULL, 'BCEID\ASKYWALKER', TIMESTAMP '2008-09-12 14:02:42'),
(1257175, 1009974, NULL, NULL, 'ES', TIMESTAMP '2008-09-12 14:02:42', 'Forest Cover Polygon No. W (Id=1860802)', NULL, 'Y', 501684, NULL, 'BCEID\ASKYWALKER', TIMESTAMP '2008-09-12 14:02:42'),
(1257176, 1009974, NULL, NULL, 'MIL', TIMESTAMP '2008-09-12 14:02:43', 'Milestone was modified', NULL, 'Y', 501684, NULL, 'BCEID\ASKYWALKER', TIMESTAMP '2008-09-12 14:02:43'),
(3088642, 1009974, NULL, NULL, 'ES', TIMESTAMP '2014-04-14 10:09:03', 'Inserting Activity: Activity Id = 3098703, Activity Base = ''SU''', NULL, 'Y', 1311633, NULL, 'BCEID\ASKYWALKER', TIMESTAMP '2014-04-14 10:09:03'),
(4097410, 1009974, NULL, NULL, 'MIL', TIMESTAMP '2018-01-26 09:33:01', 'Milestone was modified', NULL, 'Y', 1738903, NULL, 'BCEID\ASKYWALKER', TIMESTAMP '2018-01-26 09:33:02'),
(4097405, 1009974, NULL, NULL, 'ES', TIMESTAMP '2018-01-26 09:33:00', 'Inserting Activity: Activity Id = 3499621, Activity Base = ''SU''', NULL, 'Y', 1738902, NULL, 'BCEID\ASKYWALKER', TIMESTAMP '2018-01-26 09:33:00'),
(4097406, 1009974, NULL, NULL, 'ES', TIMESTAMP '2018-01-26 09:33:01', 'Forest Cover Polygon No. X (Id=3679043)', NULL, 'Y', 1738903, NULL, 'BCEID\ASKYWALKER', TIMESTAMP '2018-01-26 09:33:01'),
(4097407, 1009974, NULL, NULL, 'ES', TIMESTAMP '2018-01-26 09:33:01', 'Forest Cover Polygon No. T (Id=3679044)', NULL, 'Y', 1738903, NULL, 'BCEID\ASKYWALKER', TIMESTAMP '2018-01-26 09:33:01'),
(4097408, 1009974, NULL, NULL, 'ES', TIMESTAMP '2018-01-26 09:33:01', 'Forest Cover Polygon No. W (Id=3679045)', NULL, 'Y', 1738903, NULL, 'BCEID\ASKYWALKER', TIMESTAMP '2018-01-26 09:33:01'),
(4097409, 1009974, NULL, NULL, 'ES', TIMESTAMP '2018-01-26 09:33:01', 'Forest Cover Polygon No. A (Id=3679046)', NULL, 'Y', 1738903, NULL, 'BCEID\ASKYWALKER', TIMESTAMP '2018-01-26 09:33:01'),
(4265454, 1009974, NULL, NULL, 'UPD', TIMESTAMP '2018-10-09 11:29:23', 'Opening/related details were modified.', NULL, 'N', NULL, NULL, 'IDIR\OKENOBI', TIMESTAMP '2018-10-09 11:29:23');

INSERT INTO silva.results_audit_event (results_audit_event_id, opening_id, standards_regime_id, silviculture_project_id, results_audit_action_code, action_date, description, user_id, email_sent_ind, xml_submission_id, opening_amendment_number, entry_userid, entry_timestamp) VALUES
(1, 101017, NULL, NULL, 'SUB', TIMESTAMP '2024-01-20 00:00:00', 'Forest Cover 0000000', NULL, 'Y', 101, 101, 'TEST\OTTOMATED', TIMESTAMP '2024-01-20 00:00:00');

INSERT INTO silva.planting_rslt (activity_treatment_unit_id, results_ind, plant_rslt_seq_no, silv_tree_species_code, number_planted, planted_no_beyond_xfer_limit, bid_price_per_tree, seedlot_number, veg_lot_id, request_skey, item_id, entry_userid, entry_timestamp, update_userid, update_timestamp, revision_count, climate_based_seed_xfer_ind) VALUES
	 (1915482,'Y',1,'CW',11890,NULL,NULL,'61101',NULL,NULL,NULL,'IDIR\KASTOUT',TIMESTAMP'2018-10-09 11:29:23','IDIR\KASTOUT',TIMESTAMP'2018-10-09 11:29:23',1,'N'),
	 (1915482,'Y',2,'CW',11520,NULL,NULL,'61101',NULL,NULL,NULL,'IDIR\KASTOUT',TIMESTAMP'2018-10-09 11:29:23','IDIR\KASTOUT',TIMESTAMP'2018-10-09 11:29:23',1,'N');

INSERT INTO silva.silviculture_comment (silviculture_comment_id, comment_date, silv_comment_source_code, silv_comment_type_code, comment_text, entry_userid, entry_timestamp, update_userid, update_timestamp, revision_count) VALUES
(2, TIMESTAMP '2019-04-16 13:31:46', 'OPEN', 'GENERAL', 'In a forest far far away', 'BCEID\ASKYWALKER', TIMESTAMP '2019-04-16 13:31:46', 'BCEID\ASKYWALKER', TIMESTAMP '2019-04-16 13:31:46', 1);

INSERT INTO silva.opening_comment_link (opening_id, silviculture_comment_id) VALUES
(1009974, 2);

INSERT INTO silva.opening_land_status (opening_id, opening_land_status_date, np_unn_area, np_nat_area, np_for_area, nsr_npl_area, nsr_nat_area, nsr_pl_area, sr_art_area, sr_nat_area, mat_area, fg_norm_area, nc_br_area, entry_userid, entry_timestamp, update_userid, update_timestamp, revision_count) VALUES
(1009974, TIMESTAMP '2004-10-01 00:00:01', 2.6, 0, 0, 0, 0, 25.5, 0, 0, 10.6, 0, 0, 'PT27854', TIMESTAMP '2005-08-30 15:08:50', 'PT27854', TIMESTAMP '2005-08-30 15:08:50', 1),
(1009974, TIMESTAMP '2005-05-04 15:03:21', 2.6, 0, 0, 0, 0, 25.5, 0, 0, 10.6, 0, 0, 'BCEID\ASKYWALKER', TIMESTAMP '2005-05-04 15:03:21', 'PT#26352', TIMESTAMP '2005-06-23 16:01:15', 2),
(1009974, TIMESTAMP '2018-01-26 00:00:00', 2.6, 0, 0, 0, 0, 0, 25.5, 0, 10.7, 25.5, 0, 'BCEID\ASKYWALKER', TIMESTAMP '2018-01-26 09:33:01', 'BCEID\ASKYWALKER', TIMESTAMP '2018-01-26 09:33:01', 1),
(1009974, TIMESTAMP '2008-09-12 14:02:42', 2.6, 0, 0, 0, 0, 0, 25.5, 0, 10.7, 0, 0, 'BCEID\ASKYWALKER', TIMESTAMP '2008-09-12 14:02:42', 'BCEID\ASKYWALKER', TIMESTAMP '2008-09-12 14:02:42', 1);


INSERT INTO silva.forest_cover_layer (forest_cover_id, forest_cover_layer_id, forest_cover_layer_code, stocking_type_code, stocking_status_code, total_stems_per_ha, total_well_spaced_stems_per_ha, well_spaced_stems_per_ha, free_growing_stems_per_ha, crown_closure_pct, basal_area, entry_userid, entry_timestamp, update_userid, update_timestamp, revision_count) VALUES
	 (3679046,4159969,'I',NULL,NULL,3462,NULL,NULL,NULL,28,NULL,'BCEID\DBRYANTWFP',TIMESTAMP'2018-01-26 09:33:01','BCEID\DBRYANTWFP',TIMESTAMP'2018-01-26 09:33:01',1),
	 (3679046,4159970,'S',NULL,NULL,NULL,1169,881,835,NULL,NULL,'BCEID\DBRYANTWFP',TIMESTAMP'2018-01-26 09:33:01','BCEID\DBRYANTWFP',TIMESTAMP'2018-01-26 09:33:01',1);

INSERT INTO silva.forest_cover_layer_species (forest_cover_id, forest_cover_layer_id, species_order, tree_species_code, tree_species_pct, avg_age, avg_height, entry_userid, entry_timestamp, update_userid, update_timestamp, revision_count) VALUES
	 (3679046,4159969,1,'CW',70,10,2.7,'BCEID\DBRYANTWFP',TIMESTAMP'2018-01-26 09:33:01','BCEID\DBRYANTWFP',TIMESTAMP'2018-01-26 09:33:01',1),
	 (3679046,4159969,2,'HW',20,11,2,'BCEID\DBRYANTWFP',TIMESTAMP'2018-01-26 09:33:01','BCEID\DBRYANTWFP',TIMESTAMP'2018-01-26 09:33:01',1),
	 (3679046,4159969,3,'BA',10,12,4,'BCEID\DBRYANTWFP',TIMESTAMP'2018-01-26 09:33:01','BCEID\DBRYANTWFP',TIMESTAMP'2018-01-26 09:33:01',1),
	 (3679046,4159970,1,'CW',76,10,2.8,'BCEID\DBRYANTWFP',TIMESTAMP'2018-01-26 09:33:01','BCEID\DBRYANTWFP',TIMESTAMP'2018-01-26 09:33:01',1),
	 (3679046,4159970,2,'HW',18,11,5,'BCEID\DBRYANTWFP',TIMESTAMP'2018-01-26 09:33:01','BCEID\DBRYANTWFP',TIMESTAMP'2018-01-26 09:33:01',1),
	 (3679046,4159970,3,'BA',5,NULL,NULL,'BCEID\DBRYANTWFP',TIMESTAMP'2018-01-26 09:33:01','BCEID\DBRYANTWFP',TIMESTAMP'2018-01-26 09:33:01',1),
	 (3679046,4159970,4,'FDC',1,8,1.8,'BCEID\DBRYANTWFP',TIMESTAMP'2018-01-26 09:33:01','BCEID\DBRYANTWFP',TIMESTAMP'2018-01-26 09:33:01',1);

INSERT INTO silva.forest_cover_archive (forest_cover_id, archive_date, opening_id, stocking_standard_unit_id, silv_polygon_no, silv_polygon_area, silv_polygon_net_area, stocking_class_code, stocking_type_code, stocking_status_code, reference_year, reentry_year, site_class_code, site_index, site_index_source_code, silv_reserve_code, silv_reserve_objective_code, tree_species_code, tree_cover_pattern_code, results_submission_id, entry_userid, entry_timestamp, update_userid, update_timestamp, revision_count) VALUES(1106508, TIMESTAMP '2008-09-12 00:00:00', 1009974, NULL, 'X', 2.6, 2.6, NULL, 'UNN', 'NP', 2004, NULL, NULL, NULL, NULL, 'N', NULL, NULL, NULL, 68609, 'BCEID\ASKYWALKER', TIMESTAMP '2005-05-04 15:03:21', 'BCEID\ASKYWALKER', TIMESTAMP '2005-05-04 15:03:21', 1);
INSERT INTO silva.forest_cover_archive (forest_cover_id, archive_date, opening_id, stocking_standard_unit_id, silv_polygon_no, silv_polygon_area, silv_polygon_net_area, stocking_class_code, stocking_type_code, stocking_status_code, reference_year, reentry_year, site_class_code, site_index, site_index_source_code, silv_reserve_code, silv_reserve_objective_code, tree_species_code, tree_cover_pattern_code, results_submission_id, entry_userid, entry_timestamp, update_userid, update_timestamp, revision_count) VALUES(1106509, TIMESTAMP '2008-09-12 00:00:00', 1009974, 1013720, 'A', 25.5, 25.5, NULL, 'PL', 'NSR', 2004, NULL, NULL, NULL, NULL, 'N', NULL, NULL, NULL, 68609, 'BCEID\ASKYWALKER', TIMESTAMP '2005-05-04 15:03:21', 'BCEID\ASKYWALKER', TIMESTAMP '2005-05-04 15:03:21', 1);
INSERT INTO silva.forest_cover_archive (forest_cover_id, archive_date, opening_id, stocking_standard_unit_id, silv_polygon_no, silv_polygon_area, silv_polygon_net_area, stocking_class_code, stocking_type_code, stocking_status_code, reference_year, reentry_year, site_class_code, site_index, site_index_source_code, silv_reserve_code, silv_reserve_objective_code, tree_species_code, tree_cover_pattern_code, results_submission_id, entry_userid, entry_timestamp, update_userid, update_timestamp, revision_count) VALUES(1106510, TIMESTAMP '2008-09-12 00:00:00', 1009974, NULL, 'T', 8, 8, NULL, 'NAT', 'MAT', 2004, NULL, NULL, NULL, NULL, 'O', NULL, NULL, NULL, 68609, 'BCEID\ASKYWALKER', TIMESTAMP '2005-05-04 15:03:21', 'BCEID\ASKYWALKER', TIMESTAMP '2005-05-04 15:03:21', 1);
INSERT INTO silva.forest_cover_archive (forest_cover_id, archive_date, opening_id, stocking_standard_unit_id, silv_polygon_no, silv_polygon_area, silv_polygon_net_area, stocking_class_code, stocking_type_code, stocking_status_code, reference_year, reentry_year, site_class_code, site_index, site_index_source_code, silv_reserve_code, silv_reserve_objective_code, tree_species_code, tree_cover_pattern_code, results_submission_id, entry_userid, entry_timestamp, update_userid, update_timestamp, revision_count) VALUES(1106511, TIMESTAMP '2008-09-12 00:00:00', 1009974, NULL, 'W', 2.6, 2.6, NULL, 'NAT', 'MAT', 2004, NULL, NULL, NULL, NULL, 'W', NULL, NULL, NULL, 68609, 'BCEID\ASKYWALKER', TIMESTAMP '2005-05-04 15:03:21', 'BCEID\ASKYWALKER', TIMESTAMP '2005-05-04 15:03:21', 1);
INSERT INTO silva.forest_cover_archive (forest_cover_id, archive_date, opening_id, stocking_standard_unit_id, silv_polygon_no, silv_polygon_area, silv_polygon_net_area, stocking_class_code, stocking_type_code, stocking_status_code, reference_year, reentry_year, site_class_code, site_index, site_index_source_code, silv_reserve_code, silv_reserve_objective_code, tree_species_code, tree_cover_pattern_code, results_submission_id, entry_userid, entry_timestamp, update_userid, update_timestamp, revision_count) VALUES(1860799, TIMESTAMP '2018-01-26 00:00:00', 1009974, NULL, 'X', 2.6, 2.6, NULL, 'UNN', 'NP', 2004, NULL, NULL, NULL, NULL, 'N', NULL, NULL, NULL, 501684, 'BCEID\ASKYWALKER', TIMESTAMP '2008-09-12 14:02:42', 'BCEID\ASKYWALKER', TIMESTAMP '2008-09-12 14:02:42', 1);
INSERT INTO silva.forest_cover_archive (forest_cover_id, archive_date, opening_id, stocking_standard_unit_id, silv_polygon_no, silv_polygon_area, silv_polygon_net_area, stocking_class_code, stocking_type_code, stocking_status_code, reference_year, reentry_year, site_class_code, site_index, site_index_source_code, silv_reserve_code, silv_reserve_objective_code, tree_species_code, tree_cover_pattern_code, results_submission_id, entry_userid, entry_timestamp, update_userid, update_timestamp, revision_count) VALUES(1860800, TIMESTAMP '2018-01-26 00:00:00', 1009974, 1013720, 'A', 25.5, 25.5, NULL, 'ART', 'IMM', 2007, NULL, NULL, 24, 'E', 'N', NULL, 'CW', NULL, 501684, 'BCEID\ASKYWALKER', TIMESTAMP '2008-09-12 14:02:42', 'BCEID\ASKYWALKER', TIMESTAMP '2008-09-12 14:02:42', 8);
INSERT INTO silva.forest_cover_archive (forest_cover_id, archive_date, opening_id, stocking_standard_unit_id, silv_polygon_no, silv_polygon_area, silv_polygon_net_area, stocking_class_code, stocking_type_code, stocking_status_code, reference_year, reentry_year, site_class_code, site_index, site_index_source_code, silv_reserve_code, silv_reserve_objective_code, tree_species_code, tree_cover_pattern_code, results_submission_id, entry_userid, entry_timestamp, update_userid, update_timestamp, revision_count) VALUES(1860801, TIMESTAMP '2018-01-26 00:00:00', 1009974, NULL, 'T', 8.1, 8.1, NULL, 'NAT', 'MAT', 2004, NULL, NULL, NULL, NULL, 'O', NULL, NULL, NULL, 501684, 'BCEID\ASKYWALKER', TIMESTAMP '2008-09-12 14:02:42', 'BCEID\ASKYWALKER', TIMESTAMP '2008-09-12 14:02:42', 1);
INSERT INTO silva.forest_cover_archive (forest_cover_id, archive_date, opening_id, stocking_standard_unit_id, silv_polygon_no, silv_polygon_area, silv_polygon_net_area, stocking_class_code, stocking_type_code, stocking_status_code, reference_year, reentry_year, site_class_code, site_index, site_index_source_code, silv_reserve_code, silv_reserve_objective_code, tree_species_code, tree_cover_pattern_code, results_submission_id, entry_userid, entry_timestamp, update_userid, update_timestamp, revision_count) VALUES(1860802, TIMESTAMP '2018-01-26 00:00:00', 1009974, NULL, 'W', 2.6, 2.6, NULL, 'NAT', 'MAT', 2004, NULL, NULL, NULL, NULL, 'W', NULL, NULL, NULL, 501684, 'BCEID\ASKYWALKER', TIMESTAMP '2008-09-12 14:02:42', 'BCEID\ASKYWALKER', TIMESTAMP '2008-09-12 14:02:42', 1);

INSERT INTO silva.forest_cover_layer_archive (forest_cover_id, forest_cover_layer_id, archive_date, forest_cover_layer_code, stocking_status_code, stocking_type_code, total_stems_per_ha, total_well_spaced_stems_per_ha, well_spaced_stems_per_ha, free_growing_stems_per_ha, crown_closure_pct, basal_area, entry_userid, entry_timestamp, update_userid, update_timestamp, revision_count) VALUES(1106509, 1140182, TIMESTAMP '2008-09-12 00:00:00', 'I', NULL, NULL, NULL, NULL, NULL, NULL, NULL, NULL, 'BCEID\ASKYWALKER', TIMESTAMP '2005-05-04 15:03:21', 'BCEID\ASKYWALKER', TIMESTAMP '2005-05-04 15:03:21', 1);
INSERT INTO silva.forest_cover_layer_archive (forest_cover_id, forest_cover_layer_id, archive_date, forest_cover_layer_code, stocking_status_code, stocking_type_code, total_stems_per_ha, total_well_spaced_stems_per_ha, well_spaced_stems_per_ha, free_growing_stems_per_ha, crown_closure_pct, basal_area, entry_userid, entry_timestamp, update_userid, update_timestamp, revision_count) VALUES(1106510, 1140183, TIMESTAMP '2008-09-12 00:00:00', 'I', NULL, NULL, NULL, NULL, NULL, NULL, NULL, NULL, 'BCEID\ASKYWALKER', TIMESTAMP '2005-05-04 15:03:21', 'BCEID\ASKYWALKER', TIMESTAMP '2005-05-04 15:03:21', 1);
INSERT INTO silva.forest_cover_layer_archive (forest_cover_id, forest_cover_layer_id, archive_date, forest_cover_layer_code, stocking_status_code, stocking_type_code, total_stems_per_ha, total_well_spaced_stems_per_ha, well_spaced_stems_per_ha, free_growing_stems_per_ha, crown_closure_pct, basal_area, entry_userid, entry_timestamp, update_userid, update_timestamp, revision_count) VALUES(1106511, 1140184, TIMESTAMP '2008-09-12 00:00:00', 'I', NULL, NULL, NULL, NULL, NULL, NULL, NULL, NULL, 'BCEID\ASKYWALKER', TIMESTAMP '2005-05-04 15:03:21', 'BCEID\ASKYWALKER', TIMESTAMP '2005-05-04 15:03:21', 1);
INSERT INTO silva.forest_cover_layer_archive (forest_cover_id, forest_cover_layer_id, archive_date, forest_cover_layer_code, stocking_status_code, stocking_type_code, total_stems_per_ha, total_well_spaced_stems_per_ha, well_spaced_stems_per_ha, free_growing_stems_per_ha, crown_closure_pct, basal_area, entry_userid, entry_timestamp, update_userid, update_timestamp, revision_count) VALUES(1860800, 2105480, TIMESTAMP '2018-01-26 00:00:00', 'S', NULL, NULL, NULL, 960, 850, 0, NULL, NULL, 'BCEID\ASKYWALKER', TIMESTAMP '2008-09-12 14:02:42', 'BCEID\ASKYWALKER', TIMESTAMP '2008-09-12 14:02:42', 1);
INSERT INTO silva.forest_cover_layer_archive (forest_cover_id, forest_cover_layer_id, archive_date, forest_cover_layer_code, stocking_status_code, stocking_type_code, total_stems_per_ha, total_well_spaced_stems_per_ha, well_spaced_stems_per_ha, free_growing_stems_per_ha, crown_closure_pct, basal_area, entry_userid, entry_timestamp, update_userid, update_timestamp, revision_count) VALUES(1860800, 2105481, TIMESTAMP '2018-01-26 00:00:00', 'I', NULL, NULL, 1273, NULL, NULL, NULL, 4, NULL, 'BCEID\ASKYWALKER', TIMESTAMP '2008-09-12 14:02:42', 'BCEID\ASKYWALKER', TIMESTAMP '2008-09-12 14:02:42', 1);
INSERT INTO silva.forest_cover_layer_archive (forest_cover_id, forest_cover_layer_id, archive_date, forest_cover_layer_code, stocking_status_code, stocking_type_code, total_stems_per_ha, total_well_spaced_stems_per_ha, well_spaced_stems_per_ha, free_growing_stems_per_ha, crown_closure_pct, basal_area, entry_userid, entry_timestamp, update_userid, update_timestamp, revision_count) VALUES(1860801, 2105482, TIMESTAMP '2018-01-26 00:00:00', 'I', NULL, NULL, NULL, NULL, NULL, NULL, NULL, NULL, 'BCEID\ASKYWALKER', TIMESTAMP '2008-09-12 14:02:42', 'BCEID\ASKYWALKER', TIMESTAMP '2008-09-12 14:02:42', 1);
INSERT INTO silva.forest_cover_layer_archive (forest_cover_id, forest_cover_layer_id, archive_date, forest_cover_layer_code, stocking_status_code, stocking_type_code, total_stems_per_ha, total_well_spaced_stems_per_ha, well_spaced_stems_per_ha, free_growing_stems_per_ha, crown_closure_pct, basal_area, entry_userid, entry_timestamp, update_userid, update_timestamp, revision_count) VALUES(1860802, 2105483, TIMESTAMP '2018-01-26 00:00:00', 'I', NULL, NULL, NULL, NULL, NULL, NULL, NULL, NULL, 'BCEID\ASKYWALKER', TIMESTAMP '2008-09-12 14:02:42', 'BCEID\ASKYWALKER', TIMESTAMP '2008-09-12 14:02:42', 1);

INSERT INTO silva.forest_cover_layer_species_arc (forest_cover_id, forest_cover_layer_id, archive_date, species_order, tree_species_code, tree_species_pct, avg_age, avg_height, entry_userid, entry_timestamp, update_userid, update_timestamp, revision_count) VALUES(1860800, 2105480, TIMESTAMP '2018-01-26 00:00:00', 1, 'CW', 83, 1, 0.3, 'BCEID\ASKYWALKER', TIMESTAMP '2008-09-12 14:02:42', 'BCEID\ASKYWALKER', TIMESTAMP '2008-09-12 14:02:42', 1);
INSERT INTO silva.forest_cover_layer_species_arc (forest_cover_id, forest_cover_layer_id, archive_date, species_order, tree_species_code, tree_species_pct, avg_age, avg_height, entry_userid, entry_timestamp, update_userid, update_timestamp, revision_count) VALUES(1860800, 2105480, TIMESTAMP '2018-01-26 00:00:00', 2, 'HW', 13, 2, 0.3, 'BCEID\ASKYWALKER', TIMESTAMP '2008-09-12 14:02:42', 'BCEID\ASKYWALKER', TIMESTAMP '2008-09-12 14:02:42', 1);
INSERT INTO silva.forest_cover_layer_species_arc (forest_cover_id, forest_cover_layer_id, archive_date, species_order, tree_species_code, tree_species_pct, avg_age, avg_height, entry_userid, entry_timestamp, update_userid, update_timestamp, revision_count) VALUES(1860800, 2105480, TIMESTAMP '2018-01-26 00:00:00', 3, 'BA', 2, 3, 0.4, 'BCEID\ASKYWALKER', TIMESTAMP '2008-09-12 14:02:42', 'BCEID\ASKYWALKER', TIMESTAMP '2008-09-12 14:02:42', 1);
INSERT INTO silva.forest_cover_layer_species_arc (forest_cover_id, forest_cover_layer_id, archive_date, species_order, tree_species_code, tree_species_pct, avg_age, avg_height, entry_userid, entry_timestamp, update_userid, update_timestamp, revision_count) VALUES(1860800, 2105480, TIMESTAMP '2018-01-26 00:00:00', 4, 'FDC', 2, 2, 0.4, 'BCEID\ASKYWALKER', TIMESTAMP '2008-09-12 14:02:42', 'BCEID\ASKYWALKER', TIMESTAMP '2008-09-12 14:02:42', 1);
INSERT INTO silva.forest_cover_layer_species_arc (forest_cover_id, forest_cover_layer_id, archive_date, species_order, tree_species_code, tree_species_pct, avg_age, avg_height, entry_userid, entry_timestamp, update_userid, update_timestamp, revision_count) VALUES(1860800, 2105481, TIMESTAMP '2018-01-26 00:00:00', 1, 'CW', 70, 1, 0.4, 'BCEID\ASKYWALKER', TIMESTAMP '2008-09-12 14:02:42', 'BCEID\ASKYWALKER', TIMESTAMP '2008-09-12 14:02:42', 1);
INSERT INTO silva.forest_cover_layer_species_arc (forest_cover_id, forest_cover_layer_id, archive_date, species_order, tree_species_code, tree_species_pct, avg_age, avg_height, entry_userid, entry_timestamp, update_userid, update_timestamp, revision_count) VALUES(1860800, 2105481, TIMESTAMP '2018-01-26 00:00:00', 2, 'HW', 20, 2, 0.3, 'BCEID\ASKYWALKER', TIMESTAMP '2008-09-12 14:02:42', 'BCEID\ASKYWALKER', TIMESTAMP '2008-09-12 14:02:42', 1);
INSERT INTO silva.forest_cover_layer_species_arc (forest_cover_id, forest_cover_layer_id, archive_date, species_order, tree_species_code, tree_species_pct, avg_age, avg_height, entry_userid, entry_timestamp, update_userid, update_timestamp, revision_count) VALUES(1860800, 2105481, TIMESTAMP '2018-01-26 00:00:00', 3, 'BA', 10, 4, 0.3, 'BCEID\ASKYWALKER', TIMESTAMP '2008-09-12 14:02:42', 'BCEID\ASKYWALKER', TIMESTAMP '2008-09-12 14:02:42', 1);

INSERT INTO silva.stocking_standard_unit_archive (stocking_standard_unit_id, stocking_event_history_id, opening_id, standards_unit_id, standards_regime_id, net_area, max_allow_soil_disturbance_pct, variance_ind, regen_delay_offset_yrs, regen_obligation_ind, no_regen_early_offset_yrs, no_regen_late_offset_yrs, free_growing_early_offset_yrs, free_growing_late_offset_yrs, amendment_rationale_comment, entry_userid, entry_timestamp, update_userid, update_timestamp, revision_count) VALUES(1013720, 1262610, 1009974, 'A', 36109, 25.5, 5, 'Y', 6, 'Y', NULL, NULL, 11, 14, NULL, 'BCEID\ASKYWALKER', TIMESTAMP '2005-05-02 15:56:26', 'BCEID\ASKYWALKER', TIMESTAMP '2005-05-04 16:21:21', 3);

INSERT INTO silva.stocking_ecology_archive (stocking_ecology_id, stocking_event_history_id, stocking_standard_unit_id, opening_id, bec_region_code, bgc_zone_code, bgc_subzone_code, bgc_variant, bgc_phase, bec_site_series, bec_site_type, bec_seral, revision_count, entry_userid, entry_timestamp, update_userid, update_timestamp) VALUES(1013948, 1262610, 1013720, 1009974, NULL, 'CWH', 'vm', '1', NULL, '01', NULL, NULL, 3, 'BCEID\ASKYWALKER', TIMESTAMP '2005-05-02 15:56:26', 'BCEID\ASKYWALKER', TIMESTAMP '2005-05-04 16:21:21');

INSERT INTO silva.stocking_layer_archive (stocking_layer_id, stocking_event_history_id, stocking_standard_unit_id, opening_id, stocking_layer_code, min_horizontal_distance, min_pref_stocking_standard, min_stocking_standard, min_post_spacing, residual_basal_area, target_stocking, hght_relative_to_comp, tree_size_unit_code, max_conifer, max_post_spacing, entry_userid, entry_timestamp, update_userid, update_timestamp, revision_count) VALUES(1012145, 1262610, 1013720, 1009974, 'I', 2, 400, 500, 800, NULL, 900, 150, '%', 10000, 2000, 'BCEID\ASKYWALKER', TIMESTAMP '2005-05-02 15:56:26', 'BCEID\ASKYWALKER', TIMESTAMP '2005-05-02 16:53:58', 2);

INSERT INTO silva.stocking_layer_species_archive (stocking_layer_id, stocking_event_history_id, stocking_standard_unit_id, species_order, silv_tree_species_code, preferred_ind, min_height, entry_userid, entry_timestamp, update_userid, update_timestamp, revision_count) VALUES(1012145, 1262610, 1013720, 4, 'BA', 'N', 1.8, 'BCEID\ASKYWALKER', TIMESTAMP '2005-05-02 15:56:26', 'BCEID\ASKYWALKER', TIMESTAMP '2005-05-02 15:56:26', 1);
INSERT INTO silva.stocking_layer_species_archive (stocking_layer_id, stocking_event_history_id, stocking_standard_unit_id, species_order, silv_tree_species_code, preferred_ind, min_height, entry_userid, entry_timestamp, update_userid, update_timestamp, revision_count) VALUES(1012145, 1262610, 1013720, 1, 'CW', 'Y', 1.5, 'BCEID\ASKYWALKER', TIMESTAMP '2005-05-02 15:56:26', 'BCEID\ASKYWALKER', TIMESTAMP '2005-05-02 15:56:26', 1);
INSERT INTO silva.stocking_layer_species_archive (stocking_layer_id, stocking_event_history_id, stocking_standard_unit_id, species_order, silv_tree_species_code, preferred_ind, min_height, entry_userid, entry_timestamp, update_userid, update_timestamp, revision_count) VALUES(1012145, 1262610, 1013720, 3, 'FDC', 'Y', 3, 'BCEID\ASKYWALKER', TIMESTAMP '2005-05-02 15:56:26', 'BCEID\ASKYWALKER', TIMESTAMP '2005-05-02 15:56:26', 1);
INSERT INTO silva.stocking_layer_species_archive (stocking_layer_id, stocking_event_history_id, stocking_standard_unit_id, species_order, silv_tree_species_code, preferred_ind, min_height, entry_userid, entry_timestamp, update_userid, update_timestamp, revision_count) VALUES(1012145, 1262610, 1013720, 2, 'HW', 'Y', 3, 'BCEID\ASKYWALKER', TIMESTAMP '2005-05-02 15:56:26', 'BCEID\ASKYWALKER', TIMESTAMP '2005-05-02 15:56:26', 1);
