INSERT INTO silva.results_electronic_submission (results_submission_id, submission_timestamp, submitted_by, client_number, client_locn_code, org_unit_no, user_filename, user_reference, entry_userid, entry_timestamp, update_userid, update_timestamp, revision_count) VALUES
	 (105148,TIMESTAMP'2005-08-03 00:00:00','BCEID\TCOUILLARD',NULL,NULL,1,'original file name',NULL,'BCEID\TCOUILLARD',TIMESTAMP'2005-08-03 11:37:35','BCEID\TCOUILLARD',TIMESTAMP'2005-08-03 11:37:35',1),
	 (54274,TIMESTAMP'2005-03-30 00:00:00','BCEID\TCOUILLARD',NULL,NULL,1,'original file name',NULL,'BCEID\TCOUILLARD',TIMESTAMP'2005-03-30 13:20:42','BCEID\TCOUILLARD',TIMESTAMP'2005-03-30 13:20:42',1),
	 (533442,TIMESTAMP'2009-01-19 00:00:00','BCEID\TCOUILLARD','00010004','00',1,'quadra activity jan.xml',NULL,'BCEID\TCOUILLARD',TIMESTAMP'2009-01-19 13:47:24','BCEID\TCOUILLARD',TIMESTAMP'2009-01-19 13:47:24',1),
	 (398409,TIMESTAMP'2007-11-20 00:00:00','BCEID\TCOUILLARD',NULL,NULL,1,'ACTIVITY_2007_11_20-13_40_47.xml',NULL,'BCEID\TCOUILLARD',TIMESTAMP'2007-11-20 13:41:26','BCEID\TCOUILLARD',TIMESTAMP'2007-11-20 13:41:26',1),
	 (106302,TIMESTAMP'2005-08-08 00:00:00','BCEID\TCOUILLARD',NULL,NULL,1,'original file name',NULL,'BCEID\TCOUILLARD',TIMESTAMP'2005-08-08 10:24:31','BCEID\TCOUILLARD',TIMESTAMP'2005-08-08 10:24:31',1),
	 (245849,TIMESTAMP'2006-08-08 00:00:00','BCEID\TCOUILLARD',NULL,NULL,1,'ACTIVITY_2006_08_08-11_31_28.xml',NULL,'BCEID\TCOUILLARD',TIMESTAMP'2006-08-08 11:32:38','BCEID\TCOUILLARD',TIMESTAMP'2006-08-08 11:32:38',1),
	 (1513319,TIMESTAMP'2016-04-11 21:51:47','BCEID\TROGODIN','00010005','00',1,'12-44_FC_2016-04-04.xml',NULL,'BCEID\TROGODIN',TIMESTAMP'2016-04-11 21:52:11','BCEID\TROGODIN',TIMESTAMP'2016-04-11 21:52:11',1),
	 (27379,TIMESTAMP'2004-12-20 00:00:00','IDIR\adellavi',NULL,NULL,1,'12-44 A.XML',NULL,'IDIR\adellavi',TIMESTAMP'2004-12-20 11:18:00','IDIR\adellavi',TIMESTAMP'2004-12-20 11:18:00',1),
	 (1727954,TIMESTAMP'2017-12-19 10:03:43','BCEID\DUGASA','00010005','00',1,'12-44 Disturbance Silv Activity Submission Brushin',NULL,'BCEID\DUGASA',TIMESTAMP'2017-12-19 10:03:56','BCEID\DUGASA',TIMESTAMP'2017-12-19 10:03:56',1),
	 (1494777,TIMESTAMP'2016-02-22 20:48:55','BCEID\TROGODIN','00010005','00',1,'12-51-P2_601_602_67_68_Silv_Act_2016-02-22.xml',NULL,'BCEID\TROGODIN',TIMESTAMP'2016-02-22 20:49:06','BCEID\TROGODIN',TIMESTAMP'2016-02-22 20:49:06',1),
	 (478185,TIMESTAMP'2008-06-02 00:00:00','BCEID\TCOUILLARD','00010004','00',1,'RES_B.TFL47_12U_12-44     .xml',NULL,'BCEID\TCOUILLARD',TIMESTAMP'2008-06-02 14:43:31','BCEID\TCOUILLARD',TIMESTAMP'2008-06-02 14:43:31',1),
	 (788550,TIMESTAMP'2010-02-01 00:00:00','BCEID\TCOUILLARD','00010004','00',1,'12-44 activity Feb.xml',NULL,'BCEID\TCOUILLARD',TIMESTAMP'2010-02-01 13:40:45','BCEID\TCOUILLARD',TIMESTAMP'2010-02-01 13:40:45',1),
	 (186247,TIMESTAMP'2006-03-20 00:00:00','BCEID\TCOUILLARD',NULL,NULL,1,'ACTIVITY_2006-03-20_03_56_00_PM.xml',NULL,'BCEID\TCOUILLARD',TIMESTAMP'2006-03-20 15:57:24','BCEID\TCOUILLARD',TIMESTAMP'2006-03-20 15:57:24',1),
	 (467587,TIMESTAMP'2008-05-05 00:00:00','BCEID\TCOUILLARD','00010004','00',1,'activity may2.xml',NULL,'BCEID\TCOUILLARD',TIMESTAMP'2008-05-05 14:05:34','BCEID\TCOUILLARD',TIMESTAMP'2008-05-05 14:05:34',1),
	 (437308,TIMESTAMP'2008-02-21 00:00:00','BCEID\TCOUILLARD',NULL,NULL,1,'12-44 activity.xml',NULL,'BCEID\TCOUILLARD',TIMESTAMP'2008-02-21 11:49:40','BCEID\TCOUILLARD',TIMESTAMP'2008-02-21 11:49:40',1);

INSERT INTO silva.opening (opening_id, geo_district_no, admin_district_no, mapsheet_grid, mapsheet_letter, mapsheet_square, mapsheet_quad, mapsheet_sub_quad, opening_number, opening_locn_name, open_category_code, licensee_opening_id, tsb_number_code, opening_status_code, org_unit_no, dist_admin_zone, max_allow_permnt_access_pct, prev_age_class_code, prev_site_index, prev_site_index_source_code, prev_height_class_code, prev_site_class_code, prev_stocking_class_code, prev_stocking_status_code, prev_tree_spp1_code, prev_tree_spp2_code, app_ent_by_userid, approve_date, amendment_ind, results_submission_id, entry_userid, entry_timestamp, update_userid, update_timestamp, revision_count) VALUES
	 (1004185,1,1,NULL,NULL,NULL,NULL,NULL,NULL,'47/12U','FTML',NULL,NULL,'FG',1,NULL,0.1,'5',37,'O','5',NULL,NULL,'IMM','FDC','HW',NULL,TIMESTAMP'2004-12-20 11:18:00',NULL,27379,'IDIR\adellavi',TIMESTAMP'2004-12-20 11:18:00','BCEID\DUGASA',TIMESTAMP'2017-12-19 10:03:56',40);

INSERT INTO silva.timber_mark (timber_mark, forest_file_id, cutting_permit_id, forest_district, geographic_distrct, cascade_split_code, quota_type_code, deciduous_ind, catastrophic_ind, crown_granted_ind, cruise_based_ind, certificate, hdbs_timber_mark, vm_timber_mark, tenure_term, bcaa_folio_number, activated_userid, amended_userid, district_admn_zone, granted_acqrd_date, lands_region, crown_granted_acq_desc, mark_status_st, mark_status_date, mark_amend_date, mark_appl_date, mark_cancel_date, mark_extend_date, mark_extend_rsn_cd, mark_extend_count, mark_issue_date, mark_expiry_date, markng_instrmnt_cd, marking_method_cd, entry_userid, entry_timestamp, update_userid, update_timestamp, revision_count, small_patch_salvage_ind, salvage_type_code) VALUES
	 ('47/12U','TFL47','12U',1,1,'W','A','N','N','N','N',NULL,NULL,'47/12U',48,NULL,NULL,NULL,'C6',NULL,'1',NULL,'HC',TIMESTAMP'2005-11-10 00:00:00',NULL,NULL,NULL,NULL,NULL,0,TIMESTAMP'2004-02-24 00:00:00',TIMESTAMP'2008-02-23 00:00:00','H','S','IDIR\cloggie',TIMESTAMP'2004-02-23 14:23:09','IDIR\SBONNETT',TIMESTAMP'2006-04-05 16:05:41',4,'N',NULL);

INSERT INTO silva.cut_block (cb_skey, hva_skey, forest_file_id, cutting_permit_id, timber_mark, cut_block_id, sp_exempt_ind, block_status_date, cut_block_description, cut_regulation_code, block_status_st, reforest_declare_type_code, revision_count, entry_userid, entry_timestamp, update_userid, update_timestamp, is_waste_assessment_required, cut_block_guid, fire_harvesting_reason_code, is_under_partition_order, reported_fire_date) VALUES
	 (189945,125896,'TFL47','12U','47/12U','12-44','N',TIMESTAMP'2006-04-05 00:00:00',NULL,NULL,'LC',NULL,3,'IDIR\cloggie',TIMESTAMP'2004-02-23 14:23:09','FTA 4.0 DATA CONVERSION',TIMESTAMP'2007-06-02 11:15:37','U','B9B090A0B2F8645AE05332B3228EA5A5',NULL,NULL,NULL);

INSERT INTO silva.cut_block_open_admin (cut_block_open_admin_id, forest_file_id, timber_mark, cut_block_id, cutting_permit_id, disturbance_gross_area, disturbance_start_date, disturbance_end_date, opening_id, opening_gross_area, planned_harvest_date, planned_gross_block_area, planned_net_block_area, opening_prime_licence_ind, cb_skey, revision_count, entry_userid, entry_timestamp, update_userid, update_timestamp) VALUES
	 (239370,'TFL47','47/12U','12-44','12U',22.8,TIMESTAMP'2004-09-08 00:00:00',TIMESTAMP'2004-10-01 00:00:00',1004185,79.4,TIMESTAMP'2004-04-17 00:00:00',22.9077,22.8,'Y',189945,11,'IDIR\cloggie',TIMESTAMP'2004-02-23 14:23:09','FTA 4.0 DATA CONVERSION',TIMESTAMP'2007-06-02 11:17:23');

INSERT INTO silva.activity_treatment_unit (activity_treatment_unit_id, activity_tu_seq_no, org_unit_no, opening_id, silviculture_project_id, project_unit_id, silv_base_code, silv_technique_code, silv_method_code, silv_objective_code_1, silv_objective_code_2, silv_objective_code_3, silv_fund_srce_code, silv_activity_measurement_code, activity_licensee_id, treatment_amount, actual_treatment_cost, act_planted_no, plan_silv_technique_code, plan_silv_method_code, plan_silv_fund_srce_code, planned_date, planned_treatment_amount, planned_treatment_cost, plan_silv_objective_code_1, plan_silv_objective_code_2, plan_silv_objective_code_3, target_prepared_spots, pruning_min_crown_pct, prune_height, stems_to_prune, min_acceptable_density, total_stems_per_ha, inter_tree_target_distance, inter_tree_variation, inter_tree_min_distance, max_trees_per_plot, max_trees_per_ha, survey_planned_num_plots, survey_actual_num_plots, survey_min_plots_per_stratum, silv_tree_species_code, atu_start_date, atu_completion_date, results_ind, unit_bid_price, fia_project_id, results_submission_id, disturbance_code, silv_system_code, silv_system_variant_code, silv_cut_phase_code, cut_block_open_admin_id, disturbance_completed_ind, entry_userid, entry_timestamp, update_userid, update_timestamp, revision_count) VALUES
	 (1672200,1,1,1004185,NULL,NULL,'SP','ME','RESTU','RT',NULL,NULL,'IA','HA','08611 08611',1.3,NULL,NULL,NULL,NULL,NULL,NULL,NULL,NULL,NULL,NULL,NULL,NULL,NULL,NULL,NULL,NULL,NULL,NULL,NULL,NULL,NULL,NULL,NULL,NULL,NULL,NULL,NULL,TIMESTAMP'2004-12-08 00:00:00','Y',NULL,NULL,54274,NULL,NULL,NULL,NULL,NULL,NULL,'BCEID\TCOUILLARD',TIMESTAMP'2005-03-30 13:20:44','BCEID\TCOUILLARD',TIMESTAMP'2005-03-30 13:20:44',2),
	 (1688848,2,1,1004185,NULL,NULL,'PL','SE','CONE','CE',NULL,NULL,'IA','HA','08835 08835',2.1,NULL,NULL,NULL,NULL,NULL,NULL,NULL,NULL,NULL,NULL,NULL,NULL,NULL,NULL,NULL,NULL,NULL,NULL,NULL,NULL,NULL,NULL,NULL,NULL,NULL,NULL,NULL,TIMESTAMP'2005-03-04 00:00:00','Y',NULL,NULL,73674,NULL,NULL,NULL,NULL,NULL,NULL,'BCEID\TCOUILLARD',TIMESTAMP'2005-05-18 14:17:39','BCEID\TCOUILLARD',TIMESTAMP'2005-05-18 14:17:39',2),
	 (1714007,3,1,1004185,NULL,NULL,'DN','HV',NULL,NULL,NULL,NULL,NULL,'HA','1000123',22.8,NULL,NULL,NULL,NULL,NULL,NULL,NULL,NULL,NULL,NULL,NULL,NULL,NULL,NULL,NULL,NULL,NULL,NULL,NULL,NULL,NULL,NULL,NULL,NULL,NULL,NULL,TIMESTAMP'2004-09-08 00:00:00',TIMESTAMP'2004-10-01 00:00:00','Y',NULL,NULL,105148,'L','CLEAR',NULL,'REMOV',239370,'N','BCEID\TCOUILLARD',TIMESTAMP'2005-08-03 11:37:35','BCEID\TCOUILLARD',TIMESTAMP'2005-08-03 12:32:44',2),
	 (1715078,4,1,1004185,NULL,NULL,'PC','SE','REPEL','A',NULL,NULL,'IA','HA','09189 09189',15.5,NULL,NULL,NULL,NULL,NULL,NULL,NULL,NULL,NULL,NULL,NULL,NULL,NULL,NULL,NULL,NULL,NULL,NULL,NULL,NULL,NULL,NULL,NULL,NULL,NULL,NULL,NULL,TIMESTAMP'2005-03-25 00:00:00','Y',NULL,NULL,106302,NULL,NULL,NULL,NULL,NULL,NULL,'BCEID\TCOUILLARD',TIMESTAMP'2005-08-08 10:24:33','BCEID\TCOUILLARD',TIMESTAMP'2005-08-08 10:24:33',2),
	 (2016610,10,1,1004185,NULL,NULL,'SU','RG','PLOT','RG',NULL,NULL,'IA','HA','11448 11448',30.7,NULL,NULL,NULL,NULL,NULL,NULL,NULL,NULL,NULL,NULL,NULL,NULL,NULL,NULL,NULL,NULL,NULL,NULL,NULL,NULL,NULL,NULL,NULL,NULL,NULL,NULL,NULL,TIMESTAMP'2007-10-15 00:00:00','Y',NULL,NULL,398409,NULL,NULL,NULL,NULL,NULL,NULL,'BCEID\TCOUILLARD',TIMESTAMP'2007-11-20 13:41:26','BCEID\TCOUILLARD',TIMESTAMP'2007-11-20 13:41:26',1),
	 (2541570,23,1,1004185,NULL,NULL,'BR','MA','MANSB',NULL,NULL,NULL,'IA','HA','549869',4,NULL,NULL,NULL,NULL,NULL,NULL,NULL,NULL,NULL,NULL,NULL,NULL,NULL,NULL,NULL,NULL,NULL,NULL,NULL,NULL,NULL,NULL,NULL,NULL,NULL,NULL,NULL,TIMESTAMP'2010-06-24 00:00:00','Y',NULL,NULL,876882,NULL,NULL,NULL,NULL,NULL,NULL,'BCEID\TCOUILLARD',TIMESTAMP'2011-01-24 15:48:49','BCEID\TCOUILLARD',TIMESTAMP'2011-01-24 15:48:49',1),
	 (2541571,24,1,1004185,NULL,NULL,'BR','MA','POWER',NULL,NULL,NULL,'IA','HA','549870',5.5,NULL,NULL,NULL,NULL,NULL,NULL,NULL,NULL,NULL,NULL,NULL,NULL,NULL,NULL,NULL,NULL,NULL,NULL,NULL,NULL,NULL,NULL,NULL,NULL,NULL,NULL,NULL,TIMESTAMP'2010-06-24 00:00:00','Y',NULL,NULL,876882,NULL,NULL,NULL,NULL,NULL,NULL,'BCEID\TCOUILLARD',TIMESTAMP'2011-01-24 15:48:49','BCEID\TCOUILLARD',TIMESTAMP'2011-01-24 15:48:49',1),
	 (1806927,6,1,1004185,NULL,NULL,'BR','MA','MANSB','CGE',NULL,NULL,'IA','HA','09989 09989',0.8,NULL,NULL,NULL,NULL,NULL,NULL,NULL,NULL,NULL,NULL,NULL,NULL,NULL,NULL,NULL,NULL,NULL,NULL,NULL,NULL,NULL,NULL,NULL,NULL,NULL,NULL,NULL,TIMESTAMP'2006-07-08 00:00:00','Y',NULL,NULL,245827,NULL,NULL,NULL,NULL,NULL,NULL,'BCEID\TCOUILLARD',TIMESTAMP'2006-08-08 10:47:39','BCEID\TCOUILLARD',TIMESTAMP'2006-08-08 10:47:39',2),
	 (1806928,7,1,1004185,NULL,NULL,'PL','SE','CONE','CE',NULL,NULL,'IA','HA','10019 10019',0.8,NULL,NULL,NULL,NULL,NULL,NULL,NULL,NULL,NULL,NULL,NULL,NULL,NULL,NULL,NULL,NULL,NULL,NULL,NULL,NULL,NULL,NULL,NULL,NULL,NULL,NULL,NULL,TIMESTAMP'2006-03-01 00:00:00','Y',NULL,NULL,245827,NULL,NULL,NULL,NULL,NULL,NULL,'BCEID\TCOUILLARD',TIMESTAMP'2006-08-08 10:47:39','BCEID\TCOUILLARD',TIMESTAMP'2006-08-08 10:47:39',2),
	 (1806985,8,1,1004185,NULL,NULL,'PL','PL','CTAIN','CE',NULL,NULL,'IA','HA','10016 02541',11.6,NULL,12740,NULL,NULL,NULL,NULL,NULL,NULL,NULL,NULL,NULL,NULL,NULL,NULL,NULL,NULL,NULL,NULL,NULL,NULL,NULL,NULL,NULL,NULL,NULL,NULL,NULL,TIMESTAMP'2006-03-01 00:00:00','Y',NULL,NULL,245849,NULL,NULL,NULL,NULL,NULL,NULL,'BCEID\TCOUILLARD',TIMESTAMP'2006-08-08 11:32:38','BCEID\TCOUILLARD',TIMESTAMP'2006-08-08 11:32:38',2),
	 (1806986,9,1,1004185,NULL,NULL,'PL','RO','CTAIN','CE',NULL,NULL,'IA','HA','10018 02543',1,NULL,180,NULL,NULL,NULL,NULL,NULL,NULL,NULL,NULL,NULL,NULL,NULL,NULL,NULL,NULL,NULL,NULL,NULL,NULL,NULL,NULL,NULL,NULL,NULL,NULL,NULL,TIMESTAMP'2006-03-01 00:00:00','Y',NULL,NULL,245849,NULL,NULL,NULL,NULL,NULL,NULL,'BCEID\TCOUILLARD',TIMESTAMP'2006-08-08 11:32:38','BCEID\TCOUILLARD',TIMESTAMP'2006-08-08 11:32:38',2),
	 (2394550,19,1,1004185,NULL,NULL,'BR','MA','MANSB',NULL,NULL,NULL,'IA','HA','547492',8.3,NULL,NULL,NULL,NULL,NULL,NULL,NULL,NULL,NULL,NULL,NULL,NULL,NULL,NULL,NULL,NULL,NULL,NULL,NULL,NULL,NULL,NULL,NULL,NULL,NULL,NULL,NULL,TIMESTAMP'2009-05-04 00:00:00','Y',NULL,NULL,788550,NULL,NULL,NULL,NULL,NULL,NULL,'BCEID\TCOUILLARD',TIMESTAMP'2010-02-01 13:40:45','BCEID\TCOUILLARD',TIMESTAMP'2010-02-01 13:40:45',1),
	 (2394551,20,1,1004185,NULL,NULL,'BR','MA','POWER',NULL,NULL,NULL,'IA','HA','547493',7.7,NULL,NULL,NULL,NULL,NULL,NULL,NULL,NULL,NULL,NULL,NULL,NULL,NULL,NULL,NULL,NULL,NULL,NULL,NULL,NULL,NULL,NULL,NULL,NULL,NULL,NULL,NULL,TIMESTAMP'2009-05-13 00:00:00','Y',NULL,NULL,788550,NULL,NULL,NULL,NULL,NULL,NULL,'BCEID\TCOUILLARD',TIMESTAMP'2010-02-01 13:40:45','BCEID\TCOUILLARD',TIMESTAMP'2010-02-01 13:40:45',1),
	 (2394552,21,1,1004185,NULL,NULL,'SU','RA','PLOT',NULL,NULL,NULL,'IA','HA','534424',30.7,NULL,NULL,NULL,NULL,NULL,NULL,NULL,NULL,NULL,NULL,NULL,NULL,NULL,NULL,NULL,NULL,NULL,NULL,NULL,NULL,NULL,NULL,NULL,NULL,NULL,NULL,NULL,TIMESTAMP'2009-11-19 00:00:00','Y',NULL,NULL,788550,NULL,NULL,NULL,NULL,NULL,NULL,'BCEID\TCOUILLARD',TIMESTAMP'2010-02-01 13:40:45','BCEID\TCOUILLARD',TIMESTAMP'2010-02-01 13:40:45',1),
	 (2394553,22,1,1004185,NULL,NULL,'PC','SE','MAINT',NULL,NULL,NULL,'IA','HA','547494',7.1,NULL,NULL,NULL,NULL,NULL,NULL,NULL,NULL,NULL,NULL,NULL,NULL,NULL,NULL,NULL,NULL,NULL,NULL,NULL,NULL,NULL,NULL,NULL,NULL,NULL,NULL,NULL,TIMESTAMP'2009-10-15 00:00:00','Y',NULL,NULL,788550,NULL,NULL,NULL,NULL,NULL,NULL,'BCEID\TCOUILLARD',TIMESTAMP'2010-02-01 13:40:45','BCEID\TCOUILLARD',TIMESTAMP'2010-02-01 13:40:45',1),
	 (1764467,5,1,1004185,NULL,NULL,'FE','CG','GRANU',NULL,NULL,NULL,'FIL','HA','09761 09761',10.7,NULL,NULL,NULL,NULL,NULL,NULL,NULL,NULL,NULL,NULL,NULL,NULL,NULL,NULL,NULL,NULL,NULL,NULL,NULL,NULL,NULL,NULL,NULL,NULL,NULL,NULL,NULL,TIMESTAMP'2006-02-14 00:00:00','Y',NULL,NULL,186247,NULL,NULL,NULL,NULL,NULL,NULL,'BCEID\TCOUILLARD',TIMESTAMP'2006-03-20 15:57:24','BCEID\TCOUILLARD',TIMESTAMP'2006-03-20 15:57:24',2),
	 (2200143,15,1,1004185,NULL,NULL,'PC','SE','MAINT',NULL,NULL,NULL,'IA','HA','544443',5,NULL,NULL,NULL,NULL,NULL,NULL,NULL,NULL,NULL,NULL,NULL,NULL,NULL,NULL,NULL,NULL,NULL,NULL,NULL,NULL,NULL,NULL,NULL,NULL,NULL,NULL,NULL,TIMESTAMP'2008-10-31 00:00:00','Y',NULL,NULL,520772,NULL,NULL,NULL,NULL,NULL,NULL,'BCEID\TCOUILLARD',TIMESTAMP'2008-12-04 13:27:21','BCEID\TCOUILLARD',TIMESTAMP'2008-12-04 13:27:21',1),
	 (2200144,16,1,1004185,NULL,NULL,'BR','MA','POWER',NULL,NULL,NULL,'IA','HA','544442',2.7,NULL,NULL,NULL,NULL,NULL,NULL,NULL,NULL,NULL,NULL,NULL,NULL,NULL,NULL,NULL,NULL,NULL,NULL,NULL,NULL,NULL,NULL,NULL,NULL,NULL,NULL,NULL,TIMESTAMP'2008-11-07 00:00:00','Y',NULL,NULL,520772,NULL,NULL,NULL,NULL,NULL,NULL,'BCEID\TCOUILLARD',TIMESTAMP'2008-12-04 13:27:21','BCEID\TCOUILLARD',TIMESTAMP'2008-12-04 13:27:21',1),
	 (2200145,17,1,1004185,NULL,NULL,'BR','MA','MANSB',NULL,NULL,NULL,'IA','HA','544441',2,NULL,NULL,NULL,NULL,NULL,NULL,NULL,NULL,NULL,NULL,NULL,NULL,NULL,NULL,NULL,NULL,NULL,NULL,NULL,NULL,NULL,NULL,NULL,NULL,NULL,NULL,NULL,TIMESTAMP'2008-07-17 00:00:00','Y',NULL,NULL,520772,NULL,NULL,NULL,NULL,NULL,NULL,'BCEID\TCOUILLARD',TIMESTAMP'2008-12-04 13:27:21','BCEID\TCOUILLARD',TIMESTAMP'2008-12-04 13:27:21',1),
	 (2218729,18,1,1004185,NULL,NULL,'BR','MA','BRUSH',NULL,NULL,NULL,'IA','HA','544949',1.5,NULL,NULL,NULL,NULL,NULL,NULL,NULL,NULL,NULL,NULL,NULL,NULL,NULL,NULL,NULL,NULL,NULL,NULL,NULL,NULL,NULL,NULL,NULL,NULL,NULL,NULL,NULL,TIMESTAMP'2008-12-16 00:00:00','Y',NULL,NULL,533442,NULL,NULL,NULL,NULL,NULL,NULL,'BCEID\TCOUILLARD',TIMESTAMP'2009-01-19 13:47:25','BCEID\TCOUILLARD',TIMESTAMP'2009-01-19 13:47:25',1);
INSERT INTO silva.activity_treatment_unit (activity_treatment_unit_id, activity_tu_seq_no, org_unit_no, opening_id, silviculture_project_id, project_unit_id, silv_base_code, silv_technique_code, silv_method_code, silv_objective_code_1, silv_objective_code_2, silv_objective_code_3, silv_fund_srce_code, silv_activity_measurement_code, activity_licensee_id, treatment_amount, actual_treatment_cost, act_planted_no, plan_silv_technique_code, plan_silv_method_code, plan_silv_fund_srce_code, planned_date, planned_treatment_amount, planned_treatment_cost, plan_silv_objective_code_1, plan_silv_objective_code_2, plan_silv_objective_code_3, target_prepared_spots, pruning_min_crown_pct, prune_height, stems_to_prune, min_acceptable_density, total_stems_per_ha, inter_tree_target_distance, inter_tree_variation, inter_tree_min_distance, max_trees_per_plot, max_trees_per_ha, survey_planned_num_plots, survey_actual_num_plots, survey_min_plots_per_stratum, silv_tree_species_code, atu_start_date, atu_completion_date, results_ind, unit_bid_price, fia_project_id, results_submission_id, disturbance_code, silv_system_code, silv_system_variant_code, silv_cut_phase_code, cut_block_open_admin_id, disturbance_completed_ind, entry_userid, entry_timestamp, update_userid, update_timestamp, revision_count) VALUES
	 (2070207,11,1,1004185,NULL,NULL,'BR','MA','MANSB',NULL,NULL,NULL,'IA','HA','520343',1,NULL,NULL,NULL,NULL,NULL,NULL,NULL,NULL,NULL,NULL,NULL,NULL,NULL,NULL,NULL,NULL,NULL,NULL,NULL,NULL,NULL,NULL,NULL,NULL,NULL,NULL,NULL,TIMESTAMP'2007-06-28 00:00:00','Y',NULL,NULL,437308,NULL,NULL,NULL,NULL,NULL,NULL,'BCEID\TCOUILLARD',TIMESTAMP'2008-02-21 11:49:40','BCEID\TCOUILLARD',TIMESTAMP'2008-02-21 11:49:40',1),
	 (2070208,12,1,1004185,NULL,NULL,'PC','SE','MAINT',NULL,NULL,NULL,'IA','HA','520344',4,NULL,NULL,NULL,NULL,NULL,NULL,NULL,NULL,NULL,NULL,NULL,NULL,NULL,NULL,NULL,NULL,NULL,NULL,NULL,NULL,NULL,NULL,NULL,NULL,NULL,NULL,NULL,TIMESTAMP'2007-06-28 00:00:00','Y',NULL,NULL,437308,NULL,NULL,NULL,NULL,NULL,NULL,'BCEID\TCOUILLARD',TIMESTAMP'2008-02-21 11:49:40','BCEID\TCOUILLARD',TIMESTAMP'2008-02-21 11:49:40',1),
	 (2117869,13,1,1004185,NULL,NULL,'SU','RG','PLOT','RG',NULL,NULL,'IA','HA','495010',33.7,NULL,NULL,NULL,NULL,NULL,NULL,NULL,NULL,NULL,NULL,NULL,NULL,NULL,NULL,NULL,NULL,NULL,NULL,NULL,NULL,NULL,NULL,NULL,NULL,NULL,NULL,NULL,TIMESTAMP'2007-10-15 00:00:00','Y',NULL,NULL,467587,NULL,NULL,NULL,NULL,NULL,NULL,'BCEID\TCOUILLARD',TIMESTAMP'2008-05-05 14:05:34','BCEID\TCOUILLARD',TIMESTAMP'2008-05-05 14:05:34',1),
	 (2133320,14,1,1004185,NULL,NULL,'PL','RO','CTAIN',NULL,NULL,NULL,'IA','HA','539153',0.1,NULL,30,NULL,NULL,NULL,NULL,NULL,NULL,NULL,NULL,NULL,NULL,NULL,NULL,NULL,NULL,NULL,NULL,NULL,NULL,NULL,NULL,NULL,NULL,NULL,NULL,NULL,TIMESTAMP'2008-05-02 00:00:00','Y',NULL,NULL,478185,NULL,NULL,NULL,NULL,NULL,NULL,'BCEID\TCOUILLARD',TIMESTAMP'2008-06-02 14:43:31','BCEID\TCOUILLARD',TIMESTAMP'2008-06-02 14:43:31',2),
	 (3487257,29,1,1004185,NULL,NULL,'BR','MA','HANDR',NULL,NULL,NULL,'IA','HA','575191',0.1,NULL,NULL,NULL,NULL,NULL,NULL,NULL,NULL,NULL,NULL,NULL,NULL,NULL,NULL,NULL,NULL,NULL,NULL,NULL,NULL,NULL,NULL,NULL,NULL,NULL,NULL,NULL,TIMESTAMP'2017-06-01 00:00:00','Y',NULL,NULL,1727954,NULL,NULL,NULL,NULL,NULL,NULL,'BCEID\DUGASA',TIMESTAMP'2017-12-19 10:03:56','BCEID\DUGASA',TIMESTAMP'2017-12-19 10:03:56',1),
	 (3322195,26,1,1004185,NULL,NULL,'SU','FG','PLOT',NULL,NULL,NULL,'IA','HA','547141',32.6,NULL,NULL,NULL,NULL,NULL,NULL,NULL,NULL,NULL,NULL,NULL,NULL,NULL,NULL,NULL,NULL,NULL,NULL,NULL,NULL,NULL,NULL,NULL,NULL,NULL,NULL,NULL,TIMESTAMP'2015-02-20 00:00:00','Y',NULL,NULL,1494777,NULL,NULL,NULL,NULL,NULL,NULL,'BCEID\TROGODIN',TIMESTAMP'2016-02-22 20:49:06','BCEID\TROGODIN',TIMESTAMP'2016-02-22 20:49:06',1),
	 (3322196,27,1,1004185,NULL,NULL,'PC','SE','MAINT',NULL,NULL,NULL,'IA','HA','565976',0.5,NULL,NULL,NULL,NULL,NULL,NULL,NULL,NULL,NULL,NULL,NULL,NULL,NULL,NULL,NULL,NULL,NULL,NULL,NULL,NULL,NULL,NULL,NULL,NULL,NULL,NULL,NULL,TIMESTAMP'2015-11-23 00:00:00','Y',NULL,NULL,1494777,NULL,NULL,NULL,NULL,NULL,NULL,'BCEID\TROGODIN',TIMESTAMP'2016-02-22 20:49:06','BCEID\TROGODIN',TIMESTAMP'2016-02-22 20:49:06',1),
	 (3322197,28,1,1004185,NULL,NULL,'BR','MA','POWER',NULL,NULL,NULL,'IA','HA','565975',3,NULL,NULL,NULL,NULL,NULL,NULL,NULL,NULL,NULL,NULL,NULL,NULL,NULL,NULL,NULL,NULL,NULL,NULL,NULL,NULL,NULL,NULL,NULL,NULL,NULL,NULL,NULL,TIMESTAMP'2015-11-23 00:00:00','Y',NULL,NULL,1494777,NULL,NULL,NULL,NULL,NULL,NULL,'BCEID\TROGODIN',TIMESTAMP'2016-02-22 20:49:06','BCEID\TROGODIN',TIMESTAMP'2016-02-22 20:49:06',1),
	 (2787042,25,1,1004185,NULL,NULL,'SU','RA','WALK',NULL,NULL,NULL,'IA','HA','554449',30.7,NULL,NULL,NULL,NULL,NULL,NULL,NULL,NULL,NULL,NULL,NULL,NULL,NULL,NULL,NULL,NULL,NULL,NULL,NULL,NULL,NULL,NULL,NULL,NULL,NULL,NULL,NULL,TIMESTAMP'2012-01-01 00:00:00','Y',NULL,NULL,1127146,NULL,NULL,NULL,NULL,NULL,NULL,'BCEID\TCOUILLARD',TIMESTAMP'2012-07-06 10:24:56','BCEID\TCOUILLARD',TIMESTAMP'2012-07-06 10:24:56',1);

INSERT INTO silva.standards_regime (standards_regime_id, standards_regime_name, standards_regime_status_code, silv_statute_code, standards_objective, geographic_description, mof_default_standard_ind, regen_delay_offset_yrs, regen_obligation_ind, no_regen_early_offset_yrs, no_regen_late_offset_yrs, free_growing_early_offset_yrs, free_growing_late_offset_yrs, approved_by_userid, approved_date, submitted_by_userid, submitted_date, effective_date, expiry_date, additional_standards, reject_note, entry_userid, entry_timestamp, update_userid, update_timestamp, revision_count) VALUES
	 (9166,NULL,'APP',NULL,NULL,NULL,'N',3,'Y',NULL,NULL,8,11,'RESULTS_CNV',TIMESTAMP'2004-03-30 22:56:37',NULL,TIMESTAMP'2004-03-30 22:56:37',TIMESTAMP'2003-07-07 00:00:00',NULL,'(ALL580) ; ALL SPECIES - Min. intertree distance will be 2.0m except as noted in FDP document (roadsides, streams, NP areas, talus, salal, floodplain sites, high brush hazard sites etc.),; (HW50) ; HW-restricted to sites where the species occurs as a major species in a pre-harvest, natural stand; (HW584) ; HW - limited to 35% of MSP; (HW585) ; HW - preferred within 30m of North facing edge',NULL,'RESULTS_CNV',TIMESTAMP'2004-03-30 22:56:37','RESULTS_CNV',TIMESTAMP'2004-03-30 22:56:37',2),
	 (9173,NULL,'APP',NULL,NULL,NULL,'N',3,'Y',NULL,NULL,8,11,'RESULTS_CNV',TIMESTAMP'2004-03-30 22:56:38',NULL,TIMESTAMP'2004-03-30 22:56:38',TIMESTAMP'2003-07-07 00:00:00',NULL,'(ALL580) ; ALL SPECIES - Min. intertree distance will be 2.0m except as noted in FDP document (roadsides, streams, NP areas, talus, salal, floodplain sites, high brush hazard sites etc.),; (HW1) ; HW-elevated microsites are preferred; (HW2) ; HW-suitable on thick forest floors; (CW1) ; CW-elevated microsites are preferred; (PW31) ; PW-risk of white pine blister rust; (PW581) ; PW - unless rust resistant planted stock, can not contribute to MSS and limited to 10% of TSS.; (SS35) ; SS-risk of weevil damage; (SS582) ; SS - unless weevil resistant planted stock, can not contribute to MSS and limited to 10% of TSS.',NULL,'RESULTS_CNV',TIMESTAMP'2004-03-30 22:56:38','RESULTS_CNV',TIMESTAMP'2004-03-30 22:56:38',2);

INSERT INTO silva.stocking_standard_unit (stocking_standard_unit_id, opening_id, standards_unit_id, standards_regime_id, net_area, max_allow_soil_disturbance_pct, variance_ind, entry_userid, entry_timestamp, update_userid, update_timestamp, revision_count) VALUES
	 (1006416,1004185,'B',9173,2,0,'Y','IDIR\adellavi',TIMESTAMP'2004-12-20 11:18:00','IDIR\EHPARSON',TIMESTAMP'2005-06-27 10:34:46',5),
	 (1006417,1004185,'A',9166,28.7,0,'Y','IDIR\adellavi',TIMESTAMP'2004-12-20 11:18:01','BCEID\TCOUILLARD',TIMESTAMP'2006-11-01 09:09:18',7);

INSERT INTO silva.stocking_milestone (stocking_standard_unit_id, silv_milestone_type_code, results_submission_id, declared_date, declared_userid, declare_ind, declaration_submitted_date, early_offset_years, late_offset_years, due_early_date, due_late_date, entry_userid, entry_timestamp, update_userid, update_timestamp, revision_count, extent_feasible_declared_ind) VALUES
	 (1006416,'FG',NULL,TIMESTAMP'2015-04-16 00:00:00','BCEID\RMMONCHAK','Y',TIMESTAMP'2015-11-25 17:21:26',8,11,TIMESTAMP'2012-09-08 00:00:00',TIMESTAMP'2015-09-08 00:00:00','IDIR\EHPARSON',TIMESTAMP'2005-06-27 10:27:23','BCEID\DUGASA',TIMESTAMP'2017-12-19 10:03:56',41,'N'),
	 (1006416,'PH',NULL,NULL,NULL,NULL,NULL,NULL,NULL,NULL,NULL,'IDIR\EHPARSON',TIMESTAMP'2005-06-27 10:27:23','BCEID\DUGASA',TIMESTAMP'2017-12-19 10:03:56',40,'N'),
	 (1006416,'RG',NULL,TIMESTAMP'2007-10-30 00:00:00','BCEID\RMMONCHAK','Y',TIMESTAMP'2007-10-30 11:23:26',NULL,3,NULL,TIMESTAMP'2007-09-08 00:00:00','IDIR\EHPARSON',TIMESTAMP'2005-06-27 10:27:23','BCEID\DUGASA',TIMESTAMP'2017-12-19 10:03:56',41,'N'),
	 (1006417,'FG',NULL,TIMESTAMP'2015-04-16 00:00:00','BCEID\RMMONCHAK','Y',TIMESTAMP'2015-11-25 17:21:13',8,11,TIMESTAMP'2012-09-08 00:00:00',TIMESTAMP'2015-09-08 00:00:00','IDIR\EHPARSON',TIMESTAMP'2005-06-27 09:48:44','BCEID\DUGASA',TIMESTAMP'2017-12-19 10:03:56',41,'N'),
	 (1006417,'PH',NULL,NULL,NULL,NULL,NULL,NULL,NULL,NULL,NULL,'IDIR\EHPARSON',TIMESTAMP'2005-06-27 09:48:44','BCEID\DUGASA',TIMESTAMP'2017-12-19 10:03:56',40,'N'),
	 (1006417,'RG',NULL,TIMESTAMP'2007-10-30 00:00:00','BCEID\RMMONCHAK','Y',TIMESTAMP'2007-10-30 11:23:15',NULL,3,NULL,TIMESTAMP'2007-09-08 00:00:00','IDIR\EHPARSON',TIMESTAMP'2005-06-27 09:48:44','BCEID\DUGASA',TIMESTAMP'2017-12-19 10:03:56',41,'N');

INSERT INTO silva.stocking_ecology (stocking_ecology_id, opening_id, stocking_standard_unit_id, bec_region_code, bgc_zone_code, bgc_subzone_code, bgc_variant, bgc_phase, bec_site_series, bec_site_type, bec_seral, entry_userid, entry_timestamp, update_userid, update_timestamp, revision_count) VALUES
	 (1006476,1004185,1006416,NULL,'CWH','xm','2',NULL,'12',NULL,NULL,'IDIR\adellavi',TIMESTAMP'2004-12-20 11:18:00','IDIR\EHPARSON',TIMESTAMP'2005-06-27 10:27:22',2),
	 (1006477,1004185,1006417,NULL,'CWH','xm','2',NULL,'01',NULL,NULL,'IDIR\adellavi',TIMESTAMP'2004-12-20 11:18:01','BCEID\TCOUILLARD',TIMESTAMP'2006-11-01 09:09:18',4);

INSERT INTO silva.stocking_layer (stocking_layer_id, stocking_standard_unit_id, opening_id, stocking_layer_code, target_stocking, residual_basal_area, min_horizontal_distance, min_pref_stocking_standard, min_post_spacing, min_stocking_standard, max_post_spacing, max_conifer, hght_relative_to_comp, tree_size_unit_code, entry_userid, entry_timestamp, update_userid, update_timestamp, revision_count) VALUES
	 (1028203,1006417,1004185,'4',800,NULL,2,400,NULL,500,NULL,NULL,150,'%','IDIR\EHPARSON',TIMESTAMP'2005-06-27 09:48:44','IDIR\EHPARSON',TIMESTAMP'2005-06-27 10:18:12',2),
	 (1028207,1006416,1004185,'4',800,NULL,1,400,NULL,400,NULL,NULL,150,'%','IDIR\EHPARSON',TIMESTAMP'2005-06-27 10:27:23','IDIR\EHPARSON',TIMESTAMP'2005-06-27 10:36:18',2);

INSERT INTO silva.stocking_layer_species (stocking_layer_id, silv_tree_species_code, species_order, preferred_ind, min_height, entry_userid, entry_timestamp, update_userid, update_timestamp, revision_count) VALUES
	 (1028203,'BG',3,'Y',3.5,'IDIR\EHPARSON',TIMESTAMP'2005-06-27 09:48:44','IDIR\EHPARSON',TIMESTAMP'2005-06-27 09:48:44',1),
	 (1028203,'CW',1,'Y',2,'IDIR\EHPARSON',TIMESTAMP'2005-06-27 09:48:44','IDIR\EHPARSON',TIMESTAMP'2005-06-27 09:48:44',1),
	 (1028203,'FDC',2,'Y',4,'IDIR\EHPARSON',TIMESTAMP'2005-06-27 09:48:44','IDIR\EHPARSON',TIMESTAMP'2005-06-27 09:48:44',1),
	 (1028203,'HW',4,'Y',3,'IDIR\EHPARSON',TIMESTAMP'2005-06-27 09:48:44','IDIR\EHPARSON',TIMESTAMP'2005-06-27 09:48:44',1),
	 (1028203,'PW',5,'N',2.5,'IDIR\EHPARSON',TIMESTAMP'2005-06-27 09:48:44','IDIR\EHPARSON',TIMESTAMP'2005-06-27 09:48:44',1),
	 (1028207,'CW',2,'Y',1,'IDIR\EHPARSON',TIMESTAMP'2005-06-27 10:27:23','IDIR\EHPARSON',TIMESTAMP'2005-06-27 10:27:23',1),
	 (1028207,'HW',1,'Y',2,'IDIR\EHPARSON',TIMESTAMP'2005-06-27 10:27:23','IDIR\EHPARSON',TIMESTAMP'2005-06-27 10:27:23',1),
	 (1028207,'PW',3,'N',2.5,'IDIR\EHPARSON',TIMESTAMP'2005-06-27 10:27:23','IDIR\EHPARSON',TIMESTAMP'2005-06-27 10:27:23',1),
	 (1028207,'SS',4,'N',1.5,'IDIR\EHPARSON',TIMESTAMP'2005-06-27 10:27:23','IDIR\EHPARSON',TIMESTAMP'2005-06-27 10:27:23',1);

INSERT INTO silva.forest_cover (forest_cover_id, opening_id, stocking_standard_unit_id, silv_polygon_no, silv_polygon_area, silv_polygon_net_area, stocking_class_code, stocking_status_code, stocking_type_code, reference_year, reentry_year, site_class_code, site_index, site_index_source_code, silv_reserve_code, silv_reserve_objective_code, tree_species_code, tree_cover_pattern_code, results_submission_id, entry_userid, entry_timestamp, update_userid, update_timestamp, revision_count) VALUES
	 (3416434,1004185,1006417,'A',31.1,27.7,NULL,'IMM','ART',2015,NULL,NULL,36,'H',NULL,NULL,'FDC',NULL,1513319,'BCEID\TROGODIN',TIMESTAMP'2008-04-24 15:30:37','BCEID\TROGODIN',TIMESTAMP'2016-04-11 21:52:11',2),
	 (3416435,1004185,1006416,'B',1.6,1.6,NULL,'IMM','ART',2015,NULL,NULL,36,'H',NULL,NULL,'HW',NULL,1513319,'BCEID\TROGODIN',TIMESTAMP'2008-04-24 15:30:37','BCEID\TROGODIN',TIMESTAMP'2016-04-11 21:52:11',2),
	 (3416436,1004185,NULL,'1',1.5,1.5,NULL,'IMM','NAT',2003,NULL,NULL,30,'H','G','OTH','FDC',NULL,1513319,'BCEID\TROGODIN',TIMESTAMP'2008-04-24 15:30:37','BCEID\TROGODIN',TIMESTAMP'2016-04-11 21:52:11',1),
	 (3416437,1004185,NULL,'2',17.8,17.8,NULL,'IMM','NAT',2003,NULL,NULL,33,'H','G','RMA','FDC',NULL,1513319,'BCEID\TROGODIN',TIMESTAMP'2008-04-24 15:30:37','BCEID\TROGODIN',TIMESTAMP'2016-04-11 21:52:11',1),
	 (3416438,1004185,NULL,'3',11.9,11.9,NULL,'IMM','NAT',2003,NULL,NULL,36,'H','G','OTH','FDC',NULL,1513319,'BCEID\TROGODIN',TIMESTAMP'2008-04-24 15:30:37','BCEID\TROGODIN',TIMESTAMP'2016-04-11 21:52:11',1),
	 (3416439,1004185,NULL,'4',2.5,2.5,NULL,'IMM','NAT',2003,NULL,NULL,24,'H','G','WTR','FDC',NULL,1513319,'BCEID\TROGODIN',TIMESTAMP'2008-04-24 15:30:37','BCEID\TROGODIN',TIMESTAMP'2016-04-11 21:52:11',1);

INSERT INTO silva.opening_amendment_history (opening_id, opening_amendment_number, amendment_userid, amendment_date, submitted_by_userid, submitted_date, app_ent_by_userid, approve_date, entry_userid, entry_timestamp, update_userid, update_timestamp, revision_count) VALUES
	 (1004185,1,'BCEID\CBUSS',TIMESTAMP'2005-03-30 13:24:12',NULL,NULL,NULL,NULL,'BCEID\CBUSS',TIMESTAMP'2005-03-30 13:24:12','BCEID\CBUSS',TIMESTAMP'2005-03-30 13:24:12',1),
	 (1004185,2,'BCEID\TCOUILLARD',TIMESTAMP'2006-11-01 09:07:30',NULL,NULL,NULL,NULL,'BCEID\TCOUILLARD',TIMESTAMP'2006-11-01 09:07:30','BCEID\TCOUILLARD',TIMESTAMP'2006-11-01 09:07:30',1),
	 (1004185,3,'BCEID\TCOUILLARD',TIMESTAMP'2006-11-01 09:09:18',NULL,NULL,NULL,NULL,'BCEID\TCOUILLARD',TIMESTAMP'2006-11-01 09:09:18','BCEID\TCOUILLARD',TIMESTAMP'2006-11-01 09:09:18',1);


INSERT INTO silva.stocking_event_history (stocking_event_history_id, opening_id, opening_amendment_id, opening_amendment_number, results_audit_action_code, submitted_userid, results_submission_id, amend_event_timestamp, entry_userid, entry_timestamp, revision_count) VALUES
	 (1368807,1004185,1004185,3,'O','Results data conversion',NULL,TIMESTAMP'2008-03-11 14:35:29','Results data conversion',TIMESTAMP'2008-03-11 14:35:29',1);

INSERT INTO silva.results_audit_event (results_audit_event_id, opening_id, standards_regime_id, silviculture_project_id, results_audit_action_code, action_date, description, user_id, email_sent_ind, xml_submission_id, opening_amendment_number, entry_userid, entry_timestamp) VALUES
	 (70892,1004185,NULL,NULL,'ES',TIMESTAMP'2004-12-20 11:18:00','Opening: Ministry =  43',NULL,'Y',27379,NULL,'IDIR\adellavi',TIMESTAMP'2004-12-20 11:18:00'),
	 (70893,1004185,1,NULL,'ES',TIMESTAMP'2004-12-20 11:18:00','Standard was changed.',NULL,'N',NULL,NULL,'IDIR\adellavi',TIMESTAMP'2004-12-20 11:18:00'),
	 (70894,1004185,1,NULL,'ES',TIMESTAMP'2004-12-20 11:18:01','Standard was changed.',NULL,'N',NULL,NULL,'IDIR\adellavi',TIMESTAMP'2004-12-20 11:18:01'),
	 (148094,1004185,NULL,NULL,'ES',TIMESTAMP'2005-03-30 13:20:44','Inserting Activity: Activity Id = 1672200, Activity Base = ''SP''',NULL,'Y',54274,NULL,'BCEID\TCOUILLARD',TIMESTAMP'2005-03-30 13:20:44'),
	 (148121,1004185,NULL,NULL,'AMD',TIMESTAMP'2005-03-30 13:24:12','Opening Amended.',NULL,'N',NULL,1,'BCEID\CBUSS',TIMESTAMP'2005-03-30 13:24:12'),
	 (148122,1004185,NULL,NULL,'DEL',TIMESTAMP'2005-03-30 13:25:11','Proposed Amendment Deleted.',NULL,'N',NULL,1,'BCEID\CBUSS',TIMESTAMP'2005-03-30 13:25:11'),
	 (199966,1004185,NULL,NULL,'ES',TIMESTAMP'2005-05-18 14:17:39','Inserting Activity: Activity Id = 1688848, Activity Base = ''PL''',NULL,'Y',73674,NULL,'BCEID\TCOUILLARD',TIMESTAMP'2005-05-18 14:17:39'),
	 (231873,1004185,NULL,NULL,'ES',TIMESTAMP'2005-06-21 11:25:48','Creating Disturbance Activity: Activity Id = 1701976',NULL,'Y',85529,NULL,'BCEID\TCOUILLARD',TIMESTAMP'2005-06-21 11:25:48'),
	 (231883,1004185,NULL,NULL,'UPD',TIMESTAMP'2005-06-21 11:31:11','Opening/related details were modified.',NULL,'N',NULL,NULL,'BCEID\TCOUILLARD',TIMESTAMP'2005-06-21 11:31:11'),
	 (234961,1004185,9166,NULL,'COR',TIMESTAMP'2005-06-27 09:48:44','Stocking information modified.',NULL,'N',NULL,NULL,'IDIR\EHPARSON',TIMESTAMP'2005-06-27 09:48:44'),
	 (234978,1004185,NULL,NULL,'VAR',TIMESTAMP'2005-06-27 10:08:42','Approved variation.',NULL,'N',NULL,NULL,'IDIR\EHPARSON',TIMESTAMP'2005-06-27 10:08:42'),
	 (266451,1004185,NULL,NULL,'ES',TIMESTAMP'2005-08-03 11:37:35','Creating Disturbance Activity: Activity Id = 1714007',NULL,'Y',105148,NULL,'BCEID\TCOUILLARD',TIMESTAMP'2005-08-03 11:37:35'),
	 (266519,1004185,NULL,NULL,'UPD',TIMESTAMP'2005-08-03 12:32:44','Opening/related details were modified.',NULL,'N',NULL,NULL,'BCEID\TCOUILLARD',TIMESTAMP'2005-08-03 12:32:44'),
	 (268190,1004185,NULL,NULL,'ES',TIMESTAMP'2005-08-04 15:26:31','Forest Cover 1162469',NULL,'Y',105848,NULL,'BCEID\TCOUILLARD',TIMESTAMP'2005-08-04 15:26:31'),
	 (268191,1004185,NULL,NULL,'ES',TIMESTAMP'2005-08-04 15:26:31','Forest Cover 1162470',NULL,'Y',105848,NULL,'BCEID\TCOUILLARD',TIMESTAMP'2005-08-04 15:26:31'),
	 (268192,1004185,NULL,NULL,'ES',TIMESTAMP'2005-08-04 15:26:31','Forest Cover 1162471',NULL,'Y',105848,NULL,'BCEID\TCOUILLARD',TIMESTAMP'2005-08-04 15:26:31'),
	 (268193,1004185,NULL,NULL,'ES',TIMESTAMP'2005-08-04 15:26:31','Forest Cover 1162472',NULL,'Y',105848,NULL,'BCEID\TCOUILLARD',TIMESTAMP'2005-08-04 15:26:31'),
	 (268194,1004185,NULL,NULL,'ES',TIMESTAMP'2005-08-04 15:26:31','Forest Cover 1162473',NULL,'Y',105848,NULL,'BCEID\TCOUILLARD',TIMESTAMP'2005-08-04 15:26:31'),
	 (268195,1004185,NULL,NULL,'ES',TIMESTAMP'2005-08-04 15:26:31','Forest Cover 1162474',NULL,'Y',105848,NULL,'BCEID\TCOUILLARD',TIMESTAMP'2005-08-04 15:26:31'),
	 (268196,1004185,NULL,NULL,'ES',TIMESTAMP'2005-08-04 15:26:31','Forest Cover 1162475',NULL,'Y',105848,NULL,'BCEID\TCOUILLARD',TIMESTAMP'2005-08-04 15:26:31');
INSERT INTO silva.results_audit_event (results_audit_event_id, opening_id, standards_regime_id, silviculture_project_id, results_audit_action_code, action_date, description, user_id, email_sent_ind, xml_submission_id, opening_amendment_number, entry_userid, entry_timestamp) VALUES
	 (269745,1004185,NULL,NULL,'ES',TIMESTAMP'2005-08-08 10:24:33','Inserting Activity: Activity Id = 1715078, Activity Base = ''PC''',NULL,'Y',106302,NULL,'BCEID\TCOUILLARD',TIMESTAMP'2005-08-08 10:24:33'),
	 (472726,1004185,NULL,NULL,'ES',TIMESTAMP'2006-03-20 15:57:24','Inserting Activity: Activity Id = 1764467, Activity Base = ''FE''',NULL,'Y',186247,NULL,'BCEID\TCOUILLARD',TIMESTAMP'2006-03-20 15:57:24'),
	 (614924,1004185,NULL,NULL,'ES',TIMESTAMP'2006-08-08 10:47:39','Inserting Activity: Activity Id = 1806927, Activity Base = ''BR''',NULL,'Y',245827,NULL,'BCEID\TCOUILLARD',TIMESTAMP'2006-08-08 10:47:39'),
	 (614925,1004185,NULL,NULL,'ES',TIMESTAMP'2006-08-08 10:47:39','Inserting Activity: Activity Id = 1806928, Activity Base = ''PL''',NULL,'Y',245827,NULL,'BCEID\TCOUILLARD',TIMESTAMP'2006-08-08 10:47:39'),
	 (615008,1004185,NULL,NULL,'ES',TIMESTAMP'2006-08-08 11:32:38','Inserting Activity: Activity Id = 1806985, Activity Base = ''PL''',NULL,'Y',245849,NULL,'BCEID\TCOUILLARD',TIMESTAMP'2006-08-08 11:32:38'),
	 (615009,1004185,NULL,NULL,'ES',TIMESTAMP'2006-08-08 11:32:38','Inserting Activity: Activity Id = 1806986, Activity Base = ''PL''',NULL,'Y',245849,NULL,'BCEID\TCOUILLARD',TIMESTAMP'2006-08-08 11:32:38'),
	 (655880,1004185,NULL,NULL,'AMD',TIMESTAMP'2006-11-01 09:07:31','Stocking information modified.',NULL,'N',NULL,2,'BCEID\TCOUILLARD',TIMESTAMP'2006-11-01 09:07:31'),
	 (956287,1004185,NULL,NULL,'UPD',TIMESTAMP'2007-10-30 11:23:15','Opening/related details were modified.',NULL,'N',NULL,NULL,'BCEID\RMMONCHAK',TIMESTAMP'2007-10-30 11:23:15'),
	 (986380,1004185,NULL,NULL,'ES',TIMESTAMP'2007-11-20 13:41:26','Inserting Activity: Activity Id = 2016610, Activity Base = ''SU''',NULL,'Y',398409,NULL,'BCEID\TCOUILLARD',TIMESTAMP'2007-11-20 13:41:26'),
	 (986405,1004185,NULL,NULL,'ES',TIMESTAMP'2007-11-20 13:49:42','Forest Cover Polygon No. 1000123FCF (Id=1678664)',NULL,'Y',398416,NULL,'BCEID\TCOUILLARD',TIMESTAMP'2007-11-20 13:49:42'),
	 (986406,1004185,NULL,NULL,'ES',TIMESTAMP'2007-11-20 13:49:42','Forest Cover Polygon No. 1000123FCG (Id=1678665)',NULL,'Y',398416,NULL,'BCEID\TCOUILLARD',TIMESTAMP'2007-11-20 13:49:42'),
	 (986407,1004185,NULL,NULL,'ES',TIMESTAMP'2007-11-20 13:49:42','Forest Cover Polygon No. 1000123FCE (Id=1678666)',NULL,'Y',398416,NULL,'BCEID\TCOUILLARD',TIMESTAMP'2007-11-20 13:49:42'),
	 (986408,1004185,NULL,NULL,'ES',TIMESTAMP'2007-11-20 13:49:42','Forest Cover Polygon No. 1000123FCB (Id=1678667)',NULL,'Y',398416,NULL,'BCEID\TCOUILLARD',TIMESTAMP'2007-11-20 13:49:42'),
	 (986409,1004185,NULL,NULL,'ES',TIMESTAMP'2007-11-20 13:49:42','Forest Cover Polygon No. 1000123FCC (Id=1678668)',NULL,'Y',398416,NULL,'BCEID\TCOUILLARD',TIMESTAMP'2007-11-20 13:49:42'),
	 (986410,1004185,NULL,NULL,'ES',TIMESTAMP'2007-11-20 13:49:42','Forest Cover Polygon No. 1000123FCA (Id=1678669)',NULL,'Y',398416,NULL,'BCEID\TCOUILLARD',TIMESTAMP'2007-11-20 13:49:42'),
	 (986411,1004185,NULL,NULL,'ES',TIMESTAMP'2007-11-20 13:49:42','Forest Cover Polygon No. 1000123FCD (Id=1678670)',NULL,'Y',398416,NULL,'BCEID\TCOUILLARD',TIMESTAMP'2007-11-20 13:49:42'),
	 (1062319,1004185,NULL,NULL,'ES',TIMESTAMP'2008-02-21 11:49:40','Inserting Activity: Activity Id = 2070207, Activity Base = ''BR''',NULL,'Y',437308,NULL,'BCEID\TCOUILLARD',TIMESTAMP'2008-02-21 11:49:40'),
	 (1062320,1004185,NULL,NULL,'ES',TIMESTAMP'2008-02-21 11:49:40','Inserting Activity: Activity Id = 2070208, Activity Base = ''PC''',NULL,'Y',437308,NULL,'BCEID\TCOUILLARD',TIMESTAMP'2008-02-21 11:49:40'),
	 (1155397,1004185,NULL,NULL,'ES',TIMESTAMP'2008-04-24 15:30:37','Forest Cover Polygon No. A1 (Id=1789636)',NULL,'Y',464128,NULL,'BCEID\TCOUILLARD',TIMESTAMP'2008-04-24 15:30:37'),
	 (1155398,1004185,NULL,NULL,'ES',TIMESTAMP'2008-04-24 15:30:37','Forest Cover Polygon No. B2 (Id=1789637)',NULL,'Y',464128,NULL,'BCEID\TCOUILLARD',TIMESTAMP'2008-04-24 15:30:37');
INSERT INTO silva.results_audit_event (results_audit_event_id, opening_id, standards_regime_id, silviculture_project_id, results_audit_action_code, action_date, description, user_id, email_sent_ind, xml_submission_id, opening_amendment_number, entry_userid, entry_timestamp) VALUES
	 (1155399,1004185,NULL,NULL,'ES',TIMESTAMP'2008-04-24 15:30:37','Forest Cover Polygon No. 1 (Id=1789638)',NULL,'Y',464128,NULL,'BCEID\TCOUILLARD',TIMESTAMP'2008-04-24 15:30:37'),
	 (1155400,1004185,NULL,NULL,'ES',TIMESTAMP'2008-04-24 15:30:37','Forest Cover Polygon No. 2 (Id=1789639)',NULL,'Y',464128,NULL,'BCEID\TCOUILLARD',TIMESTAMP'2008-04-24 15:30:37'),
	 (1155401,1004185,NULL,NULL,'ES',TIMESTAMP'2008-04-24 15:30:37','Forest Cover Polygon No. 3 (Id=1789640)',NULL,'Y',464128,NULL,'BCEID\TCOUILLARD',TIMESTAMP'2008-04-24 15:30:37'),
	 (1155402,1004185,NULL,NULL,'ES',TIMESTAMP'2008-04-24 15:30:37','Forest Cover Polygon No. 4 (Id=1789641)',NULL,'Y',464128,NULL,'BCEID\TCOUILLARD',TIMESTAMP'2008-04-24 15:30:37'),
	 (1166086,1004185,NULL,NULL,'ES',TIMESTAMP'2008-05-05 14:05:34','Inserting Activity: Activity Id = 2117869, Activity Base = ''SU''',NULL,'Y',467587,NULL,'BCEID\TCOUILLARD',TIMESTAMP'2008-05-05 14:05:34'),
	 (1198046,1004185,NULL,NULL,'ES',TIMESTAMP'2008-06-02 14:43:31','Inserting Activity: Activity Id = 2133320, Activity Base = ''PL''',NULL,'Y',478185,NULL,'BCEID\TCOUILLARD',TIMESTAMP'2008-06-02 14:43:31'),
	 (1316152,1004185,NULL,NULL,'ES',TIMESTAMP'2008-12-04 13:27:21','Inserting Activity: Activity Id = 2200143, Activity Base = ''PC''',NULL,'Y',520772,NULL,'BCEID\TCOUILLARD',TIMESTAMP'2008-12-04 13:27:21'),
	 (1316153,1004185,NULL,NULL,'ES',TIMESTAMP'2008-12-04 13:27:21','Inserting Activity: Activity Id = 2200144, Activity Base = ''BR''',NULL,'Y',520772,NULL,'BCEID\TCOUILLARD',TIMESTAMP'2008-12-04 13:27:21'),
	 (1316154,1004185,NULL,NULL,'ES',TIMESTAMP'2008-12-04 13:27:21','Inserting Activity: Activity Id = 2200145, Activity Base = ''BR''',NULL,'Y',520772,NULL,'BCEID\TCOUILLARD',TIMESTAMP'2008-12-04 13:27:21'),
	 (1363361,1004185,NULL,NULL,'ES',TIMESTAMP'2009-01-19 13:47:25','Inserting Activity: Activity Id = 2218729, Activity Base = ''BR''',NULL,'Y',533442,NULL,'BCEID\TCOUILLARD',TIMESTAMP'2009-01-19 13:47:25'),
	 (1764920,1004185,NULL,NULL,'ES',TIMESTAMP'2010-02-01 13:40:45','Inserting Activity: Activity Id = 2394550, Activity Base = ''BR''',NULL,'Y',788550,NULL,'BCEID\TCOUILLARD',TIMESTAMP'2010-02-01 13:40:45'),
	 (1764921,1004185,NULL,NULL,'ES',TIMESTAMP'2010-02-01 13:40:45','Inserting Activity: Activity Id = 2394551, Activity Base = ''BR''',NULL,'Y',788550,NULL,'BCEID\TCOUILLARD',TIMESTAMP'2010-02-01 13:40:45'),
	 (1764922,1004185,NULL,NULL,'ES',TIMESTAMP'2010-02-01 13:40:45','Inserting Activity: Activity Id = 2394552, Activity Base = ''SU''',NULL,'Y',788550,NULL,'BCEID\TCOUILLARD',TIMESTAMP'2010-02-01 13:40:45'),
	 (1764923,1004185,NULL,NULL,'ES',TIMESTAMP'2010-02-01 13:40:45','Inserting Activity: Activity Id = 2394553, Activity Base = ''PC''',NULL,'Y',788550,NULL,'BCEID\TCOUILLARD',TIMESTAMP'2010-02-01 13:40:45'),
	 (2066134,1004185,NULL,NULL,'ES',TIMESTAMP'2011-01-24 15:48:48','Inserting Activity: Activity Id = 2541570, Activity Base = ''BR''',NULL,'Y',876882,NULL,'BCEID\TCOUILLARD',TIMESTAMP'2011-01-24 15:48:48'),
	 (2066135,1004185,NULL,NULL,'ES',TIMESTAMP'2011-01-24 15:48:49','Inserting Activity: Activity Id = 2541571, Activity Base = ''BR''',NULL,'Y',876882,NULL,'BCEID\TCOUILLARD',TIMESTAMP'2011-01-24 15:48:49'),
	 (2544320,1004185,NULL,NULL,'ES',TIMESTAMP'2012-07-06 10:24:56','Inserting Activity: Activity Id = 2787042, Activity Base = ''SU''',NULL,'Y',1127146,NULL,'BCEID\TCOUILLARD',TIMESTAMP'2012-07-06 10:24:56'),
	 (3469575,1004185,NULL,NULL,'MIL',TIMESTAMP'2015-11-25 17:21:13','Milestone was modified.',NULL,'N',NULL,NULL,'BCEID\RMMONCHAK',TIMESTAMP'2015-11-25 17:21:13'),
	 (3469576,1004185,NULL,NULL,'MIL',TIMESTAMP'2015-11-25 17:21:26','Milestone was modified.',NULL,'N',NULL,NULL,'BCEID\RMMONCHAK',TIMESTAMP'2015-11-25 17:21:26'),
	 (3558129,1004185,NULL,NULL,'ES',TIMESTAMP'2016-02-22 20:49:06','Inserting Activity: Activity Id = 3322195, Activity Base = ''SU''',NULL,'Y',1494777,NULL,'BCEID\TROGODIN',TIMESTAMP'2016-02-22 20:49:06');
INSERT INTO silva.results_audit_event (results_audit_event_id, opening_id, standards_regime_id, silviculture_project_id, results_audit_action_code, action_date, description, user_id, email_sent_ind, xml_submission_id, opening_amendment_number, entry_userid, entry_timestamp) VALUES
	 (3558130,1004185,NULL,NULL,'ES',TIMESTAMP'2016-02-22 20:49:06','Inserting Activity: Activity Id = 3322196, Activity Base = ''PC''',NULL,'Y',1494777,NULL,'BCEID\TROGODIN',TIMESTAMP'2016-02-22 20:49:06'),
	 (3558131,1004185,NULL,NULL,'ES',TIMESTAMP'2016-02-22 20:49:06','Inserting Activity: Activity Id = 3322197, Activity Base = ''BR''',NULL,'Y',1494777,NULL,'BCEID\TROGODIN',TIMESTAMP'2016-02-22 20:49:06'),
	 (3612821,1004185,NULL,NULL,'ES',TIMESTAMP'2016-04-11 21:52:11','Forest Cover Polygon No. A (Id=3416434)',NULL,'Y',1513319,NULL,'BCEID\TROGODIN',TIMESTAMP'2016-04-11 21:52:11'),
	 (3612822,1004185,NULL,NULL,'ES',TIMESTAMP'2016-04-11 21:52:11','Forest Cover Polygon No. B (Id=3416435)',NULL,'Y',1513319,NULL,'BCEID\TROGODIN',TIMESTAMP'2016-04-11 21:52:11'),
	 (3612823,1004185,NULL,NULL,'ES',TIMESTAMP'2016-04-11 21:52:11','Forest Cover Polygon No. 1 (Id=3416436)',NULL,'Y',1513319,NULL,'BCEID\TROGODIN',TIMESTAMP'2016-04-11 21:52:11'),
	 (3612824,1004185,NULL,NULL,'ES',TIMESTAMP'2016-04-11 21:52:11','Forest Cover Polygon No. 2 (Id=3416437)',NULL,'Y',1513319,NULL,'BCEID\TROGODIN',TIMESTAMP'2016-04-11 21:52:11'),
	 (3612825,1004185,NULL,NULL,'ES',TIMESTAMP'2016-04-11 21:52:11','Forest Cover Polygon No. 3 (Id=3416438)',NULL,'Y',1513319,NULL,'BCEID\TROGODIN',TIMESTAMP'2016-04-11 21:52:11'),
	 (3612826,1004185,NULL,NULL,'ES',TIMESTAMP'2016-04-11 21:52:11','Forest Cover Polygon No. 4 (Id=3416439)',NULL,'Y',1513319,NULL,'BCEID\TROGODIN',TIMESTAMP'2016-04-11 21:52:11'),
	 (4060929,1004185,NULL,NULL,'ES',TIMESTAMP'2017-12-19 10:03:56','Inserting Activity: Activity Id = 3487257, Activity Base = ''BR''',NULL,'Y',1727954,NULL,'BCEID\DUGASA',TIMESTAMP'2017-12-19 10:03:56');


INSERT INTO silva.planting_rslt (activity_treatment_unit_id, results_ind, plant_rslt_seq_no, silv_tree_species_code, number_planted, planted_no_beyond_xfer_limit, bid_price_per_tree, seedlot_number, veg_lot_id, request_skey, item_id, entry_userid, entry_timestamp, update_userid, update_timestamp, revision_count, climate_based_seed_xfer_ind) VALUES
	 (1806985,'Y',1,'FDC',6150,NULL,NULL,'61071',NULL,NULL,NULL,'BCEID\TCOUILLARD',TIMESTAMP'2006-08-08 11:32:38','BCEID\TCOUILLARD',TIMESTAMP'2006-08-08 11:32:38',1,'N'),
	 (1806985,'Y',2,'FDC',5390,NULL,NULL,'61076',NULL,NULL,NULL,'BCEID\TCOUILLARD',TIMESTAMP'2006-08-08 11:32:38','BCEID\TCOUILLARD',TIMESTAMP'2006-08-08 11:32:38',1,'N'),
	 (1806985,'Y',3,'CW',285,NULL,NULL,'61100',NULL,NULL,NULL,'BCEID\TCOUILLARD',TIMESTAMP'2006-08-08 11:32:38','BCEID\TCOUILLARD',TIMESTAMP'2006-08-08 11:32:38',1,'N'),
	 (1806985,'Y',4,'CW',915,NULL,NULL,'61100',NULL,NULL,NULL,'BCEID\TCOUILLARD',TIMESTAMP'2006-08-08 11:32:38','BCEID\TCOUILLARD',TIMESTAMP'2006-08-08 11:32:38',1,'N'),
	 (1806986,'Y',1,'FDC',80,NULL,NULL,'61071',NULL,NULL,NULL,'BCEID\TCOUILLARD',TIMESTAMP'2006-08-08 11:32:38','BCEID\TCOUILLARD',TIMESTAMP'2006-08-08 11:32:38',1,'N'),
	 (1806986,'Y',2,'FDC',100,NULL,NULL,'61076',NULL,NULL,NULL,'BCEID\TCOUILLARD',TIMESTAMP'2006-08-08 11:32:38','BCEID\TCOUILLARD',TIMESTAMP'2006-08-08 11:32:38',1,'N'),
	 (2133320,'Y',1,'FDC',30,NULL,NULL,'61274',NULL,NULL,NULL,'BCEID\TCOUILLARD',TIMESTAMP'2008-06-02 14:43:31','BCEID\TCOUILLARD',TIMESTAMP'2008-06-02 14:43:31',1,'N');

INSERT INTO silva.forest_cover_non_mapped_area (forest_cover_id, non_mapped_area_id, non_mapped_area, stocking_status_code, stocking_type_code, revision_count) VALUES
	 (3416434,'A1',3.4,'NP','UNN',1);

INSERT INTO silva.forest_cover_layer (forest_cover_id, forest_cover_layer_id, forest_cover_layer_code, stocking_type_code, stocking_status_code, total_stems_per_ha, total_well_spaced_stems_per_ha, well_spaced_stems_per_ha, free_growing_stems_per_ha, crown_closure_pct, basal_area, entry_userid, entry_timestamp, update_userid, update_timestamp, revision_count) VALUES
	 (3416434,3903493,'S',NULL,NULL,NULL,800,748,665,NULL,NULL,'BCEID\TROGODIN',TIMESTAMP'2016-04-11 21:52:11','BCEID\TROGODIN',TIMESTAMP'2016-04-11 21:52:11',1),
	 (3416434,3903494,'I',NULL,NULL,1383,NULL,NULL,NULL,10,NULL,'BCEID\TROGODIN',TIMESTAMP'2016-04-11 21:52:11','BCEID\TROGODIN',TIMESTAMP'2016-04-11 21:52:11',1),
	 (3416435,3903495,'S',NULL,NULL,NULL,920,800,720,NULL,NULL,'BCEID\TROGODIN',TIMESTAMP'2016-04-11 21:52:11','BCEID\TROGODIN',TIMESTAMP'2016-04-11 21:52:11',1),
	 (3416435,3903496,'I',NULL,NULL,2880,NULL,NULL,NULL,7,NULL,'BCEID\TROGODIN',TIMESTAMP'2016-04-11 21:52:11','BCEID\TROGODIN',TIMESTAMP'2016-04-11 21:52:11',1);

INSERT INTO silva.forest_cover_layer_species (forest_cover_id, forest_cover_layer_id, species_order, tree_species_code, tree_species_pct, avg_age, avg_height, entry_userid, entry_timestamp, update_userid, update_timestamp, revision_count) VALUES
	 (3416434,3903493,1,'FDC',92,10,5.6,'BCEID\TROGODIN',TIMESTAMP'2016-04-11 21:52:11','BCEID\TROGODIN',TIMESTAMP'2016-04-11 21:52:11',1),
	 (3416434,3903493,2,'HW',8,9,3.4,'BCEID\TROGODIN',TIMESTAMP'2016-04-11 21:52:11','BCEID\TROGODIN',TIMESTAMP'2016-04-11 21:52:11',1),
	 (3416434,3903494,1,'FDC',70,10,5.4,'BCEID\TROGODIN',TIMESTAMP'2016-04-11 21:52:11','BCEID\TROGODIN',TIMESTAMP'2016-04-11 21:52:11',1),
	 (3416434,3903494,2,'HW',20,8,2.9,'BCEID\TROGODIN',TIMESTAMP'2016-04-11 21:52:11','BCEID\TROGODIN',TIMESTAMP'2016-04-11 21:52:11',1),
	 (3416434,3903494,3,'DR',10,8,6,'BCEID\TROGODIN',TIMESTAMP'2016-04-11 21:52:11','BCEID\TROGODIN',TIMESTAMP'2016-04-11 21:52:11',1),
	 (3416435,3903495,1,'CW',71,10,2.8,'BCEID\TROGODIN',TIMESTAMP'2016-04-11 21:52:11','BCEID\TROGODIN',TIMESTAMP'2016-04-11 21:52:11',1),
	 (3416435,3903495,2,'HW',29,9,3.4,'BCEID\TROGODIN',TIMESTAMP'2016-04-11 21:52:11','BCEID\TROGODIN',TIMESTAMP'2016-04-11 21:52:11',1),
	 (3416435,3903496,1,'HW',50,7,2.2,'BCEID\TROGODIN',TIMESTAMP'2016-04-11 21:52:11','BCEID\TROGODIN',TIMESTAMP'2016-04-11 21:52:11',1),
	 (3416435,3903496,2,'CW',30,10,2.8,'BCEID\TROGODIN',TIMESTAMP'2016-04-11 21:52:11','BCEID\TROGODIN',TIMESTAMP'2016-04-11 21:52:11',1),
	 (3416435,3903496,3,'FDC',10,8,3.2,'BCEID\TROGODIN',TIMESTAMP'2016-04-11 21:52:11','BCEID\TROGODIN',TIMESTAMP'2016-04-11 21:52:11',1),
	 (3416435,3903496,4,'SS',10,7,1.4,'BCEID\TROGODIN',TIMESTAMP'2016-04-11 21:52:11','BCEID\TROGODIN',TIMESTAMP'2016-04-11 21:52:11',1);
