INSERT INTO silva.results_electronic_submission (results_submission_id, submission_timestamp, submitted_by, client_number, client_locn_code, org_unit_no, user_filename, user_reference, entry_userid, entry_timestamp, update_userid, update_timestamp, revision_count) VALUES
	 (2366349,TIMESTAMP'2024-09-04 14:09:32','IDIR\CENNIS','00010003','13',2,'TA1687_SAsoSL_RG_Milestone_FC20240903.xml',NULL,'IDIR\CENNIS',TIMESTAMP'2024-09-04 14:09:59','IDIR\CENNIS',TIMESTAMP'2024-09-04 14:09:59',1),
	 (2267940,TIMESTAMP'2023-06-20 16:33:17','IDIR\HFRASER','00010003','13',2,'4SL.xml',NULL,'IDIR\HFRASER',TIMESTAMP'2023-06-20 16:33:25','IDIR\HFRASER',TIMESTAMP'2023-06-20 16:33:25',1),
	 (2350206,TIMESTAMP'2024-05-31 14:29:56','IDIR\CENNIS','00010003','13',2,'TA1687_SAso4SL_RG_FC_ACT24.xml',NULL,'IDIR\CENNIS',TIMESTAMP'2024-05-31 14:30:29','IDIR\CENNIS',TIMESTAMP'2024-05-31 14:30:29',1),
	 (2413805,TIMESTAMP'2025-02-27 16:35:12','IDIR\DDOUBINI','00010003','13',2,'SAso4SL_SP_Amend_1.xml',NULL,'IDIR\DDOUBINI',TIMESTAMP'2025-02-27 16:35:55','IDIR\DDOUBINI',TIMESTAMP'2025-02-27 16:35:55',1),
	 (2356926,TIMESTAMP'2024-07-11 08:24:37','IDIR\CENNIS','00010003','13',2,'TA1687_SAso4SL_RG_FC_ACT24_20240711.xml',NULL,'IDIR\CENNIS',TIMESTAMP'2024-07-11 08:24:50','IDIR\CENNIS',TIMESTAMP'2024-07-11 08:24:50',1);

INSERT INTO silva.opening (opening_id, geo_district_no, admin_district_no, mapsheet_grid, mapsheet_letter, mapsheet_square, mapsheet_quad, mapsheet_sub_quad, opening_number, opening_locn_name, open_category_code, licensee_opening_id, tsb_number_code, opening_status_code, org_unit_no, dist_admin_zone, max_allow_permnt_access_pct, prev_age_class_code, prev_site_index, prev_site_index_source_code, prev_height_class_code, prev_site_class_code, prev_stocking_class_code, prev_stocking_status_code, prev_tree_spp1_code, prev_tree_spp2_code, app_ent_by_userid, approve_date, amendment_ind, results_submission_id, entry_userid, entry_timestamp, update_userid, update_timestamp, revision_count) VALUES
	 (1777756,2,2,' 92','K','003','0','0',' 375','SA','FTSBF','160382203',NULL,'APP',2,NULL,7,'4',36,'E','5',NULL,NULL,'IMM','FDC','HW',NULL,TIMESTAMP'2023-06-20 16:33:25','Y',2413805,'IDIR\HFRASER',TIMESTAMP'2023-06-20 16:33:25','IDIR\DDOUBINI',TIMESTAMP'2025-02-27 16:35:55',11);

INSERT INTO silva.timber_mark (timber_mark, forest_file_id, cutting_permit_id, forest_district, geographic_distrct, cascade_split_code, quota_type_code, deciduous_ind, catastrophic_ind, crown_granted_ind, cruise_based_ind, certificate, hdbs_timber_mark, vm_timber_mark, tenure_term, bcaa_folio_number, activated_userid, amended_userid, district_admn_zone, granted_acqrd_date, lands_region, crown_granted_acq_desc, mark_status_st, mark_status_date, mark_amend_date, mark_appl_date, mark_cancel_date, mark_extend_date, mark_extend_rsn_cd, mark_extend_count, mark_issue_date, mark_expiry_date, markng_instrmnt_cd, marking_method_cd, entry_userid, entry_timestamp, update_userid, update_timestamp, revision_count, small_patch_salvage_ind, salvage_type_code) VALUES
	 ('A1687','TA1687',' ',2,2,'W','D','N','N','N','N',NULL,NULL,NULL,24,NULL,NULL,NULL,'CR1',NULL,'1',NULL,'LC',TIMESTAMP'2023-06-26 00:00:00',NULL,NULL,NULL,NULL,NULL,0,TIMESTAMP'2022-12-12 00:00:00',TIMESTAMP'2024-12-11 00:00:00','H','S','IDIR\JPINDROC',TIMESTAMP'2022-08-03 13:31:21','IDIR\JKENNING',TIMESTAMP'2023-09-27 12:01:10',6,'N',NULL);

INSERT INTO silva.cut_block (cb_skey, hva_skey, forest_file_id, cutting_permit_id, timber_mark, cut_block_id, sp_exempt_ind, block_status_date, cut_block_description, cut_regulation_code, block_status_st, reforest_declare_type_code, revision_count, entry_userid, entry_timestamp, update_userid, update_timestamp, is_waste_assessment_required, cut_block_guid, fire_harvesting_reason_code, is_under_partition_order, reported_fire_date) VALUES
	 (817821,800140,'TA1687',' ','A1687','SASO4SL','N',TIMESTAMP'2023-06-20 16:33:26','SA',NULL,'LC',NULL,4,'IDIR\JPINDROC',TIMESTAMP'2022-08-03 13:31:21','IDIR\DDOUBINI',TIMESTAMP'2024-03-01 11:41:25','Y','E55D1D9FA5882A67E05332B3228E33C1',NULL,NULL,NULL);

INSERT INTO silva.cut_block_open_admin (cut_block_open_admin_id, forest_file_id, timber_mark, cut_block_id, cutting_permit_id, disturbance_gross_area, disturbance_start_date, disturbance_end_date, opening_id, opening_gross_area, planned_harvest_date, planned_gross_block_area, planned_net_block_area, opening_prime_licence_ind, cb_skey, revision_count, entry_userid, entry_timestamp, update_userid, update_timestamp) VALUES
	 (511287,'TA1687','A1687','SASO4SL',' ',6.5,TIMESTAMP'2023-04-07 00:00:00',TIMESTAMP'2023-05-18 00:00:00',1777756,8.2,TIMESTAMP'2022-09-03 00:00:00',8.1515,6.6,'Y',817821,5,'IDIR\JPINDROC',TIMESTAMP'2022-08-03 13:31:21','IDIR\DDOUBINI',TIMESTAMP'2025-02-27 16:35:55');

INSERT INTO silva.activity_treatment_unit (activity_treatment_unit_id, activity_tu_seq_no, org_unit_no, opening_id, silviculture_project_id, project_unit_id, silv_base_code, silv_technique_code, silv_method_code, silv_objective_code_1, silv_objective_code_2, silv_objective_code_3, silv_fund_srce_code, silv_activity_measurement_code, activity_licensee_id, treatment_amount, actual_treatment_cost, act_planted_no, plan_silv_technique_code, plan_silv_method_code, plan_silv_fund_srce_code, planned_date, planned_treatment_amount, planned_treatment_cost, plan_silv_objective_code_1, plan_silv_objective_code_2, plan_silv_objective_code_3, target_prepared_spots, pruning_min_crown_pct, prune_height, stems_to_prune, min_acceptable_density, total_stems_per_ha, inter_tree_target_distance, inter_tree_variation, inter_tree_min_distance, max_trees_per_plot, max_trees_per_ha, survey_planned_num_plots, survey_actual_num_plots, survey_min_plots_per_stratum, silv_tree_species_code, atu_start_date, atu_completion_date, results_ind, unit_bid_price, fia_project_id, results_submission_id, disturbance_code, silv_system_code, silv_system_variant_code, silv_cut_phase_code, cut_block_open_admin_id, disturbance_completed_ind, entry_userid, entry_timestamp, update_userid, update_timestamp, revision_count) VALUES
	 (4099233,4,2,1777756,NULL,NULL,'SU','RG','PLOT',NULL,NULL,NULL,'BCT','HA','163582146',6.1,NULL,NULL,NULL,NULL,NULL,NULL,NULL,NULL,NULL,NULL,NULL,NULL,NULL,NULL,NULL,NULL,NULL,NULL,NULL,NULL,NULL,NULL,NULL,NULL,NULL,NULL,NULL,TIMESTAMP'2024-03-13 00:00:00','Y',NULL,NULL,2350206,NULL,NULL,NULL,NULL,NULL,NULL,'IDIR\CENNIS',TIMESTAMP'2024-05-31 14:30:29','IDIR\CENNIS',TIMESTAMP'2024-05-31 14:30:29',1),
	 (4104938,5,2,1777756,NULL,NULL,'PL','PL','CTAIN',NULL,NULL,NULL,'BCT','HA','163582144',6.1,NULL,7480,NULL,NULL,NULL,NULL,NULL,NULL,NULL,NULL,NULL,NULL,NULL,NULL,NULL,NULL,NULL,NULL,NULL,NULL,NULL,NULL,NULL,NULL,NULL,NULL,NULL,TIMESTAMP'2024-03-12 00:00:00','Y',NULL,NULL,2356926,NULL,NULL,NULL,NULL,NULL,NULL,'IDIR\CENNIS',TIMESTAMP'2024-07-11 08:24:50','IDIR\CENNIS',TIMESTAMP'2024-07-11 08:24:50',2),
	 (4012357,1,2,1777756,NULL,NULL,'DN',NULL,NULL,NULL,NULL,NULL,NULL,'HA','160389388',6.1,NULL,NULL,NULL,NULL,NULL,NULL,NULL,NULL,NULL,NULL,NULL,NULL,NULL,NULL,NULL,NULL,NULL,NULL,NULL,NULL,NULL,NULL,NULL,NULL,NULL,NULL,TIMESTAMP'2023-04-07 00:00:00',TIMESTAMP'2023-05-18 00:00:00','Y',NULL,NULL,2267940,'L','CCRES',NULL,'REMOV',511287,'Y','IDIR\HFRASER',TIMESTAMP'2023-06-20 16:33:26','IDIR\HFRASER',TIMESTAMP'2023-06-20 16:33:26',1),
	 (4012358,2,2,1777756,NULL,NULL,'DN',NULL,NULL,NULL,NULL,NULL,NULL,'HA','160389389',0.4,NULL,NULL,NULL,NULL,NULL,NULL,NULL,NULL,NULL,NULL,NULL,NULL,NULL,NULL,NULL,NULL,NULL,NULL,NULL,NULL,NULL,NULL,NULL,NULL,NULL,NULL,TIMESTAMP'2023-04-07 00:00:00',TIMESTAMP'2023-05-18 00:00:00','Y',NULL,NULL,2267940,'L','CCRES',NULL,'REMOV',511287,'Y','IDIR\HFRASER',TIMESTAMP'2023-06-20 16:33:26','IDIR\HFRASER',TIMESTAMP'2023-06-20 16:33:26',1),
	 (4012359,3,2,1777756,NULL,NULL,'SU','PO','WALK',NULL,NULL,NULL,'BCT','HA','163582142',8.2,NULL,NULL,NULL,NULL,NULL,NULL,NULL,NULL,NULL,NULL,NULL,NULL,NULL,NULL,NULL,NULL,NULL,NULL,NULL,NULL,NULL,NULL,NULL,NULL,NULL,NULL,NULL,TIMESTAMP'2023-06-07 00:00:00','Y',NULL,NULL,2267940,NULL,NULL,NULL,NULL,NULL,NULL,'IDIR\HFRASER',TIMESTAMP'2023-06-20 16:33:26','IDIR\HFRASER',TIMESTAMP'2023-06-20 16:33:26',1);

INSERT INTO silva.standards_regime (standards_regime_id, standards_regime_name, standards_regime_status_code, silv_statute_code, standards_objective, geographic_description, mof_default_standard_ind, regen_delay_offset_yrs, regen_obligation_ind, no_regen_early_offset_yrs, no_regen_late_offset_yrs, free_growing_early_offset_yrs, free_growing_late_offset_yrs, approved_by_userid, approved_date, submitted_by_userid, submitted_date, effective_date, expiry_date, additional_standards, reject_note, entry_userid, entry_timestamp, update_userid, update_timestamp, revision_count) VALUES
	 (1056501,'51.','APP',NULL,'even aged management',NULL,'N',3,'Y',NULL,NULL,NULL,20,NULL,NULL,NULL,NULL,TIMESTAMP'2018-02-20 00:00:00',NULL,'31. (PW) must use blister rust resistant stock- see BC Journal of Ecosystems and Management 10(1):97-100 for supplementary information.',NULL,'IDIR\KWILLIS',TIMESTAMP'2018-01-29 16:48:59','IDIR\DANTURNE',TIMESTAMP'2018-03-08 15:11:04',7);

INSERT INTO silva.stocking_standard_unit (stocking_standard_unit_id, opening_id, standards_unit_id, standards_regime_id, net_area, max_allow_soil_disturbance_pct, variance_ind, entry_userid, entry_timestamp, update_userid, update_timestamp, revision_count) VALUES
	 (2367701,1777756,'1',1056501,6.3,5,'Y','IDIR\HFRASER',TIMESTAMP'2023-06-20 16:33:25','IDIR\DDOUBINI',TIMESTAMP'2025-02-27 16:35:55',2);

INSERT INTO silva.stocking_milestone (stocking_standard_unit_id, silv_milestone_type_code, results_submission_id, declared_date, declared_userid, declare_ind, declaration_submitted_date, early_offset_years, late_offset_years, due_early_date, due_late_date, entry_userid, entry_timestamp, update_userid, update_timestamp, revision_count, extent_feasible_declared_ind) VALUES
	 (2367701,'FG',NULL,NULL,NULL,NULL,NULL,0,20,TIMESTAMP'2023-04-07 00:00:00',TIMESTAMP'2043-04-07 00:00:00','IDIR\HFRASER',TIMESTAMP'2023-06-20 16:33:25','IDIR\DDOUBINI',TIMESTAMP'2025-02-27 16:35:55',15,'N'),
	 (2367701,'PH',NULL,NULL,NULL,NULL,NULL,NULL,NULL,NULL,NULL,'IDIR\HFRASER',TIMESTAMP'2023-06-20 16:33:25','IDIR\DDOUBINI',TIMESTAMP'2025-02-27 16:35:55',15,'N'),
	 (2367701,'RG',2366349,TIMESTAMP'2024-03-13 00:00:00','IDIR\CENNIS','Y',TIMESTAMP'2024-09-04 14:09:59',NULL,3,NULL,TIMESTAMP'2026-04-07 00:00:00','IDIR\HFRASER',TIMESTAMP'2023-06-20 16:33:25','IDIR\DDOUBINI',TIMESTAMP'2025-02-27 16:35:55',16,'N');

INSERT INTO silva.stocking_ecology (stocking_ecology_id, opening_id, stocking_standard_unit_id, bec_region_code, bgc_zone_code, bgc_subzone_code, bgc_variant, bgc_phase, bec_site_series, bec_site_type, bec_seral, entry_userid, entry_timestamp, update_userid, update_timestamp, revision_count) VALUES
	 (2367240,1777756,2367701,NULL,'CWH','xm',NULL,NULL,'05',NULL,NULL,'IDIR\HFRASER',TIMESTAMP'2023-06-20 16:33:25','IDIR\DDOUBINI',TIMESTAMP'2025-02-27 16:35:55',2);

INSERT INTO silva.forest_stewardship_plan (fsp_id, fsp_amendment_number, fsp_status_code, fsp_amendment_code, licensee_amendment_name, plan_name, plan_term_years, plan_term_months, plan_start_date, plan_end_date, plan_submission_date, plan_decision_date, plan_decision_userid, transition_ind, identified_areas_update_ind, fdu_update_ind, stocking_standard_update_ind, frpa197_election_ind, contact_name, telephone_number, email_address, amendment_approval_date, amendment_authority, amendment_approval_requird_ind, amendment_submission_date, revision_count, entry_userid, entry_timestamp, update_userid, update_timestamp) VALUES
	 (688,0,'APP','ORG',NULL,'Campbell River FSP',5,0,TIMESTAMP'2018-02-20 00:00:00',TIMESTAMP'2023-02-20 00:00:00',TIMESTAMP'2018-02-20 00:00:00',TIMESTAMP'2018-02-20 00:00:00','IDIR\DANTURNE','N','N','Y','N','Y','Laura Chessor','2502869431','laura.chessor@gov.bc.ca',TIMESTAMP'2018-03-08 00:00:00','IDIR\DANTURNE','Y',TIMESTAMP'2018-02-20 00:00:00',17,'IDIR\KWILLIS',TIMESTAMP'2017-08-24 11:51:28','IDIR\DANTURNE',TIMESTAMP'2018-11-02 10:26:11'),
	 (688,1,'APP','AMD',NULL,'Campbell River FSP',5,0,TIMESTAMP'2018-07-05 00:00:00',TIMESTAMP'2023-02-20 00:00:00',TIMESTAMP'2018-02-20 00:00:00',TIMESTAMP'2018-07-09 00:00:00','IDIR\MICBAKER','N','N','Y','N','Y','Laura Chessor','2502869431','laura.chessor@gov.bc.ca',TIMESTAMP'2018-07-10 00:00:00','IDIR\MICBAKER','Y',TIMESTAMP'2018-07-05 00:00:00',12,'IDIR\LCHESSOR',TIMESTAMP'2018-05-29 13:16:10','IDIR\DANTURNE',TIMESTAMP'2018-11-02 10:26:21'),
	 (688,2,'APP','AMD','2','Campbell River FSP',5,0,TIMESTAMP'2019-10-31 00:00:00',TIMESTAMP'2023-02-20 00:00:00',TIMESTAMP'2018-02-20 00:00:00',TIMESTAMP'2019-10-31 00:00:00','IDIR\TMHARTZ','N','N','N','Y','Y','Jeff Hamilton, RPF','2502869371','jeffery.hamilton@gov.bc.ca',TIMESTAMP'2019-10-31 00:00:00','IDIR\TMHARTZ','Y',TIMESTAMP'2019-10-29 00:00:00',12,'IDIR\LCHESSOR',TIMESTAMP'2019-06-12 14:18:36','IDIR\TMHARTZ',TIMESTAMP'2019-10-31 13:12:29'),
	 (688,3,'INE','AMD','3','Campbell River FSP',NULL,NULL,TIMESTAMP'2021-02-23 00:00:00',TIMESTAMP'2023-07-20 00:00:00',TIMESTAMP'2018-02-20 00:00:00',NULL,'IDIR\JEFHAMIL','N','N','Y','Y','Y','Jeffery Hamilton','2508501771','jeffery.hamilton@gov.bc.ca',TIMESTAMP'2021-02-23 00:00:00',NULL,'N',TIMESTAMP'2021-02-23 00:00:00',12,'IDIR\JEFHAMIL',TIMESTAMP'2021-02-10 09:49:20','AMND_PLAN_UPDATE',TIMESTAMP'2023-06-29 11:13:03'),
	 (688,4,'REJ','AMD','14(4) Declaration June 8 2023','Campbell River FSP',NULL,NULL,TIMESTAMP'2023-06-26 00:00:00',TIMESTAMP'2023-07-20 00:00:00',TIMESTAMP'2018-02-20 00:00:00',TIMESTAMP'2023-06-28 00:00:00','IDIR\MPITRE','N','Y','N','N','Y','Mike Pitre, RPF','2364720065','mike.pitre@gov.bc.ca',TIMESTAMP'2023-06-26 00:00:00',NULL,'N',TIMESTAMP'2023-06-26 00:00:00',12,'IDIR\MPITRE',TIMESTAMP'2023-06-08 10:43:01','IDIR\JACARROL',TIMESTAMP'2023-06-26 13:37:26'),
	 (688,5,'INE','AMD','14(4) Declaration Feb 2024','Campbell River FSP',NULL,NULL,TIMESTAMP'2023-06-29 00:00:00',TIMESTAMP'2023-07-20 00:00:00',TIMESTAMP'2018-02-20 00:00:00',NULL,'IDIR\MPITRE','N','Y','N','N','Y','Mike Pitre, RPF','2364720065','mike.pitre@gov.bc.ca',TIMESTAMP'2023-06-29 00:00:00',NULL,'N',TIMESTAMP'2023-06-29 00:00:00',11,'IDIR\MPITRE',TIMESTAMP'2023-06-29 11:06:50','IDIR\SCAKERLE',TIMESTAMP'2024-02-28 15:58:44');

INSERT INTO silva.fsp_standards_regime_xref (fsp_id, fsp_amendment_number, standards_regime_id, revision_count, entry_userid, entry_timestamp, update_userid, update_timestamp) VALUES
	 (688,0,1056501,1,'IDIR\KWILLIS',TIMESTAMP'2018-01-29 16:48:59','IDIR\KWILLIS',TIMESTAMP'2018-01-29 16:48:59');

INSERT INTO silva.stocking_layer (stocking_layer_id, stocking_standard_unit_id, opening_id, stocking_layer_code, target_stocking, residual_basal_area, min_horizontal_distance, min_pref_stocking_standard, min_post_spacing, min_stocking_standard, max_post_spacing, max_conifer, hght_relative_to_comp, tree_size_unit_code, entry_userid, entry_timestamp, update_userid, update_timestamp, revision_count) VALUES
	 (2157570,2367701,1777756,'I',900,NULL,2,400,NULL,500,NULL,NULL,150,'%','IDIR\HFRASER',TIMESTAMP'2023-06-20 16:33:25','IDIR\DDOUBINI',TIMESTAMP'2025-02-27 16:35:55',2);

INSERT INTO silva.stocking_layer_species (stocking_layer_id, silv_tree_species_code, species_order, preferred_ind, min_height, entry_userid, entry_timestamp, update_userid, update_timestamp, revision_count) VALUES
	 (2157570,'CW',1,'Y',2,'IDIR\HFRASER',TIMESTAMP'2023-06-20 16:33:25','IDIR\DDOUBINI',TIMESTAMP'2025-02-27 16:35:55',2),
	 (2157570,'FDC',2,'Y',4,'IDIR\HFRASER',TIMESTAMP'2023-06-20 16:33:25','IDIR\DDOUBINI',TIMESTAMP'2025-02-27 16:35:55',2),
	 (2157570,'PW',1,'N',2.5,'IDIR\HFRASER',TIMESTAMP'2023-06-20 16:33:25','IDIR\DDOUBINI',TIMESTAMP'2025-02-27 16:35:55',2);

INSERT INTO silva.forest_cover (forest_cover_id, opening_id, stocking_standard_unit_id, silv_polygon_no, silv_polygon_area, silv_polygon_net_area, stocking_class_code, stocking_status_code, stocking_type_code, reference_year, reentry_year, site_class_code, site_index, site_index_source_code, silv_reserve_code, silv_reserve_objective_code, tree_species_code, tree_cover_pattern_code, results_submission_id, entry_userid, entry_timestamp, update_userid, update_timestamp, revision_count) VALUES
	 (4563462,1777756,2367701,'1',6.1,6.1,NULL,'IMM','ART',2024,NULL,NULL,35,'E',NULL,NULL,'FDC',NULL,2366349,'IDIR\CENNIS',TIMESTAMP'2024-09-04 00:00:00','IDIR\CENNIS',TIMESTAMP'2024-09-04 14:09:59',2),
	 (4563463,1777756,NULL,'PAS',0.4,0.4,NULL,'NP','RD',2023,NULL,NULL,NULL,NULL,NULL,NULL,'FDC',NULL,2366349,'IDIR\CENNIS',TIMESTAMP'2024-09-04 00:00:00','IDIR\CENNIS',TIMESTAMP'2024-09-04 14:09:59',1),
	 (4563464,1777756,NULL,'WTRA',1.6,1.6,NULL,'MAT','NAT',2023,NULL,NULL,30,'E','G','WTR','FDC',NULL,2366349,'IDIR\CENNIS',TIMESTAMP'2024-09-04 00:00:00','IDIR\CENNIS',TIMESTAMP'2024-09-04 14:09:59',2);

INSERT INTO silva.opening_amendment_history (opening_id, opening_amendment_number, amendment_userid, amendment_date, submitted_by_userid, submitted_date, app_ent_by_userid, approve_date, entry_userid, entry_timestamp, update_userid, update_timestamp, revision_count) VALUES
	 (1777756,1,'IDIR\DDOUBINI',TIMESTAMP'2025-02-27 16:35:55',NULL,NULL,NULL,NULL,'IDIR\DDOUBINI',TIMESTAMP'2025-02-27 16:35:55','IDIR\DDOUBINI',TIMESTAMP'2025-02-27 16:35:55',1);

INSERT INTO silva.stocking_event_history (stocking_event_history_id, opening_id, opening_amendment_id, opening_amendment_number, results_audit_action_code, submitted_userid, results_submission_id, amend_event_timestamp, entry_userid, entry_timestamp, revision_count) VALUES
	 (1740378,1777756,1777756,1,'SPA','IDIR\DDOUBINI',2413805,TIMESTAMP'2025-02-27 16:35:55','IDIR\DDOUBINI',TIMESTAMP'2025-02-27 16:35:55',1),
	 (1719915,1777756,1777756,NULL,'ES','IDIR\HFRASER',2267940,TIMESTAMP'2023-06-20 16:33:25','IDIR\HFRASER',TIMESTAMP'2023-06-20 16:33:25',1);

INSERT INTO silva.results_audit_event (results_audit_event_id, opening_id, standards_regime_id, silviculture_project_id, results_audit_action_code, action_date, description, user_id, email_sent_ind, xml_submission_id, opening_amendment_number, entry_userid, entry_timestamp) VALUES
	 (5468551,1777756,NULL,NULL,'ES',TIMESTAMP'2023-06-20 16:33:25','Opening ID 1777756 created',NULL,'Y',2267940,NULL,'IDIR\HFRASER',TIMESTAMP'2023-06-20 16:33:25'),
	 (5468552,1777756,1056501,NULL,'ES',TIMESTAMP'2023-06-20 16:33:25','Standard was changed',NULL,'Y',2267940,NULL,'IDIR\HFRASER',TIMESTAMP'2023-06-20 16:33:25'),
	 (5468553,1777756,NULL,NULL,'ES',TIMESTAMP'2023-06-20 16:33:26','Creating Disturbance Activity: Activity Id = 4012357',NULL,'Y',2267940,NULL,'IDIR\HFRASER',TIMESTAMP'2023-06-20 16:33:26'),
	 (5468554,1777756,NULL,NULL,'ES',TIMESTAMP'2023-06-20 16:33:26','Creating Disturbance Activity: Activity Id = 4012358',NULL,'Y',2267940,NULL,'IDIR\HFRASER',TIMESTAMP'2023-06-20 16:33:26'),
	 (5468555,1777756,NULL,NULL,'ES',TIMESTAMP'2023-06-20 16:33:26','Inserting Activity: Activity Id = 4012359, Activity Base = ''SU''',NULL,'Y',2267940,NULL,'IDIR\HFRASER',TIMESTAMP'2023-06-20 16:33:26'),
	 (5624119,1777756,NULL,NULL,'MIL',TIMESTAMP'2024-03-01 10:41:23','Opening/related details were modified.',NULL,'N',NULL,NULL,'IDIR\DDOUBINI',TIMESTAMP'2024-03-01 10:41:23'),
	 (5624118,1777756,NULL,NULL,'UPD',TIMESTAMP'2024-03-01 10:41:23','Opening/Tenure Online Entry',NULL,'N',NULL,NULL,'IDIR\DDOUBINI',TIMESTAMP'2024-03-01 10:41:23'),
	 (5624475,1777756,NULL,NULL,'MIL',TIMESTAMP'2024-03-01 11:41:25','Opening/related details were modified.',NULL,'N',NULL,NULL,'IDIR\DDOUBINI',TIMESTAMP'2024-03-01 11:41:25'),
	 (5624474,1777756,NULL,NULL,'UPD',TIMESTAMP'2024-03-01 11:41:25','Opening/Tenure Online Entry',NULL,'N',NULL,NULL,'IDIR\DDOUBINI',TIMESTAMP'2024-03-01 11:41:25'),
	 (5704574,1777756,NULL,NULL,'ES',TIMESTAMP'2024-05-31 14:30:29','Inserting Activity: Activity Id = 4099233, Activity Base = ''SU''',NULL,'Y',2350206,NULL,'IDIR\CENNIS',TIMESTAMP'2024-05-31 14:30:29'),
	 (5728101,1777756,NULL,NULL,'ES',TIMESTAMP'2024-07-11 08:24:50','Inserting Activity: Activity Id = 4104938, Activity Base = ''PL''',NULL,'Y',2356926,NULL,'IDIR\CENNIS',TIMESTAMP'2024-07-11 08:24:50'),
	 (5754433,1777756,NULL,NULL,'ES',TIMESTAMP'2024-09-04 14:02:31','Forest Cover Polygon No. 1 (Id=4563459)',NULL,'Y',2366348,NULL,'IDIR\CENNIS',TIMESTAMP'2024-09-04 14:02:31'),
	 (5754434,1777756,NULL,NULL,'ES',TIMESTAMP'2024-09-04 14:02:31','Forest Cover Polygon No. PAS (Id=4563460)',NULL,'Y',2366348,NULL,'IDIR\CENNIS',TIMESTAMP'2024-09-04 14:02:31'),
	 (5754435,1777756,NULL,NULL,'ES',TIMESTAMP'2024-09-04 14:02:31','Forest Cover Polygon No. WTRA (Id=4563461)',NULL,'Y',2366348,NULL,'IDIR\CENNIS',TIMESTAMP'2024-09-04 14:02:31'),
	 (5754469,1777756,NULL,NULL,'ES',TIMESTAMP'2024-09-04 14:09:59','Forest Cover Polygon No. 1 (Id=4563462)',NULL,'Y',2366349,NULL,'IDIR\CENNIS',TIMESTAMP'2024-09-04 14:09:59'),
	 (5754470,1777756,NULL,NULL,'ES',TIMESTAMP'2024-09-04 14:09:59','Forest Cover Polygon No. PAS (Id=4563463)',NULL,'Y',2366349,NULL,'IDIR\CENNIS',TIMESTAMP'2024-09-04 14:09:59'),
	 (5754471,1777756,NULL,NULL,'ES',TIMESTAMP'2024-09-04 14:09:59','Forest Cover Polygon No. WTRA (Id=4563464)',NULL,'Y',2366349,NULL,'IDIR\CENNIS',TIMESTAMP'2024-09-04 14:09:59'),
	 (5754472,1777756,NULL,NULL,'MIL',TIMESTAMP'2024-09-04 14:09:59','Milestone was modified',NULL,'Y',2366349,NULL,'IDIR\CENNIS',TIMESTAMP'2024-09-04 14:09:59'),
	 (5897075,1777756,NULL,NULL,'ES',TIMESTAMP'2025-02-27 16:35:55','Opening ID 1777756 updated',NULL,'Y',2413805,NULL,'IDIR\DDOUBINI',TIMESTAMP'2025-02-27 16:35:55'),
	 (5897076,1777756,NULL,NULL,'SPA',TIMESTAMP'2025-02-27 16:35:55','Stocking information modified.',NULL,'Y',2413805,1,'IDIR\DDOUBINI',TIMESTAMP'2025-02-27 16:35:55');

INSERT INTO silva.planting_rslt (activity_treatment_unit_id, results_ind, plant_rslt_seq_no, silv_tree_species_code, number_planted, planted_no_beyond_xfer_limit, bid_price_per_tree, seedlot_number, veg_lot_id, request_skey, item_id, entry_userid, entry_timestamp, update_userid, update_timestamp, revision_count, climate_based_seed_xfer_ind) VALUES
	 (4104938,'Y',1,'FDC',7480,NULL,NULL,'64006',NULL,NULL,NULL,'IDIR\CENNIS',TIMESTAMP'2024-07-11 08:24:50','IDIR\CENNIS',TIMESTAMP'2024-07-11 08:24:50',1,'N');

 INSERT INTO silva.forest_cover_layer (forest_cover_id, forest_cover_layer_id, forest_cover_layer_code, stocking_type_code, stocking_status_code, total_stems_per_ha, total_well_spaced_stems_per_ha, well_spaced_stems_per_ha, free_growing_stems_per_ha, crown_closure_pct, basal_area, entry_userid, entry_timestamp, update_userid, update_timestamp, revision_count) VALUES
   (4563462,4964767,'I',NULL,NULL,1167,NULL,NULL,NULL,1,NULL,'IDIR\CENNIS',TIMESTAMP'2024-09-04 14:09:59','IDIR\CENNIS',TIMESTAMP'2024-09-04 14:09:59',1),
   (4563462,4964768,'S',NULL,NULL,NULL,1133,900,0,NULL,NULL,'IDIR\CENNIS',TIMESTAMP'2024-09-04 14:09:59','IDIR\CENNIS',TIMESTAMP'2024-09-04 14:09:59',1),
   (4563464,4964769,'I',NULL,NULL,NULL,NULL,NULL,NULL,NULL,NULL,'IDIR\CENNIS',TIMESTAMP'2024-09-04 14:09:59','IDIR\CENNIS',TIMESTAMP'2024-09-04 14:09:59',1);

INSERT INTO silva.forest_cover_layer_species (forest_cover_id, forest_cover_layer_id, species_order, tree_species_code, tree_species_pct, avg_age, avg_height, entry_userid, entry_timestamp, update_userid, update_timestamp, revision_count) VALUES
	 (4563462,4964767,1,'FDC',100,1,0.3,'IDIR\CENNIS',TIMESTAMP'2024-09-04 14:09:59','IDIR\CENNIS',TIMESTAMP'2024-09-04 14:09:59',1),
	 (4563462,4964768,1,'FDC',100,1,0.3,'IDIR\CENNIS',TIMESTAMP'2024-09-04 14:09:59','IDIR\CENNIS',TIMESTAMP'2024-09-04 14:09:59',1),
	 (4563464,4964769,1,'FDC',60,75,40,'IDIR\CENNIS',TIMESTAMP'2024-09-04 14:09:59','IDIR\CENNIS',TIMESTAMP'2024-09-04 14:09:59',1),
	 (4563464,4964769,2,'HW',40,75,40,'IDIR\CENNIS',TIMESTAMP'2024-09-04 14:09:59','IDIR\CENNIS',TIMESTAMP'2024-09-04 14:09:59',1);
