INSERT INTO silva.results_electronic_submission (results_submission_id, submission_timestamp, submitted_by, client_number, client_locn_code, org_unit_no, user_filename, user_reference, entry_userid, entry_timestamp, update_userid, update_timestamp, revision_count) VALUES
	 (1228561,TIMESTAMP'2013-05-31 00:00:00','BCEID\OTWIST','00010005','00',2,'DISTURBANCE_2013_05_31-11_32_04.xml',NULL,'BCEID\OTWIST',TIMESTAMP'2013-05-31 11:37:46','BCEID\OTWIST',TIMESTAMP'2013-05-31 11:37:46',1),
	 (1717504,TIMESTAMP'2017-11-15 15:57:07','BCEID\OTWIST','00010005','00',2,'FOREST COVER_2017_11_15-15_56_07.xml',NULL,'BCEID\OTWIST',TIMESTAMP'2017-11-15 15:57:42','BCEID\OTWIST',TIMESTAMP'2017-11-15 15:57:42',1),
	 (1931429,TIMESTAMP'2020-01-08 14:39:02','BCEID\MBRANDOS','00010005','00',2,'ACTIVITY_2020_01_02-18_29_01.xml',NULL,'BCEID\MBRANDOS',TIMESTAMP'2020-01-08 14:39:11','BCEID\MBRANDOS',TIMESTAMP'2020-01-08 14:39:11',1),
	 (1228929,TIMESTAMP'2013-05-31 00:00:00','BCEID\JWALKER','00010005','00',2,'MILESTONE_2013_05_31-14_27_06.xml',NULL,'BCEID\JWALKER',TIMESTAMP'2013-05-31 14:41:00','BCEID\JWALKER',TIMESTAMP'2013-05-31 14:41:00',1),
	 (1684259,TIMESTAMP'2017-07-17 13:37:19','BCEID\OTWIST','00010005','00',2,'ACTIVITY_2017_07_17-13_19_25.xml',NULL,'BCEID\OTWIST',TIMESTAMP'2017-07-17 13:38:13','BCEID\OTWIST',TIMESTAMP'2017-07-17 13:38:13',1),
	 (1246451,TIMESTAMP'2013-08-27 00:00:00','BCEID\OTWIST','00010005','00',2,'OPENING_2013_08_27-08_38_16.xml',NULL,'BCEID\OTWIST',TIMESTAMP'2013-08-27 08:40:14','BCEID\OTWIST',TIMESTAMP'2013-08-27 08:40:14',1),
	 (2102053,TIMESTAMP'2021-12-07 15:30:16','BCEID\ALOBSTER','00010005','00',2,'ACTIVITY_2021_12_07-23_28_58.xml',NULL,'BCEID\ALOBSTER',TIMESTAMP'2021-12-07 15:30:39','BCEID\ALOBSTER',TIMESTAMP'2021-12-07 15:30:39',1),
	 (1717697,TIMESTAMP'2017-11-16 11:35:18','BCEID\MBRANDOS','00010005','00',2,'EEE_883 Regen Met MILESTONE_2017_11_15-08_48_18.xm',NULL,'BCEID\MBRANDOS',TIMESTAMP'2017-11-16 11:35:43','BCEID\MBRANDOS',TIMESTAMP'2017-11-16 11:35:43',1);

INSERT INTO silva.opening (opening_id, geo_district_no, admin_district_no, mapsheet_grid, mapsheet_letter, mapsheet_square, mapsheet_quad, mapsheet_sub_quad, opening_number, opening_locn_name, open_category_code, licensee_opening_id, tsb_number_code, opening_status_code, org_unit_no, dist_admin_zone, max_allow_permnt_access_pct, prev_age_class_code, prev_site_index, prev_site_index_source_code, prev_height_class_code, prev_site_class_code, prev_stocking_class_code, prev_stocking_status_code, prev_tree_spp1_code, prev_tree_spp2_code, app_ent_by_userid, approve_date, amendment_ind, results_submission_id, entry_userid, entry_timestamp, update_userid, update_timestamp, revision_count) VALUES
(1541296,2,2,NULL,NULL,NULL,NULL,NULL,NULL,NULL,'FTCF','K1A_EEE_883',NULL,'APP',2,NULL,10,'8',19,'E','3',NULL,'3','MAT','PLI',NULL,NULL,TIMESTAMP'2013-05-31 11:26:50','Y',1246451,'BCEID\PBUBBLEGUM',TIMESTAMP'2013-05-31 11:26:50','BCEID\PBUBBLEGUM',TIMESTAMP'2021-12-07 15:30:44',13);

INSERT INTO silva.timber_mark (timber_mark, forest_file_id, cutting_permit_id, forest_district, geographic_distrct, cascade_split_code, quota_type_code, deciduous_ind, catastrophic_ind, crown_granted_ind, cruise_based_ind, certificate, hdbs_timber_mark, vm_timber_mark, tenure_term, bcaa_folio_number, activated_userid, amended_userid, district_admn_zone, granted_acqrd_date, lands_region, crown_granted_acq_desc, mark_status_st, mark_status_date, mark_amend_date, mark_appl_date, mark_cancel_date, mark_extend_date, mark_extend_rsn_cd, mark_extend_count, mark_issue_date, mark_expiry_date, markng_instrmnt_cd, marking_method_cd, entry_userid, entry_timestamp, update_userid, update_timestamp, revision_count, small_patch_salvage_ind, salvage_type_code) VALUES
	 ('K1AEEE','K1A','EEE',2,2,'E','A','N','N','N','N',NULL,NULL,NULL,48,NULL,NULL,NULL,'A',NULL,NULL,NULL,'HC',TIMESTAMP'2019-06-13 00:00:00',NULL,NULL,NULL,NULL,NULL,0,TIMESTAMP'2012-11-02 00:00:00',TIMESTAMP'2016-11-01 00:00:00','H','1','BCEID\OTWIST',TIMESTAMP'2012-10-25 10:55:10','IDIR\MUGIWARA',TIMESTAMP'2021-08-31 12:20:37',3,'N',NULL);

INSERT INTO silva.cut_block (cb_skey, hva_skey, forest_file_id, cutting_permit_id, timber_mark, cut_block_id, sp_exempt_ind, block_status_date, cut_block_description, cut_regulation_code, block_status_st, reforest_declare_type_code, revision_count, entry_userid, entry_timestamp, update_userid, update_timestamp, is_waste_assessment_required, cut_block_guid, fire_harvesting_reason_code, is_under_partition_order, reported_fire_date) VALUES
	 (553088,562321,'K1A','EEE','K1AEEE','883','N',TIMESTAMP'2013-05-31 14:41:09','CP EEE Rollover from CCC',NULL,'S',NULL,3,'BCEID\OTWIST',TIMESTAMP'2012-10-25 10:55:26','BCEID\JWALKER',TIMESTAMP'2013-05-31 14:41:09','U','B9B090A22064645AE05332B3228EA5A5',NULL,NULL,NULL);

INSERT INTO silva.cut_block_open_admin (cut_block_open_admin_id, forest_file_id, timber_mark, cut_block_id, cutting_permit_id, disturbance_gross_area, disturbance_start_date, disturbance_end_date, opening_id, opening_gross_area, planned_harvest_date, planned_gross_block_area, planned_net_block_area, opening_prime_licence_ind, cb_skey, revision_count, entry_userid, entry_timestamp, update_userid, update_timestamp) VALUES
	 (380981,'K1A','K1AEEE','883','EEE',6,TIMESTAMP'2012-12-12 00:00:00',TIMESTAMP'2013-03-27 00:00:00',1541296,6,TIMESTAMP'2012-11-15 00:00:00',6.045,4.9,'Y',553088,5,'BCEID\OTWIST',TIMESTAMP'2012-10-25 10:55:26','BCEID\OTWIST',TIMESTAMP'2013-08-27 08:40:18');

INSERT INTO silva.activity_treatment_unit (activity_treatment_unit_id, activity_tu_seq_no, org_unit_no, opening_id, silviculture_project_id, project_unit_id, silv_base_code, silv_technique_code, silv_method_code, silv_objective_code_1, silv_objective_code_2, silv_objective_code_3, silv_fund_srce_code, silv_activity_measurement_code, activity_licensee_id, treatment_amount, actual_treatment_cost, act_planted_no, plan_silv_technique_code, plan_silv_method_code, plan_silv_fund_srce_code, planned_date, planned_treatment_amount, planned_treatment_cost, plan_silv_objective_code_1, plan_silv_objective_code_2, plan_silv_objective_code_3, target_prepared_spots, pruning_min_crown_pct, prune_height, stems_to_prune, min_acceptable_density, total_stems_per_ha, inter_tree_target_distance, inter_tree_variation, inter_tree_min_distance, max_trees_per_plot, max_trees_per_ha, survey_planned_num_plots, survey_actual_num_plots, survey_min_plots_per_stratum, silv_tree_species_code, atu_start_date, atu_completion_date, results_ind, unit_bid_price, fia_project_id, results_submission_id, disturbance_code, silv_system_code, silv_system_variant_code, silv_cut_phase_code, cut_block_open_admin_id, disturbance_completed_ind, entry_userid, entry_timestamp, update_userid, update_timestamp, revision_count) VALUES
	 (3679696,3,2,1541296,NULL,NULL,'SU','RG','PLOT','CE','RA','ST','IA','HA','64002901',5.2,NULL,NULL,NULL,NULL,NULL,NULL,NULL,NULL,NULL,NULL,NULL,NULL,NULL,NULL,NULL,NULL,NULL,NULL,NULL,NULL,NULL,NULL,NULL,NULL,NULL,NULL,NULL,TIMESTAMP'2019-06-11 00:00:00','Y',NULL,NULL,1931429,NULL,NULL,NULL,NULL,NULL,NULL,'BCEID\MBRANDOS',TIMESTAMP'2020-01-08 14:39:11','BCEID\MBRANDOS',TIMESTAMP'2020-01-08 14:39:11',1),
	 (3858309,4,2,1541296,NULL,NULL,'SU','RE','PLOT','CE','RA','ST','IA','HA','64002899',5.2,NULL,NULL,NULL,NULL,NULL,NULL,NULL,NULL,NULL,NULL,NULL,NULL,NULL,NULL,NULL,NULL,NULL,NULL,NULL,NULL,NULL,NULL,NULL,NULL,NULL,NULL,NULL,TIMESTAMP'2021-08-17 00:00:00','Y',NULL,NULL,2102053,NULL,NULL,NULL,NULL,NULL,NULL,'BCEID\ALOBSTER',TIMESTAMP'2021-12-07 15:30:44','BCEID\ALOBSTER',TIMESTAMP'2021-12-07 15:30:44',1),
	 (3453899,2,2,1541296,NULL,NULL,'PL','PL','CTAIN','CE',NULL,NULL,'IA','HA','35253 04889',5.2,NULL,9030,NULL,NULL,NULL,NULL,NULL,NULL,NULL,NULL,NULL,NULL,NULL,NULL,NULL,NULL,NULL,NULL,NULL,NULL,NULL,NULL,NULL,NULL,NULL,NULL,NULL,TIMESTAMP'2017-06-24 00:00:00','Y',NULL,NULL,1684259,NULL,NULL,NULL,NULL,NULL,NULL,'BCEID\OTWIST',TIMESTAMP'2017-07-17 13:38:17','BCEID\OTWIST',TIMESTAMP'2017-07-17 13:38:17',3),
	 (2963894,1,2,1541296,NULL,NULL,'DN',NULL,NULL,NULL,NULL,NULL,NULL,'HA','01752_TWIST--REMOV',6,NULL,NULL,NULL,NULL,NULL,NULL,NULL,NULL,NULL,NULL,NULL,NULL,NULL,NULL,NULL,NULL,NULL,NULL,NULL,NULL,NULL,NULL,NULL,NULL,NULL,NULL,TIMESTAMP'2012-12-12 00:00:00',TIMESTAMP'2013-03-27 00:00:00','Y',NULL,NULL,1228561,'L','CCRES',NULL,'REMOV',380981,'Y','BCEID\OTWIST',TIMESTAMP'2013-05-31 11:37:47','BCEID\OTWIST',TIMESTAMP'2013-05-31 11:37:47',1);

INSERT INTO silva.standards_regime (standards_regime_id, standards_regime_name, standards_regime_status_code, silv_statute_code, standards_objective, geographic_description, mof_default_standard_ind, regen_delay_offset_yrs, regen_obligation_ind, no_regen_early_offset_yrs, no_regen_late_offset_yrs, free_growing_early_offset_yrs, free_growing_late_offset_yrs, approved_by_userid, approved_date, submitted_by_userid, submitted_date, effective_date, expiry_date, additional_standards, reject_note, entry_userid, entry_timestamp, update_userid, update_timestamp, revision_count) VALUES
	 (1010949,NULL,'APP',NULL,NULL,NULL,'N',4,'Y',NULL,NULL,9,15,NULL,NULL,NULL,NULL,TIMESTAMP'2007-07-13 00:00:00',NULL,NULL,NULL,'IDIR\DOFLAMINGO',TIMESTAMP'2007-07-17 11:11:27','IDIR\DOFLAMINGO',TIMESTAMP'2007-07-17 11:12:45',5);

INSERT INTO silva.stocking_standard_unit (stocking_standard_unit_id, opening_id, standards_unit_id, standards_regime_id, net_area, max_allow_soil_disturbance_pct, variance_ind, entry_userid, entry_timestamp, update_userid, update_timestamp, revision_count) VALUES
	 (1894782,1541296,'1',1010949,5.2,5,'Y','BCEID\OTWIST',TIMESTAMP'2013-05-31 11:26:50','BCEID\OTWIST',TIMESTAMP'2013-08-27 08:40:18',2);

INSERT INTO silva.stocking_milestone (stocking_standard_unit_id, silv_milestone_type_code, results_submission_id, declared_date, declared_userid, declare_ind, declaration_submitted_date, early_offset_years, late_offset_years, due_early_date, due_late_date, entry_userid, entry_timestamp, update_userid, update_timestamp, revision_count, extent_feasible_declared_ind) VALUES
	 (1894782,'FG',NULL,NULL,NULL,NULL,NULL,9,15,TIMESTAMP'2021-12-12 00:00:00',TIMESTAMP'2027-12-12 00:00:00','BCEID\OTWIST',TIMESTAMP'2013-05-31 11:26:50','BCEID\ALOBSTER',TIMESTAMP'2021-12-07 15:30:44',18,'N'),
	 (1894782,'PH',1228929,TIMESTAMP'2013-03-27 00:00:00','BCEID\JWALKER','Y',TIMESTAMP'2013-05-31 14:41:09',NULL,NULL,NULL,NULL,'BCEID\OTWIST',TIMESTAMP'2013-05-31 11:26:50','BCEID\ALOBSTER',TIMESTAMP'2021-12-07 15:30:44',19,'N'),
	 (1894782,'RG',1717697,TIMESTAMP'2017-06-24 00:00:00','BCEID\MBRANDOS','Y',TIMESTAMP'2017-11-16 11:35:43',NULL,4,NULL,TIMESTAMP'2016-12-12 00:00:00','BCEID\OTWIST',TIMESTAMP'2013-05-31 11:26:50','BCEID\ALOBSTER',TIMESTAMP'2021-12-07 15:30:44',19,'N');

INSERT INTO silva.stocking_ecology (stocking_ecology_id, opening_id, stocking_standard_unit_id, bec_region_code, bgc_zone_code, bgc_subzone_code, bgc_variant, bgc_phase, bec_site_series, bec_site_type, bec_seral, entry_userid, entry_timestamp, update_userid, update_timestamp, revision_count) VALUES
	 (1895897,1541296,1894782,NULL,'SBS','mc','2',NULL,'05',NULL,NULL,'BCEID\OTWIST',TIMESTAMP'2013-05-31 11:26:50','BCEID\OTWIST',TIMESTAMP'2013-08-27 08:40:18',2);

INSERT INTO silva.forest_stewardship_plan (fsp_id, fsp_amendment_number, fsp_status_code, fsp_amendment_code, licensee_amendment_name, plan_name, plan_term_years, plan_term_months, plan_start_date, plan_end_date, plan_submission_date, plan_decision_date, plan_decision_userid, transition_ind, identified_areas_update_ind, fdu_update_ind, stocking_standard_update_ind, frpa197_election_ind, contact_name, telephone_number, email_address, amendment_approval_date, amendment_authority, amendment_approval_requird_ind, amendment_submission_date, revision_count, entry_userid, entry_timestamp, update_userid, update_timestamp) VALUES
	 (105,0,'APP','ORG',NULL,'BL Comfor 2007',NULL,NULL,TIMESTAMP'2007-07-13 00:00:00',TIMESTAMP'2012-07-12 00:00:00',TIMESTAMP'2007-03-14 00:00:00',TIMESTAMP'2007-07-13 00:00:00','IDIR\JDPICKFO','N','N','N','N','N','Allister Schroff','2506927724','Not Available',TIMESTAMP'2007-07-13 00:00:00','IDIR\DOFLAMINGO','Y',TIMESTAMP'2007-03-14 00:00:00',11,'IDIR\DOFLAMINGO',TIMESTAMP'2007-07-17 09:02:49','IDIR\JDPICKFO',TIMESTAMP'2009-02-06 10:27:06'),
	 (105,1,'REJ','AMD','Bl Comfor amendment #1','BL Comfor 2007',NULL,NULL,NULL,TIMESTAMP'2012-07-12 00:00:00',TIMESTAMP'2007-03-14 00:00:00',TIMESTAMP'2009-08-04 00:00:00',NULL,'N','N','N','N','N','Dawn Stronstad','2506927724','Not Available',NULL,NULL,'Y',TIMESTAMP'2009-08-24 00:00:00',13,'IDIR\DOFLAMINGO',TIMESTAMP'2009-04-20 10:46:45','IDIR\DOFLAMINGO',TIMESTAMP'2009-08-24 10:50:08'),
	 (105,2,'APP','AMD',NULL,'BL Comfor 2007',NULL,NULL,TIMESTAMP'2010-01-21 00:00:00',TIMESTAMP'2014-07-12 00:00:00',TIMESTAMP'2007-03-14 00:00:00',TIMESTAMP'2010-01-21 00:00:00','IDIR\DOFLAMINGO','N','N','Y','N','N','Dawn Stronstad','2506927724','Not Available',TIMESTAMP'2010-01-27 00:00:00','IDIR\DOFLAMINGO','Y',TIMESTAMP'2010-01-27 00:00:00',14,'IDIR\DOFLAMINGO',TIMESTAMP'2009-09-29 16:14:05','AMND_PLAN_UPDATE',TIMESTAMP'2013-06-06 08:22:43'),
	 (105,3,'DFT','AMD',NULL,'BL Comfor 2007',NULL,NULL,NULL,TIMESTAMP'2014-07-12 00:00:00',TIMESTAMP'2007-03-14 00:00:00',NULL,NULL,'N','N','Y','Y','N','Melissa Steidle','2505625541','msteidle@dwbconsulting.ca',NULL,NULL,'Y',NULL,3,'BCEID\JWALKER',TIMESTAMP'2013-11-07 16:22:30','BCEID\JWALKER',TIMESTAMP'2013-11-07 16:23:20');

INSERT INTO silva.fsp_standards_regime_xref (fsp_id, fsp_amendment_number, standards_regime_id, revision_count, entry_userid, entry_timestamp, update_userid, update_timestamp) VALUES
	 (105,0,1010949,1,'IDIR\DOFLAMINGO',TIMESTAMP'2007-07-17 11:11:28','IDIR\DOFLAMINGO',TIMESTAMP'2007-07-17 11:11:28');

INSERT INTO silva.stocking_layer (stocking_layer_id, stocking_standard_unit_id, opening_id, stocking_layer_code, target_stocking, residual_basal_area, min_horizontal_distance, min_pref_stocking_standard, min_post_spacing, min_stocking_standard, max_post_spacing, max_conifer, hght_relative_to_comp, tree_size_unit_code, entry_userid, entry_timestamp, update_userid, update_timestamp, revision_count) VALUES
	 (1839703,1894782,1541296,'I',1200,NULL,2,600,NULL,700,NULL,10000,150,'%','BCEID\OTWIST',TIMESTAMP'2013-08-27 08:40:19','BCEID\OTWIST',TIMESTAMP'2013-08-27 08:40:19',1);

INSERT INTO silva.stocking_layer_species (stocking_layer_id, silv_tree_species_code, species_order, preferred_ind, min_height, entry_userid, entry_timestamp, update_userid, update_timestamp, revision_count) VALUES
	 (1839703,'BL',1,'N',0.8,'BCEID\OTWIST',TIMESTAMP'2013-08-27 08:40:19','BCEID\OTWIST',TIMESTAMP'2013-08-27 08:40:19',1),
	 (1839703,'PLI',1,'Y',1.6,'BCEID\OTWIST',TIMESTAMP'2013-08-27 08:40:19','BCEID\OTWIST',TIMESTAMP'2013-08-27 08:40:19',1),
	 (1839703,'SX',2,'Y',0.8,'BCEID\OTWIST',TIMESTAMP'2013-08-27 08:40:19','BCEID\OTWIST',TIMESTAMP'2013-08-27 08:40:19',1);

INSERT INTO silva.forest_cover (forest_cover_id, opening_id, stocking_standard_unit_id, silv_polygon_no, silv_polygon_area, silv_polygon_net_area, stocking_class_code, stocking_status_code, stocking_type_code, reference_year, reentry_year, site_class_code, site_index, site_index_source_code, silv_reserve_code, silv_reserve_objective_code, tree_species_code, tree_cover_pattern_code, results_submission_id, entry_userid, entry_timestamp, update_userid, update_timestamp, revision_count) VALUES
	 (3634219,1541296,NULL,'RS1',0.5,0.5,NULL,'MAT','NAT',2010,NULL,NULL,19,'H','G','WTR','PLI',NULL,1717504,'BCEID\OTWIST',TIMESTAMP'2017-11-15 00:00:00','BCEID\OTWIST',TIMESTAMP'2017-11-15 15:57:45',2),
	 (3634220,1541296,1894782,'1',5.2,5.2,NULL,'IMM','ART',2017,NULL,NULL,19,'E',NULL,NULL,'PLI',NULL,1717504,'BCEID\OTWIST',TIMESTAMP'2017-11-15 00:00:00','BCEID\OTWIST',TIMESTAMP'2017-11-15 15:57:45',2),
	 (3634221,1541296,NULL,'R',0.3,0.3,NULL,'NP','UNN',2013,NULL,NULL,NULL,NULL,NULL,NULL,'PLI',NULL,1717504,'BCEID\OTWIST',TIMESTAMP'2017-11-15 00:00:00','BCEID\OTWIST',TIMESTAMP'2017-11-15 15:57:45',1);

INSERT INTO silva.stocking_event_history (stocking_event_history_id, opening_id, opening_amendment_id, opening_amendment_number, results_audit_action_code, submitted_userid, results_submission_id, amend_event_timestamp, entry_userid, entry_timestamp, revision_count) VALUES
	 (1544559,1541296,1541296,NULL,'ES','BCEID\OTWIST',1228545,TIMESTAMP'2013-05-31 11:26:50','BCEID\OTWIST',TIMESTAMP'2013-05-31 11:26:50',1),
	 (1547412,1541296,1541296,NULL,'VAR','BCEID\OTWIST',1246451,TIMESTAMP'2013-08-27 08:40:19','BCEID\OTWIST',TIMESTAMP'2013-08-27 08:40:19',1);

INSERT INTO silva.results_audit_event (results_audit_event_id, opening_id, standards_regime_id, silviculture_project_id, results_audit_action_code, action_date, description, user_id, email_sent_ind, xml_submission_id, opening_amendment_number, entry_userid, entry_timestamp) VALUES
	 (2856895,1541296,NULL,NULL,'ES',TIMESTAMP'2013-05-31 11:26:50','Opening ID 1541296 created',NULL,'Y',1228545,NULL,'BCEID\OTWIST',TIMESTAMP'2013-05-31 11:26:50'),
	 (2856896,1541296,1010949,NULL,'ES',TIMESTAMP'2013-05-31 11:26:50','Standard was changed',NULL,'Y',1228545,NULL,'BCEID\OTWIST',TIMESTAMP'2013-05-31 11:26:50'),
	 (2856958,1541296,NULL,NULL,'ES',TIMESTAMP'2013-05-31 11:37:47','Creating Disturbance Activity: Activity Id = 2963894',NULL,'Y',1228561,NULL,'BCEID\OTWIST',TIMESTAMP'2013-05-31 11:37:47'),
	 (2857791,1541296,NULL,NULL,'MIL',TIMESTAMP'2013-05-31 14:41:09','Milestone was modified',NULL,'Y',1228929,NULL,'BCEID\JWALKER',TIMESTAMP'2013-05-31 14:41:09'),
	 (2862260,1541296,NULL,NULL,'ES',TIMESTAMP'2013-06-06 13:13:24','Forest Cover Polygon No. K1A_EEE_883_RS1 (Id=2914633)',NULL,'Y',1230607,NULL,'BCEID\OTWIST',TIMESTAMP'2013-06-06 13:13:24'),
	 (2862261,1541296,NULL,NULL,'ES',TIMESTAMP'2013-06-06 13:13:24','Forest Cover Polygon No. K1A_EEE_883_1 (Id=2914634)',NULL,'Y',1230607,NULL,'BCEID\OTWIST',TIMESTAMP'2013-06-06 13:13:24'),
	 (2862262,1541296,NULL,NULL,'ES',TIMESTAMP'2013-06-06 13:13:24','Forest Cover Polygon No. K1A_EEE_883_R (Id=2914635)',NULL,'Y',1230607,NULL,'BCEID\OTWIST',TIMESTAMP'2013-06-06 13:13:24'),
	 (2895408,1541296,NULL,NULL,'ES',TIMESTAMP'2013-08-27 08:40:18','Opening ID 1541296 updated',NULL,'Y',1246451,NULL,'BCEID\OTWIST',TIMESTAMP'2013-08-27 08:40:18'),
	 (2895409,1541296,NULL,NULL,'VAR',TIMESTAMP'2013-08-27 08:40:18','Stocking information modified.',NULL,'Y',1246451,NULL,'BCEID\OTWIST',TIMESTAMP'2013-08-27 08:40:18'),
	 (3963138,1541296,NULL,NULL,'ES',TIMESTAMP'2017-07-17 13:38:17','Inserting Activity: Activity Id = 3453899, Activity Base = ''PL''',NULL,'Y',1684259,NULL,'BCEID\OTWIST',TIMESTAMP'2017-07-17 13:38:17'),
	 (4019981,1541296,NULL,NULL,'ES',TIMESTAMP'2017-11-15 09:00:46','Forest Cover Polygon No. RS1 (Id=3633916)',NULL,'Y',1717299,NULL,'BCEID\OTWIST',TIMESTAMP'2017-11-15 09:00:46'),
	 (4019982,1541296,NULL,NULL,'ES',TIMESTAMP'2017-11-15 09:00:46','Forest Cover Polygon No. 1 (Id=3633917)',NULL,'Y',1717299,NULL,'BCEID\OTWIST',TIMESTAMP'2017-11-15 09:00:46'),
	 (4019983,1541296,NULL,NULL,'ES',TIMESTAMP'2017-11-15 09:00:46','Forest Cover Polygon No. R (Id=3633918)',NULL,'Y',1717299,NULL,'BCEID\OTWIST',TIMESTAMP'2017-11-15 09:00:46'),
	 (4020607,1541296,NULL,NULL,'ES',TIMESTAMP'2017-11-15 15:57:45','Forest Cover Polygon No. RS1 (Id=3634219)',NULL,'Y',1717504,NULL,'BCEID\OTWIST',TIMESTAMP'2017-11-15 15:57:45'),
	 (4020608,1541296,NULL,NULL,'ES',TIMESTAMP'2017-11-15 15:57:45','Forest Cover Polygon No. 1 (Id=3634220)',NULL,'Y',1717504,NULL,'BCEID\OTWIST',TIMESTAMP'2017-11-15 15:57:45'),
	 (4020609,1541296,NULL,NULL,'ES',TIMESTAMP'2017-11-15 15:57:45','Forest Cover Polygon No. R (Id=3634221)',NULL,'Y',1717504,NULL,'BCEID\OTWIST',TIMESTAMP'2017-11-15 15:57:45'),
	 (4021288,1541296,NULL,NULL,'MIL',TIMESTAMP'2017-11-16 11:35:43','Milestone was modified',NULL,'Y',1717697,NULL,'BCEID\MBRANDOS',TIMESTAMP'2017-11-16 11:35:43'),
	 (4601567,1541296,NULL,NULL,'ES',TIMESTAMP'2020-01-08 14:39:11','Inserting Activity: Activity Id = 3679696, Activity Base = ''SU''',NULL,'Y',1931429,NULL,'BCEID\MBRANDOS',TIMESTAMP'2020-01-08 14:39:11'),
	 (5073307,1541296,NULL,NULL,'ES',TIMESTAMP'2021-12-07 15:30:44','Inserting Activity: Activity Id = 3858309, Activity Base = ''SU''',NULL,'Y',2102053,NULL,'BCEID\ALOBSTER',TIMESTAMP'2021-12-07 15:30:44');

INSERT INTO silva.planting_rslt (activity_treatment_unit_id, results_ind, plant_rslt_seq_no, silv_tree_species_code, number_planted, planted_no_beyond_xfer_limit, bid_price_per_tree, seedlot_number, veg_lot_id, request_skey, item_id, entry_userid, entry_timestamp, update_userid, update_timestamp, revision_count, climate_based_seed_xfer_ind) VALUES
	 (3453899,'Y',1,'PLI',5080,NULL,NULL,'63599',NULL,NULL,NULL,'BCEID\MWERRELL',TIMESTAMP'2017-07-17 13:38:17','BCEID\MWERRELL',TIMESTAMP'2017-07-17 13:38:17',1,'N'),
	 (3453899,'Y',2,'SX',3950,NULL,NULL,'63136',NULL,NULL,NULL,'BCEID\MWERRELL',TIMESTAMP'2017-07-17 13:38:17','BCEID\MWERRELL',TIMESTAMP'2017-07-17 13:38:17',1,'N');

INSERT INTO silva.forest_cover_layer (forest_cover_id, forest_cover_layer_id, forest_cover_layer_code, stocking_type_code, stocking_status_code, total_stems_per_ha, total_well_spaced_stems_per_ha, well_spaced_stems_per_ha, free_growing_stems_per_ha, crown_closure_pct, basal_area, entry_userid, entry_timestamp, update_userid, update_timestamp, revision_count) VALUES
	 (3634219,4113830,'I',NULL,NULL,NULL,NULL,NULL,NULL,NULL,NULL,'BCEID\MWERRELL',TIMESTAMP'2017-11-15 15:57:45','BCEID\MWERRELL',TIMESTAMP'2017-11-15 15:57:45',1),
	 (3634220,4113831,'S',NULL,NULL,NULL,1300,1300,NULL,NULL,NULL,'BCEID\MWERRELL',TIMESTAMP'2017-11-15 15:57:45','BCEID\MWERRELL',TIMESTAMP'2017-11-15 15:57:45',1),
	 (3634220,4113832,'I',NULL,NULL,1737,NULL,NULL,NULL,NULL,NULL,'BCEID\MWERRELL',TIMESTAMP'2017-11-15 15:57:45','BCEID\MWERRELL',TIMESTAMP'2017-11-15 15:57:45',1);

INSERT INTO silva.forest_cover_layer_species (forest_cover_id, forest_cover_layer_id, species_order, tree_species_code, tree_species_pct, avg_age, avg_height, entry_userid, entry_timestamp, update_userid, update_timestamp, revision_count) VALUES
	 (3634219,4113830,1,'PLI',60,106,26,'BCEID\MWERRELL',TIMESTAMP'2017-11-15 15:57:45','BCEID\MWERRELL',TIMESTAMP'2017-11-15 15:57:45',1),
	 (3634219,4113830,2,'SX',40,NULL,NULL,'BCEID\MWERRELL',TIMESTAMP'2017-11-15 15:57:45','BCEID\MWERRELL',TIMESTAMP'2017-11-15 15:57:45',1),
	 (3634220,4113831,1,'PLI',56,1,0.2,'BCEID\MWERRELL',TIMESTAMP'2017-11-15 15:57:45','BCEID\MWERRELL',TIMESTAMP'2017-11-15 15:57:45',1),
	 (3634220,4113831,2,'SX',44,1,0.1,'BCEID\MWERRELL',TIMESTAMP'2017-11-15 15:57:45','BCEID\MWERRELL',TIMESTAMP'2017-11-15 15:57:45',1),
	 (3634220,4113832,1,'PLI',56,1,0.2,'BCEID\MWERRELL',TIMESTAMP'2017-11-15 15:57:45','BCEID\MWERRELL',TIMESTAMP'2017-11-15 15:57:45',1),
	 (3634220,4113832,2,'SX',44,1,0.1,'BCEID\MWERRELL',TIMESTAMP'2017-11-15 15:57:45','BCEID\MWERRELL',TIMESTAMP'2017-11-15 15:57:45',1);
