INSERT INTO silva.results_electronic_submission (results_submission_id, submission_timestamp, submitted_by, client_number, client_locn_code, org_unit_no, user_filename, user_reference, entry_userid, entry_timestamp, update_userid, update_timestamp, revision_count) VALUES
	 (360843,TIMESTAMP'2007-07-23 00:00:00','IDIR\SMSWITZE',NULL,NULL,14,'2007y07m23dt16h26m16 546s.xml',NULL,'IDIR\SMSWITZE',TIMESTAMP'2007-07-23 09:36:35','&&datafix_userid',TIMESTAMP'2014-06-28 11:49:37',2),
	 (856621,TIMESTAMP'2010-11-04 00:00:00','IDIR\JOASHDOW','00010008','00',14,'2010y11m03dt19h01m57_625s_xml.zip',NULL,'IDIR\JOASHDOW',TIMESTAMP'2010-11-04 15:31:16','&&datafix_userid',TIMESTAMP'2014-06-28 11:49:37',2),
	 (737018,TIMESTAMP'2009-11-04 00:00:00','IDIR\JOASHDOW','00010008','00',14,'2009y11m04dt18h54m32.140s.xml',NULL,'IDIR\JOASHDOW',TIMESTAMP'2009-11-04 10:30:44','&&datafix_userid',TIMESTAMP'2014-06-28 11:49:37',2),
	 (497605,TIMESTAMP'2008-08-22 00:00:00','IDIR\JOASHDOW','00010008','00',14,'2008y08m22dt21h28m36.796s.xml',NULL,'IDIR\JOASHDOW',TIMESTAMP'2008-08-22 14:17:32','&&datafix_userid',TIMESTAMP'2014-06-28 11:49:37',2),
	 (289407,TIMESTAMP'2006-12-22 00:00:00','IDIR\KADUFFY',NULL,NULL,14,'2006y12m22dt16h50m35.531s.xml',NULL,'IDIR\KADUFFY',TIMESTAMP'2006-12-22 10:11:09','&&datafix_userid',TIMESTAMP'2014-06-28 11:49:37',2),
	 (853898,TIMESTAMP'2010-10-25 00:00:00','IDIR\JOASHDOW','00010008','00',14,'2010y10m25dt19h44m16.843s.xml',NULL,'IDIR\JOASHDOW',TIMESTAMP'2010-10-25 12:53:13','&&datafix_userid',TIMESTAMP'2014-06-28 11:49:37',2),
	 (473612,TIMESTAMP'2008-05-22 00:00:00','IDIR\JOASHDOW','00010008','00',14,'2008y05m22dt21h59m37.687s.xml',NULL,'IDIR\JOASHDOW',TIMESTAMP'2008-05-22 14:57:33','&&datafix_userid',TIMESTAMP'2014-06-28 11:49:37',2);

INSERT INTO silva.opening (opening_id, geo_district_no, admin_district_no, mapsheet_grid, mapsheet_letter, mapsheet_square, mapsheet_quad, mapsheet_sub_quad, opening_number, opening_locn_name, open_category_code, licensee_opening_id, tsb_number_code, opening_status_code, org_unit_no, dist_admin_zone, max_allow_permnt_access_pct, prev_age_class_code, prev_site_index, prev_site_index_source_code, prev_height_class_code, prev_site_class_code, prev_stocking_class_code, prev_stocking_status_code, prev_tree_spp1_code, prev_tree_spp2_code, app_ent_by_userid, approve_date, amendment_ind, results_submission_id, entry_userid, entry_timestamp, update_userid, update_timestamp, revision_count) VALUES
	 (1092357,12,14,' 82','F','025','0','0',' 229','YM','EXCLU','160052638',NULL,'RET',14,NULL,7,'5',12,'H','2',NULL,'0','IMM','BL','SX',NULL,TIMESTAMP'2006-12-22 10:11:09',NULL,289407,'IDIR\KADUFFY',TIMESTAMP'2006-12-22 10:11:09','DATAFIX_LOB38870',TIMESTAMP'2015-05-06 16:41:14',27);

INSERT INTO silva.timber_mark (timber_mark, forest_file_id, cutting_permit_id, forest_district, geographic_distrct, cascade_split_code, quota_type_code, deciduous_ind, catastrophic_ind, crown_granted_ind, cruise_based_ind, certificate, hdbs_timber_mark, vm_timber_mark, tenure_term, bcaa_folio_number, activated_userid, amended_userid, district_admn_zone, granted_acqrd_date, lands_region, crown_granted_acq_desc, mark_status_st, mark_status_date, mark_amend_date, mark_appl_date, mark_cancel_date, mark_extend_date, mark_extend_rsn_cd, mark_extend_count, mark_issue_date, mark_expiry_date, markng_instrmnt_cd, marking_method_cd, entry_userid, entry_timestamp, update_userid, update_timestamp, revision_count, small_patch_salvage_ind, salvage_type_code) VALUES
	 ('77623','A77623',' ',14,12,'E','D','N','N','N','N',NULL,'77623','77623',12,NULL,NULL,NULL,'1',NULL,'4',NULL,'HC',TIMESTAMP'2008-07-28 00:00:00',NULL,NULL,NULL,TIMESTAMP'2007-12-14 00:00:00','X',1,TIMESTAMP'2005-12-15 00:00:00',TIMESTAMP'2006-12-14 00:00:00','H','4','IDIR\DMcMulli',TIMESTAMP'2005-11-03 13:18:10','IDIR\HEDOMINE',TIMESTAMP'2008-07-28 13:16:27',12,'N',NULL);

INSERT INTO silva.cut_block (cb_skey, hva_skey, forest_file_id, cutting_permit_id, timber_mark, cut_block_id, sp_exempt_ind, block_status_date, cut_block_description, cut_regulation_code, block_status_st, reforest_declare_type_code, revision_count, entry_userid, entry_timestamp, update_userid, update_timestamp, is_waste_assessment_required, cut_block_guid, fire_harvesting_reason_code, is_under_partition_order, reported_fire_date) VALUES
	 (5321,79707,'A77623',' ','77623','2','N',TIMESTAMP'2007-07-23 09:36:43','Ymir',NULL,'S',NULL,6,'IDIR\DMcMulli',TIMESTAMP'2005-11-03 13:18:10','IDIR\KCSMITH',TIMESTAMP'2012-01-26 15:18:01','U','B9B0909DF776645AE05332B3228EA5A5',NULL,NULL,NULL);

INSERT INTO silva.cut_block_client (cblk_client_skey, cb_skey, cut_block_client_type_code, licensee_start_date, licensee_end_date, client_locn_code, client_number, revision_count, entry_userid, entry_timestamp, update_userid, update_timestamp) VALUES
	 (391376,5321,'O',TIMESTAMP'2009-09-22 00:00:00',NULL,'00','00010008',1,'Datafix111603',TIMESTAMP'2009-09-22 14:11:26','Datafix111603',TIMESTAMP'2009-09-22 14:11:26');

INSERT INTO silva.cut_block_open_admin (cut_block_open_admin_id, forest_file_id, timber_mark, cut_block_id, cutting_permit_id, disturbance_gross_area, disturbance_start_date, disturbance_end_date, opening_id, opening_gross_area, planned_harvest_date, planned_gross_block_area, planned_net_block_area, opening_prime_licence_ind, cb_skey, revision_count, entry_userid, entry_timestamp, update_userid, update_timestamp) VALUES
	 (268177,'A77623','77623','2',' ',51.1,TIMESTAMP'2006-06-16 00:00:00',TIMESTAMP'2007-05-01 00:00:00',1092357,56.8,TIMESTAMP'2006-01-30 00:00:00',56.9797,54.2,'Y',5321,5,'IDIR\DMcMulli',TIMESTAMP'2005-11-03 13:18:10','IDIR\SMSWITZE',TIMESTAMP'2007-07-23 09:36:43');

INSERT INTO silva.activity_treatment_unit (activity_treatment_unit_id, activity_tu_seq_no, org_unit_no, opening_id, silviculture_project_id, project_unit_id, silv_base_code, silv_technique_code, silv_method_code, silv_objective_code_1, silv_objective_code_2, silv_objective_code_3, silv_fund_srce_code, silv_activity_measurement_code, activity_licensee_id, treatment_amount, actual_treatment_cost, act_planted_no, plan_silv_technique_code, plan_silv_method_code, plan_silv_fund_srce_code, planned_date, planned_treatment_amount, planned_treatment_cost, plan_silv_objective_code_1, plan_silv_objective_code_2, plan_silv_objective_code_3, target_prepared_spots, pruning_min_crown_pct, prune_height, stems_to_prune, min_acceptable_density, total_stems_per_ha, inter_tree_target_distance, inter_tree_variation, inter_tree_min_distance, max_trees_per_plot, max_trees_per_ha, survey_planned_num_plots, survey_actual_num_plots, survey_min_plots_per_stratum, silv_tree_species_code, atu_start_date, atu_completion_date, results_ind, unit_bid_price, fia_project_id, results_submission_id, disturbance_code, silv_system_code, silv_system_variant_code, silv_cut_phase_code, cut_block_open_admin_id, disturbance_completed_ind, entry_userid, entry_timestamp, update_userid, update_timestamp, revision_count) VALUES
	 (1937230,1,14,1092357,NULL,NULL,'DN',NULL,NULL,NULL,NULL,NULL,NULL,'HA','160093453',28.9,NULL,NULL,NULL,NULL,NULL,NULL,NULL,NULL,NULL,NULL,NULL,NULL,NULL,NULL,NULL,NULL,NULL,NULL,NULL,NULL,NULL,NULL,NULL,NULL,NULL,NULL,TIMESTAMP'2006-06-16 00:00:00',TIMESTAMP'2007-05-01 00:00:00','Y',NULL,NULL,360843,'L','CCRES',NULL,'REMOV',268177,'N','IDIR\SMSWITZE',TIMESTAMP'2007-07-23 09:36:43','&&datafix_userid',TIMESTAMP'2014-06-28 09:36:12',2),
	 (1937231,2,14,1092357,NULL,NULL,'DN',NULL,NULL,NULL,NULL,NULL,NULL,'HA','160093454',22.2,NULL,NULL,NULL,NULL,NULL,NULL,NULL,NULL,NULL,NULL,NULL,NULL,NULL,NULL,NULL,NULL,NULL,NULL,NULL,NULL,NULL,NULL,NULL,NULL,NULL,NULL,TIMESTAMP'2006-06-16 00:00:00',TIMESTAMP'2007-05-01 00:00:00','Y',NULL,NULL,360843,'L','CCRES',NULL,'REMOV',268177,'N','IDIR\SMSWITZE',TIMESTAMP'2007-07-23 09:36:43','&&datafix_userid',TIMESTAMP'2014-06-28 09:36:12',2),
	 (2500695,7,14,1092357,NULL,NULL,'PL','FP','CTAIN','CE',NULL,NULL,'BCT','HA','161770574',42.6,NULL,26300,NULL,NULL,NULL,NULL,NULL,NULL,NULL,NULL,NULL,NULL,NULL,NULL,NULL,NULL,NULL,NULL,NULL,NULL,NULL,NULL,NULL,NULL,NULL,NULL,NULL,TIMESTAMP'2010-06-18 00:00:00','Y',NULL,NULL,856621,NULL,NULL,NULL,NULL,NULL,NULL,'IDIR\JOASHDOW',TIMESTAMP'2010-11-04 15:31:17','&&datafix_userid',TIMESTAMP'2014-06-28 09:36:12',18),
	 (2500696,8,14,1092357,NULL,NULL,'SU','PL','PLOT',NULL,NULL,NULL,'BCT','HA','162079774',42.6,NULL,NULL,NULL,NULL,NULL,NULL,NULL,NULL,NULL,NULL,NULL,NULL,NULL,NULL,NULL,NULL,NULL,NULL,NULL,NULL,NULL,NULL,NULL,NULL,NULL,NULL,NULL,TIMESTAMP'2010-06-18 00:00:00','Y',NULL,NULL,856621,NULL,NULL,NULL,NULL,NULL,NULL,'IDIR\JOASHDOW',TIMESTAMP'2010-11-04 15:31:17','&&datafix_userid',TIMESTAMP'2014-06-28 09:36:12',2),
	 (2350866,6,14,1092357,NULL,NULL,'SU','RE','WALK',NULL,NULL,NULL,'BCT','HA','161535260',51.1,NULL,NULL,NULL,NULL,NULL,NULL,NULL,NULL,NULL,NULL,NULL,NULL,NULL,NULL,NULL,NULL,NULL,NULL,NULL,NULL,NULL,NULL,NULL,NULL,NULL,NULL,NULL,TIMESTAMP'2009-09-08 00:00:00','Y',NULL,NULL,737018,NULL,NULL,NULL,NULL,NULL,NULL,'IDIR\JOASHDOW',TIMESTAMP'2009-11-04 10:30:44','&&datafix_userid',TIMESTAMP'2014-06-28 09:36:12',2),
	 (2126635,3,14,1092357,NULL,NULL,'SU','PO','PLOT','CC','PP','RG','BCT','HA','161475391',57,NULL,NULL,NULL,NULL,NULL,NULL,NULL,NULL,NULL,NULL,NULL,NULL,NULL,NULL,NULL,NULL,NULL,NULL,NULL,NULL,NULL,NULL,NULL,NULL,NULL,NULL,NULL,TIMESTAMP'2007-05-01 00:00:00','Y',NULL,NULL,473612,NULL,NULL,NULL,NULL,NULL,NULL,'IDIR\JOASHDOW',TIMESTAMP'2008-05-22 14:57:34','&&datafix_userid',TIMESTAMP'2014-06-28 09:36:12',2),
	 (2162373,4,14,1092357,NULL,NULL,'SU','RG','PLOT',NULL,NULL,NULL,'BCT','HA','160877858',51.1,NULL,NULL,NULL,NULL,NULL,NULL,NULL,NULL,NULL,NULL,NULL,NULL,NULL,NULL,NULL,NULL,NULL,NULL,NULL,NULL,NULL,NULL,NULL,NULL,NULL,NULL,NULL,TIMESTAMP'2008-06-27 00:00:00','Y',NULL,'IMTK07TFG',497605,NULL,NULL,NULL,NULL,NULL,NULL,'IDIR\JOASHDOW',TIMESTAMP'2008-08-22 14:17:32','&&datafix_userid',TIMESTAMP'2014-06-28 09:36:12',2),
	 (2162374,5,14,1092357,NULL,NULL,'PL','PL','CTAIN','CE',NULL,NULL,'BCT','HA','160877850',51.1,NULL,55975,NULL,NULL,NULL,NULL,NULL,NULL,NULL,NULL,NULL,NULL,NULL,NULL,NULL,NULL,NULL,NULL,NULL,NULL,NULL,NULL,NULL,NULL,NULL,NULL,NULL,TIMESTAMP'2008-06-24 00:00:00','Y',NULL,'PL09TFG001',497605,NULL,NULL,NULL,NULL,NULL,NULL,'IDIR\JOASHDOW',TIMESTAMP'2008-08-22 14:17:32','&&datafix_userid',TIMESTAMP'2014-06-28 09:36:12',9);

INSERT INTO silva.standards_regime (standards_regime_id, standards_regime_name, standards_regime_status_code, silv_statute_code, standards_objective, geographic_description, mof_default_standard_ind, regen_delay_offset_yrs, regen_obligation_ind, no_regen_early_offset_yrs, no_regen_late_offset_yrs, free_growing_early_offset_yrs, free_growing_late_offset_yrs, approved_by_userid, approved_date, submitted_by_userid, submitted_date, effective_date, expiry_date, additional_standards, reject_note, entry_userid, entry_timestamp, update_userid, update_timestamp, revision_count) VALUES
	 (1014,NULL,'APP',NULL,NULL,NULL,'Y',4,'Y',NULL,NULL,12,20,'RESULTS_CNV',TIMESTAMP'2005-01-15 21:04:23',NULL,TIMESTAMP'2005-01-15 21:04:23',TIMESTAMP'2003-07-16 00:00:00',NULL,'(PLI72) ; PLI-Restricted to max 25% of WSS or to the extent previously found on site as a commercial species (based on cruise or scale).',NULL,'RESULTS_CNV',TIMESTAMP'2005-01-15 21:04:23','FSP_Datafix',TIMESTAMP'2008-05-15 13:19:14',2);

INSERT INTO silva.stocking_standard_unit (stocking_standard_unit_id, opening_id, standards_unit_id, standards_regime_id, net_area, max_allow_soil_disturbance_pct, variance_ind, entry_userid, entry_timestamp, update_userid, update_timestamp, revision_count) VALUES
	 (1153275,1092357,'1',1014,28.8,10,'Y','IDIR\KADUFFY',TIMESTAMP'2006-12-22 10:11:09','IDIR\KCSMITH',TIMESTAMP'2012-02-01 13:04:11',5),
	 (1153274,1092357,'2',1014,22.1,5,'Y','IDIR\KADUFFY',TIMESTAMP'2006-12-22 10:11:09','IDIR\KCSMITH',TIMESTAMP'2012-02-01 11:58:40',5);

INSERT INTO silva.stocking_milestone (stocking_standard_unit_id, silv_milestone_type_code, results_submission_id, declared_date, declared_userid, declare_ind, declaration_submitted_date, early_offset_years, late_offset_years, due_early_date, due_late_date, entry_userid, entry_timestamp, update_userid, update_timestamp, revision_count, extent_feasible_declared_ind) VALUES
	 (1153275,'NR',NULL,NULL,NULL,NULL,NULL,0,0,NULL,NULL,'IDIR\KCSMITH',TIMESTAMP'2012-02-01 13:04:11','IDIR\KCSMITH',TIMESTAMP'2012-02-01 13:04:11',1,'N'),
	 (1153275,'PH',360843,TIMESTAMP'2007-05-01 00:00:00','IDIR\SMSWITZE','Y',TIMESTAMP'2007-07-23 00:00:00',NULL,NULL,NULL,NULL,'IDIR\KADUFFY',TIMESTAMP'2006-12-22 10:11:09','IDIR\KCSMITH',TIMESTAMP'2012-02-01 13:04:11',41,'N'),
	 (1153274,'NR',NULL,NULL,NULL,NULL,NULL,0,0,NULL,NULL,'IDIR\KCSMITH',TIMESTAMP'2012-02-01 11:58:40','IDIR\KCSMITH',TIMESTAMP'2012-02-01 11:58:40',1,'N'),
	 (1153274,'PH',360843,TIMESTAMP'2007-05-01 00:00:00','IDIR\SMSWITZE','Y',TIMESTAMP'2007-07-23 00:00:00',NULL,NULL,NULL,NULL,'IDIR\KADUFFY',TIMESTAMP'2006-12-22 10:11:09','IDIR\KCSMITH',TIMESTAMP'2012-02-01 11:58:40',41,'N');

INSERT INTO silva.stocking_ecology (stocking_ecology_id, opening_id, stocking_standard_unit_id, bec_region_code, bgc_zone_code, bgc_subzone_code, bgc_variant, bgc_phase, bec_site_series, bec_site_type, bec_seral, entry_userid, entry_timestamp, update_userid, update_timestamp, revision_count) VALUES
	 (1159684,1092357,1153275,NULL,'ESSF','wc','4',NULL,'04',NULL,NULL,'IDIR\KADUFFY',TIMESTAMP'2006-12-22 10:11:09','IDIR\KCSMITH',TIMESTAMP'2012-02-01 13:04:11',2),
	 (1159683,1092357,1153274,NULL,'ESSF','wc','4',NULL,'04',NULL,NULL,'IDIR\KADUFFY',TIMESTAMP'2006-12-22 10:11:09','IDIR\KCSMITH',TIMESTAMP'2012-02-01 11:58:40',2);

INSERT INTO silva.stocking_layer (stocking_layer_id, stocking_standard_unit_id, opening_id, stocking_layer_code, target_stocking, residual_basal_area, min_horizontal_distance, min_pref_stocking_standard, min_post_spacing, min_stocking_standard, max_post_spacing, max_conifer, hght_relative_to_comp, tree_size_unit_code, entry_userid, entry_timestamp, update_userid, update_timestamp, revision_count) VALUES
	 (1092938,1153275,1092357,'I',NULL,NULL,NULL,NULL,NULL,NULL,NULL,NULL,NULL,NULL,'IDIR\KADUFFY',TIMESTAMP'2006-12-22 10:11:09','IDIR\KCSMITH',TIMESTAMP'2012-02-01 13:04:55',3),
	 (1092939,1153274,1092357,'I',NULL,NULL,NULL,NULL,NULL,NULL,NULL,NULL,NULL,NULL,'IDIR\KADUFFY',TIMESTAMP'2006-12-22 10:11:09','IDIR\KCSMITH',TIMESTAMP'2012-02-01 11:58:59',3);

INSERT INTO silva.forest_cover (forest_cover_id, opening_id, stocking_standard_unit_id, silv_polygon_no, silv_polygon_area, silv_polygon_net_area, stocking_class_code, stocking_status_code, stocking_type_code, reference_year, reentry_year, site_class_code, site_index, site_index_source_code, silv_reserve_code, silv_reserve_objective_code, tree_species_code, tree_cover_pattern_code, results_submission_id, entry_userid, entry_timestamp, update_userid, update_timestamp, revision_count) VALUES
	 (2289820,1092357,1153275,'1a',28.9,28.9,NULL,'IMM','ART',2010,NULL,NULL,15,'E',NULL,NULL,'PLI',NULL,853898,'IDIR\JOASHDOW',TIMESTAMP'2009-11-04 10:30:48','IDIR\JOASHDOW',TIMESTAMP'2010-10-25 12:53:15',7),
	 (2289821,1092357,1153274,'2a',13.7,13.7,NULL,'IMM','ART',2010,NULL,NULL,21,'E',NULL,NULL,'BL',NULL,853898,'IDIR\JOASHDOW',TIMESTAMP'2009-11-04 10:30:48','IDIR\JOASHDOW',TIMESTAMP'2010-10-25 12:53:15',7),
	 (2289822,1092357,1153274,'2b',8.5,8.5,NULL,'IMM','ART',2009,NULL,NULL,15,'E',NULL,NULL,'SE',NULL,853898,'IDIR\JOASHDOW',TIMESTAMP'2009-11-04 10:30:48','IDIR\JOASHDOW',TIMESTAMP'2010-10-25 12:53:15',7),
	 (2289823,1092357,NULL,'WTP',3.4,3.4,NULL,'RES','NAT',2006,NULL,NULL,16,'H','G','WTR',NULL,NULL,853898,'IDIR\JOASHDOW',TIMESTAMP'2009-11-04 10:30:48','IDIR\JOASHDOW',TIMESTAMP'2010-10-25 12:53:15',1),
	 (2289824,1092357,NULL,'PAS',2.5,2.5,NULL,'NP','UNN',2006,NULL,NULL,NULL,NULL,NULL,NULL,NULL,NULL,853898,'IDIR\JOASHDOW',TIMESTAMP'2009-11-04 10:30:48','IDIR\JOASHDOW',TIMESTAMP'2010-10-25 12:53:15',1);

INSERT INTO silva.opening_amendment_history (opening_id, opening_amendment_number, amendment_userid, amendment_date, submitted_by_userid, submitted_date, app_ent_by_userid, approve_date, entry_userid, entry_timestamp, update_userid, update_timestamp, revision_count) VALUES
	 (1092357,1,'IDIR\KCSMITH',TIMESTAMP'2012-02-01 11:58:32',NULL,NULL,NULL,NULL,'IDIR\KCSMITH',TIMESTAMP'2012-02-01 11:58:32','IDIR\KCSMITH',TIMESTAMP'2012-02-01 13:05:16',12);

INSERT INTO silva.stocking_event_history (stocking_event_history_id, opening_id, opening_amendment_id, opening_amendment_number, results_audit_action_code, submitted_userid, results_submission_id, amend_event_timestamp, entry_userid, entry_timestamp, revision_count) VALUES
	 (1209699,1092357,NULL,NULL,'O','Results data conversion',NULL,TIMESTAMP'2008-03-11 14:20:44','Results data conversion',TIMESTAMP'2008-03-11 14:20:44',1),
	 (1505893,1092357,1092357,1,'SPA','IDIR\KCSMITH',NULL,TIMESTAMP'2012-02-01 11:58:33','IDIR\KCSMITH',TIMESTAMP'2012-02-01 11:58:33',1),
	 (1414610,1092357,1092357,NULL,'VAR','IDIR\SMSWITZE',NULL,TIMESTAMP'2008-05-22 15:55:12','IDIR\SMSWITZE',TIMESTAMP'2008-05-22 15:55:12',1);

INSERT INTO silva.results_audit_event (results_audit_event_id, opening_id, standards_regime_id, silviculture_project_id, results_audit_action_code, action_date, description, user_id, email_sent_ind, xml_submission_id, opening_amendment_number, entry_userid, entry_timestamp) VALUES
	 (694110,1092357,NULL,NULL,'ES',TIMESTAMP'2006-12-22 10:11:09','Opening ID 1092357 created',NULL,'Y',289407,NULL,'IDIR\KADUFFY',TIMESTAMP'2006-12-22 10:11:09'),
	 (862958,1092357,NULL,NULL,'ES',TIMESTAMP'2007-07-23 09:36:43','Creating Disturbance Activity: Activity Id = 1937230',NULL,'Y',360843,NULL,'IDIR\SMSWITZE',TIMESTAMP'2007-07-23 09:36:43'),
	 (862959,1092357,NULL,NULL,'ES',TIMESTAMP'2007-07-23 09:36:43','Creating Disturbance Activity: Activity Id = 1937231',NULL,'Y',360843,NULL,'IDIR\SMSWITZE',TIMESTAMP'2007-07-23 09:36:43'),
	 (862960,1092357,NULL,NULL,'ES',TIMESTAMP'2007-07-23 09:36:43','Forest Cover Polygon No. Z (Id=1580406)',NULL,'Y',360843,NULL,'IDIR\SMSWITZE',TIMESTAMP'2007-07-23 09:36:43'),
	 (862961,1092357,NULL,NULL,'ES',TIMESTAMP'2007-07-23 09:36:43','Forest Cover Polygon No. W (Id=1580407)',NULL,'Y',360843,NULL,'IDIR\SMSWITZE',TIMESTAMP'2007-07-23 09:36:43'),
	 (862962,1092357,NULL,NULL,'ES',TIMESTAMP'2007-07-23 09:36:43','Forest Cover Polygon No. 2a (Id=1580408)',NULL,'Y',360843,NULL,'IDIR\SMSWITZE',TIMESTAMP'2007-07-23 09:36:43'),
	 (862963,1092357,NULL,NULL,'ES',TIMESTAMP'2007-07-23 09:36:43','Forest Cover Polygon No. 1a (Id=1580409)',NULL,'Y',360843,NULL,'IDIR\SMSWITZE',TIMESTAMP'2007-07-23 09:36:43'),
	 (862964,1092357,NULL,NULL,'ES',TIMESTAMP'2007-07-23 09:36:43','Milestones modified',NULL,'Y',360843,NULL,'IDIR\SMSWITZE',TIMESTAMP'2007-07-23 09:36:43'),
	 (986554,1092357,NULL,NULL,'UPD',TIMESTAMP'2007-11-20 15:09:15','Opening/Tenure Online Entry',NULL,'N',NULL,NULL,'IDIR\JOASHDOW',TIMESTAMP'2007-11-20 15:09:15'),
	 (1182888,1092357,NULL,NULL,'ES',TIMESTAMP'2008-05-22 14:57:34','Inserting Activity: Activity Id = 2126635, Activity Base = ''SU''',NULL,'Y',473612,NULL,'IDIR\JOASHDOW',TIMESTAMP'2008-05-22 14:57:34'),
	 (1183216,1092357,NULL,NULL,'VAR',TIMESTAMP'2008-05-22 15:55:12','Opening/related details were modified.',NULL,'N',NULL,NULL,'IDIR\SMSWITZE',TIMESTAMP'2008-05-22 15:55:12'),
	 (1244565,1092357,NULL,NULL,'ES',TIMESTAMP'2008-08-22 14:17:32','Inserting Activity: Activity Id = 2162373, Activity Base = ''SU''',NULL,'Y',497605,NULL,'IDIR\JOASHDOW',TIMESTAMP'2008-08-22 14:17:32'),
	 (1244566,1092357,NULL,NULL,'ES',TIMESTAMP'2008-08-22 14:17:32','Inserting Activity: Activity Id = 2162374, Activity Base = ''PL''',NULL,'Y',497605,NULL,'IDIR\JOASHDOW',TIMESTAMP'2008-08-22 14:17:32'),
	 (1244567,1092357,NULL,NULL,'ES',TIMESTAMP'2008-08-22 14:17:35','Forest Cover Polygon No. 1a (Id=1852020)',NULL,'Y',497605,NULL,'IDIR\JOASHDOW',TIMESTAMP'2008-08-22 14:17:35'),
	 (1244568,1092357,NULL,NULL,'ES',TIMESTAMP'2008-08-22 14:17:35','Forest Cover Polygon No. 2a (Id=1852021)',NULL,'Y',497605,NULL,'IDIR\JOASHDOW',TIMESTAMP'2008-08-22 14:17:35'),
	 (1244569,1092357,NULL,NULL,'ES',TIMESTAMP'2008-08-22 14:17:35','Forest Cover Polygon No. PAS (Id=1852022)',NULL,'Y',497605,NULL,'IDIR\JOASHDOW',TIMESTAMP'2008-08-22 14:17:35'),
	 (1244570,1092357,NULL,NULL,'ES',TIMESTAMP'2008-08-22 14:17:35','Forest Cover Polygon No. WTP (Id=1852023)',NULL,'Y',497605,NULL,'IDIR\JOASHDOW',TIMESTAMP'2008-08-22 14:17:35'),
	 (1254468,1092357,NULL,NULL,'MIL',TIMESTAMP'2008-09-09 14:03:30','Milestone was modified',NULL,'Y',500862,NULL,'IDIR\SMSWITZE',TIMESTAMP'2008-09-09 14:03:30'),
	 (1673034,1092357,NULL,NULL,'ES',TIMESTAMP'2009-11-04 10:30:44','Inserting Activity: Activity Id = 2350866, Activity Base = ''SU''',NULL,'Y',737018,NULL,'IDIR\JOASHDOW',TIMESTAMP'2009-11-04 10:30:44'),
	 (1673035,1092357,NULL,NULL,'ES',TIMESTAMP'2009-11-04 10:30:48','Forest Cover Polygon No. 1a (Id=2090237)',NULL,'Y',737018,NULL,'IDIR\JOASHDOW',TIMESTAMP'2009-11-04 10:30:48');
INSERT INTO silva.results_audit_event (results_audit_event_id, opening_id, standards_regime_id, silviculture_project_id, results_audit_action_code, action_date, description, user_id, email_sent_ind, xml_submission_id, opening_amendment_number, entry_userid, entry_timestamp) VALUES
	 (1673036,1092357,NULL,NULL,'ES',TIMESTAMP'2009-11-04 10:30:48','Forest Cover Polygon No. 2a (Id=2090238)',NULL,'Y',737018,NULL,'IDIR\JOASHDOW',TIMESTAMP'2009-11-04 10:30:48'),
	 (1673037,1092357,NULL,NULL,'ES',TIMESTAMP'2009-11-04 10:30:48','Forest Cover Polygon No. 2b (Id=2090239)',NULL,'Y',737018,NULL,'IDIR\JOASHDOW',TIMESTAMP'2009-11-04 10:30:48'),
	 (1673038,1092357,NULL,NULL,'ES',TIMESTAMP'2009-11-04 10:30:48','Forest Cover Polygon No. WTP (Id=2090240)',NULL,'Y',737018,NULL,'IDIR\JOASHDOW',TIMESTAMP'2009-11-04 10:30:48'),
	 (1673039,1092357,NULL,NULL,'ES',TIMESTAMP'2009-11-04 10:30:48','Forest Cover Polygon No. PAS (Id=2090241)',NULL,'Y',737018,NULL,'IDIR\JOASHDOW',TIMESTAMP'2009-11-04 10:30:48'),
	 (1993819,1092357,NULL,NULL,'ES',TIMESTAMP'2010-10-25 12:53:15','Forest Cover Polygon No. 1a (Id=2289820)',NULL,'Y',853898,NULL,'IDIR\JOASHDOW',TIMESTAMP'2010-10-25 12:53:15'),
	 (1993820,1092357,NULL,NULL,'ES',TIMESTAMP'2010-10-25 12:53:15','Forest Cover Polygon No. 2a (Id=2289821)',NULL,'Y',853898,NULL,'IDIR\JOASHDOW',TIMESTAMP'2010-10-25 12:53:15'),
	 (1993821,1092357,NULL,NULL,'ES',TIMESTAMP'2010-10-25 12:53:15','Forest Cover Polygon No. 2b (Id=2289822)',NULL,'Y',853898,NULL,'IDIR\JOASHDOW',TIMESTAMP'2010-10-25 12:53:15'),
	 (1993822,1092357,NULL,NULL,'ES',TIMESTAMP'2010-10-25 12:53:15','Forest Cover Polygon No. WTP (Id=2289823)',NULL,'Y',853898,NULL,'IDIR\JOASHDOW',TIMESTAMP'2010-10-25 12:53:15'),
	 (1993823,1092357,NULL,NULL,'ES',TIMESTAMP'2010-10-25 12:53:15','Forest Cover Polygon No. PAS (Id=2289824)',NULL,'Y',853898,NULL,'IDIR\JOASHDOW',TIMESTAMP'2010-10-25 12:53:15'),
	 (1999982,1092357,NULL,NULL,'ES',TIMESTAMP'2010-11-04 15:31:17','Inserting Activity: Activity Id = 2500695, Activity Base = ''PL''',NULL,'Y',856621,NULL,'IDIR\JOASHDOW',TIMESTAMP'2010-11-04 15:31:17'),
	 (1999983,1092357,NULL,NULL,'ES',TIMESTAMP'2010-11-04 15:31:17','Inserting Activity: Activity Id = 2500696, Activity Base = ''SU''',NULL,'Y',856621,NULL,'IDIR\JOASHDOW',TIMESTAMP'2010-11-04 15:31:17'),
	 (2362914,1092357,NULL,NULL,'MIL',TIMESTAMP'2012-01-26 15:18:00','Opening/related details were modified.',NULL,'N',NULL,NULL,'IDIR\KCSMITH',TIMESTAMP'2012-01-26 15:18:00'),
	 (2362913,1092357,NULL,NULL,'UPD',TIMESTAMP'2012-01-26 15:18:00','Opening/Tenure Online Entry',NULL,'N',NULL,NULL,'IDIR\KCSMITH',TIMESTAMP'2012-01-26 15:18:00'),
	 (2362915,1092357,NULL,NULL,'MIL',TIMESTAMP'2012-01-26 15:18:01','Opening/related details were modified.',NULL,'N',NULL,NULL,'IDIR\KCSMITH',TIMESTAMP'2012-01-26 15:18:01'),
	 (2370391,1092357,NULL,NULL,'MIL',TIMESTAMP'2012-02-01 11:57:47','Milestone was modified.',NULL,'N',NULL,NULL,'IDIR\KCSMITH',TIMESTAMP'2012-02-01 11:57:47'),
	 (2370392,1092357,NULL,NULL,'MIL',TIMESTAMP'2012-02-01 11:57:47','Milestone was undeclared.  SU:1  SSID:1153275  SMTC:RG No silviculture obligation for this block as it is wholly within the no harvest zone of the new GAR order-Mountain Caribou UWR #U-4-012, 4-013, and 4-014 effective Feb. 12, and 19, 2009. The new prioritiy within this UWR is now to maintain caribou habitat rather than to provide for future harvesting opportunities. Pursuant to Sect. 29 and Part 11 of the Forest and Range Practices Act (FRPA) there is no requirement to establish a free growing stand for  the block.\nInitiated by Kathy Smith, DM letter of approval attached (July 28, 2011) \nRob Borhi- RPF. February 1, 2012',NULL,'N',NULL,NULL,'IDIR\KCSMITH',TIMESTAMP'2012-02-01 11:57:47'),
	 (2370393,1092357,NULL,NULL,'MIL',TIMESTAMP'2012-02-01 11:57:59','Milestone was modified.',NULL,'N',NULL,NULL,'IDIR\KCSMITH',TIMESTAMP'2012-02-01 11:57:59'),
	 (2370394,1092357,NULL,NULL,'MIL',TIMESTAMP'2012-02-01 11:57:59','Milestone was undeclared.  SU:2  SSID:1153274  SMTC:RG No silviculture obligation for this block as it is wholly within the no harvest zone of the new GAR order-Mountain Caribou UWR #U-4-012, 4-013, and 4-014 effective Feb. 12, and 19, 2009. The new prioritiy within this UWR is now to maintain caribou habitat rather than to provide for future harvesting opportunities. Pursuant to Sect. 29 and Part 11 of the Forest and Range Practices Act (FRPA) there is no requirement to establish a free growing stand for  the block.\nInitiated by Kathy Smith, DM letter of approval attached (July 28, 2011)\nRob Borhi- RPF. February 1, 2012',NULL,'N',NULL,NULL,'IDIR\KCSMITH',TIMESTAMP'2012-02-01 11:57:59'),
	 (2370397,1092357,NULL,NULL,'MIL',TIMESTAMP'2012-02-01 11:58:40','Milestone was modified.',NULL,'N',NULL,NULL,'IDIR\KCSMITH',TIMESTAMP'2012-02-01 11:58:40'),
	 (2370396,1092357,NULL,NULL,'SPA',TIMESTAMP'2012-02-01 11:58:40','Stocking information modified.',NULL,'N',NULL,1,'IDIR\KCSMITH',TIMESTAMP'2012-02-01 11:58:40');
INSERT INTO silva.results_audit_event (results_audit_event_id, opening_id, standards_regime_id, silviculture_project_id, results_audit_action_code, action_date, description, user_id, email_sent_ind, xml_submission_id, opening_amendment_number, entry_userid, entry_timestamp) VALUES
	 (2370398,1092357,NULL,NULL,'SPA',TIMESTAMP'2012-02-01 11:58:59','Opening/related details were modified.',NULL,'N',NULL,1,'IDIR\KCSMITH',TIMESTAMP'2012-02-01 11:58:59'),
	 (2370399,1092357,NULL,NULL,'SPA',TIMESTAMP'2012-02-01 11:59:07','Opening/related details were modified.',NULL,'N',NULL,1,'IDIR\KCSMITH',TIMESTAMP'2012-02-01 11:59:07'),
	 (2370400,1092357,NULL,NULL,'SPA',TIMESTAMP'2012-02-01 11:59:13','Opening/related details were modified.',NULL,'N',NULL,1,'IDIR\KCSMITH',TIMESTAMP'2012-02-01 11:59:13'),
	 (2370402,1092357,NULL,NULL,'SPA',TIMESTAMP'2012-02-01 11:59:19','Opening/related details were modified.',NULL,'N',NULL,1,'IDIR\KCSMITH',TIMESTAMP'2012-02-01 11:59:19'),
	 (2370695,1092357,NULL,NULL,'MIL',TIMESTAMP'2012-02-01 13:04:11','Milestone was modified.',NULL,'N',NULL,NULL,'IDIR\KCSMITH',TIMESTAMP'2012-02-01 13:04:11'),
	 (2370694,1092357,NULL,NULL,'SPA',TIMESTAMP'2012-02-01 13:04:11','Stocking information modified.',NULL,'N',NULL,1,'IDIR\KCSMITH',TIMESTAMP'2012-02-01 13:04:11'),
	 (2370703,1092357,NULL,NULL,'SPA',TIMESTAMP'2012-02-01 13:04:55','Opening/related details were modified.',NULL,'N',NULL,1,'IDIR\KCSMITH',TIMESTAMP'2012-02-01 13:04:55'),
	 (2370704,1092357,NULL,NULL,'SPA',TIMESTAMP'2012-02-01 13:05:02','Opening/related details were modified.',NULL,'N',NULL,1,'IDIR\KCSMITH',TIMESTAMP'2012-02-01 13:05:02'),
	 (2370705,1092357,NULL,NULL,'SPA',TIMESTAMP'2012-02-01 13:05:08','Opening/related details were modified.',NULL,'N',NULL,1,'IDIR\KCSMITH',TIMESTAMP'2012-02-01 13:05:08'),
	 (2370706,1092357,NULL,NULL,'SPA',TIMESTAMP'2012-02-01 13:05:16','Opening/related details were modified.',NULL,'N',NULL,1,'IDIR\KCSMITH',TIMESTAMP'2012-02-01 13:05:16'),
	 (3366283,1092357,NULL,NULL,'COR',TIMESTAMP'2015-05-06 16:50:48','OPENING_STATUS_CODE update as per DATAFIX_LOB38870',NULL,'N',NULL,NULL,'DATAFIX_LOB38870',TIMESTAMP'2015-05-06 16:50:48');

INSERT INTO silva.planting_rslt (activity_treatment_unit_id, results_ind, plant_rslt_seq_no, silv_tree_species_code, number_planted, planted_no_beyond_xfer_limit, bid_price_per_tree, seedlot_number, veg_lot_id, request_skey, item_id, entry_userid, entry_timestamp, update_userid, update_timestamp, revision_count, climate_based_seed_xfer_ind) VALUES
	 (2500695,'Y',1,'SX',1627,NULL,NULL,'61096',NULL,NULL,NULL,'IDIR\JOASHDOW',TIMESTAMP'2010-11-04 15:31:17','IDIR\JOASHDOW',TIMESTAMP'2010-11-04 15:31:17',1,'N'),
	 (2500695,'Y',2,'PLI',116,NULL,NULL,'35669',NULL,NULL,NULL,'IDIR\JOASHDOW',TIMESTAMP'2010-11-04 15:31:17','IDIR\JOASHDOW',TIMESTAMP'2010-11-04 15:31:17',1,'N'),
	 (2500695,'Y',3,'SX',71,NULL,NULL,'60777',NULL,NULL,NULL,'IDIR\JOASHDOW',TIMESTAMP'2010-11-04 15:31:17','IDIR\JOASHDOW',TIMESTAMP'2010-11-04 15:31:17',1,'N'),
	 (2500695,'Y',4,'PLI',566,NULL,NULL,'14553',NULL,NULL,NULL,'IDIR\JOASHDOW',TIMESTAMP'2010-11-04 15:31:17','IDIR\JOASHDOW',TIMESTAMP'2010-11-04 15:31:17',1,'N'),
	 (2500695,'Y',5,'PLI',2127,NULL,NULL,'39217',NULL,NULL,NULL,'IDIR\JOASHDOW',TIMESTAMP'2010-11-04 15:31:17','IDIR\JOASHDOW',TIMESTAMP'2010-11-04 15:31:17',1,'N'),
	 (2500695,'Y',6,'PLI',304,NULL,NULL,'48048',NULL,NULL,NULL,'IDIR\JOASHDOW',TIMESTAMP'2010-11-04 15:31:17','IDIR\JOASHDOW',TIMESTAMP'2010-11-04 15:31:17',1,'N'),
	 (2500695,'Y',7,'PLI',3444,NULL,NULL,'14728',NULL,NULL,NULL,'IDIR\JOASHDOW',TIMESTAMP'2010-11-04 15:31:17','IDIR\JOASHDOW',TIMESTAMP'2010-11-04 15:31:17',1,'N'),
	 (2500695,'Y',8,'PLI',203,NULL,NULL,'14728',NULL,NULL,NULL,'IDIR\JOASHDOW',TIMESTAMP'2010-11-04 15:31:17','IDIR\JOASHDOW',TIMESTAMP'2010-11-04 15:31:17',1,'N'),
	 (2500695,'Y',9,'PLI',244,NULL,NULL,'35669',NULL,NULL,NULL,'IDIR\JOASHDOW',TIMESTAMP'2010-11-04 15:31:17','IDIR\JOASHDOW',TIMESTAMP'2010-11-04 15:31:17',1,'N'),
	 (2500695,'Y',10,'SX',3433,NULL,NULL,'61096',NULL,NULL,NULL,'IDIR\JOASHDOW',TIMESTAMP'2010-11-04 15:31:17','IDIR\JOASHDOW',TIMESTAMP'2010-11-04 15:31:17',1,'N'),
	 (2500695,'Y',11,'PLI',7266,NULL,NULL,'14728',NULL,NULL,NULL,'IDIR\JOASHDOW',TIMESTAMP'2010-11-04 15:31:17','IDIR\JOASHDOW',TIMESTAMP'2010-11-04 15:31:17',1,'N'),
	 (2500695,'Y',12,'PLI',427,NULL,NULL,'14728',NULL,NULL,NULL,'IDIR\JOASHDOW',TIMESTAMP'2010-11-04 15:31:17','IDIR\JOASHDOW',TIMESTAMP'2010-11-04 15:31:17',1,'N'),
	 (2500695,'Y',13,'PLI',641,NULL,NULL,'48048',NULL,NULL,NULL,'IDIR\JOASHDOW',TIMESTAMP'2010-11-04 15:31:17','IDIR\JOASHDOW',TIMESTAMP'2010-11-04 15:31:17',1,'N'),
	 (2500695,'Y',14,'PLI',4488,NULL,NULL,'39217',NULL,NULL,NULL,'IDIR\JOASHDOW',TIMESTAMP'2010-11-04 15:31:17','IDIR\JOASHDOW',TIMESTAMP'2010-11-04 15:31:17',1,'N'),
	 (2500695,'Y',15,'PLI',1194,NULL,NULL,'14553',NULL,NULL,NULL,'IDIR\JOASHDOW',TIMESTAMP'2010-11-04 15:31:17','IDIR\JOASHDOW',TIMESTAMP'2010-11-04 15:31:17',1,'N'),
	 (2500695,'Y',16,'SX',149,NULL,NULL,'60777',NULL,NULL,NULL,'IDIR\JOASHDOW',TIMESTAMP'2010-11-04 15:31:17','IDIR\JOASHDOW',TIMESTAMP'2010-11-04 15:31:17',1,'N'),
	 (2162374,'Y',1,'SX',4877,NULL,NULL,'60751',NULL,NULL,NULL,'IDIR\JOASHDOW',TIMESTAMP'2008-08-22 14:17:32','IDIR\JOASHDOW',TIMESTAMP'2008-08-22 14:17:32',1,'N'),
	 (2162374,'Y',2,'PLI',8689,NULL,NULL,'14728',NULL,NULL,NULL,'IDIR\JOASHDOW',TIMESTAMP'2008-08-22 14:17:32','IDIR\JOASHDOW',TIMESTAMP'2008-08-22 14:17:32',1,'N'),
	 (2162374,'Y',3,'BL',1889,NULL,NULL,'03409',NULL,NULL,NULL,'IDIR\JOASHDOW',TIMESTAMP'2008-08-22 14:17:32','IDIR\JOASHDOW',TIMESTAMP'2008-08-22 14:17:32',1,'N'),
	 (2162374,'Y',4,'SX',18855,NULL,NULL,'60744',NULL,NULL,NULL,'IDIR\JOASHDOW',TIMESTAMP'2008-08-22 14:17:32','IDIR\JOASHDOW',TIMESTAMP'2008-08-22 14:17:32',1,'N');
INSERT INTO silva.planting_rslt (activity_treatment_unit_id, results_ind, plant_rslt_seq_no, silv_tree_species_code, number_planted, planted_no_beyond_xfer_limit, bid_price_per_tree, seedlot_number, veg_lot_id, request_skey, item_id, entry_userid, entry_timestamp, update_userid, update_timestamp, revision_count, climate_based_seed_xfer_ind) VALUES
	 (2162374,'Y',5,'PLI',4528,NULL,NULL,'14728',NULL,NULL,NULL,'IDIR\JOASHDOW',TIMESTAMP'2008-08-22 14:17:32','IDIR\JOASHDOW',TIMESTAMP'2008-08-22 14:17:32',1,'N'),
	 (2162374,'Y',6,'SX',15599,NULL,NULL,'60751',NULL,NULL,NULL,'IDIR\JOASHDOW',TIMESTAMP'2008-08-22 14:17:32','IDIR\JOASHDOW',TIMESTAMP'2008-08-22 14:17:32',1,'N'),
	 (2162374,'Y',7,'BL',1538,NULL,NULL,'03409',NULL,NULL,NULL,'IDIR\JOASHDOW',TIMESTAMP'2008-08-22 14:17:32','IDIR\JOASHDOW',TIMESTAMP'2008-08-22 14:17:32',1,'N');

INSERT INTO silva.forest_cover_layer (forest_cover_id, forest_cover_layer_id, forest_cover_layer_code, stocking_type_code, stocking_status_code, total_stems_per_ha, total_well_spaced_stems_per_ha, well_spaced_stems_per_ha, free_growing_stems_per_ha, crown_closure_pct, basal_area, entry_userid, entry_timestamp, update_userid, update_timestamp, revision_count) VALUES
	 (2289820,2671346,'I',NULL,NULL,5470,NULL,NULL,NULL,3,NULL,'IDIR\JOASHDOW',TIMESTAMP'2010-10-25 12:53:15','IDIR\JOASHDOW',TIMESTAMP'2010-10-25 12:53:15',1),
	 (2289820,2671347,'S',NULL,NULL,NULL,1170,1170,0,NULL,NULL,'IDIR\JOASHDOW',TIMESTAMP'2010-10-25 12:53:15','IDIR\JOASHDOW',TIMESTAMP'2010-10-25 12:53:15',1),
	 (2289821,2671348,'S',NULL,NULL,NULL,1160,1160,0,NULL,NULL,'IDIR\JOASHDOW',TIMESTAMP'2010-10-25 12:53:15','IDIR\JOASHDOW',TIMESTAMP'2010-10-25 12:53:15',1),
	 (2289821,2671349,'I',NULL,NULL,6580,NULL,NULL,NULL,3,NULL,'IDIR\JOASHDOW',TIMESTAMP'2010-10-25 12:53:15','IDIR\JOASHDOW',TIMESTAMP'2010-10-25 12:53:15',1),
	 (2289822,2671350,'I',NULL,NULL,4077,NULL,NULL,NULL,4,NULL,'IDIR\JOASHDOW',TIMESTAMP'2010-10-25 12:53:15','IDIR\JOASHDOW',TIMESTAMP'2010-10-25 12:53:15',1),
	 (2289822,2671351,'S',NULL,NULL,NULL,1215,1154,92,NULL,NULL,'IDIR\JOASHDOW',TIMESTAMP'2010-10-25 12:53:15','IDIR\JOASHDOW',TIMESTAMP'2010-10-25 12:53:15',1),
	 (2289823,2671352,'I',NULL,NULL,NULL,NULL,NULL,NULL,NULL,NULL,'IDIR\JOASHDOW',TIMESTAMP'2010-10-25 12:53:15','IDIR\JOASHDOW',TIMESTAMP'2010-10-25 12:53:15',1);

INSERT INTO silva.forest_cover_layer_species (forest_cover_id, forest_cover_layer_id, species_order, tree_species_code, tree_species_pct, avg_age, avg_height, entry_userid, entry_timestamp, update_userid, update_timestamp, revision_count) VALUES
	 (2289820,2671346,1,'BL',50,3,0.3,'IDIR\JOASHDOW',TIMESTAMP'2010-10-25 12:53:15','IDIR\JOASHDOW',TIMESTAMP'2010-10-25 12:53:15',1),
	 (2289820,2671346,2,'PLI',30,3,0.3,'IDIR\JOASHDOW',TIMESTAMP'2010-10-25 12:53:15','IDIR\JOASHDOW',TIMESTAMP'2010-10-25 12:53:15',1),
	 (2289820,2671346,3,'SX',20,NULL,NULL,'IDIR\JOASHDOW',TIMESTAMP'2010-10-25 12:53:15','IDIR\JOASHDOW',TIMESTAMP'2010-10-25 12:53:15',1),
	 (2289820,2671347,1,'PLI',50,3,0.3,'IDIR\JOASHDOW',TIMESTAMP'2010-10-25 12:53:15','IDIR\JOASHDOW',TIMESTAMP'2010-10-25 12:53:15',1),
	 (2289820,2671347,2,'SX',35,3,0.3,'IDIR\JOASHDOW',TIMESTAMP'2010-10-25 12:53:15','IDIR\JOASHDOW',TIMESTAMP'2010-10-25 12:53:15',1),
	 (2289820,2671347,3,'BL',15,NULL,NULL,'IDIR\JOASHDOW',TIMESTAMP'2010-10-25 12:53:15','IDIR\JOASHDOW',TIMESTAMP'2010-10-25 12:53:15',1),
	 (2289821,2671348,1,'PLI',69,2,0.3,'IDIR\JOASHDOW',TIMESTAMP'2010-10-25 12:53:15','IDIR\JOASHDOW',TIMESTAMP'2010-10-25 12:53:15',1),
	 (2289821,2671348,2,'SX',22,2,0.3,'IDIR\JOASHDOW',TIMESTAMP'2010-10-25 12:53:15','IDIR\JOASHDOW',TIMESTAMP'2010-10-25 12:53:15',1),
	 (2289821,2671348,3,'BL',9,NULL,NULL,'IDIR\JOASHDOW',TIMESTAMP'2010-10-25 12:53:15','IDIR\JOASHDOW',TIMESTAMP'2010-10-25 12:53:15',1),
	 (2289821,2671349,1,'BL',50,3,0.3,'IDIR\JOASHDOW',TIMESTAMP'2010-10-25 12:53:15','IDIR\JOASHDOW',TIMESTAMP'2010-10-25 12:53:15',1),
	 (2289821,2671349,2,'PLI',30,2,0.3,'IDIR\JOASHDOW',TIMESTAMP'2010-10-25 12:53:15','IDIR\JOASHDOW',TIMESTAMP'2010-10-25 12:53:15',1),
	 (2289821,2671349,3,'SX',20,NULL,NULL,'IDIR\JOASHDOW',TIMESTAMP'2010-10-25 12:53:15','IDIR\JOASHDOW',TIMESTAMP'2010-10-25 12:53:15',1),
	 (2289822,2671350,1,'BL',60,18,0.6,'IDIR\JOASHDOW',TIMESTAMP'2010-10-25 12:53:15','IDIR\JOASHDOW',TIMESTAMP'2010-10-25 12:53:15',1),
	 (2289822,2671350,2,'SE',30,1,0.2,'IDIR\JOASHDOW',TIMESTAMP'2010-10-25 12:53:15','IDIR\JOASHDOW',TIMESTAMP'2010-10-25 12:53:15',1),
	 (2289822,2671350,3,'PLI',10,0,0,'IDIR\JOASHDOW',TIMESTAMP'2010-10-25 12:53:15','IDIR\JOASHDOW',TIMESTAMP'2010-10-25 12:53:15',1),
	 (2289822,2671351,1,'SE',62,2,0.1,'IDIR\JOASHDOW',TIMESTAMP'2010-10-25 12:53:15','IDIR\JOASHDOW',TIMESTAMP'2010-10-25 12:53:15',1),
	 (2289822,2671351,2,'BL',28,3,0.1,'IDIR\JOASHDOW',TIMESTAMP'2010-10-25 12:53:15','IDIR\JOASHDOW',TIMESTAMP'2010-10-25 12:53:15',1),
	 (2289822,2671351,3,'PLI',10,1,0.1,'IDIR\JOASHDOW',TIMESTAMP'2010-10-25 12:53:15','IDIR\JOASHDOW',TIMESTAMP'2010-10-25 12:53:15',1);
