INSERT INTO silva.results_electronic_submission (results_submission_id, submission_timestamp, submitted_by, client_number, client_locn_code, org_unit_no, user_filename, user_reference, entry_userid, entry_timestamp, update_userid, update_timestamp, revision_count) VALUES
(2301602,TIMESTAMP'2023-12-12 12:30:51','BCEID\LMCVETTY','00010006','00',14,'lmr0026.xml',NULL,'BCEID\LMCVETTY',TIMESTAMP'2023-12-12 12:31:25','BCEID\LMCVETTY',TIMESTAMP'2023-12-12 12:31:25',1),
(1914074,TIMESTAMP'2019-11-06 16:40:37','BCEID\JTHOMPSON16','00010006','00',14,'LMR0026_all.xml',NULL,'BCEID\JTHOMPSON16',TIMESTAMP'2019-11-06 16:41:23','BCEID\JTHOMPSON16',TIMESTAMP'2019-11-06 16:41:23',1);

INSERT INTO silva.opening (opening_id, geo_district_no, admin_district_no, mapsheet_grid, mapsheet_letter, mapsheet_square, mapsheet_quad, mapsheet_sub_quad, opening_number, opening_locn_name, open_category_code, licensee_opening_id, tsb_number_code, opening_status_code, org_unit_no, dist_admin_zone, max_allow_permnt_access_pct, prev_age_class_code, prev_site_index, prev_site_index_source_code, prev_height_class_code, prev_site_class_code, prev_stocking_class_code, prev_stocking_status_code, prev_tree_spp1_code, prev_tree_spp2_code, app_ent_by_userid, approve_date, amendment_ind, results_submission_id, entry_userid, entry_timestamp, update_userid, update_timestamp, revision_count) VALUES
(1725701,14,14,' 82','F','009','0','0',' 162','K02','FTML','1000063771',NULL,'APP',14,NULL,7,'6',18,'E','4',NULL,'3','MAT','LW',NULL,NULL,TIMESTAMP'2019-11-06 16:41:23',NULL,1914074,'BCEID\JTHOMPSON16',TIMESTAMP'2019-11-06 16:41:23','BCEID\LMCVETTY',TIMESTAMP'2023-12-12 12:31:25',9);

INSERT INTO silva.timber_mark (timber_mark, forest_file_id, cutting_permit_id, forest_district, geographic_distrct, cascade_split_code, quota_type_code, deciduous_ind, catastrophic_ind, crown_granted_ind, cruise_based_ind, certificate, hdbs_timber_mark, vm_timber_mark, tenure_term, bcaa_folio_number, activated_userid, amended_userid, district_admn_zone, granted_acqrd_date, lands_region, crown_granted_acq_desc, mark_status_st, mark_status_date, mark_amend_date, mark_appl_date, mark_cancel_date, mark_extend_date, mark_extend_rsn_cd, mark_extend_count, mark_issue_date, mark_expiry_date, markng_instrmnt_cd, marking_method_cd, entry_userid, entry_timestamp, update_userid, update_timestamp, revision_count, small_patch_salvage_ind, salvage_type_code) VALUES
('EZ7210','A20212','210',14,14,'E','A','N','N','Y','N',NULL,NULL,NULL,48,NULL,NULL,NULL,'1',NULL,'4',NULL,'HC',TIMESTAMP'2021-11-23 00:00:00',NULL,NULL,NULL,NULL,NULL,0,TIMESTAMP'2017-11-24 00:00:00',TIMESTAMP'2021-11-23 00:00:00','H','4','BCEID\LOLA',TIMESTAMP'2017-10-19 06:49:49','IDIR\FRANKY',TIMESTAMP'2023-01-26 11:47:11',3,'N',NULL);

INSERT INTO silva.cut_block (cb_skey, hva_skey, forest_file_id, cutting_permit_id, timber_mark, cut_block_id, sp_exempt_ind, block_status_date, cut_block_description, cut_regulation_code, block_status_st, reforest_declare_type_code, revision_count, entry_userid, entry_timestamp, update_userid, update_timestamp, is_waste_assessment_required, cut_block_guid, fire_harvesting_reason_code, is_under_partition_order, reported_fire_date) VALUES
(736814,744308,'A20212','210','EZ7210','LMR0026','N',TIMESTAMP'2019-11-06 16:47:16','K02',NULL,'S',NULL,3,'BCEID\FARFALE',TIMESTAMP'2017-10-19 06:49:49','BCEID\FARFALE',TIMESTAMP'2019-11-06 16:47:16','U','B9B090A2C949645AE05332B3228EA5A5',NULL,NULL,NULL);

INSERT INTO silva.cut_block_open_admin (cut_block_open_admin_id, forest_file_id, timber_mark, cut_block_id, cutting_permit_id, disturbance_gross_area, disturbance_start_date, disturbance_end_date, opening_id, opening_gross_area, planned_harvest_date, planned_gross_block_area, planned_net_block_area, opening_prime_licence_ind, cb_skey, revision_count, entry_userid, entry_timestamp, update_userid, update_timestamp) VALUES
(449605,'A20212','EZ7210','LMR0026','210',29.1,TIMESTAMP'2018-06-01 00:00:00',TIMESTAMP'2018-06-20 00:00:00',1725701,42.6,TIMESTAMP'2018-01-01 00:00:00',42.5921,27.9,'Y',736814,3,'BCEID\FARFALE',TIMESTAMP'2017-10-19 06:49:49','BCEID\BROOKS',TIMESTAMP'2019-11-06 16:41:24');

INSERT INTO silva.activity_treatment_unit (activity_treatment_unit_id, activity_tu_seq_no, org_unit_no, opening_id, silviculture_project_id, project_unit_id, silv_base_code, silv_technique_code, silv_method_code, silv_objective_code_1, silv_objective_code_2, silv_objective_code_3, silv_fund_srce_code, silv_activity_measurement_code, activity_licensee_id, treatment_amount, actual_treatment_cost, act_planted_no, plan_silv_technique_code, plan_silv_method_code, plan_silv_fund_srce_code, planned_date, planned_treatment_amount, planned_treatment_cost, plan_silv_objective_code_1, plan_silv_objective_code_2, plan_silv_objective_code_3, target_prepared_spots, pruning_min_crown_pct, prune_height, stems_to_prune, min_acceptable_density, total_stems_per_ha, inter_tree_target_distance, inter_tree_variation, inter_tree_min_distance, max_trees_per_plot, max_trees_per_ha, survey_planned_num_plots, survey_actual_num_plots, survey_min_plots_per_stratum, silv_tree_species_code, atu_start_date, atu_completion_date, results_ind, unit_bid_price, fia_project_id, results_submission_id, disturbance_code, silv_system_code, silv_system_variant_code, silv_cut_phase_code, cut_block_open_admin_id, disturbance_completed_ind, entry_userid, entry_timestamp, update_userid, update_timestamp, revision_count) VALUES
	 (3657491,4,14,1725701,NULL,NULL,'PL','PL','MXPLT','CE',NULL,NULL,'IA','HA',NULL,29.1,NULL,40640,NULL,NULL,NULL,NULL,NULL,NULL,NULL,NULL,NULL,NULL,NULL,NULL,NULL,NULL,NULL,NULL,NULL,NULL,NULL,NULL,NULL,NULL,NULL,NULL,NULL,TIMESTAMP'2019-05-17 00:00:00','Y',NULL,NULL,NULL,NULL,NULL,NULL,NULL,NULL,NULL,'BCEID\BROOKS',TIMESTAMP'2019-11-07 05:04:22','BCEID\BROOKS',TIMESTAMP'2019-11-07 05:04:22',4),
	 (3657405,1,14,1725701,NULL,NULL,'DN',NULL,NULL,NULL,NULL,NULL,NULL,'HA','1000039995',9.7,NULL,NULL,NULL,NULL,NULL,NULL,NULL,NULL,NULL,NULL,NULL,NULL,NULL,NULL,NULL,NULL,NULL,NULL,NULL,NULL,NULL,NULL,NULL,NULL,NULL,NULL,TIMESTAMP'2018-06-01 00:00:00',TIMESTAMP'2018-06-20 00:00:00','Y',NULL,NULL,1914074,'L','CLEAR',NULL,'REMOV',449605,'Y','BCEID\SANJI',TIMESTAMP'2019-11-06 16:41:24','BCEID\SANJI',TIMESTAMP'2019-11-06 16:41:24',1),
	 (3657406,2,14,1725701,NULL,NULL,'DN',NULL,NULL,NULL,NULL,NULL,NULL,'HA','1000039994',6,NULL,NULL,NULL,NULL,NULL,NULL,NULL,NULL,NULL,NULL,NULL,NULL,NULL,NULL,NULL,NULL,NULL,NULL,NULL,NULL,NULL,NULL,NULL,NULL,NULL,NULL,TIMESTAMP'2018-06-01 00:00:00',TIMESTAMP'2018-06-20 00:00:00','Y',NULL,NULL,1914074,'L','CCRES',NULL,'REMOV',449605,'Y','BCEID\SANJI',TIMESTAMP'2019-11-06 16:41:24','BCEID\SANJI',TIMESTAMP'2019-11-06 16:41:24',1),
	 (3657407,3,14,1725701,NULL,NULL,'DN',NULL,NULL,NULL,NULL,NULL,NULL,'HA','1000039996',13.4,NULL,NULL,NULL,NULL,NULL,NULL,NULL,NULL,NULL,NULL,NULL,NULL,NULL,NULL,NULL,NULL,NULL,NULL,NULL,NULL,NULL,NULL,NULL,NULL,NULL,NULL,TIMESTAMP'2018-06-01 00:00:00',TIMESTAMP'2018-06-20 00:00:00','Y',NULL,NULL,1914074,'L','CCRES',NULL,'REMOV',449605,'Y','BCEID\SANJI',TIMESTAMP'2019-11-06 16:41:24','BCEID\SANJI',TIMESTAMP'2019-11-06 16:41:24',1),
	 (4043011,5,14,1725701,NULL,NULL,'PL','FP','CTAIN','CE',NULL,NULL,'IA','HA','1004896696',9.7,NULL,9675,NULL,NULL,NULL,NULL,NULL,NULL,NULL,NULL,NULL,NULL,NULL,NULL,NULL,NULL,NULL,NULL,NULL,NULL,NULL,NULL,NULL,NULL,NULL,NULL,NULL,TIMESTAMP'2023-05-14 00:00:00','Y',NULL,NULL,2301602,NULL,NULL,NULL,NULL,NULL,NULL,'BCEID\CHOPPER',TIMESTAMP'2023-12-12 12:31:25','BCEID\CHOPPER',TIMESTAMP'2023-12-12 12:31:25',4);

INSERT INTO silva.standards_regime (standards_regime_id, standards_regime_name, standards_regime_status_code, silv_statute_code, standards_objective, geographic_description, mof_default_standard_ind, regen_delay_offset_yrs, regen_obligation_ind, no_regen_early_offset_yrs, no_regen_late_offset_yrs, free_growing_early_offset_yrs, free_growing_late_offset_yrs, approved_by_userid, approved_date, submitted_by_userid, submitted_date, effective_date, expiry_date, additional_standards, reject_note, entry_userid, entry_timestamp, update_userid, update_timestamp, revision_count) VALUES
	 (18056,'Baseline - dry variant','APP',NULL,NULL,NULL,'Y',7,'Y',NULL,NULL,12,20,'RESULTS_CNV',TIMESTAMP'2004-03-30 23:00:34',NULL,TIMESTAMP'2004-03-30 23:00:34',TIMESTAMP'2003-04-02 00:00:00',NULL,'(FDI58) ; FDI-Arrow FD - Fd and Bg limited to planting a max 50% of WSSpa due to Armillaria root rot.  No limit following completion of mechanical innoculum removal. ; (PW31) ; PW-risk of white pine blister rust; (PW49) ; PW-applies only to rust resistant, planted stock.; (PW57) ; PW-Arrow/Columbia forest district - Pw rust-resistant stock may be considered preferred species to a max 50% of WSSpa. Pw naturals - acceptable species only to max 50% /plot, 10% WSSpa. Minimum pruning height 1.0 m applies to natural Pw 2.0 m and taller, required to meet MSSpa; (BG28) ; BG-limited by moisture deficit; (BLt) ; BL - species came from tertiary category as per the Establishment ot Free Growing Guidelines May 2000; (BL10) ; BL-restricted to northerly aspects; (BL13) ; BL-restricted to upper elevations of biogeoclimatic unit; (HWt) ; HW - species came from tertiary category as per the Establishment ot Free Growing Guidelines May 2000; (SX10) ; SX-restricted to northerly aspects; (SX13) ; SX-restricted to upper elevations of biogeoclimatic unit; Site Series 01a',NULL,'RESULTS_CNV',TIMESTAMP'2004-03-30 23:00:34','IDIR\JSNOW',TIMESTAMP'2010-03-08 11:50:58',5);

INSERT INTO silva.stocking_standard_unit (stocking_standard_unit_id, opening_id, standards_unit_id, standards_regime_id, net_area, max_allow_soil_disturbance_pct, variance_ind, entry_userid, entry_timestamp, update_userid, update_timestamp, revision_count) VALUES
	 (2246575,1725701,'A',18056,13.4,10,'N','BCEID\JTHOMPSON16',TIMESTAMP'2019-11-06 16:41:23','BCEID\JTHOMPSON16',TIMESTAMP'2019-11-06 16:41:23',1),
	 (2246574,1725701,'B',18056,9.7,10,'N','BCEID\JTHOMPSON16',TIMESTAMP'2019-11-06 16:41:23','BCEID\JTHOMPSON16',TIMESTAMP'2019-11-06 16:41:23',1),
	 (2246576,1725701,'C',18056,6,10,'N','BCEID\JTHOMPSON16',TIMESTAMP'2019-11-06 16:41:23','BCEID\JTHOMPSON16',TIMESTAMP'2019-11-06 16:41:23',1);

INSERT INTO silva.stocking_milestone (stocking_standard_unit_id, silv_milestone_type_code, results_submission_id, declared_date, declared_userid, declare_ind, declaration_submitted_date, early_offset_years, late_offset_years, due_early_date, due_late_date, entry_userid, entry_timestamp, update_userid, update_timestamp, revision_count, extent_feasible_declared_ind) VALUES
	 (2246575,'FG',NULL,NULL,NULL,NULL,NULL,12,20,TIMESTAMP'2030-06-01 00:00:00',TIMESTAMP'2038-06-01 00:00:00','BCEID\JTHOMPSON16',TIMESTAMP'2019-11-06 16:41:23','BCEID\LMCVETTY',TIMESTAMP'2023-12-12 12:31:25',13,'N'),
	 (2246575,'PH',NULL,TIMESTAMP'2018-06-20 00:00:00','BCEID\JTHOMPSON16','Y',TIMESTAMP'2019-11-06 16:46:41',NULL,NULL,NULL,NULL,'BCEID\JTHOMPSON16',TIMESTAMP'2019-11-06 16:41:23','BCEID\LMCVETTY',TIMESTAMP'2023-12-12 12:31:25',14,'N'),
	 (2246575,'RG',1914074,TIMESTAMP'2019-05-17 00:00:00','BCEID\JTHOMPSON16','Y',TIMESTAMP'2019-11-06 16:41:25',NULL,7,NULL,TIMESTAMP'2025-06-01 00:00:00','BCEID\JTHOMPSON16',TIMESTAMP'2019-11-06 16:41:23','BCEID\LMCVETTY',TIMESTAMP'2023-12-12 12:31:25',14,'N'),
	 (2246574,'FG',NULL,NULL,NULL,NULL,NULL,12,20,TIMESTAMP'2030-06-01 00:00:00',TIMESTAMP'2038-06-01 00:00:00','BCEID\JTHOMPSON16',TIMESTAMP'2019-11-06 16:41:23','BCEID\LMCVETTY',TIMESTAMP'2023-12-12 12:31:25',13,'N'),
	 (2246574,'PH',NULL,TIMESTAMP'2018-06-20 00:00:00','BCEID\JTHOMPSON16','Y',TIMESTAMP'2019-11-06 16:46:59',NULL,NULL,NULL,NULL,'BCEID\JTHOMPSON16',TIMESTAMP'2019-11-06 16:41:23','BCEID\LMCVETTY',TIMESTAMP'2023-12-12 12:31:25',14,'N'),
	 (2246574,'RG',1914074,TIMESTAMP'2019-05-17 00:00:00','BCEID\JTHOMPSON16','Y',TIMESTAMP'2019-11-06 16:41:25',NULL,7,NULL,TIMESTAMP'2025-06-01 00:00:00','BCEID\JTHOMPSON16',TIMESTAMP'2019-11-06 16:41:23','BCEID\LMCVETTY',TIMESTAMP'2023-12-12 12:31:25',14,'N'),
	 (2246576,'FG',NULL,NULL,NULL,NULL,NULL,12,20,TIMESTAMP'2030-06-01 00:00:00',TIMESTAMP'2038-06-01 00:00:00','BCEID\JTHOMPSON16',TIMESTAMP'2019-11-06 16:41:23','BCEID\LMCVETTY',TIMESTAMP'2023-12-12 12:31:25',13,'N'),
	 (2246576,'PH',NULL,TIMESTAMP'2018-06-20 00:00:00','BCEID\JTHOMPSON16','Y',TIMESTAMP'2019-11-06 16:47:16',NULL,NULL,NULL,NULL,'BCEID\JTHOMPSON16',TIMESTAMP'2019-11-06 16:41:23','BCEID\LMCVETTY',TIMESTAMP'2023-12-12 12:31:25',14,'N'),
	 (2246576,'RG',1914074,TIMESTAMP'2019-05-17 00:00:00','BCEID\JTHOMPSON16','Y',TIMESTAMP'2019-11-06 16:41:25',NULL,7,NULL,TIMESTAMP'2025-06-01 00:00:00','BCEID\JTHOMPSON16',TIMESTAMP'2019-11-06 16:41:23','BCEID\LMCVETTY',TIMESTAMP'2023-12-12 12:31:25',14,'N');

INSERT INTO silva.stocking_ecology (stocking_ecology_id, opening_id, stocking_standard_unit_id, bec_region_code, bgc_zone_code, bgc_subzone_code, bgc_variant, bgc_phase, bec_site_series, bec_site_type, bec_seral, entry_userid, entry_timestamp, update_userid, update_timestamp, revision_count) VALUES
	 (2243559,1725701,2246575,NULL,'ICH','dw','1',NULL,'01',NULL,NULL,'BCEID\JTHOMPSON16',TIMESTAMP'2019-11-06 16:41:23','BCEID\JTHOMPSON16',TIMESTAMP'2019-11-06 16:41:23',1),
	 (2243558,1725701,2246574,NULL,'ICH','dw','1',NULL,'01',NULL,NULL,'BCEID\JTHOMPSON16',TIMESTAMP'2019-11-06 16:41:23','BCEID\JTHOMPSON16',TIMESTAMP'2019-11-06 16:41:23',1),
	 (2243560,1725701,2246576,NULL,'ICH','dw','1',NULL,'01',NULL,NULL,'BCEID\JTHOMPSON16',TIMESTAMP'2019-11-06 16:41:23','BCEID\JTHOMPSON16',TIMESTAMP'2019-11-06 16:41:23',1);

INSERT INTO silva.forest_stewardship_plan (fsp_id, fsp_amendment_number, fsp_status_code, fsp_amendment_code, licensee_amendment_name, plan_name, plan_term_years, plan_term_months, plan_start_date, plan_end_date, plan_submission_date, plan_decision_date, plan_decision_userid, transition_ind, identified_areas_update_ind, fdu_update_ind, stocking_standard_update_ind, frpa197_election_ind, contact_name, telephone_number, email_address, amendment_approval_date, amendment_authority, amendment_approval_requird_ind, amendment_submission_date, revision_count, entry_userid, entry_timestamp, update_userid, update_timestamp) VALUES
	 (8,0,'APP','ORG',NULL,'2007 Forest Stewardship Plan For J.HH.Huscroft Ltd.',5,NULL,TIMESTAMP'2007-03-05 00:00:00',TIMESTAMP'2012-03-05 00:00:00',TIMESTAMP'2007-01-24 00:00:00',TIMESTAMP'2007-03-05 00:00:00','IDIR\JDPICKFO','N','N','N','N','N','Matthew Maddess','2504283723','maddess.m@shawcable.com',TIMESTAMP'2007-03-05 00:00:00','IDIR\CJNIXON',NULL,TIMESTAMP'2007-01-24 00:00:00',12,'BCEID\MMADDESS',TIMESTAMP'2007-05-15 15:15:19','IDIR\JDPICKFO',TIMESTAMP'2009-03-16 08:48:47'),
	 (77,0,'APP','ORG',NULL,'Forest Stewardship Plan 2007 - 2012 Creston Valley Forest Corporation Licence A54214',5,NULL,TIMESTAMP'2007-06-28 00:00:00',TIMESTAMP'2012-06-28 00:00:00',TIMESTAMP'2007-06-01 00:00:00',TIMESTAMP'2007-06-28 00:00:00','IDIR\CJNIXON','N','N','N','N','N','Dan Murphy','2504020070','dmurphy.cvfc@kootenay.com',TIMESTAMP'2009-02-25 00:00:00','IDIR\CJNIXON','Y',TIMESTAMP'2007-06-01 00:00:00',5,'IDIR\DORMACDO',TIMESTAMP'2007-06-28 13:35:59','IDIR\CJNIXON',TIMESTAMP'2009-02-25 13:53:59'),
	 (53,1,'INE','AMD',NULL,'FSP 53 Tembec',5,0,TIMESTAMP'2006-12-07 00:00:00',TIMESTAMP'2011-11-15 00:00:00',TIMESTAMP'2007-04-25 00:00:00',TIMESTAMP'2006-12-07 00:00:00','IDIR\JDPICKFO','N','N','N','N','N','Joe Gnucci','2504269287','joe.gnucci@tembec.com',TIMESTAMP'2006-12-07 00:00:00',NULL,'N',TIMESTAMP'2006-12-07 00:00:00',7,'IDIR\MBLACK',TIMESTAMP'2007-07-04 07:02:11','Rls1.4 Upd Status INE',TIMESTAMP'2009-07-31 08:50:59'),
	 (53,2,'INE','AMD',NULL,'FSP 53 Tembec',5,0,TIMESTAMP'2007-01-18 00:00:00',TIMESTAMP'2011-11-15 00:00:00',TIMESTAMP'2007-04-25 00:00:00',TIMESTAMP'2007-01-18 00:00:00','IDIR\JDPICKFO','N','N','N','N','N','Joe Gnucci','2504269287','joe.gnucci@tembec.com',TIMESTAMP'2007-01-18 00:00:00',NULL,'N',TIMESTAMP'2007-01-18 00:00:00',7,'IDIR\MBLACK',TIMESTAMP'2007-07-04 08:14:46','Rls1.4 Upd Status INE',TIMESTAMP'2009-07-31 08:50:59'),
	 (53,3,'INE','AMD',NULL,'FSP 53 Tembec',5,0,TIMESTAMP'2007-03-16 00:00:00',TIMESTAMP'2011-11-15 00:00:00',TIMESTAMP'2007-04-25 00:00:00',TIMESTAMP'2007-03-16 00:00:00','IDIR\JDPICKFO','N','N','N','N','N','Joe Gnucci','2504269287','joe.gnucci@tembec.com',TIMESTAMP'2007-03-16 00:00:00',NULL,'N',TIMESTAMP'2007-03-16 00:00:00',8,'IDIR\MBLACK',TIMESTAMP'2007-07-05 07:29:08','Rls1.4 Upd Status INE',TIMESTAMP'2009-07-31 08:50:59'),
	 (45,0,'APP','ORG',NULL,'FSP 45 Celcrest Wynndel Box',5,0,TIMESTAMP'2006-10-03 00:00:00',TIMESTAMP'2011-10-03 00:00:00',TIMESTAMP'2006-08-09 00:00:00',TIMESTAMP'2006-10-03 00:00:00','IDIR\JDPICKFO','N','N','N','N','N','Ron J. Piva','2508665412','wynbox@uniserve.com',TIMESTAMP'2006-10-03 00:00:00','IDIR\CJNIXON','Y',TIMESTAMP'2006-08-09 00:00:00',8,'IDIR\DORMACDO',TIMESTAMP'2007-03-02 16:02:56','IDIR\JDPICKFO',TIMESTAMP'2012-01-16 09:11:59'),
	 (27,0,'APP','ORG',NULL,'2006-2011 Forest Stewardship Plan',NULL,NULL,TIMESTAMP'2006-12-20 00:00:00',TIMESTAMP'2011-12-20 00:00:00',TIMESTAMP'2006-11-15 00:00:00',TIMESTAMP'2006-12-06 00:00:00','IDIR\JDPICKFO','N','N','N','N','N','Craig Stemmler, RFP','2503677771','craig.stemmler@atcolumber.com',TIMESTAMP'2006-12-06 00:00:00','IDIR\TDDECOUR','Y',TIMESTAMP'2006-11-15 00:00:00',11,'IDIR\DORMACDO',TIMESTAMP'2007-03-13 11:08:44','IDIR\JDPICKFO',TIMESTAMP'2009-02-17 10:18:57'),
	 (53,0,'APP','ORG',NULL,'FSP 53 Tembec',5,0,TIMESTAMP'2006-11-15 00:00:00',TIMESTAMP'2011-11-15 00:00:00',TIMESTAMP'2006-11-03 00:00:00',TIMESTAMP'2006-11-15 00:00:00','IDIR\JDPICKFO','N','N','N','N','N','Joe Gnucci','2504269287','joe.gnucci@tembec.com',TIMESTAMP'2006-11-15 00:00:00','IDIR\MBLACK','Y',TIMESTAMP'2006-11-03 00:00:00',13,'IDIR\DHEMSWOR',TIMESTAMP'2007-03-19 11:51:02','IDIR\JDPICKFO',TIMESTAMP'2008-11-18 15:03:10'),
	 (26,0,'APP','ORG',NULL,'Kalesnikoff Lumber  A20194 and A30172',5,0,TIMESTAMP'2005-04-27 00:00:00',TIMESTAMP'2010-04-27 00:00:00',TIMESTAMP'2009-05-20 00:00:00',TIMESTAMP'2007-04-27 00:00:00','IDIR\CJNIXON','N','N','N','N','N','Stan Hadikin','2503994211','stanhd1@kalesnikoff.com',TIMESTAMP'2009-05-20 00:00:00','IDIR\CJNIXON','Y',TIMESTAMP'2009-05-20 00:00:00',14,'IDIR\DORMACDO',TIMESTAMP'2007-03-29 09:15:37','IDIR\CJNIXON',TIMESTAMP'2009-05-20 09:59:39'),
	 (53,4,'APP','AMD',NULL,'FSP 53 Tembec',5,0,TIMESTAMP'2007-06-13 00:00:00',TIMESTAMP'2011-11-15 00:00:00',TIMESTAMP'2007-04-25 00:00:00',TIMESTAMP'2007-06-13 00:00:00','IDIR\JDPICKFO','N','N','N','N','N','Joe Gnucci','2504269287','joe.gnucci@tembec.com',TIMESTAMP'2007-06-13 00:00:00','IDIR\MBLACK','Y',TIMESTAMP'2007-05-31 00:00:00',7,'IDIR\DORMACDO',TIMESTAMP'2007-10-26 13:05:10','IDIR\JDPICKFO',TIMESTAMP'2008-11-04 15:47:39'),
	 (53,6,'INE','AMD',NULL,'FSP 53 Tembec',5,0,TIMESTAMP'2007-05-10 00:00:00',TIMESTAMP'2011-11-15 00:00:00',TIMESTAMP'2007-04-25 00:00:00',TIMESTAMP'2007-05-10 00:00:00','IDIR\JDPICKFO','N','N','N','N','N','Joe Gnucci','2504269287','joe.gnucci@tembec.com',TIMESTAMP'2007-05-10 00:00:00',NULL,'N',TIMESTAMP'2007-05-10 00:00:00',8,'IDIR\ACUTHERT',TIMESTAMP'2009-02-09 13:35:35','Rls1.4 Upd Status INE',TIMESTAMP'2009-07-31 08:50:59'),
	 (53,7,'INE','AMD',NULL,'FSP 53 Tembec',5,0,TIMESTAMP'2007-08-16 00:00:00',TIMESTAMP'2011-11-15 00:00:00',TIMESTAMP'2007-04-25 00:00:00',TIMESTAMP'2007-08-16 00:00:00','IDIR\JDPICKFO','N','N','N','N','N','Joe Gnucci','2504269287','joe.gnucci@tembec.com',TIMESTAMP'2007-08-16 00:00:00',NULL,'N',TIMESTAMP'2007-08-16 00:00:00',7,'IDIR\JDPICKFO',TIMESTAMP'2009-02-09 15:17:39','Rls1.4 Upd Status INE',TIMESTAMP'2009-07-31 08:50:59'),
	 (277,0,'APP','ORG',NULL,'Kaslo and District Community Forest',NULL,NULL,TIMESTAMP'2008-08-12 00:00:00',TIMESTAMP'2013-08-12 00:00:00',TIMESTAMP'2008-07-22 00:00:00',TIMESTAMP'2009-09-15 00:00:00','IDIR\JDPICKFO','N','N','N','N','N','Richard Marchand RPF','2503539677','osprey44@shaw.ca',TIMESTAMP'2009-09-15 00:00:00','IDIR\JDPICKFO','Y',TIMESTAMP'2008-07-22 00:00:00',14,'BCEID\RMARCHAND',TIMESTAMP'2008-08-20 16:42:26','IDIR\JDPICKFO',TIMESTAMP'2009-09-15 09:01:59'),
	 (279,0,'APP','ORG',NULL,'Forest Stewardship Plan for BC Timber Sales in the Kootenay Lake Forest District',NULL,NULL,TIMESTAMP'2006-12-13 00:00:00',TIMESTAMP'2011-12-13 00:00:00',TIMESTAMP'2006-11-07 00:00:00',TIMESTAMP'2006-12-13 00:00:00','IDIR\CJNIXON','N','N','N','N','N','Ingrid Russell','2508251141','Ingrid.Russell@gov.bc.ca',TIMESTAMP'2008-10-01 00:00:00','IDIR\CJNIXON','Y',TIMESTAMP'2006-11-07 00:00:00',12,'IDIR\SSLIMMON',TIMESTAMP'2008-08-21 13:48:04','IDIR\PPICARD',TIMESTAMP'2011-12-02 10:16:32'),
	 (26,1,'APP','AMD','Amendment #1','Kalesnikoff Lumber  A20194 and A30172',5,0,TIMESTAMP'2006-12-19 00:00:00',TIMESTAMP'2010-04-27 00:00:00',TIMESTAMP'2007-04-16 00:00:00',TIMESTAMP'2006-12-19 00:00:00','IDIR\CJNIXON','N','N','N','N','N','Stan Hadikin','2503994211','stanhd1@kalesnikoff.com',TIMESTAMP'2009-05-20 00:00:00','IDIR\CJNIXON','Y',TIMESTAMP'2009-05-20 00:00:00',10,'BCEID\STANHADIKIN',TIMESTAMP'2008-09-15 15:54:55','IDIR\CJNIXON',TIMESTAMP'2009-05-20 11:48:30'),
	 (279,1,'DEL','AMD','Sproule Ck FDU boundary','Forest Stewardship Plan for BC Timber Sales in the Kootenay Lake Forest District',NULL,NULL,NULL,TIMESTAMP'2011-06-12 00:00:00',TIMESTAMP'2006-11-07 00:00:00',NULL,NULL,'N','N','Y','N','N','Ingrid Russell','2508251141','Ingrid.Russell@gov.bc.ca',NULL,NULL,'N',NULL,4,'IDIR\IRUSSELL',TIMESTAMP'2008-10-01 11:37:34','IDIR\IRUSSELL',TIMESTAMP'2008-10-01 11:49:57'),
	 (279,2,'INE','AMD','Sproule Ck FDU boundary','Forest Stewardship Plan for BC Timber Sales in the Kootenay Lake Forest District',NULL,NULL,TIMESTAMP'2008-10-01 00:00:00',TIMESTAMP'2011-12-13 00:00:00',TIMESTAMP'2006-11-07 00:00:00',NULL,'IDIR\IRUSSELL','N','N','Y','N','N','Ingrid Russell','2508251141','Ingrid.Russell@gov.bc.ca',TIMESTAMP'2008-10-01 00:00:00',NULL,'N',TIMESTAMP'2008-10-01 00:00:00',10,'IDIR\IRUSSELL',TIMESTAMP'2008-10-01 11:55:38','IDIR\PPICARD',TIMESTAMP'2011-12-02 11:12:41'),
	 (279,4,'INE','AMD','BCTS KL FSP Amd declared areas','Forest Stewardship Plan for BC Timber Sales in the Kootenay Lake Forest District',NULL,NULL,TIMESTAMP'2009-02-25 00:00:00',TIMESTAMP'2011-12-13 00:00:00',TIMESTAMP'2006-11-07 00:00:00',NULL,'IDIR\IRUSSELL','N','N','N','N','N','Ingrid Russell','2508251141','Ingrid.Russell@gov.bc.ca',TIMESTAMP'2009-02-25 00:00:00',NULL,'N',TIMESTAMP'2008-12-19 00:00:00',16,'IDIR\IRUSSELL',TIMESTAMP'2008-10-01 14:21:24','IDIR\PPICARD',TIMESTAMP'2011-12-02 11:13:37'),
	 (279,5,'APP','AMD',NULL,'Forest Stewardship Plan for BC Timber Sales in the Kootenay Lake Forest District',NULL,NULL,TIMESTAMP'2008-02-12 00:00:00',TIMESTAMP'2011-12-13 00:00:00',TIMESTAMP'2006-11-07 00:00:00',TIMESTAMP'2008-02-12 00:00:00','IDIR\JDPICKFO','N','N','N','Y','N','Ingrid Russell','2508251141','Ingrid.Russell@gov.bc.ca',TIMESTAMP'2008-02-12 00:00:00','IDIR\CJNIXON','Y',TIMESTAMP'2008-01-30 00:00:00',9,'IDIR\IRUSSELL',TIMESTAMP'2008-10-01 14:31:58','IDIR\PPICARD',TIMESTAMP'2011-12-02 11:13:48'),
	 (279,6,'INE','AMD','BCTS FSP KL Amd declared areas','Forest Stewardship Plan for BC Timber Sales in the Kootenay Lake Forest District',NULL,NULL,TIMESTAMP'2009-02-25 00:00:00',TIMESTAMP'2011-12-13 00:00:00',TIMESTAMP'2006-11-07 00:00:00',NULL,'IDIR\IRUSSELL','N','N','N','N','N','Ingrid Russell','2508251141','Ingrid.Russell@gov.bc.ca',TIMESTAMP'2009-02-25 00:00:00',NULL,'N',TIMESTAMP'2008-12-19 00:00:00',14,'IDIR\IRUSSELL',TIMESTAMP'2008-10-01 15:31:00','IDIR\PPICARD',TIMESTAMP'2011-12-02 11:14:00');
INSERT INTO silva.forest_stewardship_plan (fsp_id, fsp_amendment_number, fsp_status_code, fsp_amendment_code, licensee_amendment_name, plan_name, plan_term_years, plan_term_months, plan_start_date, plan_end_date, plan_submission_date, plan_decision_date, plan_decision_userid, transition_ind, identified_areas_update_ind, fdu_update_ind, stocking_standard_update_ind, frpa197_election_ind, contact_name, telephone_number, email_address, amendment_approval_date, amendment_authority, amendment_approval_requird_ind, amendment_submission_date, revision_count, entry_userid, entry_timestamp, update_userid, update_timestamp) VALUES
	 (279,7,'APP','AMD','A81888 Block 2 and 3 stocking','Forest Stewardship Plan for BC Timber Sales in the Kootenay Lake Forest District',NULL,NULL,TIMESTAMP'2008-04-23 00:00:00',TIMESTAMP'2011-12-13 00:00:00',TIMESTAMP'2006-11-07 00:00:00',TIMESTAMP'2008-04-23 00:00:00','IDIR\CJNIXON','N','N','N','Y','N','Ingrid Russell','2508251141','Ingrid.Russell@gov.bc.ca',TIMESTAMP'2010-02-26 00:00:00','IDIR\CJNIXON','Y',TIMESTAMP'2010-01-28 00:00:00',15,'IDIR\IRUSSELL',TIMESTAMP'2008-10-01 15:36:42','IDIR\PPICARD',TIMESTAMP'2011-12-02 11:14:11'),
	 (279,8,'INE','AMD','Kaslo FDU boundary','Forest Stewardship Plan for BC Timber Sales in the Kootenay Lake Forest District',NULL,NULL,TIMESTAMP'2008-10-01 00:00:00',TIMESTAMP'2011-12-13 00:00:00',TIMESTAMP'2006-11-07 00:00:00',NULL,'IDIR\IRUSSELL','N','N','N','N','N','Ingrid Russell','2508251141','Ingrid.Russell@gov.bc.ca',TIMESTAMP'2008-10-01 00:00:00',NULL,'N',TIMESTAMP'2008-10-01 00:00:00',7,'IDIR\IRUSSELL',TIMESTAMP'2008-10-01 16:00:43','IDIR\PPICARD',TIMESTAMP'2011-12-02 11:14:21'),
	 (279,9,'APP','AMD','Amd #9 A83336-2,3,4 stocking','Forest Stewardship Plan for BC Timber Sales in the Kootenay Lake Forest District',NULL,NULL,TIMESTAMP'2008-09-04 00:00:00',TIMESTAMP'2011-12-13 00:00:00',TIMESTAMP'2006-11-07 00:00:00',TIMESTAMP'2008-09-04 00:00:00','IDIR\CJNIXON','N','N','N','Y','N','Ingrid Russell','2508251141','Ingrid.Russell@gov.bc.ca',TIMESTAMP'2009-01-27 00:00:00','IDIR\CJNIXON','Y',TIMESTAMP'2008-09-03 00:00:00',9,'IDIR\IRUSSELL',TIMESTAMP'2008-10-01 16:09:35','IDIR\PPICARD',TIMESTAMP'2011-12-02 11:14:35'),
	 (26,2,'INE','AMD',NULL,'Kalesnikoff Lumber  A20194 and A30172',5,0,TIMESTAMP'2008-10-07 00:00:00',TIMESTAMP'2010-04-27 00:00:00',TIMESTAMP'2007-04-16 00:00:00',TIMESTAMP'2008-11-03 00:00:00','IDIR\JDPICKFO','N','N','N','N','N','Stan Hadikin','2503994211','stanhd1@kalesnikoff.com',TIMESTAMP'2008-11-03 00:00:00',NULL,'N',TIMESTAMP'2008-10-07 00:00:00',7,'IDIR\JDPICKFO',TIMESTAMP'2008-11-03 14:33:54','Rls1.4 Upd Status INE',TIMESTAMP'2009-07-31 08:50:59'),
	 (53,5,'INE','AMD',NULL,'FSP 53 Tembec',5,0,TIMESTAMP'2009-02-09 00:00:00',TIMESTAMP'2011-11-15 00:00:00',TIMESTAMP'2007-04-25 00:00:00',NULL,'IDIR\JDPICKFO','N','N','Y','N','N','Joe Gnucci','2504269287','joe.gnucci@tembec.com',TIMESTAMP'2009-02-09 00:00:00',NULL,'N',TIMESTAMP'2009-02-09 00:00:00',7,'IDIR\JDPICKFO',TIMESTAMP'2009-01-20 13:13:48','Rls1.4 Upd Status INE',TIMESTAMP'2009-07-31 08:50:59'),
	 (277,1,'INE','AMD',NULL,'Kaslo and District Community Forest',NULL,NULL,TIMESTAMP'2009-08-25 00:00:00',TIMESTAMP'2013-08-12 00:00:00',TIMESTAMP'2008-07-22 00:00:00',NULL,'BCEID\O_AHRENS','N','Y','N','N','N','Richard Marchand RPF','2503539677','osprey44@shaw.ca',TIMESTAMP'2009-08-25 00:00:00',NULL,'N',TIMESTAMP'2009-08-25 00:00:00',10,'BCEID\O_AHRENS',TIMESTAMP'2009-08-25 12:08:28','Datafix1114000',TIMESTAMP'2009-09-15 10:59:14'),
	 (77,3,'INE','AMD',NULL,'Creston Valley Forest Corporation Licence A54214',NULL,NULL,TIMESTAMP'2009-10-02 00:00:00',TIMESTAMP'2017-06-28 00:00:00',TIMESTAMP'2007-06-01 00:00:00',NULL,'BCEID\DGRATTON1','N','N','Y','N','N','Daniel Gratton, RPF General Manager','2504020070','dgratton.cvfc@uniserve.com',TIMESTAMP'2009-10-02 00:00:00',NULL,'N',TIMESTAMP'2009-10-02 00:00:00',6,'BCEID\DGRATTON1',TIMESTAMP'2009-10-02 09:41:32','AMND_PLAN_UPDATE',TIMESTAMP'2012-08-13 11:44:25'),
	 (26,5,'APP','AMD','Amendment #4','Kalesnikoff Lumber  A20194 and A30172',NULL,NULL,TIMESTAMP'2010-02-15 00:00:00',TIMESTAMP'2015-04-27 00:00:00',TIMESTAMP'2007-04-16 00:00:00',TIMESTAMP'2010-02-15 00:00:00','IDIR\CJNIXON','N','N','N','Y','N','Stan Hadikin','2503994211','stanh@kalesnikoff.com',TIMESTAMP'2010-02-15 00:00:00','IDIR\CJNIXON','Y',TIMESTAMP'2010-01-27 00:00:00',17,'BCEID\STANHADIKIN',TIMESTAMP'2009-11-04 15:45:13','AMND_PLAN_UPDATE',TIMESTAMP'2015-04-22 09:46:39'),
	 (277,2,'INE','AMD','Declare block 1, 2, 3','Kaslo and District Community Forest',NULL,NULL,TIMESTAMP'2009-11-20 00:00:00',TIMESTAMP'2013-08-12 00:00:00',TIMESTAMP'2008-07-22 00:00:00',NULL,'BCEID\RMARCHAND','N','Y','N','N','N','Richard Marchand RPF','2503539677','osprey44@shaw.ca',TIMESTAMP'2009-11-20 00:00:00',NULL,'N',TIMESTAMP'2009-11-20 00:00:00',5,'BCEID\RMARCHAND',TIMESTAMP'2009-11-18 11:16:53','BCEID\RMARCHAND',TIMESTAMP'2009-11-20 11:10:13'),
	 (277,3,'INE','AMD',NULL,'Kaslo and District Community Forest',NULL,NULL,TIMESTAMP'2009-12-21 00:00:00',TIMESTAMP'2013-08-12 00:00:00',TIMESTAMP'2008-07-22 00:00:00',NULL,'BCEID\RMARCHAND','N','Y','N','N','N','Richard Marchand RPF','2503539677','osprey44@shaw.ca',TIMESTAMP'2009-12-21 00:00:00',NULL,'N',TIMESTAMP'2009-12-21 00:00:00',5,'BCEID\RMARCHAND',TIMESTAMP'2009-12-21 09:52:24','BCEID\RMARCHAND',TIMESTAMP'2009-12-21 10:00:33'),
	 (53,8,'INE','AMD','Amendment # 8','FSP 53 Tembec',5,0,TIMESTAMP'2008-07-14 00:00:00',TIMESTAMP'2011-11-15 00:00:00',TIMESTAMP'2007-04-25 00:00:00',TIMESTAMP'2008-07-14 00:00:00','IDIR\JDPICKFO','N','Y','N','N','N','Eirik Pighin','2504269288','eirik.pighin@tembec.com',TIMESTAMP'2008-07-14 00:00:00',NULL,'N',TIMESTAMP'2008-07-14 00:00:00',8,'BCEID\SPTEMPLE',TIMESTAMP'2010-01-18 08:03:11','IDIR\JDPICKFO',TIMESTAMP'2010-01-20 16:00:06'),
	 (53,9,'INE','AMD','Amendment # 9','FSP 53 Tembec',5,0,TIMESTAMP'2010-01-27 00:00:00',TIMESTAMP'2011-11-15 00:00:00',TIMESTAMP'2007-04-25 00:00:00',NULL,'BCEID\SPTEMPLE','N','N','N','N','N','Stephen Temple','2505297211','steve.temple@tembec.com',TIMESTAMP'2010-01-27 00:00:00',NULL,'N',TIMESTAMP'2010-01-27 00:00:00',6,'BCEID\SPTEMPLE',TIMESTAMP'2010-01-19 09:51:23','BCEID\SPTEMPLE',TIMESTAMP'2010-01-27 12:00:42'),
	 (8,2,'INE','AMD',NULL,'2007 Forest Stewardship Plan For J.HH.Huscroft Ltd.',5,0,TIMESTAMP'2010-01-27 00:00:00',TIMESTAMP'2012-03-05 00:00:00',TIMESTAMP'2007-01-24 00:00:00',NULL,'IDIR\CJNIXON','N','N','Y','N','N','Matthew Maddess','2504283723','maddess.m@shawcable.com',TIMESTAMP'2010-01-27 00:00:00',NULL,'N',TIMESTAMP'2010-01-27 00:00:00',5,'IDIR\CJNIXON',TIMESTAMP'2010-01-27 09:38:54','IDIR\CJNIXON',TIMESTAMP'2010-01-27 10:00:26'),
	 (8,3,'APP','AMD','Amendment #3','2007 Forest Stewardship Plan For J.HH.Huscroft Ltd.',5,0,TIMESTAMP'2008-09-03 00:00:00',TIMESTAMP'2012-03-05 00:00:00',TIMESTAMP'2007-01-24 00:00:00',TIMESTAMP'2008-09-03 00:00:00','IDIR\CJNIXON','N','N','Y','N','N','Matthew Maddess','2504283723','maddess.m@shawcable.com',TIMESTAMP'2010-04-27 00:00:00','IDIR\CJNIXON','Y',TIMESTAMP'2008-09-03 00:00:00',9,'IDIR\CJNIXON',TIMESTAMP'2010-01-27 10:22:11','IDIR\CJNIXON',TIMESTAMP'2010-04-27 13:42:05'),
	 (77,1,'INE','AMD','Amendment #1 Not Req Approval','Forest Stewardship Plan 2007 - 2012 Creston Valley Forest Corporation Licence A54214',5,0,TIMESTAMP'2009-02-25 00:00:00',TIMESTAMP'2012-06-28 00:00:00',TIMESTAMP'2007-06-01 00:00:00',NULL,'IDIR\CJNIXON','N','N','N','N','N','Daniel Gratton, RPF General Manager','2504020070','dgratton.cvfc@uniserve.com',TIMESTAMP'2009-02-25 00:00:00',NULL,'N',TIMESTAMP'2009-02-25 00:00:00',7,'IDIR\CJNIXON',TIMESTAMP'2009-02-25 14:01:09','Rls1.4 Upd Status INE',TIMESTAMP'2009-07-31 08:50:59'),
	 (77,2,'APP','AMD','Amendment No. 2','Creston Valley Forest Corporation Licence A54214',5,0,TIMESTAMP'2009-02-11 00:00:00',TIMESTAMP'2012-06-28 00:00:00',TIMESTAMP'2007-06-01 00:00:00',TIMESTAMP'2009-02-11 00:00:00','IDIR\CJNIXON','N','N','Y','N','N','Daniel Gratton, RPF General Manager','2504020070','dgratton.cvfc@uniserve.com',TIMESTAMP'2009-06-04 00:00:00','IDIR\CJNIXON','Y',TIMESTAMP'2009-02-02 00:00:00',11,'IDIR\CJNIXON',TIMESTAMP'2009-05-12 15:19:33','IDIR\CJNIXON',TIMESTAMP'2009-06-04 07:41:53'),
	 (26,4,'INE','AMD','Amendment #3','Kalesnikoff Lumber  A20194 and A30172',5,0,TIMESTAMP'2009-05-29 00:00:00',TIMESTAMP'2010-04-27 00:00:00',TIMESTAMP'2007-04-16 00:00:00',NULL,'BCEID\STANHADIKIN','N','N','N','N','N','Stan Hadikin','2503994211','stanh@kalesnikoff.com',TIMESTAMP'2009-05-29 00:00:00',NULL,'N',TIMESTAMP'2009-05-29 00:00:00',7,'BCEID\STANHADIKIN',TIMESTAMP'2009-05-29 07:33:10','Rls1.4 Upd Status INE',TIMESTAMP'2009-07-31 08:50:59'),
	 (341,0,'APP','ORG',NULL,'MCC FSP',NULL,NULL,TIMESTAMP'2007-11-15 00:00:00',TIMESTAMP'2012-11-15 00:00:00',TIMESTAMP'2007-11-15 00:00:00',TIMESTAMP'2007-11-15 00:00:00','IDIR\KGSACENI','N','N','Y','N','N','Rodney Arnold, RPF','2503664434','development@meadowcreekcedar.com',TIMESTAMP'2011-03-30 00:00:00','IDIR\KGSACENI','Y',TIMESTAMP'2007-11-15 00:00:00',10,'IDIR\CJNIXON',TIMESTAMP'2009-06-16 07:54:14','IDIR\KGSACENI',TIMESTAMP'2011-03-30 10:00:02'),
	 (8,1,'INE','AMD','Amendment #1','2007 Forest Stewardship Plan For J.HH.Huscroft Ltd.',5,0,TIMESTAMP'2010-01-14 00:00:00',TIMESTAMP'2012-03-05 00:00:00',TIMESTAMP'2007-01-24 00:00:00',NULL,'IDIR\CJNIXON','N','Y','N','N','N','Matthew Maddess','2504283723','maddess.m@shawcable.com',TIMESTAMP'2010-01-14 00:00:00',NULL,'N',TIMESTAMP'2010-01-14 00:00:00',7,'BCEID\MMADDESS',TIMESTAMP'2009-07-06 16:06:20','IDIR\CJNIXON',TIMESTAMP'2010-01-14 14:52:13'),
	 (420,0,'APP','ORG',NULL,'Harrop Procter Community Co-operative FSP',NULL,NULL,TIMESTAMP'2010-06-21 00:00:00',TIMESTAMP'2015-06-21 00:00:00',TIMESTAMP'2010-06-21 00:00:00',TIMESTAMP'2010-06-21 00:00:00','IDIR\KGSACENI','N','N','N','N','N','Erik Leslie','2502292221','erikl@netidea.com',TIMESTAMP'2012-08-27 00:00:00','IDIR\KGSACENI','Y',TIMESTAMP'2010-06-21 00:00:00',8,'IDIR\CJNIXON',TIMESTAMP'2010-10-26 09:45:15','IDIR\KGSACENI',TIMESTAMP'2012-08-27 14:46:32');
INSERT INTO silva.forest_stewardship_plan (fsp_id, fsp_amendment_number, fsp_status_code, fsp_amendment_code, licensee_amendment_name, plan_name, plan_term_years, plan_term_months, plan_start_date, plan_end_date, plan_submission_date, plan_decision_date, plan_decision_userid, transition_ind, identified_areas_update_ind, fdu_update_ind, stocking_standard_update_ind, frpa197_election_ind, contact_name, telephone_number, email_address, amendment_approval_date, amendment_authority, amendment_approval_requird_ind, amendment_submission_date, revision_count, entry_userid, entry_timestamp, update_userid, update_timestamp) VALUES
	 (45,2,'INE','AMD','Change to Duck FDU','FSP 45 Celcrest Wynndel Box',NULL,NULL,TIMESTAMP'2010-11-01 00:00:00',TIMESTAMP'2016-10-03 00:00:00',TIMESTAMP'2006-08-09 00:00:00',NULL,'BCEID\CELCREST02','N','N','Y','N','N','Ron J. Piva','2508665412','wynbox@uniserve.com',TIMESTAMP'2010-11-01 00:00:00',NULL,'N',TIMESTAMP'2010-11-01 00:00:00',15,'BCEID\CELCREST02',TIMESTAMP'2010-11-01 14:44:35','AMND_PLAN_UPDATE',TIMESTAMP'2018-06-04 15:57:07'),
	 (26,6,'INE','AMD','Amendment #5','Kalesnikoff Lumber  A20194 and A30172',NULL,NULL,TIMESTAMP'2010-11-08 00:00:00',TIMESTAMP'2015-04-27 00:00:00',TIMESTAMP'2007-04-16 00:00:00',NULL,'BCEID\STANHADIKIN','N','N','N','N','N','Stan Hadikin','2503994211','stanh@kalesnikoff.com',TIMESTAMP'2010-11-08 00:00:00',NULL,'N',TIMESTAMP'2010-11-08 00:00:00',15,'BCEID\STANHADIKIN',TIMESTAMP'2010-11-08 11:45:25','AMND_TERM_UPDATE',TIMESTAMP'2015-04-22 09:46:39'),
	 (277,5,'INE','AMD',NULL,'Kaslo and District Community Forest',NULL,NULL,TIMESTAMP'2010-11-19 00:00:00',TIMESTAMP'2018-08-12 00:00:00',TIMESTAMP'2008-07-22 00:00:00',NULL,'BCEID\RMARCHAND','N','Y','N','N','N','Richard Marchand RPF','2503539677','osprey44@shaw.ca',TIMESTAMP'2010-11-19 00:00:00',NULL,'N',TIMESTAMP'2010-11-19 00:00:00',11,'BCEID\RMARCHAND',TIMESTAMP'2010-11-19 14:48:34','AMND_PLAN_UPDATE',TIMESTAMP'2019-07-08 08:56:39'),
	 (53,13,'INE','AMD','#13','FSP 53 Tembec',5,0,TIMESTAMP'2010-11-25 00:00:00',TIMESTAMP'2011-11-15 00:00:00',TIMESTAMP'2007-04-25 00:00:00',NULL,'BCEID\PCFRASCA','N','N','N','N','N','Paul Frasca','2503482211','paul.frasca@tembec.com',TIMESTAMP'2010-11-25 00:00:00',NULL,'N',TIMESTAMP'2010-11-25 00:00:00',10,'BCEID\PCFRASCA',TIMESTAMP'2010-11-25 15:36:17','IDIR\JDPICKFO',TIMESTAMP'2012-01-06 12:17:15'),
	 (53,14,'INE','AMD','Amendment # 14','FSP 53 Tembec',5,0,TIMESTAMP'2010-12-01 00:00:00',TIMESTAMP'2011-11-15 00:00:00',TIMESTAMP'2007-04-25 00:00:00',TIMESTAMP'2010-12-01 00:00:00','IDIR\PPICARD','N','N','N','Y','Y','Nick McRae','2504269289','nick.mcrae@tembec.com',TIMESTAMP'2010-12-01 00:00:00',NULL,'N',TIMESTAMP'2010-11-26 00:00:00',10,'BCEID\NMCRAE',TIMESTAMP'2010-11-26 07:22:38','IDIR\JDPICKFO',TIMESTAMP'2012-01-06 12:17:27'),
	 (277,6,'INE','AMD',NULL,'Kaslo and District Community Forest',NULL,NULL,TIMESTAMP'2018-08-03 00:00:00',TIMESTAMP'2020-01-12 00:00:00',TIMESTAMP'2008-07-22 00:00:00',NULL,'BCEID\JREYDEN1','N','Y','N','N','N','Jeff Reyden RPF','2503549803','manager@kaslocommunityforest.org',TIMESTAMP'2018-08-03 00:00:00',NULL,'N',TIMESTAMP'2010-12-07 00:00:00',17,'BCEID\O_AHRENS',TIMESTAMP'2010-11-30 13:54:30','AMND_PLAN_UPDATE',TIMESTAMP'2019-07-08 08:56:39'),
	 (8,4,'APP','AMD','Amendment #4','2007 Forest Stewardship Plan For J.HH.Huscroft Ltd.',5,0,TIMESTAMP'2009-11-12 00:00:00',TIMESTAMP'2012-03-05 00:00:00',TIMESTAMP'2007-01-24 00:00:00',TIMESTAMP'2009-11-12 00:00:00','IDIR\CJNIXON','N','N','N','N','N','Matthew Maddess','2504283723','maddess.m@shawcable.com',TIMESTAMP'2010-06-03 00:00:00','IDIR\CJNIXON','Y',TIMESTAMP'2010-05-20 00:00:00',9,'IDIR\CJNIXON',TIMESTAMP'2010-02-09 13:27:00','IDIR\CJNIXON',TIMESTAMP'2010-06-03 08:19:28'),
	 (8,5,'APP','AMD',NULL,'2007 Forest Stewardship Plan For J.HH.Huscroft Ltd.',NULL,NULL,TIMESTAMP'2010-02-09 00:00:00',TIMESTAMP'2012-03-03 00:00:00',TIMESTAMP'2007-01-24 00:00:00',TIMESTAMP'2010-02-09 00:00:00','IDIR\CJNIXON','N','N','Y','N','N','Matthew Maddess','2504283723','maddess.m@shawcable.com',TIMESTAMP'2010-06-03 00:00:00','IDIR\CJNIXON','Y',TIMESTAMP'2010-05-20 00:00:00',7,'IDIR\CJNIXON',TIMESTAMP'2010-02-09 13:39:16','IDIR\CJNIXON',TIMESTAMP'2010-06-03 08:26:49'),
	 (279,10,'INE','AMD','MinorAmd #10-Hawkins FDU bdry','Forest Stewardship Plan for BC Timber Sales in the Kootenay Lake Forest District',NULL,NULL,TIMESTAMP'2010-02-26 00:00:00',TIMESTAMP'2011-12-13 00:00:00',TIMESTAMP'2006-11-07 00:00:00',NULL,'IDIR\IRUSSELL','N','N','Y','N','N','Ingrid Russell','2508251141','Ingrid.Russell@gov.bc.ca',TIMESTAMP'2010-02-26 00:00:00',NULL,'N',TIMESTAMP'2010-02-26 00:00:00',12,'IDIR\IRUSSELL',TIMESTAMP'2010-02-24 15:46:35','IDIR\PPICARD',TIMESTAMP'2011-12-02 11:14:45'),
	 (53,10,'APP','AMD',NULL,'FSP 53 Tembec',5,0,TIMESTAMP'2010-03-09 00:00:00',TIMESTAMP'2011-11-15 00:00:00',TIMESTAMP'2007-04-25 00:00:00',TIMESTAMP'2010-03-09 00:00:00','IDIR\MBLACK','N','N','Y','N','N','Stephen Temple','2505297211','steve.temple@tembec.com',TIMESTAMP'2010-03-29 00:00:00','IDIR\MBLACK','Y',TIMESTAMP'2010-03-08 00:00:00',14,'BCEID\SPTEMPLE',TIMESTAMP'2010-03-04 10:53:16','IDIR\MBLACK',TIMESTAMP'2010-03-29 09:55:24'),
	 (279,11,'INE','AMD','multilayer SSID#18200-ICHdw01a','Forest Stewardship Plan for BC Timber Sales in the Kootenay Lake Forest District',NULL,NULL,TIMESTAMP'2010-04-16 00:00:00',TIMESTAMP'2011-12-13 00:00:00',TIMESTAMP'2006-11-07 00:00:00',NULL,'IDIR\IRUSSELL','N','N','N','N','N','Ingrid Russell','2508251141','Ingrid.Russell@gov.bc.ca',TIMESTAMP'2010-04-16 00:00:00',NULL,'N',TIMESTAMP'2010-04-16 00:00:00',11,'IDIR\IRUSSELL',TIMESTAMP'2010-04-14 11:05:19','IDIR\PPICARD',TIMESTAMP'2011-12-02 11:14:55'),
	 (279,12,'APP','AMD','BCTS KL FSP Amd 12 Caribou GAR','Forest Stewardship Plan for BC Timber Sales in the Kootenay Lake Forest District',NULL,NULL,TIMESTAMP'2010-04-26 00:00:00',TIMESTAMP'2011-12-13 00:00:00',TIMESTAMP'2006-11-07 00:00:00',TIMESTAMP'2010-04-26 00:00:00','IDIR\CJNIXON','N','N','N','N','N','Ingrid Russell','2508251141','Ingrid.Russell@gov.bc.ca',TIMESTAMP'2010-04-26 00:00:00','IDIR\CJNIXON','Y',TIMESTAMP'2010-04-20 00:00:00',10,'IDIR\IRUSSELL',TIMESTAMP'2010-04-20 13:01:52','IDIR\PPICARD',TIMESTAMP'2011-12-02 11:15:03'),
	 (27,1,'INE','AMD',NULL,'2006-2011 Forest Stewardship Plan',NULL,NULL,TIMESTAMP'2010-05-25 00:00:00',TIMESTAMP'2011-12-20 00:00:00',TIMESTAMP'2006-11-15 00:00:00',NULL,'BCEID\CSTEMMLERAWP','N','N','N','N','Y','Craig Stemmler, RFP','2503677771','craig.stemmler@atcolumber.com',TIMESTAMP'2010-05-25 00:00:00',NULL,'N',TIMESTAMP'2010-05-25 00:00:00',7,'BCEID\CSTEMMLERAWP',TIMESTAMP'2010-05-25 15:59:39','BCEID\CSTEMMLERAWP',TIMESTAMP'2010-05-25 16:13:32'),
	 (279,13,'INE','AMD','Amd #13- FDU bdry changes','Forest Stewardship Plan for BC Timber Sales in the Kootenay Lake Forest District',NULL,NULL,TIMESTAMP'2010-10-15 00:00:00',TIMESTAMP'2011-12-13 00:00:00',TIMESTAMP'2006-11-07 00:00:00',NULL,'IDIR\IRUSSELL','N','N','Y','N','N','Ingrid Russell','2508251141','Ingrid.Russell@gov.bc.ca',TIMESTAMP'2010-10-15 00:00:00',NULL,'N',TIMESTAMP'2010-10-15 00:00:00',11,'IDIR\IRUSSELL',TIMESTAMP'2010-06-08 08:47:11','IDIR\PPICARD',TIMESTAMP'2011-12-02 11:15:12'),
	 (279,14,'APP','AMD','Amd14-replace Sect2.9.4 Visual','Forest Stewardship Plan for BC Timber Sales in the Kootenay Lake Forest District',NULL,NULL,TIMESTAMP'2010-06-21 00:00:00',TIMESTAMP'2011-12-13 00:00:00',TIMESTAMP'2006-11-07 00:00:00',TIMESTAMP'2010-06-21 00:00:00','IDIR\CJNIXON','N','N','N','N','N','Ingrid Russell','2508251141','Ingrid.Russell@gov.bc.ca',TIMESTAMP'2010-06-23 00:00:00','IDIR\CJNIXON','Y',TIMESTAMP'2010-06-08 00:00:00',8,'IDIR\IRUSSELL',TIMESTAMP'2010-06-08 09:40:24','IDIR\PPICARD',TIMESTAMP'2011-12-02 11:15:20'),
	 (53,11,'INE','AMD','Amendment #11','FSP 53 Tembec',5,0,TIMESTAMP'2010-09-14 00:00:00',TIMESTAMP'2011-11-15 00:00:00',TIMESTAMP'2007-04-25 00:00:00',NULL,'BCEID\BRPOPE','N','N','N','N','N','Joe Gnucci','2504269287','joe.gnucci@tembec.com',TIMESTAMP'2010-09-14 00:00:00',NULL,'N',TIMESTAMP'2010-09-14 00:00:00',12,'BCEID\PCFRASCA',TIMESTAMP'2010-07-27 12:54:32','IDIR\JDPICKFO',TIMESTAMP'2012-01-06 12:16:40'),
	 (279,15,'INE','AMD','BCTS KL FSP Amd Declared Areas','Forest Stewardship Plan for BC Timber Sales in the Kootenay Lake Forest District',NULL,NULL,TIMESTAMP'2010-07-29 00:00:00',TIMESTAMP'2011-12-13 00:00:00',TIMESTAMP'2006-11-07 00:00:00',NULL,'IDIR\IRUSSELL','N','Y','N','N','N','Ingrid Russell','2508251141','Ingrid.Russell@gov.bc.ca',TIMESTAMP'2010-07-29 00:00:00',NULL,'N',TIMESTAMP'2010-07-29 00:00:00',8,'IDIR\IRUSSELL',TIMESTAMP'2010-07-29 10:19:03','IDIR\PPICARD',TIMESTAMP'2011-12-02 11:15:28'),
	 (53,12,'APP','AMD','Amend #12','FSP 53 Tembec',5,0,TIMESTAMP'2010-10-05 00:00:00',TIMESTAMP'2011-11-15 00:00:00',TIMESTAMP'2007-04-25 00:00:00',TIMESTAMP'2010-10-05 00:00:00','IDIR\MBLACK','N','N','Y','N','N','Joe Gnucci','2504269287','joe.gnucci@tembec.com',TIMESTAMP'2010-10-06 00:00:00','IDIR\MBLACK','Y',TIMESTAMP'2010-10-04 00:00:00',15,'BCEID\JAGNUCCI',TIMESTAMP'2010-09-14 12:51:01','IDIR\JDPICKFO',TIMESTAMP'2012-01-06 12:17:01'),
	 (277,4,'INE','AMD',NULL,'Kaslo and District Community Forest',NULL,NULL,TIMESTAMP'2010-09-15 00:00:00',TIMESTAMP'2013-08-12 00:00:00',TIMESTAMP'2008-07-22 00:00:00',NULL,'BCEID\O_AHRENS','N','Y','N','N','N','Richard Marchand RPF','2503539677','osprey44@shaw.ca',TIMESTAMP'2010-09-15 00:00:00',NULL,'N',TIMESTAMP'2010-09-15 00:00:00',6,'BCEID\O_AHRENS',TIMESTAMP'2010-09-15 21:17:12','BCEID\O_AHRENS',TIMESTAMP'2010-09-15 21:25:11'),
	 (27,2,'INE','AMD',NULL,'2006-2011 Forest Stewardship Plan',NULL,NULL,TIMESTAMP'2010-10-05 00:00:00',TIMESTAMP'2011-12-20 00:00:00',TIMESTAMP'2006-11-15 00:00:00',TIMESTAMP'2010-10-05 00:00:00','IDIR\BRZIEGLE','N','N','N','N','N','Craig Stemmler, RPF','2503672526','craig.stemmler@atcowoodproducts.com',TIMESTAMP'2010-10-05 00:00:00',NULL,'N',TIMESTAMP'2010-10-05 00:00:00',9,'BCEID\CSTEMMLERAWP',TIMESTAMP'2010-10-05 08:45:24','IDIR\BRZIEGLE',TIMESTAMP'2018-07-26 16:01:14');
INSERT INTO silva.forest_stewardship_plan (fsp_id, fsp_amendment_number, fsp_status_code, fsp_amendment_code, licensee_amendment_name, plan_name, plan_term_years, plan_term_months, plan_start_date, plan_end_date, plan_submission_date, plan_decision_date, plan_decision_userid, transition_ind, identified_areas_update_ind, fdu_update_ind, stocking_standard_update_ind, frpa197_election_ind, contact_name, telephone_number, email_address, amendment_approval_date, amendment_authority, amendment_approval_requird_ind, amendment_submission_date, revision_count, entry_userid, entry_timestamp, update_userid, update_timestamp) VALUES
	 (27,3,'INE','AMD',NULL,'2006-2011 Forest Stewardship Plan',NULL,NULL,TIMESTAMP'2010-10-05 00:00:00',TIMESTAMP'2011-12-20 00:00:00',TIMESTAMP'2006-11-15 00:00:00',NULL,'BCEID\CSTEMMLERAWP','N','N','Y','N','N','Craig Stemmler, RPF','2503672526','craig.stemmler@atcowoodproducts.com',TIMESTAMP'2010-10-05 00:00:00',NULL,'N',TIMESTAMP'2010-10-05 00:00:00',6,'BCEID\CSTEMMLERAWP',TIMESTAMP'2010-10-05 09:08:39','BCEID\CSTEMMLERAWP',TIMESTAMP'2010-10-05 10:22:23'),
	 (27,4,'INE','AMD',NULL,'2006-2011 Forest Stewardship Plan',NULL,NULL,TIMESTAMP'2010-10-05 00:00:00',TIMESTAMP'2011-12-20 00:00:00',TIMESTAMP'2006-11-15 00:00:00',NULL,'BCEID\CSTEMMLERAWP','N','N','Y','N','N','Craig Stemmler, RPF','2503672526','craig.stemmler@atcowoodproducts.com',TIMESTAMP'2010-10-05 00:00:00',NULL,'N',TIMESTAMP'2010-10-05 00:00:00',6,'BCEID\CSTEMMLERAWP',TIMESTAMP'2010-10-05 10:50:07','AMND_PLAN_ROLLBACK',TIMESTAMP'2012-01-03 11:02:03'),
	 (8,6,'INE','AMD','6','2007 Forest Stewardship Plan For J.HH.Huscroft Ltd.',NULL,NULL,TIMESTAMP'2010-10-07 00:00:00',TIMESTAMP'2017-01-06 00:00:00',TIMESTAMP'2007-01-24 00:00:00',NULL,'BCEID\MMADDESS','N','N','Y','N','N','Matthew Maddess','2504283723','maddess.m@shawcable.com',TIMESTAMP'2010-10-07 00:00:00',NULL,'N',TIMESTAMP'2010-10-07 00:00:00',14,'BCEID\MMADDESS',TIMESTAMP'2010-10-07 10:53:10','AMND_PLAN_UPDATE',TIMESTAMP'2018-03-20 16:34:14'),
	 (27,5,'INE','AMD',NULL,'2006-2011 Forest Stewardship Plan',NULL,NULL,TIMESTAMP'2011-08-17 00:00:00',TIMESTAMP'2011-12-20 00:00:00',TIMESTAMP'2006-11-15 00:00:00',NULL,'BCEID\CSTEMMLERAWP','N','N','Y','N','N','Craig Stemmler, RPF','2503672526','craig.stemmler@atcowoodproducts.com',TIMESTAMP'2011-08-17 00:00:00',NULL,'N',TIMESTAMP'2011-08-17 00:00:00',6,'BCEID\CSTEMMLERAWP',TIMESTAMP'2011-08-17 15:04:52','BCEID\CSTEMMLERAWP',TIMESTAMP'2011-08-17 15:10:43'),
	 (27,7,'INE','AMD',NULL,'2006-2011 Forest Stewardship Plan',NULL,NULL,TIMESTAMP'2011-12-06 00:00:00',TIMESTAMP'2016-12-20 00:00:00',TIMESTAMP'2006-11-15 00:00:00',NULL,'BCEID\CSTEMMLERAWP','N','N','N','N','N','Craig Stemmler, RPF','2503672526','craig.stemmler@atcowoodproducts.com',TIMESTAMP'2011-12-06 00:00:00',NULL,'N',TIMESTAMP'2011-12-06 00:00:00',17,'BCEID\CSTEMMLERAWP',TIMESTAMP'2011-12-06 13:13:01','AMND_PLAN_UPDATE',TIMESTAMP'2018-07-26 16:21:00'),
	 (53,17,'INE','AMD',NULL,'FSP 53 Tembec',5,0,TIMESTAMP'2011-08-22 00:00:00',TIMESTAMP'2011-11-15 00:00:00',TIMESTAMP'2007-04-25 00:00:00',NULL,'BCEID\JAGNUCCI','N','N','Y','N','N','Joe Gnucci','2504269287','joe.gnucci@tembec.com',TIMESTAMP'2011-08-22 00:00:00',NULL,'N',TIMESTAMP'2011-08-22 00:00:00',9,'BCEID\JAGNUCCI',TIMESTAMP'2011-08-22 09:57:30','IDIR\JDPICKFO',TIMESTAMP'2012-01-06 12:18:11'),
	 (53,18,'INE','AMD','Amendment 18','FSP 53 Tembec',NULL,NULL,TIMESTAMP'2011-10-20 00:00:00',TIMESTAMP'2016-11-15 00:00:00',TIMESTAMP'2007-04-25 00:00:00',NULL,'BCEID\PFREEZE','N','N','N','N','N','Paul Freeze','2505297211','paul.freeze@tembec.com',TIMESTAMP'2011-10-20 00:00:00',NULL,'N',TIMESTAMP'2011-10-20 00:00:00',21,'BCEID\PFREEZE',TIMESTAMP'2011-10-20 13:49:36','AMND_PLAN_UPDATE',TIMESTAMP'2018-05-31 12:15:44'),
	 (27,6,'INE','AMD','Amendment #4 (Paper)','2006-2011 Forest Stewardship Plan',NULL,NULL,TIMESTAMP'2011-11-21 00:00:00',TIMESTAMP'2011-12-20 00:00:00',TIMESTAMP'2006-11-15 00:00:00',NULL,'BCEID\CSTEMMLERAWP','N','N','N','N','N','Craig Stemmler, RPF','2503672526','craig.stemmler@atcowoodproducts.com',TIMESTAMP'2011-11-21 00:00:00',NULL,'N',TIMESTAMP'2011-11-21 00:00:00',8,'BCEID\CSTEMMLERAWP',TIMESTAMP'2011-11-21 13:48:02','BCEID\CSTEMMLERAWP',TIMESTAMP'2011-11-21 13:53:25'),
	 (424,0,'APP','ORG',NULL,'Cooper Creek Cedar FSP',NULL,NULL,TIMESTAMP'2007-06-04 00:00:00',TIMESTAMP'2017-06-04 00:00:00',TIMESTAMP'2007-06-04 00:00:00',TIMESTAMP'2007-06-04 00:00:00','IDIR\KGSACENI','N','N','N','N','N','Bill Kestell, RPF','2502294536','bkestell@shaw.ca',TIMESTAMP'2011-03-30 00:00:00','IDIR\KGSACENI','Y',TIMESTAMP'2007-06-04 00:00:00',9,'IDIR\CJNIXON',TIMESTAMP'2010-12-21 10:49:26','AMND_PLAN_UPDATE',TIMESTAMP'2012-05-31 09:45:42'),
	 (53,15,'INE','AMD',NULL,'FSP 53 Tembec',5,0,TIMESTAMP'2011-01-03 00:00:00',TIMESTAMP'2011-11-15 00:00:00',TIMESTAMP'2007-04-25 00:00:00',NULL,'BCEID\JAGNUCCI','N','N','Y','N','N','Eirik Pighin','2504269288','eirik.pighin@tembec.com',TIMESTAMP'2011-01-03 00:00:00',NULL,'N',TIMESTAMP'2011-01-03 00:00:00',9,'BCEID\JAGNUCCI',TIMESTAMP'2011-01-03 14:45:42','IDIR\JDPICKFO',TIMESTAMP'2012-01-06 12:17:42'),
	 (279,16,'APP','AMD','KL Amd 16 niteout ck-caribou','Forest Stewardship Plan for BC Timber Sales in the Kootenay Lake Forest District',NULL,NULL,TIMESTAMP'2011-04-20 00:00:00',TIMESTAMP'2011-12-13 00:00:00',TIMESTAMP'2006-11-07 00:00:00',TIMESTAMP'2011-06-03 00:00:00','IDIR\KGSACENI','N','N','N','Y','N','Ingrid Russell','2508251141','Ingrid.Russell@gov.bc.ca',TIMESTAMP'2011-06-03 00:00:00','IDIR\KGSACENI','Y',TIMESTAMP'2011-05-25 00:00:00',25,'IDIR\IRUSSELL',TIMESTAMP'2011-04-18 09:22:11','IDIR\PPICARD',TIMESTAMP'2011-12-02 11:15:40'),
	 (279,17,'REJ','AMD','Amd #17-unevenaged SS','Forest Stewardship Plan for BC Timber Sales in the Kootenay Lake Forest District',NULL,NULL,NULL,TIMESTAMP'2011-06-12 00:00:00',TIMESTAMP'2006-11-07 00:00:00',TIMESTAMP'2012-05-28 00:00:00',NULL,'N','N','N','Y','N','Ingrid Russell','2508251141','Ingrid.Russell@gov.bc.ca',NULL,NULL,'Y',TIMESTAMP'2012-12-05 00:00:00',18,'IDIR\IRUSSELL',TIMESTAMP'2011-04-20 11:13:33','IDIR\JDPICKFO',TIMESTAMP'2012-12-05 08:31:24'),
	 (279,18,'INE','AMD','FSP20112016 ext request Part 1','Forest Stewardship Plan for BC Timber Sales in the Kootenay Lake Forest District',NULL,NULL,TIMESTAMP'2011-12-09 00:00:00',TIMESTAMP'2016-12-13 00:00:00',TIMESTAMP'2006-11-07 00:00:00',NULL,'IDIR\JDPICKFO','N','N','N','N','N','Ingrid Russell','2508251141','Ingrid.Russell@gov.bc.ca',TIMESTAMP'2011-12-09 00:00:00',NULL,'N',TIMESTAMP'2011-12-01 00:00:00',33,'IDIR\IRUSSELL',TIMESTAMP'2011-05-25 10:25:01','AMND_PLAN_UPDATE',TIMESTAMP'2018-04-25 09:54:45'),
	 (53,16,'INE','AMD',NULL,'FSP 53 Tembec',5,0,TIMESTAMP'2011-05-31 00:00:00',TIMESTAMP'2011-11-15 00:00:00',TIMESTAMP'2007-04-25 00:00:00',NULL,'BCEID\JAGNUCCI','N','N','Y','N','N','Joe Gnucci','2504269287','joe.gnucci@tembec.com',TIMESTAMP'2011-05-31 00:00:00',NULL,'N',TIMESTAMP'2011-05-31 00:00:00',9,'BCEID\JAGNUCCI',TIMESTAMP'2011-05-31 12:37:31','IDIR\JDPICKFO',TIMESTAMP'2012-01-06 12:17:58'),
	 (420,1,'APP','AMD','Add SS ID#1042598','Harrop Procter Community Co-operative FSP',NULL,NULL,TIMESTAMP'2012-12-03 00:00:00',TIMESTAMP'2015-06-21 00:00:00',TIMESTAMP'2010-06-21 00:00:00',TIMESTAMP'2012-12-03 00:00:00','IDIR\KGSACENI','N','N','N','Y','N','Erik Leslie','2502292221','erikl@netidea.com',TIMESTAMP'2012-12-06 00:00:00','IDIR\KGSACENI','Y',TIMESTAMP'2012-11-19 00:00:00',7,'BCEID\ERIKLESLIE',TIMESTAMP'2012-10-31 11:50:15','IDIR\KGSACENI',TIMESTAMP'2012-12-06 10:31:15'),
	 (53,19,'INE','AMD',NULL,'FSP 53 Tembec',NULL,NULL,TIMESTAMP'2012-02-13 00:00:00',TIMESTAMP'2016-11-15 00:00:00',TIMESTAMP'2007-04-25 00:00:00',NULL,'BCEID\JAGNUCCI','N','N','N','N','N','Joe Gnucci','2504269287','joe.gnucci@tembec.com',TIMESTAMP'2012-02-13 00:00:00',NULL,'N',TIMESTAMP'2012-02-13 00:00:00',14,'BCEID\JAGNUCCI',TIMESTAMP'2012-02-13 13:36:28','AMND_TERM_UPDATE',TIMESTAMP'2018-05-31 12:15:44'),
	 (279,19,'REJ','AMD','BCTS KL FSP Major Amd#20','Forest Stewardship Plan for BC Timber Sales in the Kootenay Lake Forest District',NULL,NULL,NULL,TIMESTAMP'2016-12-13 00:00:00',TIMESTAMP'2006-11-07 00:00:00',TIMESTAMP'2012-03-27 00:00:00',NULL,'N','N','N','N','N','Ingrid Russell','2508251141','Ingrid.Russell@gov.bc.ca',NULL,NULL,'Y',TIMESTAMP'2012-03-07 00:00:00',9,'IDIR\IRUSSELL',TIMESTAMP'2012-03-07 15:59:09','IDIR\KGSACENI',TIMESTAMP'2012-03-07 16:12:03'),
	 (279,20,'APP','AMD','BCTS KL Amd#20-add NRFL','Forest Stewardship Plan for BC Timber Sales in the Kootenay Lake Forest District',NULL,NULL,TIMESTAMP'2012-03-07 00:00:00',TIMESTAMP'2016-12-13 00:00:00',TIMESTAMP'2006-11-07 00:00:00',TIMESTAMP'2012-04-24 00:00:00','IDIR\KGSACENI','N','N','N','N','N','Ingrid Russell','2508251141','Ingrid.Russell@gov.bc.ca',TIMESTAMP'2012-04-25 00:00:00','IDIR\KGSACENI','Y',TIMESTAMP'2012-03-27 00:00:00',18,'IDIR\IRUSSELL',TIMESTAMP'2012-03-27 16:08:07','AMND_TERM_UPDATE',TIMESTAMP'2018-04-25 09:54:45'),
	 (45,3,'APP','AMD','LKDC NRFL','FSP 45 Wynndel Box',NULL,NULL,TIMESTAMP'2012-03-27 00:00:00',TIMESTAMP'2016-10-03 00:00:00',TIMESTAMP'2006-08-09 00:00:00',TIMESTAMP'2012-03-27 00:00:00','IDIR\KGSACENI','N','N','N','N','N','Matthew Maddess','2508665412','wynbox@uniserve.com',TIMESTAMP'2012-10-18 00:00:00','IDIR\KGSACENI','Y',TIMESTAMP'2012-03-30 00:00:00',18,'BCEID\CELCREST',TIMESTAMP'2012-03-30 14:12:19','AMND_TERM_UPDATE',TIMESTAMP'2018-06-04 15:57:07'),
	 (279,21,'INE','AMD','Glacier FDU boundary','Forest Stewardship Plan for BC Timber Sales in the Kootenay Lake Forest District',NULL,NULL,TIMESTAMP'2012-05-07 00:00:00',TIMESTAMP'2016-12-13 00:00:00',TIMESTAMP'2006-11-07 00:00:00',NULL,'IDIR\IRUSSELL','N','N','Y','N','N','Ingrid Russell','2508251141','Ingrid.Russell@gov.bc.ca',TIMESTAMP'2012-05-07 00:00:00',NULL,'N',TIMESTAMP'2012-05-07 00:00:00',16,'IDIR\IRUSSELL',TIMESTAMP'2012-05-04 13:13:44','AMND_TERM_UPDATE',TIMESTAMP'2018-04-25 09:54:45');
INSERT INTO silva.forest_stewardship_plan (fsp_id, fsp_amendment_number, fsp_status_code, fsp_amendment_code, licensee_amendment_name, plan_name, plan_term_years, plan_term_months, plan_start_date, plan_end_date, plan_submission_date, plan_decision_date, plan_decision_userid, transition_ind, identified_areas_update_ind, fdu_update_ind, stocking_standard_update_ind, frpa197_election_ind, contact_name, telephone_number, email_address, amendment_approval_date, amendment_authority, amendment_approval_requird_ind, amendment_submission_date, revision_count, entry_userid, entry_timestamp, update_userid, update_timestamp) VALUES
	 (8,7,'INE','AMD',NULL,'2007 Forest Stewardship Plan',NULL,NULL,TIMESTAMP'2012-08-30 00:00:00',TIMESTAMP'2017-01-06 00:00:00',TIMESTAMP'2007-01-24 00:00:00',NULL,'BCEID\RHHANSON','N','N','Y','N','N','Matthew Maddess','2504283723','maddess@shawcable.com',TIMESTAMP'2012-08-30 00:00:00',NULL,'N',TIMESTAMP'2012-08-22 00:00:00',23,'BCEID\RHHANSON',TIMESTAMP'2012-08-03 10:05:23','AMND_TERM_UPDATE',TIMESTAMP'2018-03-20 16:34:14'),
	 (8,8,'APP','AMD','Include NRFL A86246','2007 Forest Stewardship Plan',NULL,NULL,TIMESTAMP'2012-11-07 00:00:00',TIMESTAMP'2017-01-06 00:00:00',TIMESTAMP'2007-01-24 00:00:00',TIMESTAMP'2012-11-07 00:00:00','IDIR\KGSACENI','N','N','N','N','N','Richard H. Hanson','2504283723','hanson.r@jhhuscroft.com',TIMESTAMP'2012-12-06 00:00:00','IDIR\KGSACENI','Y',TIMESTAMP'2012-09-27 00:00:00',13,'BCEID\RHHANSON',TIMESTAMP'2012-09-27 14:28:14','AMND_TERM_UPDATE',TIMESTAMP'2018-03-20 16:34:14'),
	 (27,9,'INE','AMD',NULL,'2006-2011 Forest Stewardship Plan',NULL,NULL,TIMESTAMP'2013-10-28 00:00:00',TIMESTAMP'2016-12-20 00:00:00',TIMESTAMP'2006-11-15 00:00:00',TIMESTAMP'2018-07-26 00:00:00','IDIR\BRZIEGLE','N','N','Y','N','Y','Craig Stemmler, RPF','2503672526','craig.stemmler@atcowoodproducts.com',TIMESTAMP'2018-07-26 00:00:00',NULL,'N',TIMESTAMP'2013-10-28 00:00:00',16,'BCEID\CSTEMMLERAWP',TIMESTAMP'2013-10-28 14:08:15','AMND_TERM_UPDATE',TIMESTAMP'2018-07-26 16:21:00'),
	 (26,8,'INE','AMD',NULL,'Kalesnikoff Lumber  A20194 and A30172',NULL,NULL,TIMESTAMP'2013-12-02 00:00:00',TIMESTAMP'2015-04-27 00:00:00',TIMESTAMP'2007-04-16 00:00:00',NULL,'BCEID\THODGKINSON2','N','N','N','N','Y','Tyler Hodgkinson','2503994211','stanh@kalesnikoff.com',TIMESTAMP'2013-12-02 00:00:00',NULL,'N',TIMESTAMP'2013-12-02 00:00:00',11,'BCEID\THODGKINSON2',TIMESTAMP'2013-12-02 15:31:05','AMND_TERM_UPDATE',TIMESTAMP'2015-04-22 09:46:39'),
	 (27,10,'INE','AMD',NULL,'2006-2011 Forest Stewardship Plan',NULL,NULL,TIMESTAMP'2014-01-22 00:00:00',TIMESTAMP'2016-12-20 00:00:00',TIMESTAMP'2006-11-15 00:00:00',NULL,'BCEID\CSTEMMLERAWP','N','N','N','N','Y','Craig Stemmler, RPF','2503672526','craig.stemmler@atcowoodproducts.com',TIMESTAMP'2014-01-22 00:00:00',NULL,'N',TIMESTAMP'2014-01-22 00:00:00',14,'BCEID\CSTEMMLERAWP',TIMESTAMP'2014-01-22 16:06:55','AMND_TERM_UPDATE',TIMESTAMP'2018-07-26 16:21:00'),
	 (27,11,'APP','AMD',NULL,'Atco workspace creation',NULL,NULL,TIMESTAMP'2014-04-29 00:00:00',TIMESTAMP'2016-12-20 00:00:00',TIMESTAMP'2006-11-15 00:00:00',TIMESTAMP'2014-04-29 00:00:00','IDIR\DDCHRIST','N','N','Y','N','Y','Craig Stemmler','2503672526','craig.stemmler@atcowoodproducts.com',TIMESTAMP'2014-05-06 00:00:00','IDIR\DDCHRIST','Y',TIMESTAMP'2014-03-20 00:00:00',18,'BCEID\CSTEMMLERAWP',TIMESTAMP'2014-01-24 11:53:07','AMND_TERM_UPDATE',TIMESTAMP'2018-07-26 16:21:00'),
	 (420,2,'INE','AMD','FDU amendment','Harrop Procter Community Co-operative FSP',NULL,NULL,TIMESTAMP'2012-12-10 00:00:00',TIMESTAMP'2015-06-21 00:00:00',TIMESTAMP'2010-06-21 00:00:00',NULL,'BCEID\ERIKLESLIE','N','N','Y','N','N','Erik Leslie','2502292221','erikl@netidea.com',TIMESTAMP'2012-12-10 00:00:00',NULL,'N',TIMESTAMP'2012-12-10 00:00:00',6,'BCEID\ERIKLESLIE',TIMESTAMP'2012-12-10 15:58:36','BCEID\ERIKLESLIE',TIMESTAMP'2012-12-10 16:29:16'),
	 (26,7,'INE','AMD',NULL,'Kalesnikoff Lumber  A20194 and A30172',NULL,NULL,TIMESTAMP'2013-01-29 00:00:00',TIMESTAMP'2015-04-27 00:00:00',TIMESTAMP'2007-04-16 00:00:00',NULL,'BCEID\THODGKINSON2','N','N','N','N','Y','Tyler Hodgkinson','2503994211','stanh@kalesnikoff.com',TIMESTAMP'2013-01-29 00:00:00',NULL,'N',TIMESTAMP'2013-01-29 00:00:00',12,'BCEID\THODGKINSON2',TIMESTAMP'2013-01-29 15:03:39','AMND_TERM_UPDATE',TIMESTAMP'2015-04-22 09:46:39'),
	 (8,9,'INE','AMD',NULL,'2007 Forest Stewardship Plan',NULL,NULL,TIMESTAMP'2013-01-31 00:00:00',TIMESTAMP'2018-09-20 00:00:00',TIMESTAMP'2007-01-24 00:00:00',NULL,'BCEID\RHHANSON','N','N','N','N','N','Richard H. Hanson','2504283723','hanson.r@jhhuscroft.com',TIMESTAMP'2013-01-31 00:00:00',NULL,'N',TIMESTAMP'2013-01-31 00:00:00',20,'BCEID\RHHANSON',TIMESTAMP'2013-01-31 13:38:54','AMND_PLAN_UPDATE',TIMESTAMP'2018-03-20 16:34:14'),
	 (512,0,'APP','ORG',NULL,'FSP A30171 Apr 20 2013 to Apr 19 2018',5,0,TIMESTAMP'2013-04-20 00:00:00',TIMESTAMP'2018-04-20 00:00:00',TIMESTAMP'2012-12-12 00:00:00',TIMESTAMP'2013-04-22 00:00:00','IDIR\JUCASTON','N','N','N','N','N','Rodney J. Arnold','2503537727','woodlands @blueridgetimber.ca',TIMESTAMP'2014-01-29 00:00:00','IDIR\JUCASTON','Y',TIMESTAMP'2012-12-12 00:00:00',7,'BCEID\RODNEY_ARNOLD2012',TIMESTAMP'2013-04-15 10:14:54','IDIR\JUCASTON',TIMESTAMP'2014-01-29 15:39:13'),
	 (27,8,'INE','AMD','Amendment # 6','2006-2011 Forest Stewardship Plan',NULL,NULL,TIMESTAMP'2013-05-24 00:00:00',TIMESTAMP'2016-12-20 00:00:00',TIMESTAMP'2006-11-15 00:00:00',TIMESTAMP'2018-07-26 00:00:00','IDIR\BRZIEGLE','N','N','N','N','Y','Craig Stemmler, RPF','2503672526','craig.stemmler@atcowoodproducts.com',TIMESTAMP'2018-07-26 00:00:00',NULL,'N',TIMESTAMP'2013-05-24 00:00:00',20,'BCEID\CSTEMMLERAWP',TIMESTAMP'2013-05-24 15:25:17','AMND_TERM_UPDATE',TIMESTAMP'2018-07-26 16:21:00'),
	 (279,22,'INE','AMD',NULL,'Forest Stewardship Plan for BC Timber Sales in the Kootenay Lake Forest District',NULL,NULL,TIMESTAMP'2015-01-15 00:00:00',TIMESTAMP'2016-12-13 00:00:00',TIMESTAMP'2006-11-07 00:00:00',NULL,'IDIR\GAEDNEY','N','N','N','N','N','Ingrid Russell','2508251141','Ingrid.Russell@gov.bc.ca',TIMESTAMP'2015-01-15 00:00:00',NULL,'N',TIMESTAMP'2015-01-15 00:00:00',13,'IDIR\GAEDNEY',TIMESTAMP'2015-01-15 09:54:40','AMND_PLAN_ROLLBACK',TIMESTAMP'2018-04-25 09:54:45'),
	 (27,12,'INE','AMD',NULL,'Atco workspace creation',NULL,NULL,TIMESTAMP'2015-01-16 00:00:00',TIMESTAMP'2016-12-20 00:00:00',TIMESTAMP'2006-11-15 00:00:00',NULL,'BCEID\CSTEMMLERAWP','N','N','Y','N','Y','Craig Stemmler','2503672526','craig.stemmler@atcowoodproducts.com',TIMESTAMP'2015-01-16 00:00:00',NULL,'N',TIMESTAMP'2015-01-16 00:00:00',12,'BCEID\CSTEMMLERAWP',TIMESTAMP'2015-01-16 15:09:57','AMND_TERM_UPDATE',TIMESTAMP'2018-07-26 16:21:00'),
	 (26,9,'INE','AMD',NULL,'Kalesnikoff Lumber  A20194 and A30172',NULL,NULL,TIMESTAMP'2015-04-21 00:00:00',TIMESTAMP'2017-04-27 00:00:00',TIMESTAMP'2007-04-16 00:00:00',NULL,'BCEID\THODGKINSON2','N','N','N','N','Y','Tyler Hodgkinson','2503994211','tylerh@kalesnikoff.com',TIMESTAMP'2015-04-21 00:00:00',NULL,'N',TIMESTAMP'2015-04-21 00:00:00',11,'BCEID\THODGKINSON2',TIMESTAMP'2015-04-21 17:01:27','AMND_PLAN_UPDATE',TIMESTAMP'2015-04-22 09:46:39'),
	 (420,3,'INE','AMD','FSP Amendment #3 June2015','Harrop Procter Community Co-operative FSP',NULL,NULL,TIMESTAMP'2015-06-20 00:00:00',TIMESTAMP'2020-06-20 00:00:00',TIMESTAMP'2010-06-21 00:00:00',NULL,'BCEID\ERIKLESLIE','N','N','N','N','N','Erik Leslie','2502292221','erikl@netidea.com',TIMESTAMP'2015-06-20 00:00:00',NULL,'N',TIMESTAMP'2015-06-20 00:00:00',18,'BCEID\ERIKLESLIE',TIMESTAMP'2015-06-19 16:30:07','AMND_PLAN_UPDATE',TIMESTAMP'2021-09-02 11:36:57'),
	 (420,4,'INE','AMD','HPCC FSP#1 Amendment #4','Harrop Procter Community Co-operative FSP',NULL,NULL,TIMESTAMP'2015-09-28 00:00:00',TIMESTAMP'2020-06-20 00:00:00',TIMESTAMP'2010-06-21 00:00:00',NULL,'BCEID\ERIKLESLIE','N','N','N','N','N','Erik Leslie','2502292221','erikl@netidea.com',TIMESTAMP'2015-09-28 00:00:00',NULL,'N',TIMESTAMP'2015-09-28 00:00:00',15,'BCEID\ERIKLESLIE',TIMESTAMP'2015-09-28 09:08:27','AMND_TERM_UPDATE',TIMESTAMP'2021-09-02 11:36:57'),
	 (420,5,'APP','AMD','Add SSID #1048508, 1048517','Harrop Procter Community Co-operative FSP',NULL,NULL,TIMESTAMP'2015-10-15 00:00:00',TIMESTAMP'2020-06-20 00:00:00',TIMESTAMP'2010-06-21 00:00:00',TIMESTAMP'2015-10-15 00:00:00','IDIR\JUCASTON','N','N','N','Y','N','Erik Leslie','2502292221','erikl@netidea.com',TIMESTAMP'2015-10-15 00:00:00','IDIR\JUCASTON','Y',TIMESTAMP'2015-10-09 00:00:00',31,'BCEID\ERIKLESLIE',TIMESTAMP'2015-10-01 13:19:32','AMND_TERM_UPDATE',TIMESTAMP'2021-09-02 11:36:57'),
	 (45,4,'APP','AMD',NULL,'Calcrest Timber and Wynndel Box',NULL,NULL,TIMESTAMP'2016-02-12 00:00:00',TIMESTAMP'2016-10-03 00:00:00',TIMESTAMP'2006-08-09 00:00:00',TIMESTAMP'2016-02-12 00:00:00','IDIR\JUCASTON','N','N','Y','N','N','Matthew L. Maddess','2508665412','mmaddess@wynnwood.ca',TIMESTAMP'2016-07-13 00:00:00','IDIR\JUCASTON','Y',TIMESTAMP'2015-11-06 00:00:00',21,'BCEID\CELCREST',TIMESTAMP'2015-10-28 08:45:25','AMND_TERM_UPDATE',TIMESTAMP'2018-06-04 15:57:07'),
	 (45,5,'INE','AMD',NULL,'FSP 45 Wynndel Box',NULL,NULL,TIMESTAMP'2016-07-13 00:00:00',TIMESTAMP'2018-11-30 00:00:00',TIMESTAMP'2006-08-09 00:00:00',TIMESTAMP'2016-07-13 00:00:00','IDIR\CSLOAT','N','N','N','N','N','Matthew Maddess','2508665412','matthew.maddess@canfor.com',TIMESTAMP'2016-07-13 00:00:00',NULL,'N',TIMESTAMP'2016-07-13 00:00:00',21,'BCEID\MMADDESS0',TIMESTAMP'2016-07-13 13:24:20','AMND_PLAN_UPDATE',TIMESTAMP'2018-06-04 15:57:07'),
	 (27,13,'INE','AMD',NULL,'Atco workspace creation',NULL,NULL,TIMESTAMP'2016-01-25 00:00:00',TIMESTAMP'2017-06-20 00:00:00',TIMESTAMP'2006-11-15 00:00:00',TIMESTAMP'2016-01-25 00:00:00','IDIR\BRZIEGLE','N','N','Y','N','Y','Craig Stemmler','2503672526','craig.stemmler@atcowoodproducts.com',TIMESTAMP'2016-01-25 00:00:00',NULL,'N',TIMESTAMP'2016-01-25 00:00:00',17,'BCEID\CSTEMMLERAWP',TIMESTAMP'2016-01-25 13:46:05','AMND_PLAN_UPDATE',TIMESTAMP'2018-07-26 16:21:00');
INSERT INTO silva.forest_stewardship_plan (fsp_id, fsp_amendment_number, fsp_status_code, fsp_amendment_code, licensee_amendment_name, plan_name, plan_term_years, plan_term_months, plan_start_date, plan_end_date, plan_submission_date, plan_decision_date, plan_decision_userid, transition_ind, identified_areas_update_ind, fdu_update_ind, stocking_standard_update_ind, frpa197_election_ind, contact_name, telephone_number, email_address, amendment_approval_date, amendment_authority, amendment_approval_requird_ind, amendment_submission_date, revision_count, entry_userid, entry_timestamp, update_userid, update_timestamp) VALUES
	 (512,1,'REJ','AMD',NULL,'FSP A30171 Apr 20 2013 to Apr 19 2018',5,0,TIMESTAMP'2016-04-13 00:00:00',TIMESTAMP'2018-04-20 00:00:00',TIMESTAMP'2012-12-12 00:00:00',TIMESTAMP'2016-04-22 00:00:00','BCEID\GNEVILLE1','N','N','N','N','N','Grant S.Neville','2504269252','grant.neville@canfor.com',TIMESTAMP'2016-04-13 00:00:00',NULL,'N',TIMESTAMP'2016-04-13 00:00:00',8,'BCEID\GNEVILLE1',TIMESTAMP'2016-04-11 10:57:02','IDIR\IGWILES',TIMESTAMP'2016-04-13 11:59:35'),
	 (53,21,'APP','AMD',NULL,'FSP 53 Tembec',NULL,NULL,TIMESTAMP'2016-05-06 00:00:00',TIMESTAMP'2018-05-31 00:00:00',TIMESTAMP'2007-04-25 00:00:00',TIMESTAMP'2016-04-27 00:00:00','IDIR\SHICKS','N','N','N','N','N','Grant S. Neville','2504269252','grant.neville@canfor.com',TIMESTAMP'2016-05-09 00:00:00','IDIR\SHICKS','Y',TIMESTAMP'2016-04-15 00:00:00',22,'BCEID\GNEVILLE1',TIMESTAMP'2016-04-15 14:06:29','AMND_PLAN_UPDATE',TIMESTAMP'2018-05-31 12:15:44'),
	 (512,2,'APP','AMD',NULL,'FSP A30171 Apr 20 2013 to Apr 19 2018',5,0,TIMESTAMP'2016-05-09 00:00:00',TIMESTAMP'2018-04-20 00:00:00',TIMESTAMP'2012-12-12 00:00:00',TIMESTAMP'2016-05-09 00:00:00','IDIR\IGWILES','N','N','N','N','N','Rodney J. Arnold','2503537727','woodlands@blueridgetimber.ca',TIMESTAMP'2016-06-28 00:00:00','IDIR\IGWILES','Y',TIMESTAMP'2016-04-22 00:00:00',7,'BCEID\GNEVILLE1',TIMESTAMP'2016-04-22 12:25:08','IDIR\CSLOAT',TIMESTAMP'2016-09-21 13:22:35'),
	 (279,24,'REJ','AMD','Amendment 24-Major','Forest Stewardship Plan for BC Timber Sales in the Kootenay Lake Forest District',NULL,NULL,NULL,TIMESTAMP'2017-09-14 00:00:00',TIMESTAMP'2006-11-07 00:00:00',TIMESTAMP'2018-07-26 00:00:00',NULL,'N','N','Y','N','N','Sean Slimmon','2508251114','sean.slimmon@gov.bc.ca',NULL,NULL,'Y',TIMESTAMP'2017-11-17 00:00:00',9,'IDIR\SSLIMMON',TIMESTAMP'2017-03-13 13:04:29','IDIR\BRZIEGLE',TIMESTAMP'2017-11-17 14:31:35'),
	 (279,23,'APP','AMD',NULL,'BCTS Kootenay Lake Forest District',NULL,NULL,TIMESTAMP'2016-07-21 00:00:00',TIMESTAMP'2017-09-14 00:00:00',TIMESTAMP'2006-11-07 00:00:00',TIMESTAMP'2016-07-21 00:00:00','IDIR\WHOLOBOF','N','N','Y','N','N','Sean Slimmon','2508251114','sean.slimmon@gov.bc.ca',TIMESTAMP'2018-04-25 00:00:00','IDIR\WHOLOBOF','Y',TIMESTAMP'2017-11-17 00:00:00',17,'IDIR\SSLIMMON',TIMESTAMP'2016-07-18 14:42:21','AMND_PLAN_UPDATE',TIMESTAMP'2018-04-25 09:54:45'),
	 (512,3,'APP','AMD',NULL,'FSP A30171 Apr 20 2013 to Apr 19 2018',5,0,TIMESTAMP'2016-09-30 00:00:00',TIMESTAMP'2018-04-20 00:00:00',TIMESTAMP'2012-12-12 00:00:00',TIMESTAMP'2016-09-30 00:00:00','IDIR\IGWILES','N','N','N','N','N','Bill Kestell','2502294536','bkestell@shaw.ca',TIMESTAMP'2016-12-06 00:00:00','IDIR\IGWILES','Y',TIMESTAMP'2016-08-22 00:00:00',12,'BCEID\BKESTELL',TIMESTAMP'2016-09-28 10:16:40','IDIR\IGWILES',TIMESTAMP'2016-12-06 09:19:43'),
	 (53,20,'INE','AMD',NULL,'FSP 53 Tembec',NULL,NULL,TIMESTAMP'2016-04-15 00:00:00',TIMESTAMP'2016-11-15 00:00:00',TIMESTAMP'2007-04-25 00:00:00',NULL,'BCEID\GNEVILLE1','N','N','Y','N','N','Grant S. Neville','2504269252','grant.neville@canfor.com',TIMESTAMP'2016-04-15 00:00:00',NULL,'N',TIMESTAMP'2016-04-15 00:00:00',21,'BCEID\GNEVILLE1',TIMESTAMP'2015-11-26 13:56:01','AMND_TERM_UPDATE',TIMESTAMP'2018-05-31 12:15:44'),
	 (53,24,'DFT','AMD',NULL,'FSP 53 Tembec',NULL,NULL,NULL,TIMESTAMP'2018-05-31 00:00:00',TIMESTAMP'2007-04-25 00:00:00',NULL,NULL,'N','N','N','N','N','Grant S. Neville','2504269252','grant.neville@canfor.com',NULL,NULL,'Y',NULL,2,'BCEID\GNEVILLE1',TIMESTAMP'2018-02-23 12:25:18','BCEID\GNEVILLE1',TIMESTAMP'2018-02-23 12:25:18'),
	 (53,22,'INE','AMD',NULL,'FSP 53 Tembec',NULL,NULL,TIMESTAMP'2018-02-23 00:00:00',TIMESTAMP'2018-11-30 00:00:00',TIMESTAMP'2007-04-25 00:00:00',NULL,'BCEID\GNEVILLE1','N','N','N','N','N','Grant S. Neville','2504269252','grant.neville@canfor.com',TIMESTAMP'2018-02-23 00:00:00',NULL,'N',TIMESTAMP'2018-02-23 00:00:00',15,'BCEID\GNEVILLE1',TIMESTAMP'2018-02-14 12:25:40','AMND_PLAN_UPDATE',TIMESTAMP'2018-05-31 12:15:44'),
	 (420,6,'INE','AMD',NULL,'Harrop Procter Community Co-operative FSP',NULL,NULL,TIMESTAMP'2019-09-09 00:00:00',TIMESTAMP'2021-08-21 00:00:00',TIMESTAMP'2010-06-21 00:00:00',NULL,'IDIR\DANTURNE','N','N','N','Y','N','Erik Leslie','2502292221','erikl@netidea.com',TIMESTAMP'2019-09-09 00:00:00',NULL,'N',TIMESTAMP'2019-09-09 00:00:00',19,'BCEID\ERIKLESLIE',TIMESTAMP'2019-09-02 08:59:11','AMND_PLAN_UPDATE',TIMESTAMP'2021-09-02 11:36:57');

INSERT INTO silva.fsp_standards_regime_xref (fsp_id, fsp_amendment_number, standards_regime_id, revision_count, entry_userid, entry_timestamp, update_userid, update_timestamp) VALUES
	 (341,0,18056,1,'IDIR\CJNIXON',TIMESTAMP'2010-10-26 07:52:17','IDIR\CJNIXON',TIMESTAMP'2010-10-26 07:52:17'),
	 (420,0,18056,1,'IDIR\CJNIXON',TIMESTAMP'2010-10-26 09:53:08','IDIR\CJNIXON',TIMESTAMP'2010-10-26 09:53:08'),
	 (424,0,18056,1,'IDIR\CJNIXON',TIMESTAMP'2010-12-21 11:05:20','IDIR\CJNIXON',TIMESTAMP'2010-12-21 11:05:20'),
	 (512,0,18056,1,'BCEID\RODNEY_ARNOLD2012',TIMESTAMP'2013-04-19 11:42:34','BCEID\RODNEY_ARNOLD2012',TIMESTAMP'2013-04-19 11:42:34'),
	 (53,0,18056,1,'Datafix106443',TIMESTAMP'2008-02-01 08:23:45','Datafix106443',TIMESTAMP'2008-02-01 08:23:45'),
	 (279,0,18056,1,'IDIR\JDPICKFO',TIMESTAMP'2008-08-22 11:38:46','IDIR\JDPICKFO',TIMESTAMP'2008-08-22 11:38:46'),
	 (277,0,18056,1,'IDIR\JDPICKFO',TIMESTAMP'2009-09-08 08:25:21','IDIR\JDPICKFO',TIMESTAMP'2009-09-08 08:25:21'),
	 (8,0,18056,1,'Datafix105360',TIMESTAMP'2007-10-31 14:56:33','Datafix105360',TIMESTAMP'2007-10-31 14:56:33'),
	 (26,0,18056,1,'Datafix105360',TIMESTAMP'2007-10-31 14:56:40','Datafix105360',TIMESTAMP'2007-10-31 14:56:40'),
	 (27,0,18056,1,'Datafix105360',TIMESTAMP'2007-10-31 14:56:49','Datafix105360',TIMESTAMP'2007-10-31 14:56:49'),
	 (45,0,18056,1,'Datafix105360',TIMESTAMP'2007-10-31 14:56:57','Datafix105360',TIMESTAMP'2007-10-31 14:56:57'),
	 (77,0,18056,1,'Datafix105360',TIMESTAMP'2007-10-31 14:57:05','Datafix105360',TIMESTAMP'2007-10-31 14:57:05');

INSERT INTO silva.stocking_layer (stocking_layer_id, stocking_standard_unit_id, opening_id, stocking_layer_code, target_stocking, residual_basal_area, min_horizontal_distance, min_pref_stocking_standard, min_post_spacing, min_stocking_standard, max_post_spacing, max_conifer, hght_relative_to_comp, tree_size_unit_code, entry_userid, entry_timestamp, update_userid, update_timestamp, revision_count) VALUES
	 (2078466,2246575,1725701,'I',1200,NULL,2,600,NULL,700,NULL,NULL,150,'%','BCEID\JTHOMPSON16',TIMESTAMP'2019-11-06 16:41:23','BCEID\JTHOMPSON16',TIMESTAMP'2019-11-06 16:41:23',1),
	 (2078467,2246574,1725701,'I',1200,NULL,2,600,NULL,700,NULL,NULL,150,'%','BCEID\JTHOMPSON16',TIMESTAMP'2019-11-06 16:41:23','BCEID\JTHOMPSON16',TIMESTAMP'2019-11-06 16:41:23',1),
	 (2078468,2246576,1725701,'I',1200,NULL,2,600,NULL,700,NULL,NULL,150,'%','BCEID\JTHOMPSON16',TIMESTAMP'2019-11-06 16:41:23','BCEID\JTHOMPSON16',TIMESTAMP'2019-11-06 16:41:23',1);

INSERT INTO silva.stocking_layer_species (stocking_layer_id, silv_tree_species_code, species_order, preferred_ind, min_height, entry_userid, entry_timestamp, update_userid, update_timestamp, revision_count) VALUES
	 (2078466,'BG',1,'N',1,'BCEID\JTHOMPSON16',TIMESTAMP'2019-11-06 16:41:23','BCEID\JTHOMPSON16',TIMESTAMP'2019-11-06 16:41:23',1),
	 (2078466,'BL',2,'N',1,'BCEID\JTHOMPSON16',TIMESTAMP'2019-11-06 16:41:23','BCEID\JTHOMPSON16',TIMESTAMP'2019-11-06 16:41:23',1),
	 (2078466,'CW',3,'N',1,'BCEID\JTHOMPSON16',TIMESTAMP'2019-11-06 16:41:23','BCEID\JTHOMPSON16',TIMESTAMP'2019-11-06 16:41:23',1),
	 (2078466,'FDI',1,'Y',1.4,'BCEID\JTHOMPSON16',TIMESTAMP'2019-11-06 16:41:23','BCEID\JTHOMPSON16',TIMESTAMP'2019-11-06 16:41:23',1),
	 (2078466,'HW',4,'N',1,'BCEID\JTHOMPSON16',TIMESTAMP'2019-11-06 16:41:23','BCEID\JTHOMPSON16',TIMESTAMP'2019-11-06 16:41:23',1),
	 (2078466,'LW',2,'Y',2,'BCEID\JTHOMPSON16',TIMESTAMP'2019-11-06 16:41:23','BCEID\JTHOMPSON16',TIMESTAMP'2019-11-06 16:41:23',1),
	 (2078466,'PLI',5,'N',2,'BCEID\JTHOMPSON16',TIMESTAMP'2019-11-06 16:41:23','BCEID\JTHOMPSON16',TIMESTAMP'2019-11-06 16:41:23',1),
	 (2078466,'PW',3,'Y',2,'BCEID\JTHOMPSON16',TIMESTAMP'2019-11-06 16:41:23','BCEID\JTHOMPSON16',TIMESTAMP'2019-11-06 16:41:23',1),
	 (2078466,'PY',4,'Y',1,'BCEID\JTHOMPSON16',TIMESTAMP'2019-11-06 16:41:23','BCEID\JTHOMPSON16',TIMESTAMP'2019-11-06 16:41:23',1),
	 (2078466,'SX',6,'N',1,'BCEID\JTHOMPSON16',TIMESTAMP'2019-11-06 16:41:23','BCEID\JTHOMPSON16',TIMESTAMP'2019-11-06 16:41:23',1),
	 (2078467,'BG',1,'N',1,'BCEID\JTHOMPSON16',TIMESTAMP'2019-11-06 16:41:23','BCEID\JTHOMPSON16',TIMESTAMP'2019-11-06 16:41:23',1),
	 (2078467,'BL',2,'N',1,'BCEID\JTHOMPSON16',TIMESTAMP'2019-11-06 16:41:23','BCEID\JTHOMPSON16',TIMESTAMP'2019-11-06 16:41:23',1),
	 (2078467,'CW',3,'N',1,'BCEID\JTHOMPSON16',TIMESTAMP'2019-11-06 16:41:23','BCEID\JTHOMPSON16',TIMESTAMP'2019-11-06 16:41:23',1),
	 (2078467,'FDI',1,'Y',1.4,'BCEID\JTHOMPSON16',TIMESTAMP'2019-11-06 16:41:23','BCEID\JTHOMPSON16',TIMESTAMP'2019-11-06 16:41:23',1),
	 (2078467,'HW',4,'N',1,'BCEID\JTHOMPSON16',TIMESTAMP'2019-11-06 16:41:23','BCEID\JTHOMPSON16',TIMESTAMP'2019-11-06 16:41:23',1),
	 (2078467,'LW',2,'Y',2,'BCEID\JTHOMPSON16',TIMESTAMP'2019-11-06 16:41:23','BCEID\JTHOMPSON16',TIMESTAMP'2019-11-06 16:41:23',1),
	 (2078467,'PLI',5,'N',2,'BCEID\JTHOMPSON16',TIMESTAMP'2019-11-06 16:41:23','BCEID\JTHOMPSON16',TIMESTAMP'2019-11-06 16:41:23',1),
	 (2078467,'PW',3,'Y',2,'BCEID\JTHOMPSON16',TIMESTAMP'2019-11-06 16:41:23','BCEID\JTHOMPSON16',TIMESTAMP'2019-11-06 16:41:23',1),
	 (2078467,'PY',4,'Y',1,'BCEID\JTHOMPSON16',TIMESTAMP'2019-11-06 16:41:23','BCEID\JTHOMPSON16',TIMESTAMP'2019-11-06 16:41:23',1),
	 (2078467,'SX',6,'N',1,'BCEID\JTHOMPSON16',TIMESTAMP'2019-11-06 16:41:23','BCEID\JTHOMPSON16',TIMESTAMP'2019-11-06 16:41:23',1);
INSERT INTO silva.stocking_layer_species (stocking_layer_id, silv_tree_species_code, species_order, preferred_ind, min_height, entry_userid, entry_timestamp, update_userid, update_timestamp, revision_count) VALUES
	 (2078468,'BG',1,'N',1,'BCEID\JTHOMPSON16',TIMESTAMP'2019-11-06 16:41:23','BCEID\JTHOMPSON16',TIMESTAMP'2019-11-06 16:41:23',1),
	 (2078468,'BL',2,'N',1,'BCEID\JTHOMPSON16',TIMESTAMP'2019-11-06 16:41:23','BCEID\JTHOMPSON16',TIMESTAMP'2019-11-06 16:41:23',1),
	 (2078468,'CW',3,'N',1,'BCEID\JTHOMPSON16',TIMESTAMP'2019-11-06 16:41:23','BCEID\JTHOMPSON16',TIMESTAMP'2019-11-06 16:41:23',1),
	 (2078468,'FDI',1,'Y',1.4,'BCEID\JTHOMPSON16',TIMESTAMP'2019-11-06 16:41:23','BCEID\JTHOMPSON16',TIMESTAMP'2019-11-06 16:41:23',1),
	 (2078468,'HW',4,'N',1,'BCEID\JTHOMPSON16',TIMESTAMP'2019-11-06 16:41:23','BCEID\JTHOMPSON16',TIMESTAMP'2019-11-06 16:41:23',1),
	 (2078468,'LW',2,'Y',2,'BCEID\JTHOMPSON16',TIMESTAMP'2019-11-06 16:41:23','BCEID\JTHOMPSON16',TIMESTAMP'2019-11-06 16:41:23',1),
	 (2078468,'PLI',5,'N',2,'BCEID\JTHOMPSON16',TIMESTAMP'2019-11-06 16:41:23','BCEID\JTHOMPSON16',TIMESTAMP'2019-11-06 16:41:23',1),
	 (2078468,'PW',3,'Y',2,'BCEID\JTHOMPSON16',TIMESTAMP'2019-11-06 16:41:23','BCEID\JTHOMPSON16',TIMESTAMP'2019-11-06 16:41:23',1),
	 (2078468,'PY',4,'Y',1,'BCEID\JTHOMPSON16',TIMESTAMP'2019-11-06 16:41:23','BCEID\JTHOMPSON16',TIMESTAMP'2019-11-06 16:41:23',1),
	 (2078468,'SX',6,'N',1,'BCEID\JTHOMPSON16',TIMESTAMP'2019-11-06 16:41:23','BCEID\JTHOMPSON16',TIMESTAMP'2019-11-06 16:41:23',1);

INSERT INTO silva.forest_cover (forest_cover_id, opening_id, stocking_standard_unit_id, silv_polygon_no, silv_polygon_area, silv_polygon_net_area, stocking_class_code, stocking_status_code, stocking_type_code, reference_year, reentry_year, site_class_code, site_index, site_index_source_code, silv_reserve_code, silv_reserve_objective_code, tree_species_code, tree_cover_pattern_code, results_submission_id, entry_userid, entry_timestamp, update_userid, update_timestamp, revision_count) VALUES
	 (3916898,1725701,NULL,'W2',4,4,NULL,'MAT','NAT',2018,NULL,NULL,18,'E','G','WTR','LW',NULL,1914074,'BCEID\JTHOMPSON16',TIMESTAMP'2019-11-06 00:00:00','BCEID\JTHOMPSON16',TIMESTAMP'2019-11-06 16:41:25',1),
	 (3916899,1725701,NULL,'W3',2.5,2.5,NULL,'MAT','NAT',2018,NULL,NULL,18,'E','G','WTR','LW',NULL,1914074,'BCEID\JTHOMPSON16',TIMESTAMP'2019-11-06 00:00:00','BCEID\JTHOMPSON16',TIMESTAMP'2019-11-06 16:41:25',1),
	 (3916900,1725701,NULL,'W4',0.5,0.5,NULL,'MAT','NAT',2018,NULL,NULL,18,'E','G','WTR','LW',NULL,1914074,'BCEID\JTHOMPSON16',TIMESTAMP'2019-11-06 00:00:00','BCEID\JTHOMPSON16',TIMESTAMP'2019-11-06 16:41:25',1),
	 (3916901,1725701,NULL,'W5',0.7,0.7,NULL,'MAT','NAT',2018,NULL,NULL,18,'E','G','WTR','LW',NULL,1914074,'BCEID\JTHOMPSON16',TIMESTAMP'2019-11-06 00:00:00','BCEID\JTHOMPSON16',TIMESTAMP'2019-11-06 16:41:25',1),
	 (3916902,1725701,NULL,'W6',0.9,0.9,NULL,'MAT','NAT',2018,NULL,NULL,18,'E','G','WTR','LW',NULL,1914074,'BCEID\JTHOMPSON16',TIMESTAMP'2019-11-06 00:00:00','BCEID\JTHOMPSON16',TIMESTAMP'2019-11-06 16:41:25',1),
	 (3916903,1725701,NULL,'W7',0.1,0.1,NULL,'MAT','NAT',2018,NULL,NULL,18,'E','G','WTR','LW',NULL,1914074,'BCEID\JTHOMPSON16',TIMESTAMP'2019-11-06 00:00:00','BCEID\JTHOMPSON16',TIMESTAMP'2019-11-06 16:41:25',1),
	 (3916904,1725701,NULL,'W8',1.7,1.7,NULL,'MAT','NAT',2018,NULL,NULL,18,'E','G','WTR','LW',NULL,1914074,'BCEID\JTHOMPSON16',TIMESTAMP'2019-11-06 00:00:00','BCEID\JTHOMPSON16',TIMESTAMP'2019-11-06 16:41:25',1),
	 (3916905,1725701,NULL,'W9',0.5,0.5,NULL,'MAT','NAT',2018,NULL,NULL,18,'E','G','WTR','LW',NULL,1914074,'BCEID\JTHOMPSON16',TIMESTAMP'2019-11-06 00:00:00','BCEID\JTHOMPSON16',TIMESTAMP'2019-11-06 16:41:25',1),
	 (3916906,1725701,NULL,'Z',2.6,2.6,NULL,'NP','RD',2018,NULL,NULL,NULL,NULL,NULL,NULL,'LW',NULL,1914074,'BCEID\JTHOMPSON16',TIMESTAMP'2019-11-06 00:00:00','BCEID\JTHOMPSON16',TIMESTAMP'2019-11-06 16:41:25',1),
	 (3916894,1725701,2246575,'A',13.4,13.4,NULL,'IMM','ART',2019,NULL,NULL,24,'E',NULL,NULL,'PW',NULL,1914074,'BCEID\JTHOMPSON16',TIMESTAMP'2019-11-06 00:00:00','BCEID\JTHOMPSON16',TIMESTAMP'2019-11-06 16:41:25',2),
	 (3916895,1725701,2246574,'B',9.7,9.7,NULL,'IMM','ART',2019,NULL,NULL,24,'E',NULL,NULL,'PW',NULL,1914074,'BCEID\JTHOMPSON16',TIMESTAMP'2019-11-06 00:00:00','BCEID\JTHOMPSON16',TIMESTAMP'2019-11-06 16:41:25',2),
	 (3916896,1725701,2246576,'C',6,6,NULL,'IMM','ART',2019,NULL,NULL,24,'E',NULL,NULL,'PW',NULL,1914074,'BCEID\JTHOMPSON16',TIMESTAMP'2019-11-06 00:00:00','BCEID\JTHOMPSON16',TIMESTAMP'2019-11-06 16:41:25',2),
	 (3916897,1725701,NULL,'W1',0.1,0.1,NULL,'MAT','NAT',2018,NULL,NULL,18,'E','G','WTR','LW',NULL,1914074,'BCEID\JTHOMPSON16',TIMESTAMP'2019-11-06 00:00:00','BCEID\JTHOMPSON16',TIMESTAMP'2019-11-06 16:41:25',1);

INSERT INTO silva.stocking_event_history (stocking_event_history_id, opening_id, opening_amendment_id, opening_amendment_number, results_audit_action_code, submitted_userid, results_submission_id, amend_event_timestamp, entry_userid, entry_timestamp, revision_count) VALUES
	 (1665319,1725701,1725701,NULL,'ES','BCEID\JTHOMPSON16',1914074,TIMESTAMP'2019-11-06 16:41:23','BCEID\JTHOMPSON16',TIMESTAMP'2019-11-06 16:41:23',1);

INSERT INTO silva.results_audit_event (results_audit_event_id, opening_id, standards_regime_id, silviculture_project_id, results_audit_action_code, action_date, description, user_id, email_sent_ind, xml_submission_id, opening_amendment_number, entry_userid, entry_timestamp) VALUES
	 (4545277,1725701,NULL,NULL,'ES',TIMESTAMP'2019-11-06 16:41:23','Opening ID 1725701 created',NULL,'Y',1914074,NULL,'BCEID\JTHOMPSON16',TIMESTAMP'2019-11-06 16:41:23'),
	 (4545278,1725701,18056,NULL,'ES',TIMESTAMP'2019-11-06 16:41:23','Standard was changed',NULL,'Y',1914074,NULL,'BCEID\JTHOMPSON16',TIMESTAMP'2019-11-06 16:41:23'),
	 (4545279,1725701,18056,NULL,'ES',TIMESTAMP'2019-11-06 16:41:23','Standard was changed',NULL,'Y',1914074,NULL,'BCEID\JTHOMPSON16',TIMESTAMP'2019-11-06 16:41:23'),
	 (4545280,1725701,18056,NULL,'ES',TIMESTAMP'2019-11-06 16:41:23','Standard was changed',NULL,'Y',1914074,NULL,'BCEID\JTHOMPSON16',TIMESTAMP'2019-11-06 16:41:23'),
	 (4545281,1725701,NULL,NULL,'ES',TIMESTAMP'2019-11-06 16:41:24','Creating Disturbance Activity: Activity Id = 3657405',NULL,'Y',1914074,NULL,'BCEID\JTHOMPSON16',TIMESTAMP'2019-11-06 16:41:24'),
	 (4545282,1725701,NULL,NULL,'ES',TIMESTAMP'2019-11-06 16:41:24','Creating Disturbance Activity: Activity Id = 3657406',NULL,'Y',1914074,NULL,'BCEID\JTHOMPSON16',TIMESTAMP'2019-11-06 16:41:24'),
	 (4545283,1725701,NULL,NULL,'ES',TIMESTAMP'2019-11-06 16:41:24','Creating Disturbance Activity: Activity Id = 3657407',NULL,'Y',1914074,NULL,'BCEID\JTHOMPSON16',TIMESTAMP'2019-11-06 16:41:24'),
	 (4545284,1725701,NULL,NULL,'ES',TIMESTAMP'2019-11-06 16:41:25','Forest Cover Polygon No. A (Id=3916894)',NULL,'Y',1914074,NULL,'BCEID\JTHOMPSON16',TIMESTAMP'2019-11-06 16:41:25'),
	 (4545285,1725701,NULL,NULL,'ES',TIMESTAMP'2019-11-06 16:41:25','Forest Cover Polygon No. B (Id=3916895)',NULL,'Y',1914074,NULL,'BCEID\JTHOMPSON16',TIMESTAMP'2019-11-06 16:41:25'),
	 (4545286,1725701,NULL,NULL,'ES',TIMESTAMP'2019-11-06 16:41:25','Forest Cover Polygon No. C (Id=3916896)',NULL,'Y',1914074,NULL,'BCEID\JTHOMPSON16',TIMESTAMP'2019-11-06 16:41:25'),
	 (4545287,1725701,NULL,NULL,'ES',TIMESTAMP'2019-11-06 16:41:25','Forest Cover Polygon No. W1 (Id=3916897)',NULL,'Y',1914074,NULL,'BCEID\JTHOMPSON16',TIMESTAMP'2019-11-06 16:41:25'),
	 (4545288,1725701,NULL,NULL,'ES',TIMESTAMP'2019-11-06 16:41:25','Forest Cover Polygon No. W2 (Id=3916898)',NULL,'Y',1914074,NULL,'BCEID\JTHOMPSON16',TIMESTAMP'2019-11-06 16:41:25'),
	 (4545289,1725701,NULL,NULL,'ES',TIMESTAMP'2019-11-06 16:41:25','Forest Cover Polygon No. W3 (Id=3916899)',NULL,'Y',1914074,NULL,'BCEID\JTHOMPSON16',TIMESTAMP'2019-11-06 16:41:25'),
	 (4545290,1725701,NULL,NULL,'ES',TIMESTAMP'2019-11-06 16:41:25','Forest Cover Polygon No. W4 (Id=3916900)',NULL,'Y',1914074,NULL,'BCEID\JTHOMPSON16',TIMESTAMP'2019-11-06 16:41:25'),
	 (4545291,1725701,NULL,NULL,'ES',TIMESTAMP'2019-11-06 16:41:25','Forest Cover Polygon No. W5 (Id=3916901)',NULL,'Y',1914074,NULL,'BCEID\JTHOMPSON16',TIMESTAMP'2019-11-06 16:41:25'),
	 (4545292,1725701,NULL,NULL,'ES',TIMESTAMP'2019-11-06 16:41:25','Forest Cover Polygon No. W6 (Id=3916902)',NULL,'Y',1914074,NULL,'BCEID\JTHOMPSON16',TIMESTAMP'2019-11-06 16:41:25'),
	 (4545293,1725701,NULL,NULL,'ES',TIMESTAMP'2019-11-06 16:41:25','Forest Cover Polygon No. W7 (Id=3916903)',NULL,'Y',1914074,NULL,'BCEID\JTHOMPSON16',TIMESTAMP'2019-11-06 16:41:25'),
	 (4545294,1725701,NULL,NULL,'ES',TIMESTAMP'2019-11-06 16:41:25','Forest Cover Polygon No. W8 (Id=3916904)',NULL,'Y',1914074,NULL,'BCEID\JTHOMPSON16',TIMESTAMP'2019-11-06 16:41:25'),
	 (4545295,1725701,NULL,NULL,'ES',TIMESTAMP'2019-11-06 16:41:25','Forest Cover Polygon No. W9 (Id=3916905)',NULL,'Y',1914074,NULL,'BCEID\JTHOMPSON16',TIMESTAMP'2019-11-06 16:41:25'),
	 (4545296,1725701,NULL,NULL,'ES',TIMESTAMP'2019-11-06 16:41:25','Forest Cover Polygon No. Z (Id=3916906)',NULL,'Y',1914074,NULL,'BCEID\JTHOMPSON16',TIMESTAMP'2019-11-06 16:41:25');
INSERT INTO silva.results_audit_event (results_audit_event_id, opening_id, standards_regime_id, silviculture_project_id, results_audit_action_code, action_date, description, user_id, email_sent_ind, xml_submission_id, opening_amendment_number, entry_userid, entry_timestamp) VALUES
	 (4545297,1725701,NULL,NULL,'MIL',TIMESTAMP'2019-11-06 16:41:25','Milestone was modified',NULL,'Y',1914074,NULL,'BCEID\JTHOMPSON16',TIMESTAMP'2019-11-06 16:41:25'),
	 (4545310,1725701,NULL,NULL,'MIL',TIMESTAMP'2019-11-06 16:46:41','Milestone was modified.',NULL,'N',NULL,NULL,'BCEID\JTHOMPSON16',TIMESTAMP'2019-11-06 16:46:41'),
	 (4545319,1725701,NULL,NULL,'MIL',TIMESTAMP'2019-11-06 16:46:59','Milestone was modified.',NULL,'N',NULL,NULL,'BCEID\JTHOMPSON16',TIMESTAMP'2019-11-06 16:46:59'),
	 (4545328,1725701,NULL,NULL,'MIL',TIMESTAMP'2019-11-06 16:47:16','Milestone was modified.',NULL,'N',NULL,NULL,'BCEID\JTHOMPSON16',TIMESTAMP'2019-11-06 16:47:16'),
	 (4545447,1725701,NULL,NULL,'UPD',TIMESTAMP'2019-11-07 05:04:22','Opening/related details were modified.',NULL,'N',NULL,NULL,'BCEID\GGEORGE3',TIMESTAMP'2019-11-07 05:04:22'),
	 (5546851,1725701,NULL,NULL,'ES',TIMESTAMP'2023-12-12 12:31:25','Inserting Activity: Activity Id = 4043011, Activity Base = ''PL''',NULL,'Y',2301602,NULL,'BCEID\LMCVETTY',TIMESTAMP'2023-12-12 12:31:25');

INSERT INTO silva.request_item (request_skey, item_id, standard_workplan_skey, vegetation_code, sample_id, family_lot_number, rqst_sdlngs_rsrvd, rqst_sdlngs_srpls, cone_ind, no_of_containers, no_of_cones, cone_volume, seed_quantity, sample_elevation, shipto_cli_number, shipto_cli_locn_cd, required_by_date, latest_actioned_date, rcmnded_sowing_date, spcfied_sowing_date, tender_number, tender_bid_group, tender_issued_date, assigned_price, nrsry_obligatn_ind, nrsry_cli_number, nrsry_cli_locn_cd, facility_code, extrct_cli_number, extrct_cli_locn_cd, authorization_code, srv_blng_create_ts, sample_loc_desc, interim_storge_loc, authorized_by_prsn, test_approved_userid, test_approved_date, test_update_userid, test_update_timestamp, test_comment, seedlot_qa_test_status_code) VALUES
	 (484573,'A',2,NULL,NULL,NULL,0,215,NULL,NULL,NULL,NULL,NULL,NULL,NULL,NULL,NULL,TIMESTAMP'2018-01-24 00:00:00',TIMESTAMP'2018-03-01 00:00:00',NULL,NULL,NULL,NULL,0,'Y','00163874','00','GH',NULL,NULL,NULL,TIMESTAMP'2018-02-27 05:35:09',NULL,NULL,NULL,NULL,NULL,NULL,NULL,NULL,NULL),
	 (482715,'A',129295,NULL,NULL,NULL,0,50,NULL,NULL,NULL,NULL,NULL,NULL,NULL,NULL,NULL,TIMESTAMP'2017-09-28 00:00:00',TIMESTAMP'2018-02-01 00:00:00',NULL,NULL,NULL,NULL,0,'Y','00167120','10','GH',NULL,NULL,NULL,TIMESTAMP'2018-01-24 05:35:08',NULL,NULL,NULL,'IDIR\LKLADE',TIMESTAMP'2017-09-12 00:00:00','IDIR\LKLADE',TIMESTAMP'2017-09-12 09:55:36',NULL,'ACT'),
	 (484402,'A',2,NULL,NULL,NULL,0,699.8,NULL,NULL,NULL,NULL,NULL,NULL,NULL,NULL,NULL,TIMESTAMP'2018-03-27 00:00:00',TIMESTAMP'2018-05-10 00:00:00',TIMESTAMP'2018-05-02 00:00:00',NULL,NULL,NULL,0,'Y','00167120','02','GH',NULL,NULL,NULL,TIMESTAMP'2018-04-24 05:35:09',NULL,NULL,NULL,'IDIR\LKLADE',TIMESTAMP'2018-01-04 00:00:00','IDIR\LKLADE',TIMESTAMP'2018-01-04 15:00:24',NULL,'ACT');

INSERT INTO silva.planting_rslt (activity_treatment_unit_id, results_ind, plant_rslt_seq_no, silv_tree_species_code, number_planted, planted_no_beyond_xfer_limit, bid_price_per_tree, seedlot_number, veg_lot_id, request_skey, item_id, entry_userid, entry_timestamp, update_userid, update_timestamp, revision_count, climate_based_seed_xfer_ind) VALUES
	 (3657491,'Y',1,'FDI',8190,NULL,NULL,'63690',NULL,484573,'A','BCEID\GGEORGE3',TIMESTAMP'2019-11-07 05:04:22','BCEID\GGEORGE3',TIMESTAMP'2019-11-07 05:04:22',1,'N'),
	 (3657491,'Y',2,'LW',12210,12210,NULL,'63658',NULL,484402,'A','BCEID\GGEORGE3',TIMESTAMP'2019-11-07 05:04:22','BCEID\GGEORGE3',TIMESTAMP'2019-11-07 05:04:22',1,'N'),
	 (3657491,'Y',3,'PW',20240,NULL,NULL,'63195',NULL,482715,'A','BCEID\GGEORGE3',TIMESTAMP'2019-11-07 05:04:22','BCEID\GGEORGE3',TIMESTAMP'2019-11-07 05:04:22',1,'N'),
	 (4043011,'Y',1,'LW',2880,NULL,NULL,'63768',NULL,NULL,NULL,'BCEID\LMCVETTY',TIMESTAMP'2023-12-12 12:31:25','BCEID\LMCVETTY',TIMESTAMP'2023-12-12 12:31:25',1,'N'),
	 (4043011,'Y',2,'FDI',2835,NULL,NULL,'63887',NULL,NULL,NULL,'BCEID\LMCVETTY',TIMESTAMP'2023-12-12 12:31:25','BCEID\LMCVETTY',TIMESTAMP'2023-12-12 12:31:25',1,'N'),
	 (4043011,'Y',3,'PY',3960,NULL,NULL,'53965',NULL,NULL,NULL,'BCEID\LMCVETTY',TIMESTAMP'2023-12-12 12:31:25','BCEID\LMCVETTY',TIMESTAMP'2023-12-12 12:31:25',1,'N');

INSERT INTO silva.forest_cover_layer (forest_cover_id, forest_cover_layer_id, forest_cover_layer_code, stocking_type_code, stocking_status_code, total_stems_per_ha, total_well_spaced_stems_per_ha, well_spaced_stems_per_ha, free_growing_stems_per_ha, crown_closure_pct, basal_area, entry_userid, entry_timestamp, update_userid, update_timestamp, revision_count) VALUES
	 (3916894,4374789,'I',NULL,NULL,1396,NULL,NULL,NULL,1,NULL,'BCEID\JTHOMPSON16',TIMESTAMP'2019-11-06 16:41:25','BCEID\JTHOMPSON16',TIMESTAMP'2019-11-06 16:41:25',1),
	 (3916894,4374790,'S',NULL,NULL,NULL,1396,1200,NULL,NULL,NULL,'BCEID\JTHOMPSON16',TIMESTAMP'2019-11-06 16:41:25','BCEID\JTHOMPSON16',TIMESTAMP'2019-11-06 16:41:25',1),
	 (3916895,4374791,'I',NULL,NULL,1396,NULL,NULL,NULL,1,NULL,'BCEID\JTHOMPSON16',TIMESTAMP'2019-11-06 16:41:25','BCEID\JTHOMPSON16',TIMESTAMP'2019-11-06 16:41:25',1),
	 (3916895,4374792,'S',NULL,NULL,NULL,1396,1200,NULL,NULL,NULL,'BCEID\JTHOMPSON16',TIMESTAMP'2019-11-06 16:41:25','BCEID\JTHOMPSON16',TIMESTAMP'2019-11-06 16:41:25',1),
	 (3916896,4374793,'I',NULL,NULL,1396,NULL,NULL,NULL,1,NULL,'BCEID\JTHOMPSON16',TIMESTAMP'2019-11-06 16:41:25','BCEID\JTHOMPSON16',TIMESTAMP'2019-11-06 16:41:25',1),
	 (3916896,4374794,'S',NULL,NULL,NULL,1396,1200,NULL,NULL,NULL,'BCEID\JTHOMPSON16',TIMESTAMP'2019-11-06 16:41:25','BCEID\JTHOMPSON16',TIMESTAMP'2019-11-06 16:41:25',1);

INSERT INTO silva.forest_cover_layer_species (forest_cover_id, forest_cover_layer_id, species_order, tree_species_code, tree_species_pct, avg_age, avg_height, entry_userid, entry_timestamp, update_userid, update_timestamp, revision_count) VALUES
	 (3916894,4374789,1,'PW',50,1,0.1,'BCEID\JTHOMPSON16',TIMESTAMP'2019-11-06 16:41:25','BCEID\JTHOMPSON16',TIMESTAMP'2019-11-06 16:41:25',1),
	 (3916894,4374789,2,'LW',30,1,0.1,'BCEID\JTHOMPSON16',TIMESTAMP'2019-11-06 16:41:25','BCEID\JTHOMPSON16',TIMESTAMP'2019-11-06 16:41:25',1),
	 (3916894,4374789,3,'FDI',20,1,0.1,'BCEID\JTHOMPSON16',TIMESTAMP'2019-11-06 16:41:25','BCEID\JTHOMPSON16',TIMESTAMP'2019-11-06 16:41:25',1),
	 (3916894,4374790,1,'PW',50,1,0.1,'BCEID\JTHOMPSON16',TIMESTAMP'2019-11-06 16:41:25','BCEID\JTHOMPSON16',TIMESTAMP'2019-11-06 16:41:25',1),
	 (3916894,4374790,2,'LW',30,1,0.1,'BCEID\JTHOMPSON16',TIMESTAMP'2019-11-06 16:41:25','BCEID\JTHOMPSON16',TIMESTAMP'2019-11-06 16:41:25',1),
	 (3916894,4374790,3,'FDI',20,1,0.1,'BCEID\JTHOMPSON16',TIMESTAMP'2019-11-06 16:41:25','BCEID\JTHOMPSON16',TIMESTAMP'2019-11-06 16:41:25',1),
	 (3916895,4374791,1,'PW',50,1,0.1,'BCEID\JTHOMPSON16',TIMESTAMP'2019-11-06 16:41:25','BCEID\JTHOMPSON16',TIMESTAMP'2019-11-06 16:41:25',1),
	 (3916895,4374791,2,'LW',30,1,0.1,'BCEID\JTHOMPSON16',TIMESTAMP'2019-11-06 16:41:25','BCEID\JTHOMPSON16',TIMESTAMP'2019-11-06 16:41:25',1),
	 (3916895,4374791,3,'FDI',20,1,0.1,'BCEID\JTHOMPSON16',TIMESTAMP'2019-11-06 16:41:25','BCEID\JTHOMPSON16',TIMESTAMP'2019-11-06 16:41:25',1),
	 (3916895,4374792,1,'PW',50,1,0.1,'BCEID\JTHOMPSON16',TIMESTAMP'2019-11-06 16:41:25','BCEID\JTHOMPSON16',TIMESTAMP'2019-11-06 16:41:25',1),
	 (3916895,4374792,2,'LW',30,1,0.1,'BCEID\JTHOMPSON16',TIMESTAMP'2019-11-06 16:41:25','BCEID\JTHOMPSON16',TIMESTAMP'2019-11-06 16:41:25',1),
	 (3916895,4374792,3,'FDI',20,1,0.1,'BCEID\JTHOMPSON16',TIMESTAMP'2019-11-06 16:41:25','BCEID\JTHOMPSON16',TIMESTAMP'2019-11-06 16:41:25',1),
	 (3916896,4374793,1,'PW',50,1,0.1,'BCEID\JTHOMPSON16',TIMESTAMP'2019-11-06 16:41:25','BCEID\JTHOMPSON16',TIMESTAMP'2019-11-06 16:41:25',1),
	 (3916896,4374793,2,'LW',30,1,0.1,'BCEID\JTHOMPSON16',TIMESTAMP'2019-11-06 16:41:25','BCEID\JTHOMPSON16',TIMESTAMP'2019-11-06 16:41:25',1),
	 (3916896,4374793,3,'FDI',20,1,0.1,'BCEID\JTHOMPSON16',TIMESTAMP'2019-11-06 16:41:25','BCEID\JTHOMPSON16',TIMESTAMP'2019-11-06 16:41:25',1),
	 (3916896,4374794,1,'PW',50,1,0.1,'BCEID\JTHOMPSON16',TIMESTAMP'2019-11-06 16:41:25','BCEID\JTHOMPSON16',TIMESTAMP'2019-11-06 16:41:25',1),
	 (3916896,4374794,2,'LW',30,1,0.1,'BCEID\JTHOMPSON16',TIMESTAMP'2019-11-06 16:41:25','BCEID\JTHOMPSON16',TIMESTAMP'2019-11-06 16:41:25',1),
	 (3916896,4374794,3,'FDI',20,1,0.1,'BCEID\JTHOMPSON16',TIMESTAMP'2019-11-06 16:41:25','BCEID\JTHOMPSON16',TIMESTAMP'2019-11-06 16:41:25',1);
