INSERT INTO silva.results_electronic_submission (results_submission_id, submission_timestamp, submitted_by, client_number, client_locn_code, org_unit_no, user_filename, user_reference, entry_userid, entry_timestamp, update_userid, update_timestamp, revision_count) VALUES
(1207120, TIMESTAMP '2013-03-27 00:00:00', 'IDIR\OTTOMATED', NULL, '00', 1, 'JS_OPID1524010_PolyA.xml', NULL, 'IDIR\OTTOMATED', TIMESTAMP '2013-03-27 12:00:33', 'IDIR\OTTOMATED', TIMESTAMP '2013-03-27 12:00:33', 1),
(1207123, TIMESTAMP '2013-03-27 00:00:00', 'IDIR\OTTOMATED', NULL, '00', 1, 'JS_OPID1524010_PolyB_C.xml', NULL, 'IDIR\OTTOMATED', TIMESTAMP '2013-03-27 12:00:43', 'IDIR\OTTOMATED', TIMESTAMP '2013-03-27 12:00:43', 1),
(1207178, TIMESTAMP '2013-03-27 00:00:00', 'IDIR\OTTOMATED', NULL, '00', 1, 'FC_05933_None_OPID1524010.XML', NULL, 'IDIR\OTTOMATED', TIMESTAMP '2013-03-27 12:36:25', 'IDIR\OTTOMATED', TIMESTAMP '2013-03-27 12:36:25', 1);

INSERT INTO silva.opening (opening_id, geo_district_no, admin_district_no, mapsheet_grid, mapsheet_letter, mapsheet_square, mapsheet_quad, mapsheet_sub_quad, opening_number, opening_locn_name, open_category_code, licensee_opening_id, tsb_number_code, opening_status_code, org_unit_no, dist_admin_zone, max_allow_permnt_access_pct, prev_age_class_code, prev_site_index, prev_site_index_source_code, prev_height_class_code, prev_site_class_code, prev_stocking_class_code, prev_stocking_status_code, prev_tree_spp1_code, prev_tree_spp2_code, app_ent_by_userid, approve_date, amendment_ind, results_submission_id, entry_userid, entry_timestamp, update_userid, update_timestamp, revision_count) VALUES
(1524010, 1, 1, NULL, NULL, NULL, NULL, NULL, NULL, NULL, 'NREQ', NULL, NULL, 'FG', 1, NULL, 7, NULL, NULL, NULL, NULL, NULL, NULL, NULL, NULL, NULL, 'IDIR\OTTOMATED', TIMESTAMP '2011-10-21 00:00:00', 'N', NULL, 'IDIR\OTTOMATED', TIMESTAMP '2013-03-27 11:30:13', 'IDIR\OTTOMATED', TIMESTAMP '2020-10-08 14:01:47', 13);

INSERT INTO silva.cut_block_open_admin (cut_block_open_admin_id, forest_file_id, timber_mark, cut_block_id, cutting_permit_id, disturbance_gross_area, disturbance_start_date, disturbance_end_date, opening_id, opening_gross_area, planned_harvest_date, planned_gross_block_area, planned_net_block_area, opening_prime_licence_ind, cb_skey, revision_count, entry_userid, entry_timestamp, update_userid, update_timestamp) VALUES
(387431, NULL, NULL, NULL, NULL, 0.1, TIMESTAMP '2011-10-21 00:00:00', NULL, 1524010, 27.5, NULL, NULL, NULL, 'Y', NULL, 11, 'IDIR\OTTOMATED', TIMESTAMP '2013-03-27 11:30:13', 'IDIR\OTTOMATED', TIMESTAMP '2020-10-08 14:01:47');

INSERT INTO silva.opening_attachment (opening_attachment_file_id, opening_id, attachment_name, attachment_description, mime_type_code, attachment_data, entry_userid, entry_timestamp, update_userid, update_timestamp, revision_count, opening_attachment_guid) VALUES
(117654, 1524010, 'ID 1524010 Pre-stand Tending Prescription.txt', 'ID 1524010 Pre-stand Tending Prescription.txt', 'TXT', '48656C6C6F', 'IDIR\OTTOMATED', TIMESTAMP '2016-01-13 14:03:17', 'IDIR\OTTOMATED', TIMESTAMP '2016-01-13 14:03:17', 1, '0C7CE8EE1E5D2FA7E06332B3228EDB4F');

INSERT INTO silva.opening_attachment (opening_attachment_file_id, opening_id, attachment_name, attachment_description, mime_type_code, attachment_data, entry_userid, entry_timestamp, update_userid, update_timestamp, revision_count, opening_attachment_guid) VALUES
(117655, 1524010, 'ID 1524010 Pruning Map.txt', 'ID 1524010 Pruning Map', 'TXT', '48656C6C6F', 'IDIR\OTTOMATED', TIMESTAMP '2016-01-13 14:03:32', 'IDIR\OTTOMATED', TIMESTAMP '2016-01-13 14:04:18', 2, '0C7CE8EE1E5E2FA7E06332B3228EDB4F');

INSERT INTO silva.stocking_event_history (stocking_event_history_id, opening_id, opening_amendment_id, opening_amendment_number, results_audit_action_code, submitted_userid, results_submission_id, amend_event_timestamp, entry_userid, entry_timestamp, revision_count) VALUES
(1538937, 1524010, 1524010, NULL, 'MIN', 'IDIR\JDOE', 1207177, TIMESTAMP '2013-03-27 12:36:22', 'IDIR\JDOE', TIMESTAMP '2013-03-27 12:36:22', 1);

INSERT INTO silva.results_audit_event (results_audit_event_id, opening_id, standards_regime_id, silviculture_project_id, results_audit_action_code, action_date, description, user_id, email_sent_ind, xml_submission_id, opening_amendment_number, entry_userid, entry_timestamp) VALUES
(2787569, 1524010, NULL, NULL, 'UPD', TIMESTAMP '2013-03-27 11:30:13', 'Opening/Tenure Online Entry', NULL, 'N', NULL, NULL, 'IDIR\JDOE', TIMESTAMP '2013-03-27 11:30:13'),
(2787583, 1524010, NULL, NULL, 'UPD', TIMESTAMP '2013-03-27 11:31:45', 'Opening/Tenure Online Entry', NULL, 'N', NULL, NULL, 'IDIR\JDOE', TIMESTAMP '2013-03-27 11:31:45'),
(2787596, 1524010, NULL, NULL, 'UPD', TIMESTAMP '2013-03-27 11:33:25', 'Opening/related details were modified.', NULL, 'N', NULL, NULL, 'IDIR\JDOE', TIMESTAMP '2013-03-27 11:33:25'),
(2787728, 1524010, NULL, NULL, 'ES', TIMESTAMP '2013-03-27 12:00:33', 'Inserting Activity: Activity Id = 2930470, Activity Base = ''JS''', NULL, 'Y', 1207120, NULL, 'IDIR\JDOE', TIMESTAMP '2013-03-27 12:00:33'),
(2787731, 1524010, NULL, NULL, 'ES', TIMESTAMP '2013-03-27 12:00:43', 'Inserting Activity: Activity Id = 2930474, Activity Base = ''JS''', NULL, 'Y', 1207123, NULL, 'IDIR\JDOE', TIMESTAMP '2013-03-27 12:00:43'),
(3510571, 1524010, NULL, NULL, 'UPD', TIMESTAMP '2016-01-13 14:00:33', 'Opening/related details were modified.', NULL, 'N', NULL, NULL, 'IDIR\MTTOMATED', TIMESTAMP '2016-01-13 14:00:33'),
(2787886, 1524010, NULL, NULL, 'UPD', TIMESTAMP '2013-03-27 12:26:16', 'Opening/related details were modified.', NULL, 'N', NULL, NULL, 'IDIR\JDOE', TIMESTAMP '2013-03-27 12:26:16'),
(2787928, 1524010, NULL, NULL, 'ES', TIMESTAMP '2013-03-27 12:36:22', 'Opening ID 1524010 updated', NULL, 'Y', 1207177, NULL, 'IDIR\JDOE', TIMESTAMP '2013-03-27 12:36:22'),
(2787929, 1524010, NULL, NULL, 'ES', TIMESTAMP '2013-03-27 12:36:26', 'Forest Cover Polygon No. A (Id=2867527)', NULL, 'Y', 1207178, NULL, 'IDIR\JDOE', TIMESTAMP '2013-03-27 12:36:26'),
(2787930, 1524010, NULL, NULL, 'ES', TIMESTAMP '2013-03-27 12:36:26', 'Forest Cover Polygon No. B (Id=2867528)', NULL, 'Y', 1207178, NULL, 'IDIR\JDOE', TIMESTAMP '2013-03-27 12:36:26'),
(3510575, 1524010, NULL, NULL, 'UPD', TIMESTAMP '2016-01-13 14:01:09', 'Opening/related details were modified.', NULL, 'N', NULL, NULL, 'IDIR\MTTOMATED', TIMESTAMP '2016-01-13 14:01:09'),
(3517612, 1524010, NULL, NULL, 'UPD', TIMESTAMP '2016-01-19 13:42:26', 'Opening/related details were modified.', NULL, 'N', NULL, NULL, 'IDIR\PANAMERICAN', TIMESTAMP '2016-01-19 13:42:26');

INSERT INTO silva.activity_treatment_unit (activity_treatment_unit_id, activity_tu_seq_no, org_unit_no, opening_id, silviculture_project_id, project_unit_id, silv_base_code, silv_technique_code, silv_method_code, silv_objective_code_1, silv_objective_code_2, silv_objective_code_3, silv_fund_srce_code, silv_activity_measurement_code, activity_licensee_id, treatment_amount, actual_treatment_cost, act_planted_no, plan_silv_technique_code, plan_silv_method_code, plan_silv_fund_srce_code, planned_date, planned_treatment_amount, planned_treatment_cost, plan_silv_objective_code_1, plan_silv_objective_code_2, plan_silv_objective_code_3, target_prepared_spots, pruning_min_crown_pct, prune_height, stems_to_prune, min_acceptable_density, total_stems_per_ha, inter_tree_target_distance, inter_tree_variation, inter_tree_min_distance, max_trees_per_plot, max_trees_per_ha, survey_planned_num_plots, survey_actual_num_plots, survey_min_plots_per_stratum, silv_tree_species_code, atu_start_date, atu_completion_date, results_ind, unit_bid_price, fia_project_id, results_submission_id, disturbance_code, silv_system_code, silv_system_variant_code, silv_cut_phase_code, cut_block_open_admin_id, disturbance_completed_ind, entry_userid, entry_timestamp, update_userid, update_timestamp, revision_count) VALUES
(3306979, 5, 1, 1524010, NULL, NULL, 'PR', 'MA', NULL, 'WQI', NULL, NULL, 'FTM', 'HA', NULL, 5.6, 7336, NULL, NULL, NULL, NULL, NULL, NULL, NULL, NULL, NULL, NULL, NULL, NULL, NULL, NULL, NULL, NULL, NULL, NULL, NULL, NULL, NULL, NULL, NULL, NULL, NULL, NULL, TIMESTAMP '2013-08-28 00:00:00', 'Y', NULL, 'PR14LMN001', NULL, NULL, NULL, NULL, NULL, NULL, NULL, 'IDIR\MTTOMATED', TIMESTAMP '2016-01-13 14:00:33', 'IDIR\MTTOMATED', TIMESTAMP '2016-01-13 14:00:33', 1),
(3306982, 6, 1, 1524010, NULL, NULL, 'PR', NULL, NULL, NULL, NULL, NULL, NULL, 'HA', NULL, NULL, NULL, NULL, 'MA', 'FULL', 'FTM', TIMESTAMP '2016-09-01 00:00:00', 5.6, 0, 'WQI', NULL, NULL, NULL, NULL, NULL, NULL, NULL, NULL, NULL, NULL, NULL, NULL, NULL, NULL, NULL, NULL, NULL, NULL, NULL, 'N', NULL, NULL, NULL, NULL, NULL, NULL, NULL, NULL, NULL, 'IDIR\MTTOMATED', TIMESTAMP '2016-01-13 14:01:09', 'IDIR\MTTOMATED', TIMESTAMP '2016-01-13 14:01:09', 1),
(3309707, 7, 1, 1524010, NULL, NULL, 'SU', 'PR', 'PLOT', 'PR', NULL, NULL, 'FTM', 'HA', NULL, 5.6, 120, NULL, NULL, NULL, NULL, NULL, NULL, NULL, NULL, NULL, NULL, NULL, NULL, NULL, NULL, NULL, NULL, NULL, NULL, NULL, NULL, NULL, NULL, NULL, NULL, NULL, NULL, TIMESTAMP '2014-12-11 00:00:00', 'Y', NULL, 'Surveys14', NULL, NULL, NULL, NULL, NULL, NULL, NULL, 'IDIR\PANAMERICAN', TIMESTAMP '2016-01-19 13:42:26', 'IDIR\PANAMERICAN', TIMESTAMP '2016-01-19 13:42:26', 1),
(2930510, 4, 1, 1524010, NULL, NULL, 'SU', 'JS', 'PLOT', 'JS', NULL, NULL, 'FTM', 'HA', NULL, 27.5, NULL, NULL, NULL, NULL, NULL, NULL, NULL, NULL, NULL, NULL, NULL, NULL, NULL, NULL, NULL, NULL, NULL, NULL, NULL, NULL, NULL, NULL, NULL, NULL, NULL, NULL, NULL, TIMESTAMP '2011-11-19 00:00:00', 'Y', NULL, 'SU12LMN013', NULL, NULL, NULL, NULL, NULL, NULL, NULL, 'IDIR\JDOE', TIMESTAMP '2013-03-27 12:26:16', 'IDIR\JDOE', TIMESTAMP '2013-03-27 12:26:16', 1),
(2930439, 1, 1, 1524010, NULL, NULL, 'DN', NULL, NULL, NULL, NULL, NULL, NULL, 'HA', NULL, 0.1, NULL, NULL, NULL, NULL, NULL, NULL, NULL, NULL, NULL, NULL, NULL, NULL, NULL, NULL, NULL, NULL, NULL, NULL, NULL, NULL, NULL, NULL, NULL, NULL, NULL, NULL, TIMESTAMP '2011-10-21 00:00:00', NULL, 'Y', NULL, NULL, NULL, 'E', NULL, NULL, NULL, NULL, 'N', 'IDIR\JDOE', TIMESTAMP '2013-03-27 11:33:25', 'IDIR\JDOE', TIMESTAMP '2013-03-27 11:33:25', 1),
(2930470, 2, 1, 1524010, NULL, NULL, 'JS', 'MA', 'POWER', 'INC', 'SPE', NULL, 'FTM', 'HA', NULL, 5.6, 5566, NULL, NULL, NULL, NULL, NULL, NULL, NULL, NULL, NULL, NULL, NULL, NULL, NULL, NULL, NULL, NULL, NULL, NULL, NULL, NULL, NULL, NULL, NULL, NULL, NULL, NULL, TIMESTAMP '2012-03-29 00:00:00', 'Y', NULL, 'SU12LMN013', 1207120, NULL, NULL, NULL, NULL, NULL, NULL, 'IDIR\JDOE', TIMESTAMP '2013-03-27 12:00:33', 'IDIR\JDOE', TIMESTAMP '2013-03-27 12:00:33', 1),
(2930474, 3, 1, 1524010, NULL, NULL, 'JS', 'MA', 'POWER', 'INC', 'SPE', NULL, 'FTM', 'HA', NULL, 21.9, 31089, NULL, NULL, NULL, NULL, NULL, NULL, NULL, NULL, NULL, NULL, NULL, NULL, NULL, NULL, NULL, NULL, NULL, NULL, NULL, NULL, NULL, NULL, NULL, NULL, NULL, NULL, TIMESTAMP '2012-10-12 00:00:00', 'Y', NULL, 'JS13LMN006', 1207123, NULL, NULL, NULL, NULL, NULL, NULL, 'IDIR\JDOE', TIMESTAMP '2013-03-27 12:00:43', 'IDIR\JDOE', TIMESTAMP '2013-03-27 12:00:43', 1);

INSERT INTO silva.silviculture_comment (silviculture_comment_id, comment_date, silv_comment_source_code, silv_comment_type_code, comment_text, entry_userid, entry_timestamp, update_userid, update_timestamp, revision_count) VALUES
(3, TIMESTAMP '2016-01-19 13:42:26', 'OPEN', 'GENERAL', 'In a forest far far away', 'IDIR\PANAMERICAN', TIMESTAMP '2016-01-19 13:42:26', 'IDIR\PANAMERICAN', TIMESTAMP '2016-01-19 13:42:26', 1);

INSERT INTO silva.opening_comment_link (opening_id, silviculture_comment_id) VALUES
(1524010, 3);

INSERT INTO silva.forest_cover (forest_cover_id, opening_id, stocking_standard_unit_id, silv_polygon_no, silv_polygon_area, silv_polygon_net_area, stocking_class_code, stocking_status_code, stocking_type_code, reference_year, reentry_year, site_class_code, site_index, site_index_source_code, silv_reserve_code, silv_reserve_objective_code, tree_species_code, tree_cover_pattern_code, results_submission_id, entry_userid, entry_timestamp, update_userid, update_timestamp, revision_count) VALUES
	 (2867527,1524010,NULL,'A',5.6,5.6,NULL,'IMM','ART',2012,NULL,NULL,35,'C',NULL,NULL,'FDC',NULL,1207178,'IDIR\PANAMERICAN',TIMESTAMP'2013-03-27 00:00:00','IDIR\PANAMERICAN',TIMESTAMP'2013-03-27 12:36:29',2),
	 (2867528,1524010,NULL,'B',21.9,21.9,NULL,'IMM','ART',2012,NULL,NULL,40,'C',NULL,NULL,'HW',NULL,1207178,'IDIR\PANAMERICAN',TIMESTAMP'2013-03-27 00:00:00','IDIR\PANAMERICAN',TIMESTAMP'2013-03-27 12:36:29',2);

INSERT INTO silva.forest_cover_layer (forest_cover_id, forest_cover_layer_id, forest_cover_layer_code, stocking_type_code, stocking_status_code, total_stems_per_ha, total_well_spaced_stems_per_ha, well_spaced_stems_per_ha, free_growing_stems_per_ha, crown_closure_pct, basal_area, entry_userid, entry_timestamp, update_userid, update_timestamp, revision_count) VALUES
	 (2867527,3353537,'I',NULL,NULL,940,NULL,NULL,NULL,18,NULL,'IDIR\JMCLARKE',TIMESTAMP'2013-03-27 12:36:26','IDIR\JMCLARKE',TIMESTAMP'2013-03-27 12:36:26',1),
	 (2867527,3353538,'S',NULL,NULL,NULL,NULL,720,720,NULL,NULL,'IDIR\JMCLARKE',TIMESTAMP'2013-03-27 12:36:26','IDIR\JMCLARKE',TIMESTAMP'2013-03-27 12:36:26',1),
	 (2867528,3353539,'I',NULL,NULL,881,NULL,NULL,NULL,12,NULL,'IDIR\JMCLARKE',TIMESTAMP'2013-03-27 12:36:26','IDIR\JMCLARKE',TIMESTAMP'2013-03-27 12:36:26',1),
	 (2867528,3353540,'S',NULL,NULL,NULL,NULL,723,NULL,NULL,NULL,'IDIR\JMCLARKE',TIMESTAMP'2013-03-27 12:36:26','IDIR\JMCLARKE',TIMESTAMP'2013-03-27 12:36:26',1);

INSERT INTO silva.forest_cover_layer_species (forest_cover_id, forest_cover_layer_id, species_order, tree_species_code, tree_species_pct, avg_age, avg_height, entry_userid, entry_timestamp, update_userid, update_timestamp, revision_count) VALUES
	 (2867527,3353537,1,'FDC',35,12,8.1,'IDIR\JMCLARKE',TIMESTAMP'2013-03-27 12:36:26','IDIR\JMCLARKE',TIMESTAMP'2013-03-27 12:36:26',1),
	 (2867527,3353537,2,'CW',35,12,6.2,'IDIR\JMCLARKE',TIMESTAMP'2013-03-27 12:36:26','IDIR\JMCLARKE',TIMESTAMP'2013-03-27 12:36:26',1),
	 (2867527,3353537,3,'HW',30,NULL,NULL,'IDIR\JMCLARKE',TIMESTAMP'2013-03-27 12:36:26','IDIR\JMCLARKE',TIMESTAMP'2013-03-27 12:36:26',1),
	 (2867527,3353538,1,'FDC',47,12,8.1,'IDIR\JMCLARKE',TIMESTAMP'2013-03-27 12:36:26','IDIR\JMCLARKE',TIMESTAMP'2013-03-27 12:36:26',1),
	 (2867527,3353538,2,'HW',33,NULL,NULL,'IDIR\JMCLARKE',TIMESTAMP'2013-03-27 12:36:27','IDIR\JMCLARKE',TIMESTAMP'2013-03-27 12:36:27',1),
	 (2867527,3353538,3,'CW',20,NULL,NULL,'IDIR\JMCLARKE',TIMESTAMP'2013-03-27 12:36:27','IDIR\JMCLARKE',TIMESTAMP'2013-03-27 12:36:27',1),
	 (2867528,3353539,1,'HW',50,11,8.1,'IDIR\JMCLARKE',TIMESTAMP'2013-03-27 12:36:27','IDIR\JMCLARKE',TIMESTAMP'2013-03-27 12:36:27',1),
	 (2867528,3353539,2,'CW',30,11,6.8,'IDIR\JMCLARKE',TIMESTAMP'2013-03-27 12:36:27','IDIR\JMCLARKE',TIMESTAMP'2013-03-27 12:36:27',1),
	 (2867528,3353539,3,'FDC',20,NULL,NULL,'IDIR\JMCLARKE',TIMESTAMP'2013-03-27 12:36:28','IDIR\JMCLARKE',TIMESTAMP'2013-03-27 12:36:28',1),
	 (2867528,3353540,1,'HW',46,11,8.1,'IDIR\JMCLARKE',TIMESTAMP'2013-03-27 12:36:28','IDIR\JMCLARKE',TIMESTAMP'2013-03-27 12:36:28',1),
	 (2867528,3353540,2,'CW',32,11,6.8,'IDIR\JMCLARKE',TIMESTAMP'2013-03-27 12:36:28','IDIR\JMCLARKE',TIMESTAMP'2013-03-27 12:36:28',1),
	 (2867528,3353540,3,'FDC',22,NULL,NULL,'IDIR\JMCLARKE',TIMESTAMP'2013-03-27 12:36:29','IDIR\JMCLARKE',TIMESTAMP'2013-03-27 12:36:29',1);
