INSERT INTO silva.results_electronic_submission (results_submission_id, submission_timestamp, submitted_by, client_number, client_locn_code, org_unit_no, user_filename, user_reference, entry_userid, entry_timestamp, update_userid, update_timestamp, revision_count) VALUES
	 (57129,TIMESTAMP'2016-03-29 10:22:16','IDIR\MTSOI','00010004','00',1,'NewOpeningMulti.xml',NULL,'IDIR\MTSOI',TIMESTAMP'2016-03-29 10:22:41','IDIR\MTSOI',TIMESTAMP'2016-03-29 10:22:41',1);

INSERT INTO silva.opening (opening_id, geo_district_no, admin_district_no, mapsheet_grid, mapsheet_letter, mapsheet_square, mapsheet_quad, mapsheet_sub_quad, opening_number, opening_locn_name, open_category_code, licensee_opening_id, tsb_number_code, opening_status_code, org_unit_no, dist_admin_zone, max_allow_permnt_access_pct, prev_age_class_code, prev_site_index, prev_site_index_source_code, prev_height_class_code, prev_site_class_code, prev_stocking_class_code, prev_stocking_status_code, prev_tree_spp1_code, prev_tree_spp2_code, app_ent_by_userid, approve_date, amendment_ind, results_submission_id, entry_userid, entry_timestamp, update_userid, update_timestamp, revision_count) VALUES
	 (1020124,1,1,' 92','F','017','0','0','1014','ABC','FTML','126423',NULL,'APP',1,NULL,2,'3',12,'A','3',NULL,'4','C','ACT',NULL,NULL,TIMESTAMP'2016-03-29 10:22:41',NULL,57129,'IDIR\MTSOI',TIMESTAMP'2016-03-29 10:22:41','IDIR\SCUSACK',TIMESTAMP'2025-04-10 14:30:31',4);

INSERT INTO silva.timber_mark (timber_mark, forest_file_id, cutting_permit_id, forest_district, geographic_distrct, cascade_split_code, quota_type_code, deciduous_ind, catastrophic_ind, crown_granted_ind, cruise_based_ind, certificate, hdbs_timber_mark, vm_timber_mark, tenure_term, bcaa_folio_number, activated_userid, amended_userid, district_admn_zone, granted_acqrd_date, lands_region, crown_granted_acq_desc, mark_status_st, mark_status_date, mark_amend_date, mark_appl_date, mark_cancel_date, mark_extend_date, mark_extend_rsn_cd, mark_extend_count, mark_issue_date, mark_expiry_date, markng_instrmnt_cd, marking_method_cd, entry_userid, entry_timestamp, update_userid, update_timestamp, revision_count, small_patch_salvage_ind, salvage_type_code) VALUES
	 ('39/27Y','TFL39','27Y',1,1,'W','A','N','N','Y','N',NULL,NULL,NULL,48,NULL,NULL,NULL,'S',NULL,NULL,NULL,'HI',TIMESTAMP'2008-08-19 00:00:00',NULL,NULL,NULL,NULL,NULL,0,TIMESTAMP'2007-08-19 00:00:00',TIMESTAMP'2011-08-18 00:00:00','H','4','IDIR\RYEE',TIMESTAMP'2008-08-19 14:12:46','IDIR\RYEE',TIMESTAMP'2008-08-19 16:14:38',2,'N',NULL);

INSERT INTO silva.cut_block (cb_skey, hva_skey, forest_file_id, cutting_permit_id, timber_mark, cut_block_id, sp_exempt_ind, block_status_date, cut_block_description, cut_regulation_code, block_status_st, reforest_declare_type_code, revision_count, entry_userid, entry_timestamp, update_userid, update_timestamp, is_waste_assessment_required, cut_block_guid, fire_harvesting_reason_code, is_under_partition_order, reported_fire_date) VALUES
	 (338662,172563,'TFL39','27Y','39/27Y','Y40764','N',TIMESTAMP'2016-03-29 10:22:42','CROWN',NULL,'LC',NULL,2,'IDIR\RYEE',TIMESTAMP'2008-08-19 14:12:56','IDIR\MTSOI',TIMESTAMP'2016-03-29 10:22:42','U','B4E212FAE6034578E0533A54228E0360',NULL,NULL,NULL),
	 (338665,172563,'TFL39','27Y','39/27Y','Y20267','N',TIMESTAMP'2008-08-19 15:51:10','CROWN',NULL,'HB',NULL,1,'IDIR\RYEE',TIMESTAMP'2008-08-19 14:12:58','IDIR\RYEE',TIMESTAMP'2008-08-19 15:51:10','U','B4E212FAE6064578E0533A54228E0360',NULL,NULL,NULL);

INSERT INTO silva.cut_block_open_admin (cut_block_open_admin_id, forest_file_id, timber_mark, cut_block_id, cutting_permit_id, disturbance_gross_area, disturbance_start_date, disturbance_end_date, opening_id, opening_gross_area, planned_harvest_date, planned_gross_block_area, planned_net_block_area, opening_prime_licence_ind, cb_skey, revision_count, entry_userid, entry_timestamp, update_userid, update_timestamp) VALUES
	 (505961,'TFL39','39/27Y','Y40764','27Y',12,TIMESTAMP'2016-03-01 00:00:00',TIMESTAMP'2016-03-02 00:00:00',1020124,100,TIMESTAMP'2008-01-01 00:00:00',35.5925,26,'N',338662,4,'IDIR\RYEE',TIMESTAMP'2008-08-19 14:12:56','IDIR\SCUSACK',TIMESTAMP'2025-04-10 14:30:31'),
	 (505964,'TFL39','39/27Y','Y20267','27Y',10,TIMESTAMP'2024-09-01 00:00:00',TIMESTAMP'2024-09-03 00:00:00',1020124,100,TIMESTAMP'2007-06-01 00:00:00',36.3539,30.2,'Y',338665,5,'IDIR\RYEE',TIMESTAMP'2008-08-19 14:12:59','IDIR\SCUSACK',TIMESTAMP'2025-04-10 14:30:31');

INSERT INTO silva.activity_treatment_unit (activity_treatment_unit_id, activity_tu_seq_no, org_unit_no, opening_id, silviculture_project_id, project_unit_id, silv_base_code, silv_technique_code, silv_method_code, silv_objective_code_1, silv_objective_code_2, silv_objective_code_3, silv_fund_srce_code, silv_activity_measurement_code, activity_licensee_id, treatment_amount, actual_treatment_cost, act_planted_no, plan_silv_technique_code, plan_silv_method_code, plan_silv_fund_srce_code, planned_date, planned_treatment_amount, planned_treatment_cost, plan_silv_objective_code_1, plan_silv_objective_code_2, plan_silv_objective_code_3, target_prepared_spots, pruning_min_crown_pct, prune_height, stems_to_prune, min_acceptable_density, total_stems_per_ha, inter_tree_target_distance, inter_tree_variation, inter_tree_min_distance, max_trees_per_plot, max_trees_per_ha, survey_planned_num_plots, survey_actual_num_plots, survey_min_plots_per_stratum, silv_tree_species_code, atu_start_date, atu_completion_date, results_ind, unit_bid_price, fia_project_id, results_submission_id, disturbance_code, silv_system_code, silv_system_variant_code, silv_cut_phase_code, cut_block_open_admin_id, disturbance_completed_ind, entry_userid, entry_timestamp, update_userid, update_timestamp, revision_count) VALUES
	 (1029334,1,1,1020124,NULL,NULL,'DN',NULL,NULL,NULL,NULL,NULL,NULL,'HA','234R',12,NULL,NULL,NULL,NULL,NULL,NULL,NULL,NULL,NULL,NULL,NULL,NULL,NULL,NULL,NULL,NULL,NULL,NULL,NULL,NULL,NULL,NULL,NULL,NULL,NULL,NULL,TIMESTAMP'2016-03-01 00:00:00',TIMESTAMP'2016-03-02 00:00:00','Y',NULL,NULL,57129,'L','CLEAR',NULL,'REMOV',505961,'Y','IDIR\MTSOI',TIMESTAMP'2016-03-29 10:22:41','IDIR\MTSOI',TIMESTAMP'2016-03-29 10:22:41',1),
	 (1033533,2,1,1020124,NULL,NULL,'DN',NULL,NULL,NULL,NULL,NULL,NULL,'HA',NULL,10,NULL,NULL,NULL,NULL,NULL,NULL,NULL,NULL,NULL,NULL,NULL,NULL,NULL,NULL,NULL,NULL,NULL,NULL,NULL,NULL,NULL,NULL,NULL,NULL,NULL,NULL,TIMESTAMP'2024-09-01 00:00:00',TIMESTAMP'2024-09-03 00:00:00','Y',NULL,NULL,NULL,'B',NULL,NULL,NULL,505964,'N','IDIR\SCUSACK',TIMESTAMP'2025-04-10 14:27:45','IDIR\SCUSACK',TIMESTAMP'2025-04-10 14:30:31',2);

INSERT INTO silva.standards_regime (standards_regime_id, standards_regime_name, standards_regime_status_code, silv_statute_code, standards_objective, geographic_description, mof_default_standard_ind, regen_delay_offset_yrs, regen_obligation_ind, no_regen_early_offset_yrs, no_regen_late_offset_yrs, free_growing_early_offset_yrs, free_growing_late_offset_yrs, approved_by_userid, approved_date, submitted_by_userid, submitted_date, effective_date, expiry_date, additional_standards, reject_note, entry_userid, entry_timestamp, update_userid, update_timestamp, revision_count) VALUES
	 (760,NULL,'APP',NULL,NULL,NULL,'N',7,'Y',NULL,NULL,9,10,'IDIR\RESDIC07',TIMESTAMP'2007-02-06 14:32:59','BCEID\RESCANFOR20',TIMESTAMP'2007-02-06 14:25:14',TIMESTAMP'2007-02-14 00:00:00',NULL,'vgwgwgsw',NULL,'BCEID\RESCANFOR20',TIMESTAMP'2007-02-06 14:23:58','IDIR\RESDIC07',TIMESTAMP'2007-02-06 14:32:59',11),
	 (1535,'OCIC TEST FSP STANDARD 131','APP',NULL,'OCIC TEST FSP STANDARD 131 objective','OCIC TEST FSP STANDARD 131 A','N',2,'Y',NULL,NULL,5,13,'IDIR\SCAKERLE',TIMESTAMP'2009-12-04 09:08:42','IDIR\SCAKERLE',TIMESTAMP'2009-12-04 09:08:14',NULL,NULL,'addtional OCIC TEST FSP STANDARD 131 Comment',NULL,'IDIR\EWONG',TIMESTAMP'2008-03-25 16:09:55','IDIR\SCAKERLE',TIMESTAMP'2009-12-04 09:08:42',6);

INSERT INTO silva.stocking_standard_unit (stocking_standard_unit_id, opening_id, standards_unit_id, standards_regime_id, net_area, max_allow_soil_disturbance_pct, variance_ind, entry_userid, entry_timestamp, update_userid, update_timestamp, revision_count) VALUES
	 (1036408,1020124,'1',760,10,3,'N','IDIR\MTSOI',TIMESTAMP'2016-03-29 10:22:41','IDIR\MTSOI',TIMESTAMP'2016-03-29 10:22:41',1),
	 (1036409,1020124,'2',1535,20,4,'N','IDIR\MTSOI',TIMESTAMP'2016-03-29 10:22:41','IDIR\MTSOI',TIMESTAMP'2016-03-29 10:22:41',1);

INSERT INTO silva.stocking_milestone (stocking_standard_unit_id, silv_milestone_type_code, results_submission_id, declared_date, declared_userid, declare_ind, declaration_submitted_date, early_offset_years, late_offset_years, due_early_date, due_late_date, entry_userid, entry_timestamp, update_userid, update_timestamp, revision_count, extent_feasible_declared_ind) VALUES
	 (1036408,'FG',NULL,NULL,NULL,NULL,NULL,9,10,TIMESTAMP'2025-03-01 00:00:00',TIMESTAMP'2026-03-01 00:00:00','IDIR\MTSOI',TIMESTAMP'2016-03-29 10:22:41','IDIR\SCUSACK',TIMESTAMP'2025-04-10 14:30:31',4,'N'),
	 (1036408,'PH',NULL,NULL,NULL,NULL,NULL,NULL,NULL,NULL,NULL,'IDIR\MTSOI',TIMESTAMP'2016-03-29 10:22:41','IDIR\SCUSACK',TIMESTAMP'2025-04-10 14:30:31',4,'N'),
	 (1036408,'RG',NULL,NULL,NULL,NULL,NULL,NULL,7,NULL,TIMESTAMP'2023-03-01 00:00:00','IDIR\MTSOI',TIMESTAMP'2016-03-29 10:22:41','IDIR\SCUSACK',TIMESTAMP'2025-04-10 14:30:31',4,'N'),
	 (1036409,'FG',NULL,NULL,NULL,NULL,NULL,5,13,TIMESTAMP'2021-03-01 00:00:00',TIMESTAMP'2029-03-01 00:00:00','IDIR\MTSOI',TIMESTAMP'2016-03-29 10:22:41','IDIR\SCUSACK',TIMESTAMP'2025-04-10 14:30:31',4,'N'),
	 (1036409,'PH',NULL,NULL,NULL,NULL,NULL,NULL,NULL,NULL,NULL,'IDIR\MTSOI',TIMESTAMP'2016-03-29 10:22:41','IDIR\SCUSACK',TIMESTAMP'2025-04-10 14:30:31',4,'N'),
	 (1036409,'RG',NULL,NULL,NULL,NULL,NULL,NULL,2,NULL,TIMESTAMP'2018-03-01 00:00:00','IDIR\MTSOI',TIMESTAMP'2016-03-29 10:22:41','IDIR\SCUSACK',TIMESTAMP'2025-04-10 14:30:31',4,'N');

INSERT INTO silva.stocking_ecology (stocking_ecology_id, opening_id, stocking_standard_unit_id, bec_region_code, bgc_zone_code, bgc_subzone_code, bgc_variant, bgc_phase, bec_site_series, bec_site_type, bec_seral, entry_userid, entry_timestamp, update_userid, update_timestamp, revision_count) VALUES
	 (1943336,1020124,1036408,NULL,'CWH','mm','1',NULL,'01',NULL,NULL,'IDIR\MTSOI',TIMESTAMP'2016-03-29 10:22:41','IDIR\MTSOI',TIMESTAMP'2016-03-29 10:22:41',1),
	 (1943337,1020124,1036409,NULL,'CWH','mm','2',NULL,'03',NULL,NULL,'IDIR\MTSOI',TIMESTAMP'2016-03-29 10:22:41','IDIR\MTSOI',TIMESTAMP'2016-03-29 10:22:41',1);

INSERT INTO silva.forest_stewardship_plan (fsp_id, fsp_amendment_number, fsp_status_code, fsp_amendment_code, licensee_amendment_name, plan_name, plan_term_years, plan_term_months, plan_start_date, plan_end_date, plan_submission_date, plan_decision_date, plan_decision_userid, transition_ind, identified_areas_update_ind, fdu_update_ind, stocking_standard_update_ind, frpa197_election_ind, contact_name, telephone_number, email_address, amendment_approval_date, amendment_authority, amendment_approval_requird_ind, amendment_submission_date, revision_count, entry_userid, entry_timestamp, update_userid, update_timestamp) VALUES
	 (382,0,'DFT','ORG',NULL,'OCIC TEST FTA ECAS FSP',5,0,NULL,NULL,TIMESTAMP'2008-03-25 00:00:00',NULL,NULL,'N','N','N','N','N','Ricky Yee','2503878915','mailto:elaine.wong@cgi.com',NULL,NULL,'Y',NULL,2,'IDIR\EWONG',TIMESTAMP'2008-03-25 16:09:52','IDIR\EWONG',TIMESTAMP'2008-03-25 16:09:52');

INSERT INTO silva.fsp_standards_regime_xref (fsp_id, fsp_amendment_number, standards_regime_id, revision_count, entry_userid, entry_timestamp, update_userid, update_timestamp) VALUES
	 (382,0,1535,1,'IDIR\EWONG',TIMESTAMP'2008-03-25 16:09:55','IDIR\EWONG',TIMESTAMP'2008-03-25 16:09:55');

INSERT INTO silva.stocking_layer (stocking_layer_id, stocking_standard_unit_id, opening_id, stocking_layer_code, target_stocking, residual_basal_area, min_horizontal_distance, min_pref_stocking_standard, min_post_spacing, min_stocking_standard, max_post_spacing, max_conifer, hght_relative_to_comp, tree_size_unit_code, entry_userid, entry_timestamp, update_userid, update_timestamp, revision_count) VALUES
	 (2014801,1036408,1020124,'1',NULL,NULL,NULL,NULL,NULL,NULL,NULL,NULL,NULL,NULL,'IDIR\MTSOI',TIMESTAMP'2016-03-29 10:22:41','IDIR\MTSOI',TIMESTAMP'2016-03-29 10:22:41',1),
	 (2014800,1036408,1020124,'4',1200,45,2,150,4890,1500,9900,5120,150,'%','IDIR\MTSOI',TIMESTAMP'2016-03-29 10:22:41','IDIR\MTSOI',TIMESTAMP'2016-03-29 10:22:41',1),
	 (2014802,1036408,1020124,'2',NULL,NULL,NULL,NULL,NULL,NULL,NULL,NULL,NULL,NULL,'IDIR\MTSOI',TIMESTAMP'2016-03-29 10:22:41','IDIR\MTSOI',TIMESTAMP'2016-03-29 10:22:41',1),
	 (2014803,1036408,1020124,'3',NULL,NULL,NULL,NULL,NULL,NULL,NULL,NULL,NULL,NULL,'IDIR\MTSOI',TIMESTAMP'2016-03-29 10:22:41','IDIR\MTSOI',TIMESTAMP'2016-03-29 10:22:41',1),
	 (2014804,1036409,1020124,'I',1303,153,2.3,803,903,703,1303,15000,153,'%','IDIR\MTSOI',TIMESTAMP'2016-03-29 10:22:41','IDIR\MTSOI',TIMESTAMP'2016-03-29 10:22:41',1);

INSERT INTO silva.stocking_layer_species (stocking_layer_id, silv_tree_species_code, species_order, preferred_ind, min_height, entry_userid, entry_timestamp, update_userid, update_timestamp, revision_count) VALUES
	 (2014800,'HM',1,'N',4,'IDIR\MTSOI',TIMESTAMP'2016-03-29 10:22:41','IDIR\MTSOI',TIMESTAMP'2016-03-29 10:22:41',1),
	 (2014800,'LW',1,'Y',2,'IDIR\MTSOI',TIMESTAMP'2016-03-29 10:22:41','IDIR\MTSOI',TIMESTAMP'2016-03-29 10:22:41',1),
	 (2014800,'M',2,'Y',3,'IDIR\MTSOI',TIMESTAMP'2016-03-29 10:22:41','IDIR\MTSOI',TIMESTAMP'2016-03-29 10:22:41',1),
	 (2014800,'OC',2,'N',3,'IDIR\MTSOI',TIMESTAMP'2016-03-29 10:22:41','IDIR\MTSOI',TIMESTAMP'2016-03-29 10:22:41',1),
	 (2014804,'OC',1,'Y',2.5,'IDIR\MTSOI',TIMESTAMP'2016-03-29 10:22:41','IDIR\MTSOI',TIMESTAMP'2016-03-29 10:22:41',1),
	 (2014804,'PW',1,'N',14.8,'IDIR\MTSOI',TIMESTAMP'2016-03-29 10:22:41','IDIR\MTSOI',TIMESTAMP'2016-03-29 10:22:41',1);

INSERT INTO silva.forest_cover (forest_cover_id, opening_id, stocking_standard_unit_id, silv_polygon_no, silv_polygon_area, silv_polygon_net_area, stocking_class_code, stocking_status_code, stocking_type_code, reference_year, reentry_year, site_class_code, site_index, site_index_source_code, silv_reserve_code, silv_reserve_objective_code, tree_species_code, tree_cover_pattern_code, results_submission_id, entry_userid, entry_timestamp, update_userid, update_timestamp, revision_count) VALUES
	 (1039802,1020124,1036408,'A',20,19,NULL,'IMM','ART',2015,NULL,NULL,10,'E',NULL,NULL,'ACB',NULL,NULL,'IDIR\MTSOI',TIMESTAMP'2016-03-29 00:00:00','IDIR\MTSOI',TIMESTAMP'2016-03-29 10:49:37',1),
	 (1039803,1020124,1036409,'B',2,2,NULL,'MAT','NAT',2015,NULL,NULL,11,'I','D','BIO','CW',NULL,NULL,'IDIR\MTSOI',TIMESTAMP'2016-03-29 00:00:00','IDIR\MTSOI',TIMESTAMP'2016-03-29 10:49:37',1);

INSERT INTO silva.stocking_event_history (stocking_event_history_id, opening_id, opening_amendment_id, opening_amendment_number, results_audit_action_code, submitted_userid, results_submission_id, amend_event_timestamp, entry_userid, entry_timestamp, revision_count) VALUES
	 (686257,1020124,1020124,NULL,'ES','IDIR\MTSOI',57129,TIMESTAMP'2016-03-29 10:22:41','IDIR\MTSOI',TIMESTAMP'2016-03-29 10:22:41',1);

INSERT INTO silva.results_audit_event (results_audit_event_id, opening_id, standards_regime_id, silviculture_project_id, results_audit_action_code, action_date, description, user_id, email_sent_ind, xml_submission_id, opening_amendment_number, entry_userid, entry_timestamp) VALUES
	 (48829,1020124,NULL,NULL,'ES',TIMESTAMP'2016-03-29 10:22:41','Opening ID 1020124 created',NULL,'Y',57129,NULL,'IDIR\MTSOI',TIMESTAMP'2016-03-29 10:22:41'),
	 (48830,1020124,760,NULL,'ES',TIMESTAMP'2016-03-29 10:22:41','Standard was changed',NULL,'Y',57129,NULL,'IDIR\MTSOI',TIMESTAMP'2016-03-29 10:22:41'),
	 (48831,1020124,1535,NULL,'ES',TIMESTAMP'2016-03-29 10:22:41','Standard was changed',NULL,'Y',57129,NULL,'IDIR\MTSOI',TIMESTAMP'2016-03-29 10:22:41'),
	 (48832,1020124,NULL,NULL,'ES',TIMESTAMP'2016-03-29 10:22:41','Creating Disturbance Activity: Activity Id = 1029334',NULL,'Y',57129,NULL,'IDIR\MTSOI',TIMESTAMP'2016-03-29 10:22:41'),
	 (48833,1020124,NULL,NULL,'ES',TIMESTAMP'2016-03-29 10:22:41','Forest Cover Polygon No. A (Id=1039800)',NULL,'Y',57129,NULL,'IDIR\MTSOI',TIMESTAMP'2016-03-29 10:22:41'),
	 (48834,1020124,NULL,NULL,'ES',TIMESTAMP'2016-03-29 10:22:42','Forest Cover Polygon No. B (Id=1039801)',NULL,'Y',57129,NULL,'IDIR\MTSOI',TIMESTAMP'2016-03-29 10:22:42'),
	 (48835,1020124,NULL,NULL,'UPD',TIMESTAMP'2016-03-29 10:49:37','Forest Cover Polygon No. A (Id=1039802)',NULL,'N',NULL,NULL,'IDIR\MTSOI',TIMESTAMP'2016-03-29 10:49:37'),
	 (48836,1020124,NULL,NULL,'UPD',TIMESTAMP'2016-03-29 10:49:37','Forest Cover Polygon No. B (Id=1039803)',NULL,'N',NULL,NULL,'IDIR\MTSOI',TIMESTAMP'2016-03-29 10:49:37'),
	 (53274,1020124,NULL,NULL,'UPD',TIMESTAMP'2025-04-10 14:27:45','Opening/related details were modified.',NULL,'N',NULL,NULL,'IDIR\SCUSACK',TIMESTAMP'2025-04-10 14:27:45'),
	 (53275,1020124,NULL,NULL,'UPD',TIMESTAMP'2025-04-10 14:30:31','Opening/related details were modified.',NULL,'N',NULL,NULL,'IDIR\SCUSACK',TIMESTAMP'2025-04-10 14:30:31');

INSERT INTO silva.forest_cover_non_mapped_area (forest_cover_id, non_mapped_area_id, non_mapped_area, stocking_status_code, stocking_type_code, revision_count) VALUES
	 (1039802,'1',1,'C','UNN',1);

INSERT INTO silva.forest_cover_layer (forest_cover_id, forest_cover_layer_id, forest_cover_layer_code, stocking_type_code, stocking_status_code, total_stems_per_ha, total_well_spaced_stems_per_ha, well_spaced_stems_per_ha, free_growing_stems_per_ha, crown_closure_pct, basal_area, entry_userid, entry_timestamp, update_userid, update_timestamp, revision_count) VALUES
	 (1039802,1047193,'I',NULL,NULL,700,NULL,NULL,NULL,NULL,50,'IDIR\MTSOI',TIMESTAMP'2016-03-29 10:49:37','IDIR\MTSOI',TIMESTAMP'2016-03-29 10:49:37',1),
	 (1039802,1047194,'S',NULL,NULL,NULL,NULL,500,50,NULL,NULL,'IDIR\MTSOI',TIMESTAMP'2016-03-29 10:49:37','IDIR\MTSOI',TIMESTAMP'2016-03-29 10:49:37',1),
	 (1039803,1047195,'1',NULL,NULL,700,NULL,500,50,NULL,NULL,'IDIR\MTSOI',TIMESTAMP'2016-03-29 10:49:37','IDIR\MTSOI',TIMESTAMP'2016-03-29 10:49:37',1);

-- Missing FOREST_COVER_LAYER_SPECIES
