INSERT INTO silva.results_electronic_submission (results_submission_id, submission_timestamp, submitted_by, client_number, client_locn_code, org_unit_no, user_filename, user_reference, entry_userid, entry_timestamp, update_userid, update_timestamp, revision_count) VALUES
	 (2153193,TIMESTAMP'2022-05-07 10:08:09','BCEID\ANYA.DENNILL','00010006','00',2,'Hardwicke 8 blocks Form B Hv and Silv activities.x',NULL,'BCEID\ANYA.DENNILL',TIMESTAMP'2022-05-07 10:08:55','BCEID\ANYA.DENNILL',TIMESTAMP'2022-05-07 10:08:55',1),
	 (2264749,TIMESTAMP'2023-06-01 10:39:07','BCEID\ALEXANDRA.VALLEE','00010006','00',2,'6-117 FORM B Plant.xml',NULL,'BCEID\ALEXANDRA.VALLEE',TIMESTAMP'2023-06-01 10:39:27','BCEID\ALEXANDRA.VALLEE',TIMESTAMP'2023-06-01 10:39:27',1),
	 (2153194,TIMESTAMP'2022-05-07 10:10:55','BCEID\ANYA.DENNILL','00010006','00',2,'Hardwicke 8 blks Form C PH.xml',NULL,'BCEID\ANYA.DENNILL',TIMESTAMP'2022-05-07 10:10:56','BCEID\ANYA.DENNILL',TIMESTAMP'2022-05-07 10:10:56',1),
	 (2247022,TIMESTAMP'2023-03-23 13:58:21','BCEID\ALEXANDRA.VALLEE','00010006','00',2,'6-117 Form C RG.xml',NULL,'BCEID\ALEXANDRA.VALLEE',TIMESTAMP'2023-03-23 13:58:32','BCEID\ALEXANDRA.VALLEE',TIMESTAMP'2023-03-23 13:58:32',1),
	 (2428627,TIMESTAMP'2025-04-16 10:31:18','BCEID\ALEXANDRA.VALLEE','00010006','00',2,'6-117 FORM B FP.xml',NULL,'BCEID\ALEXANDRA.VALLEE',TIMESTAMP'2025-04-16 10:31:20','BCEID\ALEXANDRA.VALLEE',TIMESTAMP'2025-04-16 10:31:20',1),
	 (2153182,TIMESTAMP'2022-05-07 09:48:33','BCEID\ANYA.DENNILL','00010006','00',2,'Hardwicke 8 blks Form A Opening.xml',NULL,'BCEID\ANYA.DENNILL',TIMESTAMP'2022-05-07 09:48:56','BCEID\ANYA.DENNILL',TIMESTAMP'2022-05-07 09:48:56',1);

INSERT INTO silva.opening (opening_id, geo_district_no, admin_district_no, mapsheet_grid, mapsheet_letter, mapsheet_square, mapsheet_quad, mapsheet_sub_quad, opening_number, opening_locn_name, open_category_code, licensee_opening_id, tsb_number_code, opening_status_code, org_unit_no, dist_admin_zone, max_allow_permnt_access_pct, prev_age_class_code, prev_site_index, prev_site_index_source_code, prev_height_class_code, prev_site_class_code, prev_stocking_class_code, prev_stocking_status_code, prev_tree_spp1_code, prev_tree_spp2_code, app_ent_by_userid, approve_date, amendment_ind, results_submission_id, entry_userid, entry_timestamp, update_userid, update_timestamp, revision_count) VALUES
	 (1761935,2,15,' 92','K','041','0','0',' 534','HARDWICKE ISLAND','FTML','97351',NULL,'APP',2,NULL,6,'5',33,'E','5',NULL,'0','IMM','FDC','HW',NULL,TIMESTAMP'2022-05-07 09:48:59',NULL,2153182,'BCEID\ANYA.DENNILL',TIMESTAMP'2022-05-07 09:48:59','BCEID\ALEXANDRA.VALLEE',TIMESTAMP'2025-04-16 10:31:20',7);

INSERT INTO silva.timber_mark (timber_mark, forest_file_id, cutting_permit_id, forest_district, geographic_distrct, cascade_split_code, quota_type_code, deciduous_ind, catastrophic_ind, crown_granted_ind, cruise_based_ind, certificate, hdbs_timber_mark, vm_timber_mark, tenure_term, bcaa_folio_number, activated_userid, amended_userid, district_admn_zone, granted_acqrd_date, lands_region, crown_granted_acq_desc, mark_status_st, mark_status_date, mark_amend_date, mark_appl_date, mark_cancel_date, mark_extend_date, mark_extend_rsn_cd, mark_extend_count, mark_issue_date, mark_expiry_date, markng_instrmnt_cd, marking_method_cd, entry_userid, entry_timestamp, update_userid, update_timestamp, revision_count, small_patch_salvage_ind, salvage_type_code) VALUES
	 ('47/6AK','TFL47','6AK',2,15,'W','A','N','N','N','N',NULL,NULL,NULL,48,NULL,NULL,NULL,'C&E',NULL,'1',NULL,'HI',TIMESTAMP'2020-05-27 13:55:39',NULL,NULL,NULL,NULL,NULL,0,TIMESTAMP'2020-05-25 00:00:00',TIMESTAMP'2024-05-24 00:00:00','H','S','BCEID\TRACYNG',TIMESTAMP'2020-03-10 14:22:26','IDIR\LOSTASHE',TIMESTAMP'2020-05-27 13:50:24',1,'N',NULL);

INSERT INTO silva.cut_block (cb_skey, hva_skey, forest_file_id, cutting_permit_id, timber_mark, cut_block_id, sp_exempt_ind, block_status_date, cut_block_description, cut_regulation_code, block_status_st, reforest_declare_type_code, revision_count, entry_userid, entry_timestamp, update_userid, update_timestamp, is_waste_assessment_required, cut_block_guid, fire_harvesting_reason_code, is_under_partition_order, reported_fire_date) VALUES
	 (784108,779356,'TFL47','6AK','47/6AK','6-117','N',TIMESTAMP'2022-05-07 10:10:56',NULL,NULL,'S',NULL,3,'BCEID\TRACYNG',TIMESTAMP'2020-03-10 14:22:26','BCEID\ANYA.DENNILL',TIMESTAMP'2022-05-07 10:10:56','Y','B9B090A32D81645AE05332B3228EA5A5',NULL,NULL,NULL);

INSERT INTO silva.cut_block_open_admin (cut_block_open_admin_id, forest_file_id, timber_mark, cut_block_id, cutting_permit_id, disturbance_gross_area, disturbance_start_date, disturbance_end_date, opening_id, opening_gross_area, planned_harvest_date, planned_gross_block_area, planned_net_block_area, opening_prime_licence_ind, cb_skey, revision_count, entry_userid, entry_timestamp, update_userid, update_timestamp) VALUES
	 (482445,'TFL47','47/6AK','6-117','6AK',28.4,TIMESTAMP'2021-01-07 00:00:00',TIMESTAMP'2021-04-14 00:00:00',1761935,33.6,TIMESTAMP'2021-02-01 00:00:00',28.378,25,'Y',784108,3,'BCEID\TRACYNG',TIMESTAMP'2020-03-10 14:22:26','BCEID\ANYA.DENNILL',TIMESTAMP'2022-05-07 10:08:55');

INSERT INTO silva.activity_treatment_unit (activity_treatment_unit_id, activity_tu_seq_no, org_unit_no, opening_id, silviculture_project_id, project_unit_id, silv_base_code, silv_technique_code, silv_method_code, silv_objective_code_1, silv_objective_code_2, silv_objective_code_3, silv_fund_srce_code, silv_activity_measurement_code, activity_licensee_id, treatment_amount, actual_treatment_cost, act_planted_no, plan_silv_technique_code, plan_silv_method_code, plan_silv_fund_srce_code, planned_date, planned_treatment_amount, planned_treatment_cost, plan_silv_objective_code_1, plan_silv_objective_code_2, plan_silv_objective_code_3, target_prepared_spots, pruning_min_crown_pct, prune_height, stems_to_prune, min_acceptable_density, total_stems_per_ha, inter_tree_target_distance, inter_tree_variation, inter_tree_min_distance, max_trees_per_plot, max_trees_per_ha, survey_planned_num_plots, survey_actual_num_plots, survey_min_plots_per_stratum, silv_tree_species_code, atu_start_date, atu_completion_date, results_ind, unit_bid_price, fia_project_id, results_submission_id, disturbance_code, silv_system_code, silv_system_variant_code, silv_cut_phase_code, cut_block_open_admin_id, disturbance_completed_ind, entry_userid, entry_timestamp, update_userid, update_timestamp, revision_count) VALUES
	 (4009860,4,2,1761935,NULL,NULL,'PL','RO','CTAIN',NULL,NULL,NULL,'IA','HA','674971',0.1,NULL,250,NULL,NULL,NULL,NULL,NULL,NULL,NULL,NULL,NULL,NULL,NULL,NULL,NULL,NULL,NULL,NULL,NULL,NULL,NULL,NULL,NULL,NULL,NULL,NULL,NULL,TIMESTAMP'2023-03-18 00:00:00','Y',NULL,NULL,2264749,NULL,NULL,NULL,NULL,NULL,NULL,'BCEID\ALEXANDRA.VALLEE',TIMESTAMP'2023-06-01 10:39:27','BCEID\ALEXANDRA.VALLEE',TIMESTAMP'2023-06-01 10:39:27',2),
	 (3910947,1,2,1761935,NULL,NULL,'DN',NULL,NULL,NULL,NULL,NULL,NULL,'HA','97351',28.4,NULL,NULL,NULL,NULL,NULL,NULL,NULL,NULL,NULL,NULL,NULL,NULL,NULL,NULL,NULL,NULL,NULL,NULL,NULL,NULL,NULL,NULL,NULL,NULL,NULL,NULL,TIMESTAMP'2021-01-07 00:00:00',TIMESTAMP'2021-04-14 00:00:00','Y',NULL,NULL,2153193,'L','CLEAR',NULL,'REMOV',482445,'Y','BCEID\ANYA.DENNILL',TIMESTAMP'2022-05-07 10:08:55','BCEID\ANYA.DENNILL',TIMESTAMP'2022-05-07 10:08:55',1),
	 (3910948,2,2,1761935,NULL,NULL,'PL','PL','CTAIN',NULL,NULL,NULL,'IA','HA','593058',26.6,NULL,27150,NULL,NULL,NULL,NULL,NULL,NULL,NULL,NULL,NULL,NULL,NULL,NULL,NULL,NULL,NULL,NULL,NULL,NULL,NULL,NULL,NULL,NULL,NULL,NULL,NULL,TIMESTAMP'2022-03-19 00:00:00','Y',NULL,NULL,2153193,NULL,NULL,NULL,NULL,NULL,NULL,'BCEID\ANYA.DENNILL',TIMESTAMP'2022-05-07 10:08:55','BCEID\ANYA.DENNILL',TIMESTAMP'2022-05-07 10:08:55',8),
	 (3910949,3,2,1761935,NULL,NULL,'PC','SE','CONE',NULL,NULL,NULL,'IA','HA','660893',1.2,NULL,NULL,NULL,NULL,NULL,NULL,NULL,NULL,NULL,NULL,NULL,NULL,NULL,NULL,NULL,NULL,NULL,NULL,NULL,NULL,NULL,NULL,NULL,NULL,NULL,NULL,NULL,TIMESTAMP'2022-03-19 00:00:00','Y',NULL,NULL,2153193,NULL,NULL,NULL,NULL,NULL,NULL,'BCEID\ANYA.DENNILL',TIMESTAMP'2022-05-07 10:08:55','BCEID\ANYA.DENNILL',TIMESTAMP'2022-05-07 10:08:55',1),
	 (4187958,5,2,1761935,NULL,NULL,'PL','FP','CTAIN',NULL,NULL,NULL,'IA','HA','725637',0.4,NULL,120,NULL,NULL,NULL,NULL,NULL,NULL,NULL,NULL,NULL,NULL,NULL,NULL,NULL,NULL,NULL,NULL,NULL,NULL,NULL,NULL,NULL,NULL,NULL,NULL,NULL,TIMESTAMP'2025-03-07 00:00:00','Y',NULL,NULL,2428627,NULL,NULL,NULL,NULL,NULL,NULL,'BCEID\ALEXANDRA.VALLEE',TIMESTAMP'2025-04-16 10:31:20','BCEID\ALEXANDRA.VALLEE',TIMESTAMP'2025-04-16 10:31:20',2);

INSERT INTO silva.standards_regime (standards_regime_id, standards_regime_name, standards_regime_status_code, silv_statute_code, standards_objective, geographic_description, mof_default_standard_ind, regen_delay_offset_yrs, regen_obligation_ind, no_regen_early_offset_yrs, no_regen_late_offset_yrs, free_growing_early_offset_yrs, free_growing_late_offset_yrs, approved_by_userid, approved_date, submitted_by_userid, submitted_date, effective_date, expiry_date, additional_standards, reject_note, entry_userid, entry_timestamp, update_userid, update_timestamp, revision_count) VALUES
	 (1006586,'TimberWest Johnstone Strait FSP','APP',NULL,NULL,NULL,'N',6,'Y',NULL,NULL,NULL,20,'IDIR\CMMACLEO',TIMESTAMP'2007-05-29 16:07:08','BCEID\CBUSS',TIMESTAMP'2007-04-03 11:29:24',TIMESTAMP'2006-12-13 00:00:00',NULL,'Elevated microsites are preferred for Fdc.',NULL,'BCEID\CBUSS',TIMESTAMP'2007-03-20 17:19:48','IDIR\JDPICKFO',TIMESTAMP'2008-01-03 15:20:51',9),
	 (1054256,'TimberWest Johnstone Strait FSP','APP',NULL,NULL,NULL,'N',3,'Y',NULL,NULL,NULL,20,NULL,NULL,NULL,NULL,TIMESTAMP'2017-09-11 00:00:00',NULL,'Risk of Pw blister rust; unless rust resistant Pw planted stock is used, can not contribute to MSS and limited to 10% of TSS.  Resistant stock can contribute to MSS and up to 25% of MSP and 100% of MSP for Phellinus root rot areas.',NULL,'BCEID\RMMONCHAK',TIMESTAMP'2017-08-09 09:22:11','IDIR\DANTURNE',TIMESTAMP'2019-06-24 09:29:32',4),
	 (1054257,'TimberWest Johnstone Strait FSP','APP',NULL,NULL,NULL,'N',3,'Y',NULL,NULL,NULL,20,NULL,NULL,NULL,NULL,TIMESTAMP'2017-09-11 00:00:00',NULL,'Hw is suitable on thick forest floors an dis preferred on northerly aspects or in situations where advanced natural regeneration of Hw precludes planting with other species and is acceptable in all other situations.\nRisk of white pine blister rust.  Unless resistant stock is planted, Pw cannot contribute to MSS and limited to 10% of TSS.  Resistant stock can contribute to MSS and up to 25% of MSP and 100% of MSP on Phellinus root rot sites.',NULL,'BCEID\RMMONCHAK',TIMESTAMP'2017-08-09 09:25:43','IDIR\DANTURNE',TIMESTAMP'2019-06-24 09:29:32',9);

INSERT INTO silva.stocking_standard_unit (stocking_standard_unit_id, opening_id, standards_unit_id, standards_regime_id, net_area, max_allow_soil_disturbance_pct, variance_ind, entry_userid, entry_timestamp, update_userid, update_timestamp, revision_count) VALUES
	 (2333293,1761935,'A',1054256,22,10,'N','BCEID\ANYA.DENNILL',TIMESTAMP'2022-05-07 09:48:59','BCEID\ANYA.DENNILL',TIMESTAMP'2022-05-07 09:48:59',1),
	 (2333294,1761935,'B',1054257,3.4,10,'N','BCEID\ANYA.DENNILL',TIMESTAMP'2022-05-07 09:48:59','BCEID\ANYA.DENNILL',TIMESTAMP'2022-05-07 09:48:59',1),
	 (2333295,1761935,'C',1006586,1.2,10,'N','BCEID\ANYA.DENNILL',TIMESTAMP'2022-05-07 09:48:59','BCEID\ANYA.DENNILL',TIMESTAMP'2022-05-07 09:48:59',1);

INSERT INTO silva.stocking_milestone (stocking_standard_unit_id, silv_milestone_type_code, results_submission_id, declared_date, declared_userid, declare_ind, declaration_submitted_date, early_offset_years, late_offset_years, due_early_date, due_late_date, entry_userid, entry_timestamp, update_userid, update_timestamp, revision_count, extent_feasible_declared_ind) VALUES
	 (2333293,'FG',NULL,NULL,NULL,NULL,NULL,NULL,20,NULL,TIMESTAMP'2041-01-07 00:00:00','BCEID\ANYA.DENNILL',TIMESTAMP'2022-05-07 09:48:59','BCEID\ALEXANDRA.VALLEE',TIMESTAMP'2025-04-16 10:31:20',20,'N'),
	 (2333293,'PH',2153194,TIMESTAMP'2021-04-14 00:00:00','BCEID\ANYA.DENNILL','Y',TIMESTAMP'2022-05-07 10:10:56',NULL,NULL,NULL,NULL,'BCEID\ANYA.DENNILL',TIMESTAMP'2022-05-07 09:48:59','BCEID\ALEXANDRA.VALLEE',TIMESTAMP'2025-04-16 10:31:20',21,'N'),
	 (2333293,'RG',2247022,TIMESTAMP'2022-10-26 00:00:00','BCEID\ALEXANDRA.VALLEE','Y',TIMESTAMP'2023-03-23 13:58:32',NULL,3,NULL,TIMESTAMP'2024-01-07 00:00:00','BCEID\ANYA.DENNILL',TIMESTAMP'2022-05-07 09:48:59','BCEID\ALEXANDRA.VALLEE',TIMESTAMP'2025-04-16 10:31:20',21,'N'),
	 (2333294,'FG',NULL,NULL,NULL,NULL,NULL,NULL,20,NULL,TIMESTAMP'2041-01-07 00:00:00','BCEID\ANYA.DENNILL',TIMESTAMP'2022-05-07 09:48:59','BCEID\ALEXANDRA.VALLEE',TIMESTAMP'2025-04-16 10:31:20',20,'N'),
	 (2333294,'PH',2153194,TIMESTAMP'2021-04-14 00:00:00','BCEID\ANYA.DENNILL','Y',TIMESTAMP'2022-05-07 10:10:56',NULL,NULL,NULL,NULL,'BCEID\ANYA.DENNILL',TIMESTAMP'2022-05-07 09:48:59','BCEID\ALEXANDRA.VALLEE',TIMESTAMP'2025-04-16 10:31:20',21,'N'),
	 (2333294,'RG',2247022,TIMESTAMP'2022-10-26 00:00:00','BCEID\ALEXANDRA.VALLEE','Y',TIMESTAMP'2023-03-23 13:58:32',NULL,3,NULL,TIMESTAMP'2024-01-07 00:00:00','BCEID\ANYA.DENNILL',TIMESTAMP'2022-05-07 09:48:59','BCEID\ALEXANDRA.VALLEE',TIMESTAMP'2025-04-16 10:31:20',21,'N'),
	 (2333295,'FG',NULL,NULL,NULL,NULL,NULL,NULL,20,NULL,TIMESTAMP'2041-01-07 00:00:00','BCEID\ANYA.DENNILL',TIMESTAMP'2022-05-07 09:48:59','BCEID\ALEXANDRA.VALLEE',TIMESTAMP'2025-04-16 10:31:20',20,'N'),
	 (2333295,'PH',2153194,TIMESTAMP'2021-04-14 00:00:00','BCEID\ANYA.DENNILL','Y',TIMESTAMP'2022-05-07 10:10:56',NULL,NULL,NULL,NULL,'BCEID\ANYA.DENNILL',TIMESTAMP'2022-05-07 09:48:59','BCEID\ALEXANDRA.VALLEE',TIMESTAMP'2025-04-16 10:31:20',21,'N'),
	 (2333295,'RG',2247022,TIMESTAMP'2022-10-26 00:00:00','BCEID\ALEXANDRA.VALLEE','Y',TIMESTAMP'2023-03-23 13:58:32',NULL,6,NULL,TIMESTAMP'2027-01-07 00:00:00','BCEID\ANYA.DENNILL',TIMESTAMP'2022-05-07 09:48:59','BCEID\ALEXANDRA.VALLEE',TIMESTAMP'2025-04-16 10:31:20',21,'N');

INSERT INTO silva.stocking_ecology (stocking_ecology_id, opening_id, stocking_standard_unit_id, bec_region_code, bgc_zone_code, bgc_subzone_code, bgc_variant, bgc_phase, bec_site_series, bec_site_type, bec_seral, entry_userid, entry_timestamp, update_userid, update_timestamp, revision_count) VALUES
	 (2331718,1761935,2333293,NULL,'CWH','dm',NULL,NULL,'01',NULL,NULL,'BCEID\ANYA.DENNILL',TIMESTAMP'2022-05-07 09:48:59','BCEID\ANYA.DENNILL',TIMESTAMP'2022-05-07 09:48:59',1),
	 (2331719,1761935,2333294,NULL,'CWH','dm',NULL,NULL,'03',NULL,NULL,'BCEID\ANYA.DENNILL',TIMESTAMP'2022-05-07 09:48:59','BCEID\ANYA.DENNILL',TIMESTAMP'2022-05-07 09:48:59',1),
	 (2331720,1761935,2333295,NULL,'CWH','dm',NULL,NULL,'06',NULL,NULL,'BCEID\ANYA.DENNILL',TIMESTAMP'2022-05-07 09:48:59','BCEID\ANYA.DENNILL',TIMESTAMP'2022-05-07 09:48:59',1);

INSERT INTO silva.forest_stewardship_plan (fsp_id, fsp_amendment_number, fsp_status_code, fsp_amendment_code, licensee_amendment_name, plan_name, plan_term_years, plan_term_months, plan_start_date, plan_end_date, plan_submission_date, plan_decision_date, plan_decision_userid, transition_ind, identified_areas_update_ind, fdu_update_ind, stocking_standard_update_ind, frpa197_election_ind, contact_name, telephone_number, email_address, amendment_approval_date, amendment_authority, amendment_approval_requird_ind, amendment_submission_date, revision_count, entry_userid, entry_timestamp, update_userid, update_timestamp) VALUES
	 (93,0,'RET','ORG',NULL,'Johnstone Strait Forest Stewardship Plan',5,0,TIMESTAMP'2006-12-13 00:00:00',TIMESTAMP'2011-12-13 00:00:00',TIMESTAMP'2006-12-11 00:00:00',TIMESTAMP'2006-12-13 00:00:00','IDIR\JDPICKFO','N','N','N','N','N','Rick Monchak, RPF','2502867364','monchak.r@timberwest.com',TIMESTAMP'2006-12-13 00:00:00','IDIR\LKSMITH','Y',TIMESTAMP'2006-12-11 00:00:00',15,'IDIR\DORMACDO',TIMESTAMP'2007-04-02 15:36:38','IDIR\PPICARD',TIMESTAMP'2011-03-16 15:33:46'),
	 (93,1,'RET','AMD',NULL,'Johnstone Strait Forest Stewardship Plan',5,0,TIMESTAMP'2008-01-30 00:00:00',TIMESTAMP'2011-12-13 00:00:00',TIMESTAMP'2008-01-03 00:00:00',TIMESTAMP'2008-01-30 00:00:00','IDIR\JDPICKFO','N','N','N','N','N','Rick Monchak, RPF','2502867364','monchak.r@timberwest.com',TIMESTAMP'2008-01-30 00:00:00',NULL,'N',TIMESTAMP'2008-01-30 00:00:00',9,'BCEID\RMMONCHAK',TIMESTAMP'2008-01-31 10:14:49','IDIR\PPICARD',TIMESTAMP'2011-03-16 15:34:22'),
	 (93,2,'RET','AMD',NULL,'Johnstone Strait Forest Stewardship Plan',5,0,TIMESTAMP'2008-05-02 00:00:00',TIMESTAMP'2011-12-13 00:00:00',TIMESTAMP'2008-01-03 00:00:00',TIMESTAMP'2008-05-02 00:00:00','IDIR\JDPICKFO','N','N','N','N','N','Rick Monchak, RPF','2502867364','monchak.r@timberwest.com',TIMESTAMP'2008-05-02 00:00:00','IDIR\KAWILLIS','Y',TIMESTAMP'2008-01-30 00:00:00',14,'BCEID\RMMONCHAK',TIMESTAMP'2008-01-31 15:07:13','IDIR\PPICARD',TIMESTAMP'2011-03-16 15:34:38'),
	 (93,3,'RET','AMD','Declared Area Amend. Mar 28 08','Johnstone Strait Forest Stewardship Plan',5,0,TIMESTAMP'2008-03-12 00:00:00',TIMESTAMP'2011-12-13 00:00:00',TIMESTAMP'2008-01-03 00:00:00',TIMESTAMP'2008-03-12 00:00:00','IDIR\JDPICKFO','N','Y','N','N','N','Rick Monchak, RPF','2502867364','monchak.r@timberwest.com',TIMESTAMP'2008-03-12 00:00:00',NULL,'N',TIMESTAMP'2008-03-12 00:00:00',13,'BCEID\RMMONCHAK',TIMESTAMP'2008-05-28 15:38:11','IDIR\PPICARD',TIMESTAMP'2011-03-16 15:34:58'),
	 (93,4,'RET','AMD',NULL,'Johnstone Strait Forest Stewardship Plan',5,0,TIMESTAMP'2007-01-29 00:00:00',TIMESTAMP'2011-12-13 00:00:00',TIMESTAMP'2008-01-03 00:00:00',TIMESTAMP'2009-04-08 00:00:00','IDIR\DELWILLI','N','N','N','N','N','Rick Monchak, RPF','2502867364','monchak.r@timberwest.com',TIMESTAMP'2009-04-08 00:00:00',NULL,'N',TIMESTAMP'2007-01-29 00:00:00',10,'IDIR\DELWILLI',TIMESTAMP'2009-04-08 08:38:44','IDIR\PPICARD',TIMESTAMP'2011-03-16 15:35:14'),
	 (93,5,'RET','AMD','Amendment # 5','Johnstone Strait Forest Stewardship Plan',5,0,TIMESTAMP'2009-12-17 00:00:00',TIMESTAMP'2011-12-13 00:00:00',TIMESTAMP'2008-01-03 00:00:00',TIMESTAMP'2009-12-17 00:00:00','IDIR\DELWILLI','N','N','N','N','N','Rick Monchak, RPF','2502867364','monchakr@timberwest.com',TIMESTAMP'2009-12-17 00:00:00','IDIR\PSILVER','Y',TIMESTAMP'2010-05-12 00:00:00',9,'BCEID\RMMONCHAK',TIMESTAMP'2010-05-12 12:55:10','IDIR\PPICARD',TIMESTAMP'2011-03-16 15:35:30'),
	 (93,6,'RET','AMD','Addition to FDU T','Johnstone Strait Forest Stewardship Plan',5,0,TIMESTAMP'2010-06-07 00:00:00',TIMESTAMP'2011-12-13 00:00:00',TIMESTAMP'2008-01-03 00:00:00',NULL,'BCEID\RMMONCHAK','N','N','Y','N','N','Rick Monchak, RPF','2502867364','monchakr@timberwest.com',TIMESTAMP'2010-06-07 00:00:00',NULL,'N',TIMESTAMP'2010-06-07 00:00:00',7,'BCEID\RMMONCHAK',TIMESTAMP'2010-06-07 12:17:40','IDIR\PPICARD',TIMESTAMP'2011-03-16 15:36:09'),
	 (93,7,'RET','AMD',NULL,'Johnstone Strait Forest Stewardship Plan',5,0,TIMESTAMP'2010-07-05 00:00:00',TIMESTAMP'2011-12-13 00:00:00',TIMESTAMP'2008-01-03 00:00:00',NULL,'BCEID\RMMONCHAK','N','N','Y','N','N','Rick Monchak, RPF','2502867364','monchakr@timberwest.com',TIMESTAMP'2010-07-05 00:00:00',NULL,'N',TIMESTAMP'2010-07-05 00:00:00',6,'BCEID\RMMONCHAK',TIMESTAMP'2010-07-05 09:57:01','IDIR\PPICARD',TIMESTAMP'2011-03-16 15:36:22'),
	 (93,8,'RET','AMD','Amendment # 8','Johnstone Strait Forest Stewardship Plan',5,0,TIMESTAMP'2010-10-08 00:00:00',TIMESTAMP'2011-12-13 00:00:00',TIMESTAMP'2008-01-03 00:00:00',NULL,'BCEID\RMMONCHAK','N','N','Y','N','N','Rick Monchak, RPF','2502867364','monchakr@timberwest.com',TIMESTAMP'2010-10-08 00:00:00',NULL,'N',TIMESTAMP'2010-10-08 00:00:00',9,'BCEID\RMMONCHAK',TIMESTAMP'2010-10-08 15:26:47','IDIR\PPICARD',TIMESTAMP'2011-03-16 15:36:40'),
	 (93,9,'RET','AMD',NULL,'Johnstone Strait Forest Stewardship Plan',5,0,TIMESTAMP'2011-06-16 00:00:00',TIMESTAMP'2011-12-13 00:00:00',TIMESTAMP'2008-01-03 00:00:00',TIMESTAMP'2011-06-16 00:00:00','IDIR\PSILVER','N','N','N','Y','N','Rick Monchak, RPF','2502867364','monchakr@timberwest.com',TIMESTAMP'2011-06-21 00:00:00','IDIR\PSILVER','Y',TIMESTAMP'2011-06-15 00:00:00',11,'BCEID\RMMONCHAK',TIMESTAMP'2010-11-26 14:38:27','IDIR\PPICARD',TIMESTAMP'2011-11-29 10:47:24'),
	 (93,10,'RET','AMD','No 10, Declared Areas','Johnstone Strait Forest Stewardship Plan',NULL,NULL,TIMESTAMP'2011-10-17 00:00:00',TIMESTAMP'2016-12-11 00:00:00',TIMESTAMP'2008-01-03 00:00:00',NULL,'BCEID\RMMONCHAK','N','Y','N','N','N','Rick Monchak, RPF','2502867364','monchakr@timberwest.com',TIMESTAMP'2011-10-17 00:00:00',NULL,'N',TIMESTAMP'2011-10-17 00:00:00',28,'BCEID\RMMONCHAK',TIMESTAMP'2011-10-17 13:36:41','AMND_PLAN_UPDATE',TIMESTAMP'2017-10-10 14:47:06'),
	 (93,11,'RET','AMD',NULL,'Johnstone Strait Forest Stewardship Plan',NULL,NULL,TIMESTAMP'2013-03-25 00:00:00',TIMESTAMP'2016-12-11 00:00:00',TIMESTAMP'2008-01-03 00:00:00',NULL,'BCEID\RMMONCHAK','N','N','N','N','Y','Rick Monchak, RPF','2502867364','monchakr@timberwest.com',TIMESTAMP'2013-03-25 00:00:00',NULL,'N',TIMESTAMP'2013-03-25 00:00:00',22,'BCEID\RMMONCHAK',TIMESTAMP'2013-03-25 16:00:54','AMND_TERM_UPDATE',TIMESTAMP'2017-10-10 14:47:06'),
	 (93,12,'RET','AMD',NULL,'Johnstone Strait Forest Stewardship Plan',NULL,NULL,TIMESTAMP'2013-05-30 00:00:00',TIMESTAMP'2016-12-11 00:00:00',TIMESTAMP'2008-01-03 00:00:00',TIMESTAMP'2013-05-30 00:00:00','IDIR\PSILVER','N','N','N','N','Y','Rick Monchak, RPF','2502867364','monchakr@timberwest.com',TIMESTAMP'2013-05-30 00:00:00','IDIR\PSILVER','Y',TIMESTAMP'2013-05-14 00:00:00',22,'BCEID\RMMONCHAK',TIMESTAMP'2013-05-14 10:34:10','AMND_TERM_UPDATE',TIMESTAMP'2017-10-10 14:47:06'),
	 (93,13,'RET','AMD',NULL,'Johnstone Strait Forest Stewardship Plan',NULL,NULL,TIMESTAMP'2013-07-30 00:00:00',TIMESTAMP'2016-12-11 00:00:00',TIMESTAMP'2008-01-03 00:00:00',NULL,'IDIR\SCAKERLE','N','N','N','N','Y','Rick Monchak, RPF','2502867364','monchakr@timberwest.com',TIMESTAMP'2013-07-30 00:00:00',NULL,'N',TIMESTAMP'2013-07-30 00:00:00',20,'IDIR\SCAKERLE',TIMESTAMP'2013-07-30 13:46:26','AMND_TERM_UPDATE',TIMESTAMP'2017-10-10 14:47:06'),
	 (93,14,'RET','AMD',NULL,'Johnstone Strait Forest Stewardship Plan',NULL,NULL,TIMESTAMP'2014-04-15 00:00:00',TIMESTAMP'2016-12-11 00:00:00',TIMESTAMP'2008-01-03 00:00:00',TIMESTAMP'2014-04-15 00:00:00','IDIR\MLEROY','N','N','Y','N','Y','Rick Monchak, RPF','2502867364','monchakr@timberwest.com',TIMESTAMP'2014-08-14 00:00:00','IDIR\MLEROY','Y',TIMESTAMP'2014-08-13 00:00:00',24,'BCEID\RMMONCHAK',TIMESTAMP'2014-04-02 17:14:12','AMND_TERM_UPDATE',TIMESTAMP'2017-10-10 14:47:06'),
	 (93,15,'RET','AMD',NULL,'Johnstone Strait Forest Stewardship Plan',NULL,NULL,TIMESTAMP'2014-09-23 00:00:00',TIMESTAMP'2016-12-11 00:00:00',TIMESTAMP'2008-01-03 00:00:00',NULL,'BCEID\RMMONCHAK','N','Y','N','N','Y','Rick Monchak, RPF','2502867364','monchakr@timberwest.com',TIMESTAMP'2014-09-23 00:00:00',NULL,'N',TIMESTAMP'2014-09-23 00:00:00',16,'BCEID\RMMONCHAK',TIMESTAMP'2014-09-23 15:34:27','AMND_TERM_UPDATE',TIMESTAMP'2017-10-10 14:47:06'),
	 (93,16,'RET','AMD',NULL,'Johnstone Strait Forest Stewardship Plan',NULL,NULL,TIMESTAMP'2015-01-02 00:00:00',TIMESTAMP'2016-12-11 00:00:00',TIMESTAMP'2008-01-03 00:00:00',NULL,'BCEID\RMMONCHAK','N','Y','N','N','Y','Rick Monchak, RPF','2502867364','monchakr@timberwest.com',TIMESTAMP'2015-01-02 00:00:00',NULL,'N',TIMESTAMP'2015-01-02 00:00:00',15,'BCEID\RMMONCHAK',TIMESTAMP'2015-01-02 11:49:39','AMND_TERM_UPDATE',TIMESTAMP'2017-10-10 14:47:06'),
	 (93,17,'RET','AMD',NULL,'Johnstone Strait Forest Stewardship Plan',NULL,NULL,TIMESTAMP'2015-01-07 00:00:00',TIMESTAMP'2016-12-11 00:00:00',TIMESTAMP'2008-01-03 00:00:00',TIMESTAMP'2015-01-07 00:00:00','IDIR\PSILVER','N','N','N','N','Y','Rick Monchak, RPF','2502867364','monchakr@timberwest.com',TIMESTAMP'2015-01-07 00:00:00','IDIR\PSILVER','Y',TIMESTAMP'2015-01-07 00:00:00',17,'BCEID\RMMONCHAK',TIMESTAMP'2015-01-05 15:42:07','AMND_TERM_UPDATE',TIMESTAMP'2017-10-10 14:47:06'),
	 (93,18,'RET','AMD',NULL,'Johnstone Strait Forest Stewardship Plan',NULL,NULL,TIMESTAMP'2015-01-16 00:00:00',TIMESTAMP'2016-12-11 00:00:00',TIMESTAMP'2008-01-03 00:00:00',NULL,'BCEID\RMMONCHAK','N','Y','N','N','Y','Rick Monchak, RPF','2502867364','monchakr@timberwest.com',TIMESTAMP'2015-01-16 00:00:00',NULL,'N',TIMESTAMP'2015-01-16 00:00:00',15,'BCEID\RMMONCHAK',TIMESTAMP'2015-01-16 14:27:40','AMND_TERM_UPDATE',TIMESTAMP'2017-10-10 14:47:06'),
	 (93,19,'RET','AMD',NULL,'Johnstone Strait Forest Stewardship Plan',NULL,NULL,TIMESTAMP'2015-04-30 00:00:00',TIMESTAMP'2016-12-11 00:00:00',TIMESTAMP'2008-01-03 00:00:00',NULL,'BCEID\RMMONCHAK','N','N','Y','N','Y','Rick Monchak, RPF','2502867364','monchakr@timberwest.com',TIMESTAMP'2015-04-30 00:00:00',NULL,'N',TIMESTAMP'2015-04-30 00:00:00',14,'BCEID\RMMONCHAK',TIMESTAMP'2015-04-30 11:18:41','AMND_TERM_UPDATE',TIMESTAMP'2017-10-10 14:47:06');
INSERT INTO silva.forest_stewardship_plan (fsp_id, fsp_amendment_number, fsp_status_code, fsp_amendment_code, licensee_amendment_name, plan_name, plan_term_years, plan_term_months, plan_start_date, plan_end_date, plan_submission_date, plan_decision_date, plan_decision_userid, transition_ind, identified_areas_update_ind, fdu_update_ind, stocking_standard_update_ind, frpa197_election_ind, contact_name, telephone_number, email_address, amendment_approval_date, amendment_authority, amendment_approval_requird_ind, amendment_submission_date, revision_count, entry_userid, entry_timestamp, update_userid, update_timestamp) VALUES
	 (93,20,'RET','AMD','Homalco NRFL','Johnstone Strait Forest Stewardship Plan',NULL,NULL,TIMESTAMP'2015-08-06 00:00:00',TIMESTAMP'2016-12-11 00:00:00',TIMESTAMP'2008-01-03 00:00:00',TIMESTAMP'2015-08-06 00:00:00','IDIR\PSILVER','N','N','N','N','Y','Rick Monchak, RPF','2502867364','monchakr@timberwest.com',TIMESTAMP'2015-08-06 00:00:00','IDIR\PSILVER','Y',TIMESTAMP'2015-05-12 00:00:00',16,'BCEID\RMMONCHAK',TIMESTAMP'2015-04-30 15:31:35','AMND_TERM_UPDATE',TIMESTAMP'2017-10-10 14:47:06'),
	 (93,21,'RET','AMD','FDU_F Amendment','Johnstone Straits Forest Stewardship Plan',NULL,NULL,TIMESTAMP'2016-06-02 00:00:00',TIMESTAMP'2016-12-11 00:00:00',TIMESTAMP'2008-01-03 00:00:00',TIMESTAMP'2016-06-02 00:00:00','IDIR\TMHARTZ','N','N','Y','N','N','Rick Monchak','2502867334','monchakr@timberwest.com',TIMESTAMP'2016-07-22 00:00:00','IDIR\TMHARTZ','Y',TIMESTAMP'2016-07-22 00:00:00',19,'BCEID\RMMONCHAK',TIMESTAMP'2016-06-01 15:00:01','AMND_TERM_UPDATE',TIMESTAMP'2017-10-10 14:47:06'),
	 (93,22,'RET','AMD','GBRO Amendment','Johnstone Straits Forest Stewardship Plan',NULL,NULL,TIMESTAMP'2016-09-02 00:00:00',TIMESTAMP'2017-09-11 00:00:00',TIMESTAMP'2008-01-03 00:00:00',TIMESTAMP'2016-09-02 00:00:00','IDIR\LCHESSOR','N','N','N','N','Y','Rick Monchak','2502867334','monchakr@timberwest.com',TIMESTAMP'2016-10-14 00:00:00','IDIR\LCHESSOR','Y',TIMESTAMP'2016-07-26 00:00:00',15,'BCEID\RMMONCHAK',TIMESTAMP'2016-07-26 15:42:01','AMND_PLAN_UPDATE',TIMESTAMP'2017-10-10 14:47:06'),
	 (93,23,'RET','RPL','Replacement','Johnstone Straits Forest Stewardship Plan',NULL,NULL,TIMESTAMP'2017-09-11 00:00:00',TIMESTAMP'2022-09-11 00:00:00',TIMESTAMP'2008-01-03 00:00:00',TIMESTAMP'2017-09-05 00:00:00','IDIR\DANTURNE','N','N','Y','N','Y','Rick Monchak','2502032058','monchakr@timberwest.com',TIMESTAMP'2019-06-24 00:00:00','IDIR\DANTURNE','Y',TIMESTAMP'2019-06-24 00:00:00',28,'BCEID\RMMONCHAK',TIMESTAMP'2017-08-09 08:39:12','IDIR\DANTURNE',TIMESTAMP'2019-06-24 09:29:32'),
	 (93,24,'CAN','AMD',NULL,'Johnstone Straits Forest Stewardship Plan',NULL,NULL,NULL,TIMESTAMP'2022-09-11 00:00:00',TIMESTAMP'2008-01-03 00:00:00',NULL,NULL,'N','N','N','N','Y','Jennifer Peschke','2502043277','jennifer.peschke@mosaicforests.com',NULL,NULL,'N',NULL,3,'BCEID\PESCHKEJ',TIMESTAMP'2020-09-28 11:25:42','BCEID\PESCHKEJ',TIMESTAMP'2020-09-28 11:26:30'),
	 (93,25,'APP','RPL',NULL,'Johnstone Straits Forest Stewardship Plan',NULL,NULL,TIMESTAMP'2022-10-05 00:00:00',TIMESTAMP'2024-09-11 00:00:00',TIMESTAMP'2008-01-03 00:00:00',TIMESTAMP'2022-10-05 00:00:00','IDIR\MICBAKER','N','N','N','Y','Y','Jennifer Peschke','2502043277','jennifer.peschke@mosaicforests.com',TIMESTAMP'2022-10-14 00:00:00','IDIR\MICBAKER','Y',TIMESTAMP'2022-10-14 00:00:00',14,'BCEID\PESCHKEJ',TIMESTAMP'2022-10-14 13:06:43','AMND_PLAN_UPDATE',TIMESTAMP'2024-08-30 12:05:46'),
	 (93,26,'INE','AMD',NULL,'Johnstone Straits Forest Stewardship Plan',NULL,NULL,TIMESTAMP'2024-01-15 00:00:00',TIMESTAMP'2024-09-11 00:00:00',TIMESTAMP'2008-01-03 00:00:00',NULL,'BCEID\PESCHKEJ','N','Y','N','N','Y','Jennifer Peschke','2502043277','jennifer.peschke@mosaicforests.com',TIMESTAMP'2024-01-15 00:00:00',NULL,'N',TIMESTAMP'2024-01-15 00:00:00',11,'BCEID\PESCHKEJ',TIMESTAMP'2023-12-21 12:18:21','AMND_TERM_UPDATE',TIMESTAMP'2024-08-30 12:05:46'),
	 (93,27,'INE','AMD','Declared Areas','Johnstone Straits Forest Stewardship Plan',NULL,NULL,TIMESTAMP'2024-01-16 00:00:00',TIMESTAMP'2024-09-11 00:00:00',TIMESTAMP'2008-01-03 00:00:00',NULL,'BCEID\PESCHKEJ','N','Y','N','N','Y','Jennifer Peschke','2502043277','jennifer.peschke@mosaicforests.com',TIMESTAMP'2024-01-16 00:00:00',NULL,'N',TIMESTAMP'2024-01-16 00:00:00',11,'BCEID\PESCHKEJ',TIMESTAMP'2024-01-15 16:21:28','AMND_TERM_UPDATE',TIMESTAMP'2024-08-30 12:05:46'),
	 (93,28,'INE','AMD','Declared Areas','Johnstone Straits Forest Stewardship Plan',NULL,NULL,TIMESTAMP'2024-03-06 00:00:00',TIMESTAMP'2024-09-11 00:00:00',TIMESTAMP'2008-01-03 00:00:00',NULL,'BCEID\PESCHKEJ','N','Y','N','N','Y','Jennifer Peschke','2502043277','jennifer.peschke@mosaicforests.com',TIMESTAMP'2024-03-06 00:00:00',NULL,'N',TIMESTAMP'2024-03-06 00:00:00',10,'BCEID\PESCHKEJ',TIMESTAMP'2024-03-06 09:23:59','AMND_TERM_UPDATE',TIMESTAMP'2024-08-30 12:05:46'),
	 (93,29,'INE','AMD',NULL,'Johnstone Straits Forest Stewardship Plan',NULL,NULL,TIMESTAMP'2024-07-18 00:00:00',TIMESTAMP'2024-09-11 00:00:00',TIMESTAMP'2008-01-03 00:00:00',NULL,'BCEID\PESCHKEJ','N','Y','N','N','Y','Jennifer Peschke','2502043277','jennifer.peschke@mosaicforests.com',TIMESTAMP'2024-07-18 00:00:00',NULL,'N',TIMESTAMP'2024-07-18 00:00:00',8,'BCEID\PESCHKEJ',TIMESTAMP'2024-07-18 09:34:44','AMND_TERM_UPDATE',TIMESTAMP'2024-08-30 12:05:46'),
	 (93,30,'INE','AMD','Declared Areas','Johnstone Straits Forest Stewardship Plan',NULL,NULL,TIMESTAMP'2024-08-13 00:00:00',TIMESTAMP'2024-09-11 00:00:00',TIMESTAMP'2008-01-03 00:00:00',NULL,'BCEID\PESCHKEJ','N','Y','N','N','Y','Jennifer Peschke','2502043277','jennifer.peschke@mosaicforests.com',TIMESTAMP'2024-08-13 00:00:00',NULL,'N',TIMESTAMP'2024-08-13 00:00:00',9,'BCEID\PESCHKEJ',TIMESTAMP'2024-08-13 10:28:46','AMND_TERM_UPDATE',TIMESTAMP'2024-08-30 12:05:46'),
	 (93,31,'INE','AMD','Declared Areas','Johnstone Straits Forest Stewardship Plan',NULL,NULL,TIMESTAMP'2024-08-30 00:00:00',TIMESTAMP'2024-09-11 00:00:00',TIMESTAMP'2008-01-03 00:00:00',NULL,'BCEID\PESCHKEJ','N','Y','N','N','Y','Jennifer Peschke','2502043277','jennifer.peschke@mosaicforests.com',TIMESTAMP'2024-08-30 00:00:00',NULL,'N',TIMESTAMP'2024-08-30 00:00:00',7,'BCEID\PESCHKEJ',TIMESTAMP'2024-08-30 12:01:30','AMND_TERM_UPDATE',TIMESTAMP'2024-08-30 12:05:46');

INSERT INTO silva.fsp_standards_regime_xref (fsp_id, fsp_amendment_number, standards_regime_id, revision_count, entry_userid, entry_timestamp, update_userid, update_timestamp) VALUES
	 (93,0,1006586,1,'IDIR\ADELLAVI',TIMESTAMP'2007-12-19 09:15:23','IDIR\ADELLAVI',TIMESTAMP'2007-12-19 09:15:23'),
	 (93,23,1054256,1,'BCEID\RMMONCHAK',TIMESTAMP'2017-08-09 09:22:11','BCEID\RMMONCHAK',TIMESTAMP'2017-08-09 09:22:11'),
	 (93,23,1054257,1,'BCEID\RMMONCHAK',TIMESTAMP'2017-08-09 09:25:43','BCEID\RMMONCHAK',TIMESTAMP'2017-08-09 09:25:43');

INSERT INTO silva.stocking_layer (stocking_layer_id, stocking_standard_unit_id, opening_id, stocking_layer_code, target_stocking, residual_basal_area, min_horizontal_distance, min_pref_stocking_standard, min_post_spacing, min_stocking_standard, max_post_spacing, max_conifer, hght_relative_to_comp, tree_size_unit_code, entry_userid, entry_timestamp, update_userid, update_timestamp, revision_count) VALUES
	 (2133350,2333293,1761935,'I',900,NULL,2,400,NULL,500,NULL,NULL,NULL,NULL,'BCEID\ANYA.DENNILL',TIMESTAMP'2022-05-07 09:48:59','BCEID\ANYA.DENNILL',TIMESTAMP'2022-05-07 09:48:59',1),
	 (2133351,2333294,1761935,'I',800,NULL,2,400,NULL,400,NULL,NULL,NULL,NULL,'BCEID\ANYA.DENNILL',TIMESTAMP'2022-05-07 09:48:59','BCEID\ANYA.DENNILL',TIMESTAMP'2022-05-07 09:48:59',1),
	 (2133352,2333295,1761935,'I',900,NULL,2,400,NULL,500,NULL,NULL,NULL,NULL,'BCEID\ANYA.DENNILL',TIMESTAMP'2022-05-07 09:48:59','BCEID\ANYA.DENNILL',TIMESTAMP'2022-05-07 09:48:59',1);

INSERT INTO silva.stocking_layer_species (stocking_layer_id, silv_tree_species_code, species_order, preferred_ind, min_height, entry_userid, entry_timestamp, update_userid, update_timestamp, revision_count) VALUES
	 (2133350,'CW',1,'Y',1.5,'BCEID\ANYA.DENNILL',TIMESTAMP'2022-05-07 09:48:59','BCEID\ANYA.DENNILL',TIMESTAMP'2022-05-07 09:48:59',1),
	 (2133350,'FDC',2,'Y',3,'BCEID\ANYA.DENNILL',TIMESTAMP'2022-05-07 09:48:59','BCEID\ANYA.DENNILL',TIMESTAMP'2022-05-07 09:48:59',1),
	 (2133350,'HW',3,'Y',3,'BCEID\ANYA.DENNILL',TIMESTAMP'2022-05-07 09:48:59','BCEID\ANYA.DENNILL',TIMESTAMP'2022-05-07 09:48:59',1),
	 (2133350,'PW',1,'N',2.5,'BCEID\ANYA.DENNILL',TIMESTAMP'2022-05-07 09:48:59','BCEID\ANYA.DENNILL',TIMESTAMP'2022-05-07 09:48:59',1),
	 (2133351,'CW',1,'N',1,'BCEID\ANYA.DENNILL',TIMESTAMP'2022-05-07 09:48:59','BCEID\ANYA.DENNILL',TIMESTAMP'2022-05-07 09:48:59',1),
	 (2133351,'FDC',1,'Y',2,'BCEID\ANYA.DENNILL',TIMESTAMP'2022-05-07 09:48:59','BCEID\ANYA.DENNILL',TIMESTAMP'2022-05-07 09:48:59',1),
	 (2133351,'HW',2,'Y',2,'BCEID\ANYA.DENNILL',TIMESTAMP'2022-05-07 09:48:59','BCEID\ANYA.DENNILL',TIMESTAMP'2022-05-07 09:48:59',1),
	 (2133351,'PW',2,'N',2,'BCEID\ANYA.DENNILL',TIMESTAMP'2022-05-07 09:48:59','BCEID\ANYA.DENNILL',TIMESTAMP'2022-05-07 09:48:59',1),
	 (2133352,'CW',1,'Y',1.5,'BCEID\ANYA.DENNILL',TIMESTAMP'2022-05-07 09:48:59','BCEID\ANYA.DENNILL',TIMESTAMP'2022-05-07 09:48:59',1),
	 (2133352,'FDC',1,'N',3,'BCEID\ANYA.DENNILL',TIMESTAMP'2022-05-07 09:48:59','BCEID\ANYA.DENNILL',TIMESTAMP'2022-05-07 09:48:59',1),
	 (2133352,'HW',2,'Y',3,'BCEID\ANYA.DENNILL',TIMESTAMP'2022-05-07 09:48:59','BCEID\ANYA.DENNILL',TIMESTAMP'2022-05-07 09:48:59',1);

INSERT INTO silva.forest_cover (forest_cover_id, opening_id, stocking_standard_unit_id, silv_polygon_no, silv_polygon_area, silv_polygon_net_area, stocking_class_code, stocking_status_code, stocking_type_code, reference_year, reentry_year, site_class_code, site_index, site_index_source_code, silv_reserve_code, silv_reserve_objective_code, tree_species_code, tree_cover_pattern_code, results_submission_id, entry_userid, entry_timestamp, update_userid, update_timestamp, revision_count) VALUES
	 (4401631,1761935,NULL,'3',2.2,2.2,NULL,'MAT','NAT',2019,NULL,NULL,34,'H','G','WTR','FDC',NULL,2247022,'BCEID\ALEXANDRA.VALLEE',TIMESTAMP'2022-05-07 00:00:00','BCEID\ALEXANDRA.VALLEE',TIMESTAMP'2023-03-23 13:58:32',1),
	 (4401624,1761935,2333293,'A1',22,20.4,NULL,'IMM','ART',2022,NULL,NULL,34,'E',NULL,NULL,'FDC',NULL,2247022,'BCEID\ALEXANDRA.VALLEE',TIMESTAMP'2022-05-07 00:00:00','BCEID\ALEXANDRA.VALLEE',TIMESTAMP'2023-03-23 13:58:32',2),
	 (4401625,1761935,2333294,'B2',3.4,3.3,NULL,'IMM','ART',2022,NULL,NULL,24,'E',NULL,NULL,'FDC',NULL,2247022,'BCEID\ALEXANDRA.VALLEE',TIMESTAMP'2022-05-07 00:00:00','BCEID\ALEXANDRA.VALLEE',TIMESTAMP'2023-03-23 13:58:32',2),
	 (4401626,1761935,2333295,'C3',1.2,1.1,NULL,'IMM','ART',2022,NULL,NULL,32,'E',NULL,NULL,'CW',NULL,2247022,'BCEID\ALEXANDRA.VALLEE',TIMESTAMP'2022-05-07 00:00:00','BCEID\ALEXANDRA.VALLEE',TIMESTAMP'2023-03-23 13:58:32',2),
	 (4401627,1761935,2333293,'A',1.6,0,NULL,'NSR','PL',2021,NULL,NULL,33,'H',NULL,NULL,'FDC',NULL,2247022,'BCEID\ALEXANDRA.VALLEE',TIMESTAMP'2022-05-07 00:00:00','BCEID\ALEXANDRA.VALLEE',TIMESTAMP'2023-03-23 13:58:32',1),
	 (4401628,1761935,2333294,'B',0.1,0,NULL,'NSR','PL',2021,NULL,NULL,33,'H',NULL,NULL,'FDC',NULL,2247022,'BCEID\ALEXANDRA.VALLEE',TIMESTAMP'2022-05-07 00:00:00','BCEID\ALEXANDRA.VALLEE',TIMESTAMP'2023-03-23 13:58:32',1),
	 (4401629,1761935,2333295,'C',0.1,0,NULL,'NSR','PL',2021,NULL,NULL,33,'H',NULL,NULL,'FDC',NULL,2247022,'BCEID\ALEXANDRA.VALLEE',TIMESTAMP'2022-05-07 00:00:00','BCEID\ALEXANDRA.VALLEE',TIMESTAMP'2023-03-23 13:58:32',1),
	 (4401630,1761935,NULL,'2',2.9,2.9,NULL,'MAT','NAT',2019,NULL,NULL,36,'H','G','RMA','FDC',NULL,2247022,'BCEID\ALEXANDRA.VALLEE',TIMESTAMP'2022-05-07 00:00:00','BCEID\ALEXANDRA.VALLEE',TIMESTAMP'2023-03-23 13:58:32',1);

INSERT INTO silva.stocking_event_history (stocking_event_history_id, opening_id, opening_amendment_id, opening_amendment_number, results_audit_action_code, submitted_userid, results_submission_id, amend_event_timestamp, entry_userid, entry_timestamp, revision_count) VALUES
	 (1704826,1761935,1761935,NULL,'ES','BCEID\ANYA.DENNILL',2153182,TIMESTAMP'2022-05-07 09:48:59','BCEID\ANYA.DENNILL',TIMESTAMP'2022-05-07 09:48:59',1);

INSERT INTO silva.results_audit_event (results_audit_event_id, opening_id, standards_regime_id, silviculture_project_id, results_audit_action_code, action_date, description, user_id, email_sent_ind, xml_submission_id, opening_amendment_number, entry_userid, entry_timestamp) VALUES
	 (5214005,1761935,NULL,NULL,'ES',TIMESTAMP'2022-05-07 09:48:59','Opening ID 1761935 created',NULL,'Y',2153182,NULL,'BCEID\ANYA.DENNILL',TIMESTAMP'2022-05-07 09:48:59'),
	 (5214006,1761935,1054256,NULL,'ES',TIMESTAMP'2022-05-07 09:48:59','Standard was changed',NULL,'Y',2153182,NULL,'BCEID\ANYA.DENNILL',TIMESTAMP'2022-05-07 09:48:59'),
	 (5214007,1761935,1054257,NULL,'ES',TIMESTAMP'2022-05-07 09:48:59','Standard was changed',NULL,'Y',2153182,NULL,'BCEID\ANYA.DENNILL',TIMESTAMP'2022-05-07 09:48:59'),
	 (5214008,1761935,1006586,NULL,'ES',TIMESTAMP'2022-05-07 09:48:59','Standard was changed',NULL,'Y',2153182,NULL,'BCEID\ANYA.DENNILL',TIMESTAMP'2022-05-07 09:48:59'),
	 (5214066,1761935,NULL,NULL,'ES',TIMESTAMP'2022-05-07 10:08:55','Creating Disturbance Activity: Activity Id = 3910947',NULL,'Y',2153193,NULL,'BCEID\ANYA.DENNILL',TIMESTAMP'2022-05-07 10:08:55'),
	 (5214067,1761935,NULL,NULL,'ES',TIMESTAMP'2022-05-07 10:08:55','Inserting Activity: Activity Id = 3910948, Activity Base = ''PL''',NULL,'Y',2153193,NULL,'BCEID\ANYA.DENNILL',TIMESTAMP'2022-05-07 10:08:55'),
	 (5214068,1761935,NULL,NULL,'ES',TIMESTAMP'2022-05-07 10:08:55','Inserting Activity: Activity Id = 3910949, Activity Base = ''PC''',NULL,'Y',2153193,NULL,'BCEID\ANYA.DENNILL',TIMESTAMP'2022-05-07 10:08:55'),
	 (5214086,1761935,NULL,NULL,'ES',TIMESTAMP'2022-05-07 10:10:56','Forest Cover Polygon No. A (Id=4285661)',NULL,'Y',2153194,NULL,'BCEID\ANYA.DENNILL',TIMESTAMP'2022-05-07 10:10:56'),
	 (5214087,1761935,NULL,NULL,'ES',TIMESTAMP'2022-05-07 10:10:56','Forest Cover Polygon No. B (Id=4285662)',NULL,'Y',2153194,NULL,'BCEID\ANYA.DENNILL',TIMESTAMP'2022-05-07 10:10:56'),
	 (5214088,1761935,NULL,NULL,'ES',TIMESTAMP'2022-05-07 10:10:56','Forest Cover Polygon No. C (Id=4285663)',NULL,'Y',2153194,NULL,'BCEID\ANYA.DENNILL',TIMESTAMP'2022-05-07 10:10:56'),
	 (5214089,1761935,NULL,NULL,'ES',TIMESTAMP'2022-05-07 10:10:56','Forest Cover Polygon No. 1 (Id=4285664)',NULL,'Y',2153194,NULL,'BCEID\ANYA.DENNILL',TIMESTAMP'2022-05-07 10:10:56'),
	 (5214090,1761935,NULL,NULL,'ES',TIMESTAMP'2022-05-07 10:10:56','Forest Cover Polygon No. 2 (Id=4285665)',NULL,'Y',2153194,NULL,'BCEID\ANYA.DENNILL',TIMESTAMP'2022-05-07 10:10:56'),
	 (5214091,1761935,NULL,NULL,'ES',TIMESTAMP'2022-05-07 10:10:56','Forest Cover Polygon No. 3 (Id=4285666)',NULL,'Y',2153194,NULL,'BCEID\ANYA.DENNILL',TIMESTAMP'2022-05-07 10:10:56'),
	 (5214092,1761935,NULL,NULL,'MIL',TIMESTAMP'2022-05-07 10:10:56','Milestone was modified',NULL,'Y',2153194,NULL,'BCEID\ANYA.DENNILL',TIMESTAMP'2022-05-07 10:10:56'),
	 (5415276,1761935,NULL,NULL,'ES',TIMESTAMP'2023-03-23 13:58:32','Forest Cover Polygon No. A1 (Id=4401624)',NULL,'Y',2247022,NULL,'BCEID\ALEXANDRA.VALLEE',TIMESTAMP'2023-03-23 13:58:32'),
	 (5415277,1761935,NULL,NULL,'ES',TIMESTAMP'2023-03-23 13:58:32','Forest Cover Polygon No. B2 (Id=4401625)',NULL,'Y',2247022,NULL,'BCEID\ALEXANDRA.VALLEE',TIMESTAMP'2023-03-23 13:58:32'),
	 (5415278,1761935,NULL,NULL,'ES',TIMESTAMP'2023-03-23 13:58:32','Forest Cover Polygon No. C3 (Id=4401626)',NULL,'Y',2247022,NULL,'BCEID\ALEXANDRA.VALLEE',TIMESTAMP'2023-03-23 13:58:32'),
	 (5415279,1761935,NULL,NULL,'ES',TIMESTAMP'2023-03-23 13:58:32','Forest Cover Polygon No. A (Id=4401627)',NULL,'Y',2247022,NULL,'BCEID\ALEXANDRA.VALLEE',TIMESTAMP'2023-03-23 13:58:32'),
	 (5415280,1761935,NULL,NULL,'ES',TIMESTAMP'2023-03-23 13:58:32','Forest Cover Polygon No. B (Id=4401628)',NULL,'Y',2247022,NULL,'BCEID\ALEXANDRA.VALLEE',TIMESTAMP'2023-03-23 13:58:32'),
	 (5415281,1761935,NULL,NULL,'ES',TIMESTAMP'2023-03-23 13:58:32','Forest Cover Polygon No. C (Id=4401629)',NULL,'Y',2247022,NULL,'BCEID\ALEXANDRA.VALLEE',TIMESTAMP'2023-03-23 13:58:32');
INSERT INTO silva.results_audit_event (results_audit_event_id, opening_id, standards_regime_id, silviculture_project_id, results_audit_action_code, action_date, description, user_id, email_sent_ind, xml_submission_id, opening_amendment_number, entry_userid, entry_timestamp) VALUES
	 (5415282,1761935,NULL,NULL,'ES',TIMESTAMP'2023-03-23 13:58:32','Forest Cover Polygon No. 2 (Id=4401630)',NULL,'Y',2247022,NULL,'BCEID\ALEXANDRA.VALLEE',TIMESTAMP'2023-03-23 13:58:32'),
	 (5415283,1761935,NULL,NULL,'ES',TIMESTAMP'2023-03-23 13:58:32','Forest Cover Polygon No. 3 (Id=4401631)',NULL,'Y',2247022,NULL,'BCEID\ALEXANDRA.VALLEE',TIMESTAMP'2023-03-23 13:58:32'),
	 (5415284,1761935,NULL,NULL,'MIL',TIMESTAMP'2023-03-23 13:58:32','Milestone was modified',NULL,'Y',2247022,NULL,'BCEID\ALEXANDRA.VALLEE',TIMESTAMP'2023-03-23 13:58:32'),
	 (5461838,1761935,NULL,NULL,'ES',TIMESTAMP'2023-06-01 10:39:27','Inserting Activity: Activity Id = 4009860, Activity Base = ''PL''',NULL,'Y',2264749,NULL,'BCEID\ALEXANDRA.VALLEE',TIMESTAMP'2023-06-01 10:39:27'),
	 (5948844,1761935,NULL,NULL,'ES',TIMESTAMP'2025-04-16 10:31:20','Inserting Activity: Activity Id = 4187958, Activity Base = ''PL''',NULL,'Y',2428627,NULL,'BCEID\ALEXANDRA.VALLEE',TIMESTAMP'2025-04-16 10:31:20');

INSERT INTO silva.planting_rslt (activity_treatment_unit_id, results_ind, plant_rslt_seq_no, silv_tree_species_code, number_planted, planted_no_beyond_xfer_limit, bid_price_per_tree, seedlot_number, veg_lot_id, request_skey, item_id, entry_userid, entry_timestamp, update_userid, update_timestamp, revision_count, climate_based_seed_xfer_ind) VALUES
	 (4009860,'Y',1,'FDC',250,NULL,NULL,'63685',NULL,NULL,NULL,'BCEID\ALEXANDRA.VALLEE',TIMESTAMP'2023-06-01 10:39:27','BCEID\ALEXANDRA.VALLEE',TIMESTAMP'2023-06-01 10:39:27',1,'N'),
	 (3910948,'Y',1,'PW',500,NULL,NULL,'63468',NULL,NULL,NULL,'BCEID\ANYA.DENNILL',TIMESTAMP'2022-05-07 10:08:55','BCEID\ANYA.DENNILL',TIMESTAMP'2022-05-07 10:08:55',1,'N'),
	 (3910948,'Y',2,'FDC',2430,NULL,NULL,'62428',NULL,NULL,NULL,'BCEID\ANYA.DENNILL',TIMESTAMP'2022-05-07 10:08:55','BCEID\ANYA.DENNILL',TIMESTAMP'2022-05-07 10:08:55',1,'N'),
	 (3910948,'Y',3,'FDC',18270,NULL,NULL,'62428',NULL,NULL,NULL,'BCEID\ANYA.DENNILL',TIMESTAMP'2022-05-07 10:08:55','BCEID\ANYA.DENNILL',TIMESTAMP'2022-05-07 10:08:55',1,'N'),
	 (3910948,'Y',4,'CW',910,NULL,NULL,'63814',NULL,NULL,NULL,'BCEID\ANYA.DENNILL',TIMESTAMP'2022-05-07 10:08:55','BCEID\ANYA.DENNILL',TIMESTAMP'2022-05-07 10:08:55',1,'N'),
	 (3910948,'Y',5,'CW',380,NULL,NULL,'63814',NULL,NULL,NULL,'BCEID\ANYA.DENNILL',TIMESTAMP'2022-05-07 10:08:55','BCEID\ANYA.DENNILL',TIMESTAMP'2022-05-07 10:08:55',1,'N'),
	 (3910948,'Y',6,'CW',200,NULL,NULL,'63814',NULL,NULL,NULL,'BCEID\ANYA.DENNILL',TIMESTAMP'2022-05-07 10:08:55','BCEID\ANYA.DENNILL',TIMESTAMP'2022-05-07 10:08:55',1,'N'),
	 (3910948,'Y',7,'FDC',4460,NULL,NULL,'62432',NULL,NULL,NULL,'BCEID\ANYA.DENNILL',TIMESTAMP'2022-05-07 10:08:55','BCEID\ANYA.DENNILL',TIMESTAMP'2022-05-07 10:08:55',1,'N'),
	 (4187958,'Y',1,'CW',120,NULL,NULL,'64099',NULL,NULL,NULL,'BCEID\ALEXANDRA.VALLEE',TIMESTAMP'2025-04-16 10:31:20','BCEID\ALEXANDRA.VALLEE',TIMESTAMP'2025-04-16 10:31:20',1,'Y');

INSERT INTO silva.forest_cover_non_mapped_area (forest_cover_id, non_mapped_area_id, non_mapped_area, stocking_status_code, stocking_type_code, revision_count) VALUES
	 (4401624,'A1',1.6,'NP','UNN',1),
	 (4401625,'B5',0.1,'NP','UNN',1),
	 (4401626,'C4',0.1,'NP','UNN',1),
	 (4401627,'A1',1.6,'NP','UNN',1),
	 (4401628,'B5',0.1,'NP','UNN',1),
	 (4401629,'C4',0.1,'NP','UNN',1);

INSERT INTO silva.forest_cover_layer (forest_cover_id, forest_cover_layer_id, forest_cover_layer_code, stocking_type_code, stocking_status_code, total_stems_per_ha, total_well_spaced_stems_per_ha, well_spaced_stems_per_ha, free_growing_stems_per_ha, crown_closure_pct, basal_area, entry_userid, entry_timestamp, update_userid, update_timestamp, revision_count) VALUES
	 (4401624,4815511,'S',NULL,NULL,NULL,927,850,NULL,NULL,NULL,'BCEID\ALEXANDRA.VALLEE',TIMESTAMP'2023-03-23 13:58:32','BCEID\ALEXANDRA.VALLEE',TIMESTAMP'2023-03-23 13:58:32',1),
	 (4401624,4815512,'I',NULL,NULL,1782,NULL,NULL,NULL,2,NULL,'BCEID\ALEXANDRA.VALLEE',TIMESTAMP'2023-03-23 13:58:32','BCEID\ALEXANDRA.VALLEE',TIMESTAMP'2023-03-23 13:58:32',1),
	 (4401625,4815513,'S',NULL,NULL,NULL,920,680,NULL,NULL,NULL,'BCEID\ALEXANDRA.VALLEE',TIMESTAMP'2023-03-23 13:58:32','BCEID\ALEXANDRA.VALLEE',TIMESTAMP'2023-03-23 13:58:32',1),
	 (4401625,4815514,'I',NULL,NULL,1480,NULL,NULL,NULL,2,NULL,'BCEID\ALEXANDRA.VALLEE',TIMESTAMP'2023-03-23 13:58:32','BCEID\ALEXANDRA.VALLEE',TIMESTAMP'2023-03-23 13:58:32',1),
	 (4401626,4815515,'I',NULL,NULL,1080,NULL,NULL,NULL,1,NULL,'BCEID\ALEXANDRA.VALLEE',TIMESTAMP'2023-03-23 13:58:32','BCEID\ALEXANDRA.VALLEE',TIMESTAMP'2023-03-23 13:58:32',1),
	 (4401626,4815516,'S',NULL,NULL,NULL,760,700,NULL,NULL,NULL,'BCEID\ALEXANDRA.VALLEE',TIMESTAMP'2023-03-23 13:58:32','BCEID\ALEXANDRA.VALLEE',TIMESTAMP'2023-03-23 13:58:32',1);

INSERT INTO silva.forest_cover_layer_species (forest_cover_id, forest_cover_layer_id, species_order, tree_species_code, tree_species_pct, avg_age, avg_height, entry_userid, entry_timestamp, update_userid, update_timestamp, revision_count) VALUES
	 (4401624,4815511,1,'FDC',93,2,0.4,'BCEID\ALEXANDRA.VALLEE',TIMESTAMP'2023-03-23 13:58:32','BCEID\ALEXANDRA.VALLEE',TIMESTAMP'2023-03-23 13:58:32',1),
	 (4401624,4815511,2,'HW',5,2,0.2,'BCEID\ALEXANDRA.VALLEE',TIMESTAMP'2023-03-23 13:58:32','BCEID\ALEXANDRA.VALLEE',TIMESTAMP'2023-03-23 13:58:32',1),
	 (4401624,4815511,3,'CW',2,2,0.2,'BCEID\ALEXANDRA.VALLEE',TIMESTAMP'2023-03-23 13:58:32','BCEID\ALEXANDRA.VALLEE',TIMESTAMP'2023-03-23 13:58:32',1),
	 (4401624,4815512,1,'FDC',50,2,0.4,'BCEID\ALEXANDRA.VALLEE',TIMESTAMP'2023-03-23 13:58:32','BCEID\ALEXANDRA.VALLEE',TIMESTAMP'2023-03-23 13:58:32',1),
	 (4401624,4815512,2,'HW',46,2,0.2,'BCEID\ALEXANDRA.VALLEE',TIMESTAMP'2023-03-23 13:58:32','BCEID\ALEXANDRA.VALLEE',TIMESTAMP'2023-03-23 13:58:32',1),
	 (4401624,4815512,3,'CW',2,2,0.2,'BCEID\ALEXANDRA.VALLEE',TIMESTAMP'2023-03-23 13:58:32','BCEID\ALEXANDRA.VALLEE',TIMESTAMP'2023-03-23 13:58:32',1),
	 (4401624,4815512,4,'PW',2,1,0.1,'BCEID\ALEXANDRA.VALLEE',TIMESTAMP'2023-03-23 13:58:32','BCEID\ALEXANDRA.VALLEE',TIMESTAMP'2023-03-23 13:58:32',1),
	 (4401625,4815513,1,'FDC',87,2,0.3,'BCEID\ALEXANDRA.VALLEE',TIMESTAMP'2023-03-23 13:58:32','BCEID\ALEXANDRA.VALLEE',TIMESTAMP'2023-03-23 13:58:32',1),
	 (4401625,4815513,2,'PW',13,2,0.2,'BCEID\ALEXANDRA.VALLEE',TIMESTAMP'2023-03-23 13:58:32','BCEID\ALEXANDRA.VALLEE',TIMESTAMP'2023-03-23 13:58:32',1),
	 (4401625,4815514,1,'FDC',59,2,0.4,'BCEID\ALEXANDRA.VALLEE',TIMESTAMP'2023-03-23 13:58:32','BCEID\ALEXANDRA.VALLEE',TIMESTAMP'2023-03-23 13:58:32',1),
	 (4401625,4815514,2,'HW',30,1,0.2,'BCEID\ALEXANDRA.VALLEE',TIMESTAMP'2023-03-23 13:58:32','BCEID\ALEXANDRA.VALLEE',TIMESTAMP'2023-03-23 13:58:32',1),
	 (4401625,4815514,3,'PW',11,2,0.3,'BCEID\ALEXANDRA.VALLEE',TIMESTAMP'2023-03-23 13:58:32','BCEID\ALEXANDRA.VALLEE',TIMESTAMP'2023-03-23 13:58:32',1),
	 (4401626,4815515,1,'CW',59,2,0.2,'BCEID\ALEXANDRA.VALLEE',TIMESTAMP'2023-03-23 13:58:32','BCEID\ALEXANDRA.VALLEE',TIMESTAMP'2023-03-23 13:58:32',1),
	 (4401626,4815515,2,'HW',37,2,0.2,'BCEID\ALEXANDRA.VALLEE',TIMESTAMP'2023-03-23 13:58:32','BCEID\ALEXANDRA.VALLEE',TIMESTAMP'2023-03-23 13:58:32',1),
	 (4401626,4815515,3,'FDC',4,2,0.4,'BCEID\ALEXANDRA.VALLEE',TIMESTAMP'2023-03-23 13:58:32','BCEID\ALEXANDRA.VALLEE',TIMESTAMP'2023-03-23 13:58:32',1),
	 (4401626,4815516,1,'CW',79,2,0.3,'BCEID\ALEXANDRA.VALLEE',TIMESTAMP'2023-03-23 13:58:32','BCEID\ALEXANDRA.VALLEE',TIMESTAMP'2023-03-23 13:58:32',1),
	 (4401626,4815516,2,'HW',16,2,0.2,'BCEID\ALEXANDRA.VALLEE',TIMESTAMP'2023-03-23 13:58:32','BCEID\ALEXANDRA.VALLEE',TIMESTAMP'2023-03-23 13:58:32',1),
	 (4401626,4815516,3,'FDC',5,2,0.4,'BCEID\ALEXANDRA.VALLEE',TIMESTAMP'2023-03-23 13:58:32','BCEID\ALEXANDRA.VALLEE',TIMESTAMP'2023-03-23 13:58:32',1);
